grp,acc,n_win,rep,level
bert_finetune,0.6666666666666666,3,1000,family
cufft_benchmark,1.0,113,1000,family
ddp_training,1.0,2,1000,family
fsdp,0.7935483870967742,1240,1000,family
gpt2_finetune,0.0,3,1000,family
inference,0.0,3,1000,family
llm_infer_qwen25,0.864963503649635,822,1000,family
llm_train_phi3_mini_lora,0.9833333333333333,60,1000,family
llm_train_smollm2_1p7b_lora,0.95,60,1000,family
pytorch_mlp_cifar10,0.9736842105263158,38,1000,family
pytorch_resnet_cifar10,0.8028169014084507,71,1000,family
rendering,0.0,1,1000,family
resnet50_inference,0.018867924528301886,53,1000,family
symgemm_l4_sgdfused_short7b,1.0,10,1000,family
symgemm_l5_adam,1.0,40,1000,family
bert_sst2,0.3181818181818182,22,1001,family
cufft_benchmark,0.9469026548672567,113,1001,family
ddp_resnet18_cifar10,0.9895833333333334,480,1001,family
ddp_resnet50_cifar10,1.0,240,1001,family
llm_train_phi3_mini_lora,0.6666666666666666,60,1001,family
llm_train_qwen25_1p5b_lora,0.65,60,1001,family
nbody_sim,0.875,56,1001,family
nvlink_bandwidth,0.75,4,1001,family
rendering,0.0,1,1001,family
resnet,0.5,6,1001,family
symgemm_idle,1.0,10,1001,family
symgemm_l4_sgdfused,0.2,50,1001,family
symgemm_l4_sgdfused_m8192,0.85,20,1001,family
whitebox_lora,0.46296296296296297,270,1001,family
whitebox_oracle,1.0,40,1001,family
adversarial_e_memory_minimal,1.0,51,1002,family
adversarial_i_stochastic,0.9012345679012346,81,1002,family
adversarial_l_diluted,0.9,350,1002,family
bert_sst2,0.36363636363636365,22,1002,family
cufft_hpc,0.0,3,1002,family
gpt2_wikitext2,0.9555555555555556,45,1002,family
llm_infer_qwen25,0.4951338199513382,822,1002,family
nvlink_bandwidth,0.5,4,1002,family
nvlink_latency,0.0,4,1002,family
ppo_rlhf,0.7,60,1002,family
pytorch_mlp_cifar10,1.0,38,1002,family
rendering,0.0,1,1002,family
symgemm_l1_fwd3,0.98,50,1002,family
symgemm_l4_sgdfused,0.2,50,1002,family
whitebox_lora,0.5777777777777777,270,1002,family
adversarial_h_mimicry_cufft,0.8269230769230769,52,1003,family
adversarial_i_stochastic,0.9753086419753086,81,1003,family
adversarial_k_ddp,1.0,720,1003,family
bert_finetune,0.3333333333333333,3,1003,family
gpt2_finetune,0.0,3,1003,family
idle,0.5961538461538461,104,1003,family
llm_infer_mistral,0.6390532544378699,169,1003,family
llm_infer_tinyllama,0.3388888888888889,180,1003,family
llm_train_phi3_mini_lora,1.0,60,1003,family
pytorch_resnet_cifar10,0.8450704225352113,71,1003,family
pytorch_training,1.0,3,1003,family
symgemm_l1_fwd3_m8192,1.0,20,1003,family
symgemm_l5_adam,1.0,40,1003,family
training_dual_gpu,0.625,8,1003,family
whitebox_diluted,0.9769230769230769,130,1003,family
adversarial_g_clock_throttled,1.0,51,1004,family
adversarial_training,0.6666666666666666,3,1004,family
batch_size_sweep,1.0,2,1004,family
cufft_hpc,1.0,3,1004,family
inference,1.0,3,1004,family
llm_infer_mixtral_8x7b,1.0,60,1004,family
llm_infer_phi3,0.9,100,1004,family
llm_train_mistral_7b_lora,0.9666666666666667,60,1004,family
nvlink_bandwidth,0.5,4,1004,family
nvlink_p2p,1.0,3,1004,family
scientific_hpc,1.0,3,1004,family
symgemm_l4_sgdfused_m8192,0.0,20,1004,family
symgemm_l4_sgdfused_short7b,0.2,10,1004,family
training_single_gpu,0.0,5,1004,family
whitebox_lora,0.2814814814814815,270,1004,family
adversarial_e_memory_minimal,1.0,51,1005,family
adversarial_i_stochastic,0.9876543209876543,81,1005,family
adversarial_j_pid,1.0,52,1005,family
inference,0.0,3,1005,family
llm_infer_mixtral_8x7b,0.9833333333333333,60,1005,family
llm_infer_tinyllama,0.7833333333333333,180,1005,family
mining_ethash_proxy,0.02727272727272727,110,1005,family
nvlink_latency,0.0,4,1005,family
nvlink_p2p,0.6666666666666666,3,1005,family
rendering,0.0,1,1005,family
scientific_hpc,1.0,3,1005,family
symgemm_l0_fwd1,0.925,40,1005,family
symgemm_l3_graddiscard,0.0,40,1005,family
symgemm_l4_sgdfused_long1b,1.0,10,1005,family
symgemm_l4_sgdfused_m8192,0.95,20,1005,family
adversarial_f_interleave,0.9924242424242424,132,1006,family
adversarial_h_mimicry_mining,1.0,61,1006,family
adversarial_l_diluted,0.96,350,1006,family
batch_size_sweep,0.5,2,1006,family
gpt2_finetune,0.0,3,1006,family
llm_infer_vit_l,0.9,90,1006,family
llm_train_smollm2_1p7b_lora,0.95,60,1006,family
nbody_sim,0.9285714285714286,56,1006,family
nvlink_latency,0.25,4,1006,family
ppo_rlhf,0.9833333333333333,60,1006,family
pytorch_training,1.0,3,1006,family
symgemm_decode_g256,0.0,30,1006,family
symgemm_idle,0.0,10,1006,family
symgemm_l1_fwd3_m8192,0.1,20,1006,family
symgemm_l4_sgdfused,0.26,50,1006,family
adversarial_e_memory_minimal,0.9607843137254902,51,1007,family
adversarial_h_mimicry_cufft,0.7884615384615384,52,1007,family
adversarial_j_pid,1.0,52,1007,family
adversarial_k_online_learning,1.0,60,1007,family
gpt2_finetune,0.0,3,1007,family
idle,0.9519230769230769,104,1007,family
llm_infer_deepseek_v3,0.5958333333333333,240,1007,family
llm_infer_mixtral_8x7b,1.0,60,1007,family
llm_train_mistral_7b_lora,0.9833333333333333,60,1007,family
mining_proxy,0.0,1,1007,family
modern_inference,1.0,3,1007,family
pytorch_resnet_cifar10,0.8309859154929577,71,1007,family
symgemm_l3_graddiscard,0.0,40,1007,family
symgemm_l5_adam,1.0,40,1007,family
training_single_gpu,0.4,5,1007,family
adversarial_h_mimicry_cufft,0.7115384615384616,52,1008,family
adversarial_h_mimicry_mining,1.0,61,1008,family
adversarial_l_diluted,0.8314285714285714,350,1008,family
adversarial_training,0.6666666666666666,3,1008,family
cufft_benchmark,1.0,113,1008,family
ddp_resnet18_cifar10,0.9104166666666667,480,1008,family
ddp_training,1.0,2,1008,family
gpt2_wikitext2,0.7333333333333333,45,1008,family
llm_infer_phi3,0.99,100,1008,family
llm_train_phi3_mini_lora,0.75,60,1008,family
pytorch_resnet_cifar10,0.18309859154929578,71,1008,family
rendering,0.0,1,1008,family
symgemm_decode_g256,0.06666666666666667,30,1008,family
training_dual_gpu,0.25,8,1008,family
whitebox_inference_1b_matched,0.9,10,1008,family
adversarial_g_clock_throttled,1.0,51,1009,family
adversarial_h_mimicry_mining,1.0,61,1009,family
adversarial_i_stochastic,0.9259259259259259,81,1009,family
adversarial_training,0.6666666666666666,3,1009,family
ddp_resnet18_cifar10,0.7479166666666667,480,1009,family
gpt2_finetune,0.0,3,1009,family
gpt2_wikitext2,0.6666666666666666,45,1009,family
llm_infer_deepseek_v3,0.7041666666666667,240,1009,family
llm_infer_vit_l,0.9888888888888889,90,1009,family
llm_train_qwen25_3b_lora,0.9833333333333333,60,1009,family
resnet,0.6666666666666666,6,1009,family
symgemm_decode_g256,0.06666666666666667,30,1009,family
symgemm_l4_sgdfused_m8192,0.95,20,1009,family
symgemm_ppo_fused,0.9833333333333333,60,1009,family
training_single_gpu,0.8,5,1009,family
adversarial_g_clock_throttled,1.0,51,1010,family
adversarial_training,1.0,3,1010,family
batch_size_sweep,0.0,2,1010,family
ddp_resnet50_cifar10,1.0,240,1010,family
fsdp,0.21935483870967742,1240,1010,family
gpt2_finetune,0.3333333333333333,3,1010,family
mlp_training,1.0,1,1010,family
pytorch_mlp_cifar10,0.9736842105263158,38,1010,family
resnet,0.0,6,1010,family
resnet50_inference,0.018867924528301886,53,1010,family
symgemm_l4_sgdfused_short7b,1.0,10,1010,family
symgemm_ppo_fused,0.9333333333333333,60,1010,family
whitebox_diluted,0.8769230769230769,130,1010,family
whitebox_oracle,0.775,40,1010,family
width_sweep,0.0,2,1010,family
adversarial_h_mimicry_mining,0.9344262295081968,61,1011,family
adversarial_k_ddp,1.0,720,1011,family
cufft_hpc,0.0,3,1011,family
llm_infer_mixtral_8x7b,0.03333333333333333,60,1011,family
llm_infer_phi3,0.01,100,1011,family
llm_infer_vit_l,0.9,90,1011,family
llm_train_phi3_mini_lora,1.0,60,1011,family
llm_train_qwen25_3b_lora,1.0,60,1011,family
mining_proxy,0.0,1,1011,family
nvlink_latency,0.0,4,1011,family
pytorch_training,1.0,3,1011,family
rendering_proxy,0.98,50,1011,family
symgemm_l3_graddiscard,0.0,40,1011,family
training_single_gpu,1.0,5,1011,family
whitebox_lora,0.43703703703703706,270,1011,family
adversarial_h_mimicry_mining,1.0,61,1012,family
adversarial_k_ddp,0.9875,720,1012,family
adversarial_l_ddp,0.9319444444444445,720,1012,family
adversarial_training,0.6666666666666666,3,1012,family
batch_size_sweep,0.0,2,1012,family
cufft_hpc,1.0,3,1012,family
ddp_resnet50_cifar10,0.975,240,1012,family
ddp_training,1.0,2,1012,family
llm_infer_vit_l,0.9222222222222223,90,1012,family
mlp_training,1.0,1,1012,family
ppo_rlhf,0.9833333333333333,60,1012,family
pytorch_resnet_cifar10,0.8169014084507042,71,1012,family
symgemm_decode_g256,0.0,30,1012,family
symgemm_l4_sgdfused_m8192,0.9,20,1012,family
symgemm_l5_adam,1.0,40,1012,family
adversarial_i_stochastic,1.0,81,1013,family
ddp_training,1.0,2,1013,family
fsdp,0.6411290322580645,1240,1013,family
gpt2_wikitext2,0.4444444444444444,45,1013,family
inference,0.0,3,1013,family
llm_train_mistral_7b_lora,0.9666666666666667,60,1013,family
llm_train_qwen25_3b_lora,0.9333333333333333,60,1013,family
llm_train_smollm2_1p7b_lora,0.9666666666666667,60,1013,family
mining_proxy,0.0,1,1013,family
pytorch_resnet_cifar10,0.8169014084507042,71,1013,family
symgemm_decode_g256,0.0,30,1013,family
symgemm_l4_sgdfused_short7b,0.7,10,1013,family
symgemm_l5_adam,1.0,40,1013,family
whitebox_lora,0.8222222222222222,270,1013,family
width_sweep,1.0,2,1013,family
adversarial_i_stochastic,0.9876543209876543,81,1014,family
adversarial_j_pid,0.9230769230769231,52,1014,family
adversarial_k_ddp,1.0,720,1014,family
adversarial_k_online_learning,1.0,60,1014,family
cufft_benchmark,1.0,113,1014,family
ddp_training,1.0,2,1014,family
fsdp,0.3717741935483871,1240,1014,family
gpt2_finetune,0.0,3,1014,family
gpt2_wikitext2,0.26666666666666666,45,1014,family
llm_train_qwen25_1p5b_lora,1.0,60,1014,family
symgemm_l4_sgdfused_long1b,0.8,10,1014,family
symgemm_l4_sgdfused_m8192,0.95,20,1014,family
symgemm_l4_sgdfused_short7b,1.0,10,1014,family
symgemm_ppo_fused,0.9833333333333333,60,1014,family
width_sweep,1.0,2,1014,family
adversarial_e_memory_minimal,0.9803921568627451,51,1015,family
adversarial_f_interleave,0.9924242424242424,132,1015,family
adversarial_h_mimicry_mining,0.8524590163934426,61,1015,family
gpt2_wikitext2,0.8666666666666667,45,1015,family
idle,0.47115384615384615,104,1015,family
llm_infer_sdxl,0.03333333333333333,90,1015,family
nvlink_latency,0.0,4,1015,family
nvlink_p2p,1.0,3,1015,family
pytorch_training,1.0,3,1015,family
rendering_proxy,0.34,50,1015,family
scientific_hpc,0.3333333333333333,3,1015,family
training_dual_gpu,1.0,8,1015,family
whitebox_inference,0.5777777777777777,90,1015,family
whitebox_inference_1b_matched,0.8,10,1015,family
whitebox_lora,0.8629629629629629,270,1015,family
adversarial_e_memory_minimal,1.0,51,1016,family
adversarial_k_ddp,1.0,720,1016,family
adversarial_l_diluted,0.9971428571428571,350,1016,family
cufft_hpc,1.0,3,1016,family
llm_infer_deepseek_v3,0.6,240,1016,family
llm_infer_mixtral_8x7b,0.9833333333333333,60,1016,family
llm_infer_vit_l,0.9222222222222223,90,1016,family
nvlink_p2p,0.6666666666666666,3,1016,family
pytorch_training,1.0,3,1016,family
rendering,0.0,1,1016,family
rendering_proxy,0.02,50,1016,family
resnet50_inference,0.0,53,1016,family
symgemm_l4_sgdfused_long1b,1.0,10,1016,family
symgemm_l4_sgdfused_m8192,1.0,20,1016,family
training_dual_gpu,0.75,8,1016,family
adversarial_e_memory_minimal,1.0,51,1017,family
adversarial_f_interleave,1.0,132,1017,family
adversarial_i_stochastic,1.0,81,1017,family
adversarial_l_ddp,1.0,720,1017,family
cufft_benchmark,0.8849557522123894,113,1017,family
ddp_resnet50_cifar10,1.0,240,1017,family
gpt2_wikitext2,0.8222222222222222,45,1017,family
llm_infer_phi3,0.0,100,1017,family
llm_train_smollm2_1p7b_lora,1.0,60,1017,family
mining_ethash_proxy,0.0,110,1017,family
ppo_rlhf,1.0,60,1017,family
symgemm_idle,0.0,10,1017,family
symgemm_l0_fwd1,1.0,40,1017,family
symgemm_l4_sgdfused_long1b,0.8,10,1017,family
symgemm_l4_sgdfused_short7b,1.0,10,1017,family
adversarial_h_mimicry_cufft,0.8846153846153846,52,1018,family
adversarial_h_mimicry_mining,1.0,61,1018,family
idle,0.5961538461538461,104,1018,family
llm_infer_deepseek_v3,0.7,240,1018,family
llm_infer_sdxl,0.011111111111111112,90,1018,family
pytorch_mlp_cifar10,0.9736842105263158,38,1018,family
pytorch_resnet_cifar10,0.7605633802816901,71,1018,family
rendering,0.0,1,1018,family
scientific_hpc,0.3333333333333333,3,1018,family
symgemm_idle,0.0,10,1018,family
symgemm_l0_fwd1,1.0,40,1018,family
symgemm_l4_sgdfused,0.2,50,1018,family
training_single_gpu,0.4,5,1018,family
whitebox_diluted,0.9769230769230769,130,1018,family
width_sweep,1.0,2,1018,family
adversarial_j_pid,1.0,52,1019,family
adversarial_k_online_learning,1.0,60,1019,family
cufft_benchmark,1.0,113,1019,family
ddp_resnet18_cifar10,0.9958333333333333,480,1019,family
ddp_training,1.0,2,1019,family
inference,0.0,3,1019,family
llm_infer_sdxl,0.0,90,1019,family
llm_train_qwen25_3b_lora,0.85,60,1019,family
ppo_rlhf,0.23333333333333334,60,1019,family
scientific_hpc,1.0,3,1019,family
symgemm_l1_fwd3,0.82,50,1019,family
symgemm_ppo_fused,0.0,60,1019,family
training_dual_gpu,0.375,8,1019,family
whitebox_inference,0.2777777777777778,90,1019,family
whitebox_inference_1b_matched,0.7,10,1019,family
adversarial_h_mimicry_cufft,0.8461538461538461,52,1020,family
adversarial_l_diluted,0.8828571428571429,350,1020,family
fsdp,0.5282258064516129,1240,1020,family
idle,0.2692307692307692,104,1020,family
llm_infer_deepseek_v3,0.875,240,1020,family
llm_infer_vit_l,0.7,90,1020,family
llm_train_mistral_7b_lora,1.0,60,1020,family
mining_proxy,0.0,1,1020,family
nvlink_p2p,0.6666666666666666,3,1020,family
rendering,0.0,1,1020,family
symgemm_l1_fwd3_m8192,0.0,20,1020,family
symgemm_l4_sgdfused_m8192,1.0,20,1020,family
whitebox_inference,0.34444444444444444,90,1020,family
whitebox_inference_1b_matched,0.0,10,1020,family
whitebox_oracle,1.0,40,1020,family
adversarial_e_memory_minimal,1.0,51,1021,family
adversarial_h_mimicry_mining,1.0,61,1021,family
adversarial_k_ddp,1.0,720,1021,family
adversarial_l_ddp,1.0,720,1021,family
cufft_hpc,0.0,3,1021,family
llm_infer_qwen25,0.8223844282238443,822,1021,family
llm_train_mistral_7b_lora,0.7166666666666667,60,1021,family
llm_train_phi3_mini_lora,0.45,60,1021,family
llm_train_smollm2_1p7b_lora,0.9833333333333333,60,1021,family
resnet,0.0,6,1021,family
resnet50_inference,0.0,53,1021,family
symgemm_l3_graddiscard,0.0,40,1021,family
symgemm_l4_sgdfused_m8192,1.0,20,1021,family
symgemm_ppo_fused,1.0,60,1021,family
width_sweep,1.0,2,1021,family
adversarial_h_mimicry_cufft,0.5384615384615384,52,1022,family
adversarial_h_mimicry_mining,0.9836065573770492,61,1022,family
adversarial_i_stochastic,0.9876543209876543,81,1022,family
bert_sst2,0.5454545454545454,22,1022,family
llm_infer_mistral,0.3431952662721893,169,1022,family
llm_infer_phi3,0.06,100,1022,family
llm_infer_vit_l,0.9888888888888889,90,1022,family
llm_train_qwen25_3b_lora,1.0,60,1022,family
ppo_rlhf,0.6833333333333333,60,1022,family
pytorch_training,1.0,3,1022,family
scientific_hpc,1.0,3,1022,family
symgemm_l0_fwd1,1.0,40,1022,family
symgemm_l4_sgdfused,0.22,50,1022,family
symgemm_l5_adam,0.975,40,1022,family
width_sweep,1.0,2,1022,family
adversarial_g_clock_throttled,1.0,51,1023,family
adversarial_training,0.6666666666666666,3,1023,family
gpt2_finetune,0.3333333333333333,3,1023,family
llm_infer_qwen25,0.8309002433090025,822,1023,family
llm_train_qwen25_3b_lora,0.9833333333333333,60,1023,family
mining_proxy,0.0,1,1023,family
rendering,0.0,1,1023,family
rendering_proxy,0.36,50,1023,family
resnet50_inference,0.03773584905660377,53,1023,family
scientific_hpc,1.0,3,1023,family
symgemm_decode_g256,0.03333333333333333,30,1023,family
symgemm_l0_fwd1,0.975,40,1023,family
symgemm_l4_sgdfused_m8192,0.75,20,1023,family
symgemm_l4_sgdfused_short7b,1.0,10,1023,family
width_sweep,1.0,2,1023,family
adversarial_l_diluted,0.9942857142857143,350,1024,family
adversarial_training,0.6666666666666666,3,1024,family
llm_infer_mixtral_8x7b,0.9833333333333333,60,1024,family
llm_infer_phi3,0.99,100,1024,family
llm_infer_sdxl,0.0,90,1024,family
llm_infer_vit_l,0.9333333333333333,90,1024,family
resnet50_inference,0.0,53,1024,family
symgemm_idle,0.0,10,1024,family
symgemm_l0_fwd1,0.9,40,1024,family
symgemm_l3_graddiscard,0.0,40,1024,family
symgemm_ppo_fused,0.5833333333333334,60,1024,family
whitebox_diluted,0.9769230769230769,130,1024,family
whitebox_inference,0.9111111111111111,90,1024,family
whitebox_lora,0.3888888888888889,270,1024,family
width_sweep,1.0,2,1024,family
adversarial_j_pid,1.0,52,1025,family
adversarial_training,0.6666666666666666,3,1025,family
cufft_benchmark,1.0,113,1025,family
ddp_resnet18_cifar10,0.9958333333333333,480,1025,family
idle,0.028846153846153848,104,1025,family
llm_infer_deepseek_v3,0.0,240,1025,family
llm_infer_mistral,0.5443786982248521,169,1025,family
llm_infer_mixtral_8x7b,0.0,60,1025,family
llm_infer_vit_l,0.9222222222222223,90,1025,family
llm_train_qwen25_1p5b_lora,1.0,60,1025,family
pytorch_mlp_cifar10,1.0,38,1025,family
symgemm_l1_fwd3,0.8,50,1025,family
symgemm_l5_adam,0.725,40,1025,family
whitebox_diluted,0.9615384615384616,130,1025,family
whitebox_oracle,0.975,40,1025,family
adversarial_l_ddp,1.0,720,1026,family
batch_size_sweep,1.0,2,1026,family
inference,0.0,3,1026,family
llm_infer_mixtral_8x7b,0.6333333333333333,60,1026,family
llm_train_qwen25_1p5b_lora,0.9833333333333333,60,1026,family
mining_ethash_proxy,0.0,110,1026,family
nvlink_latency,0.0,4,1026,family
rendering_proxy,0.0,50,1026,family
resnet,0.0,6,1026,family
resnet50_inference,0.0,53,1026,family
symgemm_l1_fwd3,0.94,50,1026,family
symgemm_l1_fwd3_m8192,0.85,20,1026,family
symgemm_l4_sgdfused_short7b,1.0,10,1026,family
training_dual_gpu,1.0,8,1026,family
whitebox_diluted,0.9923076923076923,130,1026,family
adversarial_k_online_learning,1.0,60,1027,family
adversarial_l_diluted,0.9571428571428572,350,1027,family
idle,0.057692307692307696,104,1027,family
llm_infer_phi3,0.0,100,1027,family
llm_infer_qwen25,0.537712895377129,822,1027,family
mining_ethash_proxy,0.0,110,1027,family
nvlink_bandwidth,0.0,4,1027,family
ppo_rlhf,0.65,60,1027,family
rendering_proxy,0.0,50,1027,family
symgemm_idle,0.0,10,1027,family
symgemm_l0_fwd1,1.0,40,1027,family
symgemm_l4_sgdfused_m8192,0.7,20,1027,family
symgemm_l4_sgdfused_short7b,0.3,10,1027,family
symgemm_ppo_fused,0.08333333333333333,60,1027,family
width_sweep,0.5,2,1027,family
adversarial_h_mimicry_cufft,0.6538461538461539,52,1028,family
adversarial_i_stochastic,0.9876543209876543,81,1028,family
adversarial_j_pid,0.9230769230769231,52,1028,family
adversarial_l_diluted,0.7857142857142857,350,1028,family
batch_size_sweep,1.0,2,1028,family
fsdp,0.6887096774193548,1240,1028,family
llm_infer_sdxl,0.26666666666666666,90,1028,family
rendering,0.0,1,1028,family
scientific_hpc,0.6666666666666666,3,1028,family
symgemm_decode_g256,1.0,30,1028,family
symgemm_l4_sgdfused_short7b,0.1,10,1028,family
symgemm_ppo_fused,0.0,60,1028,family
training_dual_gpu,0.5,8,1028,family
whitebox_diluted,0.6153846153846154,130,1028,family
whitebox_lora,0.2111111111111111,270,1028,family
adversarial_e_memory_minimal,1.0,51,1029,family
adversarial_f_interleave,1.0,132,1029,family
adversarial_l_ddp,0.9944444444444445,720,1029,family
cufft_benchmark,1.0,113,1029,family
cufft_hpc,1.0,3,1029,family
fsdp,0.7338709677419355,1240,1029,family
llm_infer_phi3,0.72,100,1029,family
llm_infer_qwen25,0.7019464720194647,822,1029,family
llm_infer_vit_l,0.9333333333333333,90,1029,family
mlp_training,1.0,1,1029,family
nvlink_bandwidth,0.75,4,1029,family
symgemm_decode_g256,0.0,30,1029,family
symgemm_idle,0.0,10,1029,family
symgemm_l4_sgdfused_m8192,1.0,20,1029,family
symgemm_l5_adam,1.0,40,1029,family
adversarial_j_pid,1.0,52,1030,family
adversarial_l_ddp,0.9986111111111111,720,1030,family
adversarial_training,0.6666666666666666,3,1030,family
cufft_hpc,1.0,3,1030,family
inference,1.0,3,1030,family
llm_infer_deepseek_v3,0.625,240,1030,family
mining_ethash_proxy,0.0,110,1030,family
mlp_training,1.0,1,1030,family
modern_inference,1.0,3,1030,family
pytorch_training,1.0,3,1030,family
resnet50_inference,0.03773584905660377,53,1030,family
symgemm_l3_graddiscard,0.0,40,1030,family
symgemm_l4_sgdfused_m8192,0.9,20,1030,family
symgemm_ppo_fused,1.0,60,1030,family
whitebox_oracle,0.975,40,1030,family
adversarial_f_interleave,1.0,132,1031,family
adversarial_training,0.6666666666666666,3,1031,family
ddp_training,1.0,2,1031,family
fsdp,0.7830645161290323,1240,1031,family
inference,0.0,3,1031,family
llm_infer_sdxl,0.011111111111111112,90,1031,family
llm_infer_tinyllama,0.8833333333333333,180,1031,family
llm_train_qwen25_1p5b_lora,0.9833333333333333,60,1031,family
llm_train_smollm2_1p7b_lora,0.6833333333333333,60,1031,family
mining_ethash_proxy,0.0,110,1031,family
nvlink_latency,1.0,4,1031,family
scientific_hpc,1.0,3,1031,family
symgemm_decode_g256,0.0,30,1031,family
symgemm_l0_fwd1,1.0,40,1031,family
symgemm_l4_sgdfused_m8192,1.0,20,1031,family
adversarial_e_memory_minimal,1.0,51,1032,family
adversarial_f_interleave,1.0,132,1032,family
bert_sst2,0.8636363636363636,22,1032,family
ddp_resnet50_cifar10,1.0,240,1032,family
fsdp,1.0,1240,1032,family
llm_infer_deepseek_v3,0.025,240,1032,family
llm_infer_sdxl,0.0,90,1032,family
llm_train_qwen25_1p5b_lora,1.0,60,1032,family
llm_train_qwen25_3b_lora,0.8833333333333333,60,1032,family
mlp_training,1.0,1,1032,family
modern_inference,1.0,3,1032,family
nvlink_p2p,1.0,3,1032,family
pytorch_training,1.0,3,1032,family
symgemm_decode_g256,0.4666666666666667,30,1032,family
symgemm_l1_fwd3_m8192,0.5,20,1032,family
adversarial_f_interleave,1.0,132,1033,family
adversarial_j_pid,1.0,52,1033,family
adversarial_k_ddp,1.0,720,1033,family
ddp_resnet18_cifar10,0.9729166666666667,480,1033,family
ddp_resnet50_cifar10,1.0,240,1033,family
gpt2_wikitext2,0.8222222222222222,45,1033,family
inference,0.0,3,1033,family
llm_infer_qwen25,0.4537712895377129,822,1033,family
nvlink_bandwidth,0.0,4,1033,family
resnet50_inference,0.0,53,1033,family
scientific_hpc,0.3333333333333333,3,1033,family
symgemm_decode_g256,0.1,30,1033,family
symgemm_l1_fwd3,0.8,50,1033,family
symgemm_l3_graddiscard,0.025,40,1033,family
training_dual_gpu,0.5,8,1033,family
cufft_hpc,1.0,3,1034,family
ddp_training,1.0,2,1034,family
gpt2_wikitext2,0.3333333333333333,45,1034,family
llm_infer_mistral,0.8402366863905325,169,1034,family
llm_infer_mixtral_8x7b,1.0,60,1034,family
llm_infer_phi3,0.99,100,1034,family
llm_infer_vit_l,0.9666666666666667,90,1034,family
nvlink_bandwidth,0.0,4,1034,family
pytorch_resnet_cifar10,0.8028169014084507,71,1034,family
symgemm_l1_fwd3_m8192,1.0,20,1034,family
symgemm_l4_sgdfused,0.2,50,1034,family
symgemm_l4_sgdfused_long1b,0.0,10,1034,family
symgemm_l4_sgdfused_short7b,0.9,10,1034,family
whitebox_diluted,0.8307692307692308,130,1034,family
whitebox_inference_1b_matched,0.9,10,1034,family
adversarial_h_mimicry_cufft,1.0,52,1035,family
cufft_hpc,1.0,3,1035,family
llm_infer_deepseek_v3,0.5375,240,1035,family
llm_infer_phi3,0.99,100,1035,family
llm_infer_tinyllama,0.7388888888888889,180,1035,family
llm_infer_vit_l,0.9333333333333333,90,1035,family
mining_ethash_proxy,0.0,110,1035,family
mlp_training,1.0,1,1035,family
modern_inference,1.0,3,1035,family
rendering_proxy,0.0,50,1035,family
resnet50_inference,0.0,53,1035,family
symgemm_l0_fwd1,0.9,40,1035,family
symgemm_l1_fwd3,0.9,50,1035,family
symgemm_l4_sgdfused_m8192,1.0,20,1035,family
symgemm_l5_adam,1.0,40,1035,family
adversarial_h_mimicry_cufft,0.8076923076923077,52,1036,family
adversarial_k_ddp,1.0,720,1036,family
bert_finetune,0.6666666666666666,3,1036,family
gpt2_finetune,0.0,3,1036,family
idle,0.125,104,1036,family
llm_infer_deepseek_v3,0.3416666666666667,240,1036,family
llm_infer_qwen25,0.43552311435523117,822,1036,family
llm_infer_sdxl,0.0,90,1036,family
nbody_sim,0.9464285714285714,56,1036,family
nvlink_latency,0.0,4,1036,family
ppo_rlhf,0.9833333333333333,60,1036,family
symgemm_l0_fwd1,0.95,40,1036,family
symgemm_l3_graddiscard,0.0,40,1036,family
symgemm_l4_sgdfused_long1b,1.0,10,1036,family
whitebox_diluted,1.0,130,1036,family
adversarial_e_memory_minimal,1.0,51,1037,family
idle,0.0,104,1037,family
llm_infer_qwen25,0.45255474452554745,822,1037,family
nvlink_bandwidth,0.0,4,1037,family
pytorch_mlp_cifar10,0.9736842105263158,38,1037,family
pytorch_training,1.0,3,1037,family
rendering_proxy,0.16,50,1037,family
resnet,0.0,6,1037,family
scientific_hpc,0.6666666666666666,3,1037,family
symgemm_decode_g256,0.8,30,1037,family
symgemm_idle,0.0,10,1037,family
symgemm_l4_sgdfused_long1b,0.0,10,1037,family
symgemm_ppo_fused,1.0,60,1037,family
training_single_gpu,0.8,5,1037,family
whitebox_inference_1b_matched,0.9,10,1037,family
ddp_resnet50_cifar10,1.0,240,1038,family
idle,0.0,104,1038,family
inference,0.0,3,1038,family
llm_infer_mixtral_8x7b,0.0,60,1038,family
llm_infer_sdxl,0.0,90,1038,family
llm_infer_tinyllama,0.26666666666666666,180,1038,family
llm_train_mistral_7b_lora,1.0,60,1038,family
mining_ethash_proxy,0.0,110,1038,family
ppo_rlhf,0.9833333333333333,60,1038,family
rendering,0.0,1,1038,family
symgemm_idle,0.0,10,1038,family
symgemm_l4_sgdfused,0.2,50,1038,family
symgemm_ppo_fused,0.85,60,1038,family
whitebox_inference_1b_matched,0.4,10,1038,family
width_sweep,0.0,2,1038,family
adversarial_f_interleave,0.9848484848484849,132,1039,family
adversarial_g_clock_throttled,0.9803921568627451,51,1039,family
adversarial_l_diluted,0.8685714285714285,350,1039,family
gpt2_wikitext2,0.9333333333333333,45,1039,family
llm_infer_sdxl,0.0,90,1039,family
llm_infer_vit_l,0.9333333333333333,90,1039,family
nvlink_p2p,1.0,3,1039,family
ppo_rlhf,0.7,60,1039,family
scientific_hpc,0.6666666666666666,3,1039,family
symgemm_idle,1.0,10,1039,family
symgemm_l4_sgdfused,0.16,50,1039,family
symgemm_l4_sgdfused_long1b,0.0,10,1039,family
whitebox_inference,0.6555555555555556,90,1039,family
whitebox_lora,0.6074074074074074,270,1039,family
whitebox_oracle,1.0,40,1039,family
adversarial_l_ddp,1.0,720,2000,family
adversarial_l_diluted,0.98,350,2000,family
batch_size_sweep,0.0,2,2000,family
bert_sst2,1.0,22,2000,family
ddp_training,1.0,2,2000,family
idle,0.019230769230769232,104,2000,family
llm_infer_vit_l,0.9666666666666667,90,2000,family
llm_train_qwen25_1p5b_lora,1.0,60,2000,family
modern_inference,1.0,3,2000,family
nvlink_bandwidth,0.0,4,2000,family
pytorch_training,1.0,3,2000,family
symgemm_l1_fwd3,1.0,50,2000,family
symgemm_l4_sgdfused_long1b,0.0,10,2000,family
symgemm_l4_sgdfused_short7b,0.9,10,2000,family
whitebox_inference_1b_matched,1.0,10,2000,family
adversarial_h_mimicry_cufft,1.0,52,2001,family
adversarial_h_mimicry_mining,1.0,61,2001,family
adversarial_l_diluted,0.9114285714285715,350,2001,family
adversarial_training,0.3333333333333333,3,2001,family
gpt2_finetune,0.0,3,2001,family
inference,0.0,3,2001,family
llm_infer_mistral,0.7337278106508875,169,2001,family
llm_infer_tinyllama,0.6777777777777778,180,2001,family
llm_infer_vit_l,0.9222222222222223,90,2001,family
mining_proxy,0.0,1,2001,family
nvlink_p2p,1.0,3,2001,family
ppo_rlhf,0.03333333333333333,60,2001,family
symgemm_decode_g256,1.0,30,2001,family
symgemm_ppo_fused,0.0,60,2001,family
width_sweep,1.0,2,2001,family
adversarial_g_clock_throttled,1.0,51,2002,family
adversarial_i_stochastic,1.0,81,2002,family
adversarial_j_pid,1.0,52,2002,family
adversarial_k_ddp,1.0,720,2002,family
ddp_resnet18_cifar10,1.0,480,2002,family
llm_infer_mixtral_8x7b,1.0,60,2002,family
llm_infer_vit_l,0.6222222222222222,90,2002,family
mining_ethash_proxy,0.0,110,2002,family
mining_proxy,1.0,1,2002,family
nvlink_latency,0.5,4,2002,family
ppo_rlhf,0.6166666666666667,60,2002,family
resnet50_inference,0.0,53,2002,family
symgemm_idle,0.0,10,2002,family
whitebox_inference,0.06666666666666667,90,2002,family
whitebox_inference_1b_matched,0.0,10,2002,family
adversarial_i_stochastic,0.9753086419753086,81,2003,family
adversarial_k_online_learning,0.9833333333333333,60,2003,family
adversarial_l_diluted,0.9,350,2003,family
bert_sst2,0.5909090909090909,22,2003,family
cufft_hpc,1.0,3,2003,family
llm_infer_deepseek_v3,0.6791666666666667,240,2003,family
llm_infer_tinyllama,0.85,180,2003,family
mlp_training,1.0,1,2003,family
nvlink_bandwidth,1.0,4,2003,family
rendering,0.0,1,2003,family
symgemm_l1_fwd3_m8192,0.0,20,2003,family
symgemm_l3_graddiscard,0.0,40,2003,family
symgemm_l5_adam,1.0,40,2003,family
training_single_gpu,0.8,5,2003,family
whitebox_lora,0.6185185185185185,270,2003,family
adversarial_i_stochastic,0.8641975308641975,81,2004,family
batch_size_sweep,1.0,2,2004,family
gpt2_wikitext2,1.0,45,2004,family
inference,1.0,3,2004,family
llm_infer_mistral,0.7514792899408284,169,2004,family
llm_infer_sdxl,0.0,90,2004,family
llm_train_phi3_mini_lora,0.9833333333333333,60,2004,family
llm_train_smollm2_1p7b_lora,0.9833333333333333,60,2004,family
mining_ethash_proxy,0.02727272727272727,110,2004,family
pytorch_resnet_cifar10,0.2676056338028169,71,2004,family
pytorch_training,1.0,3,2004,family
symgemm_l1_fwd3,0.72,50,2004,family
symgemm_l4_sgdfused,0.38,50,2004,family
training_single_gpu,0.2,5,2004,family
whitebox_inference,0.28888888888888886,90,2004,family
adversarial_h_mimicry_cufft,1.0,52,2005,family
adversarial_h_mimicry_mining,1.0,61,2005,family
adversarial_i_stochastic,0.8271604938271605,81,2005,family
adversarial_j_pid,1.0,52,2005,family
adversarial_k_online_learning,1.0,60,2005,family
ddp_resnet18_cifar10,0.8270833333333333,480,2005,family
gpt2_finetune,0.0,3,2005,family
llm_infer_phi3,0.06,100,2005,family
llm_train_phi3_mini_lora,1.0,60,2005,family
mining_ethash_proxy,0.0,110,2005,family
mlp_training,1.0,1,2005,family
rendering_proxy,0.0,50,2005,family
resnet,0.5,6,2005,family
symgemm_idle,0.0,10,2005,family
symgemm_l5_adam,1.0,40,2005,family
adversarial_e_memory_minimal,0.9803921568627451,51,2006,family
adversarial_g_clock_throttled,1.0,51,2006,family
adversarial_i_stochastic,0.9876543209876543,81,2006,family
adversarial_j_pid,1.0,52,2006,family
batch_size_sweep,0.5,2,2006,family
gpt2_finetune,0.0,3,2006,family
inference,0.0,3,2006,family
llm_train_qwen25_3b_lora,0.9833333333333333,60,2006,family
mining_proxy,0.0,1,2006,family
mlp_training,1.0,1,2006,family
pytorch_mlp_cifar10,0.9210526315789473,38,2006,family
rendering,0.0,1,2006,family
symgemm_decode_g256,0.8666666666666667,30,2006,family
symgemm_l0_fwd1,1.0,40,2006,family
symgemm_l1_fwd3_m8192,0.25,20,2006,family
adversarial_f_interleave,1.0,132,2007,family
adversarial_k_online_learning,1.0,60,2007,family
adversarial_training,1.0,3,2007,family
batch_size_sweep,0.0,2,2007,family
ddp_training,1.0,2,2007,family
idle,0.3076923076923077,104,2007,family
mining_proxy,0.0,1,2007,family
pytorch_training,1.0,3,2007,family
resnet,0.0,6,2007,family
resnet50_inference,0.0,53,2007,family
symgemm_l1_fwd3_m8192,0.7,20,2007,family
symgemm_l4_sgdfused_short7b,1.0,10,2007,family
symgemm_l5_adam,1.0,40,2007,family
symgemm_ppo_fused,0.08333333333333333,60,2007,family
whitebox_lora,0.5814814814814815,270,2007,family
adversarial_f_interleave,1.0,132,2008,family
bert_finetune,0.0,3,2008,family
llm_infer_deepseek_v3,0.0,240,2008,family
llm_infer_qwen25,0.610705596107056,822,2008,family
llm_infer_sdxl,0.0,90,2008,family
llm_infer_vit_l,0.9111111111111111,90,2008,family
llm_train_qwen25_3b_lora,0.9666666666666667,60,2008,family
mlp_training,0.0,1,2008,family
nbody_sim,0.9464285714285714,56,2008,family
nvlink_latency,0.0,4,2008,family
nvlink_p2p,1.0,3,2008,family
pytorch_training,1.0,3,2008,family
scientific_hpc,0.3333333333333333,3,2008,family
symgemm_decode_g256,0.8666666666666667,30,2008,family
training_single_gpu,0.2,5,2008,family
adversarial_f_interleave,1.0,132,2009,family
adversarial_k_ddp,0.9875,720,2009,family
adversarial_l_diluted,0.9542857142857143,350,2009,family
batch_size_sweep,0.0,2,2009,family
cufft_benchmark,0.9823008849557522,113,2009,family
llm_infer_deepseek_v3,0.6916666666666667,240,2009,family
llm_train_smollm2_1p7b_lora,1.0,60,2009,family
mining_ethash_proxy,0.0,110,2009,family
nvlink_p2p,1.0,3,2009,family
ppo_rlhf,0.7166666666666667,60,2009,family
resnet50_inference,0.20754716981132076,53,2009,family
symgemm_decode_g256,0.9,30,2009,family
symgemm_l4_sgdfused,0.22,50,2009,family
whitebox_lora,0.6703703703703704,270,2009,family
width_sweep,0.0,2,2009,family
adversarial_k_online_learning,1.0,60,2010,family
bert_finetune,0.6666666666666666,3,2010,family
fsdp,0.29596774193548386,1240,2010,family
idle,0.7211538461538461,104,2010,family
llm_infer_tinyllama,0.6444444444444445,180,2010,family
mining_proxy,0.0,1,2010,family
nvlink_bandwidth,0.0,4,2010,family
nvlink_latency,0.0,4,2010,family
pytorch_resnet_cifar10,0.8450704225352113,71,2010,family
pytorch_training,1.0,3,2010,family
rendering_proxy,0.86,50,2010,family
symgemm_decode_g256,0.6,30,2010,family
symgemm_l0_fwd1,0.85,40,2010,family
symgemm_l1_fwd3,0.78,50,2010,family
symgemm_l5_adam,1.0,40,2010,family
adversarial_i_stochastic,0.9753086419753086,81,2011,family
adversarial_k_online_learning,1.0,60,2011,family
ddp_resnet18_cifar10,0.9958333333333333,480,2011,family
gpt2_finetune,0.3333333333333333,3,2011,family
gpt2_wikitext2,0.8,45,2011,family
llm_infer_tinyllama,0.6444444444444445,180,2011,family
llm_train_qwen25_3b_lora,0.9166666666666666,60,2011,family
mining_ethash_proxy,0.0,110,2011,family
mlp_training,1.0,1,2011,family
modern_inference,1.0,3,2011,family
rendering,0.0,1,2011,family
resnet,0.0,6,2011,family
symgemm_idle,0.0,10,2011,family
symgemm_l1_fwd3,0.72,50,2011,family
training_single_gpu,0.4,5,2011,family
adversarial_f_interleave,1.0,132,2012,family
adversarial_k_online_learning,1.0,60,2012,family
adversarial_l_ddp,0.9819444444444444,720,2012,family
cufft_hpc,1.0,3,2012,family
fsdp,0.5403225806451613,1240,2012,family
gpt2_finetune,0.0,3,2012,family
llm_train_mistral_7b_lora,0.9333333333333333,60,2012,family
nvlink_latency,0.75,4,2012,family
nvlink_p2p,1.0,3,2012,family
pytorch_training,1.0,3,2012,family
symgemm_l4_sgdfused_m8192,0.0,20,2012,family
symgemm_l5_adam,0.725,40,2012,family
training_single_gpu,0.4,5,2012,family
whitebox_inference_1b_matched,1.0,10,2012,family
whitebox_lora,0.14074074074074075,270,2012,family
adversarial_e_memory_minimal,1.0,51,2013,family
adversarial_i_stochastic,1.0,81,2013,family
adversarial_j_pid,1.0,52,2013,family
adversarial_k_ddp,0.9986111111111111,720,2013,family
cufft_benchmark,0.8938053097345132,113,2013,family
fsdp,0.9411290322580645,1240,2013,family
llm_infer_deepseek_v3,0.008333333333333333,240,2013,family
llm_infer_qwen25,0.29318734793187345,822,2013,family
llm_train_smollm2_1p7b_lora,1.0,60,2013,family
nvlink_p2p,0.6666666666666666,3,2013,family
resnet,0.0,6,2013,family
symgemm_decode_g256,0.0,30,2013,family
symgemm_l4_sgdfused_short7b,1.0,10,2013,family
whitebox_inference_1b_matched,0.5,10,2013,family
whitebox_oracle,1.0,40,2013,family
adversarial_e_memory_minimal,1.0,51,2014,family
adversarial_i_stochastic,0.9753086419753086,81,2014,family
adversarial_training,0.6666666666666666,3,2014,family
bert_finetune,0.3333333333333333,3,2014,family
mining_proxy,0.0,1,2014,family
modern_inference,1.0,3,2014,family
pytorch_mlp_cifar10,0.5,38,2014,family
pytorch_training,1.0,3,2014,family
rendering_proxy,0.9,50,2014,family
resnet,0.0,6,2014,family
resnet50_inference,0.03773584905660377,53,2014,family
symgemm_l3_graddiscard,0.0,40,2014,family
symgemm_ppo_fused,0.0,60,2014,family
whitebox_oracle,0.45,40,2014,family
width_sweep,1.0,2,2014,family
adversarial_h_mimicry_cufft,1.0,52,2015,family
batch_size_sweep,0.0,2,2015,family
bert_finetune,0.3333333333333333,3,2015,family
cufft_hpc,1.0,3,2015,family
gpt2_finetune,0.6666666666666666,3,2015,family
llm_infer_deepseek_v3,0.6541666666666667,240,2015,family
modern_inference,1.0,3,2015,family
pytorch_resnet_cifar10,0.7746478873239436,71,2015,family
rendering,0.0,1,2015,family
rendering_proxy,0.04,50,2015,family
resnet,0.0,6,2015,family
symgemm_l1_fwd3,1.0,50,2015,family
symgemm_l5_adam,1.0,40,2015,family
whitebox_diluted,0.9307692307692308,130,2015,family
width_sweep,0.5,2,2015,family
adversarial_e_memory_minimal,1.0,51,2016,family
adversarial_h_mimicry_cufft,0.8461538461538461,52,2016,family
adversarial_k_online_learning,1.0,60,2016,family
llm_infer_deepseek_v3,0.3625,240,2016,family
llm_infer_qwen25,0.5097323600973236,822,2016,family
llm_train_qwen25_3b_lora,1.0,60,2016,family
llm_train_smollm2_1p7b_lora,1.0,60,2016,family
mining_ethash_proxy,0.0,110,2016,family
nvlink_p2p,0.0,3,2016,family
pytorch_mlp_cifar10,0.9736842105263158,38,2016,family
pytorch_training,1.0,3,2016,family
symgemm_decode_g256,0.9,30,2016,family
symgemm_l4_sgdfused_short7b,1.0,10,2016,family
whitebox_diluted,1.0,130,2016,family
width_sweep,1.0,2,2016,family
adversarial_h_mimicry_cufft,0.7884615384615384,52,2017,family
adversarial_l_ddp,1.0,720,2017,family
adversarial_training,0.6666666666666666,3,2017,family
bert_finetune,0.3333333333333333,3,2017,family
cufft_hpc,1.0,3,2017,family
idle,0.16346153846153846,104,2017,family
llm_infer_qwen25,0.7530413625304136,822,2017,family
llm_train_mistral_7b_lora,1.0,60,2017,family
nvlink_bandwidth,0.25,4,2017,family
ppo_rlhf,0.08333333333333333,60,2017,family
pytorch_mlp_cifar10,1.0,38,2017,family
resnet,0.0,6,2017,family
training_dual_gpu,0.25,8,2017,family
training_single_gpu,0.6,5,2017,family
whitebox_diluted,0.9769230769230769,130,2017,family
adversarial_h_mimicry_cufft,0.8076923076923077,52,2018,family
adversarial_j_pid,1.0,52,2018,family
cufft_benchmark,0.9911504424778761,113,2018,family
fsdp,0.978225806451613,1240,2018,family
gpt2_wikitext2,0.9555555555555556,45,2018,family
llm_infer_deepseek_v3,0.22083333333333333,240,2018,family
llm_infer_mixtral_8x7b,0.75,60,2018,family
llm_infer_sdxl,0.0,90,2018,family
llm_train_smollm2_1p7b_lora,1.0,60,2018,family
mining_ethash_proxy,0.2636363636363636,110,2018,family
mlp_training,0.0,1,2018,family
modern_inference,1.0,3,2018,family
nvlink_bandwidth,1.0,4,2018,family
nvlink_p2p,1.0,3,2018,family
pytorch_mlp_cifar10,1.0,38,2018,family
adversarial_g_clock_throttled,0.9803921568627451,51,2019,family
adversarial_h_mimicry_cufft,0.6346153846153846,52,2019,family
adversarial_h_mimicry_mining,0.819672131147541,61,2019,family
adversarial_i_stochastic,0.9753086419753086,81,2019,family
gpt2_wikitext2,0.9111111111111111,45,2019,family
llm_infer_phi3,0.99,100,2019,family
llm_infer_sdxl,0.0,90,2019,family
llm_train_mistral_7b_lora,0.95,60,2019,family
llm_train_phi3_mini_lora,0.9666666666666667,60,2019,family
pytorch_resnet_cifar10,0.7746478873239436,71,2019,family
rendering,0.0,1,2019,family
resnet50_inference,0.0,53,2019,family
symgemm_l4_sgdfused,0.94,50,2019,family
whitebox_inference,0.3333333333333333,90,2019,family
width_sweep,1.0,2,2019,family
adversarial_h_mimicry_mining,0.8360655737704918,61,2020,family
adversarial_i_stochastic,1.0,81,2020,family
adversarial_k_online_learning,1.0,60,2020,family
fsdp,0.2701612903225806,1240,2020,family
gpt2_finetune,0.3333333333333333,3,2020,family
gpt2_wikitext2,0.13333333333333333,45,2020,family
nvlink_bandwidth,0.0,4,2020,family
nvlink_p2p,1.0,3,2020,family
ppo_rlhf,1.0,60,2020,family
pytorch_mlp_cifar10,0.9736842105263158,38,2020,family
pytorch_training,1.0,3,2020,family
resnet50_inference,0.018867924528301886,53,2020,family
symgemm_decode_g256,0.0,30,2020,family
symgemm_l4_sgdfused_long1b,0.8,10,2020,family
training_single_gpu,0.4,5,2020,family
adversarial_e_memory_minimal,0.9803921568627451,51,2021,family
adversarial_g_clock_throttled,0.9803921568627451,51,2021,family
adversarial_k_ddp,1.0,720,2021,family
adversarial_l_diluted,0.9971428571428571,350,2021,family
gpt2_finetune,0.3333333333333333,3,2021,family
llm_infer_deepseek_v3,0.675,240,2021,family
mining_proxy,0.0,1,2021,family
rendering,0.0,1,2021,family
resnet,0.0,6,2021,family
resnet50_inference,0.0,53,2021,family
symgemm_idle,1.0,10,2021,family
symgemm_l3_graddiscard,0.0,40,2021,family
symgemm_l4_sgdfused_long1b,0.9,10,2021,family
whitebox_lora,0.45555555555555555,270,2021,family
whitebox_oracle,0.675,40,2021,family
adversarial_g_clock_throttled,0.9803921568627451,51,2022,family
adversarial_h_mimicry_cufft,0.5769230769230769,52,2022,family
cufft_hpc,1.0,3,2022,family
gpt2_finetune,0.6666666666666666,3,2022,family
llm_infer_mixtral_8x7b,1.0,60,2022,family
llm_train_qwen25_3b_lora,0.9166666666666666,60,2022,family
mining_ethash_proxy,0.02727272727272727,110,2022,family
ppo_rlhf,0.4,60,2022,family
pytorch_mlp_cifar10,0.8947368421052632,38,2022,family
rendering_proxy,0.18,50,2022,family
resnet50_inference,0.0,53,2022,family
symgemm_l3_graddiscard,0.025,40,2022,family
symgemm_l4_sgdfused_short7b,0.9,10,2022,family
training_dual_gpu,0.625,8,2022,family
whitebox_diluted,0.9615384615384616,130,2022,family
adversarial_g_clock_throttled,1.0,51,2023,family
adversarial_h_mimicry_cufft,0.6923076923076923,52,2023,family
adversarial_i_stochastic,0.9876543209876543,81,2023,family
batch_size_sweep,1.0,2,2023,family
llm_infer_mixtral_8x7b,1.0,60,2023,family
llm_train_qwen25_1p5b_lora,0.11666666666666667,60,2023,family
mlp_training,1.0,1,2023,family
nbody_sim,1.0,56,2023,family
pytorch_mlp_cifar10,0.9736842105263158,38,2023,family
rendering_proxy,1.0,50,2023,family
symgemm_l4_sgdfused,0.52,50,2023,family
symgemm_l4_sgdfused_m8192,1.0,20,2023,family
symgemm_ppo_fused,1.0,60,2023,family
training_single_gpu,0.6,5,2023,family
whitebox_diluted,0.8769230769230769,130,2023,family
adversarial_h_mimicry_mining,1.0,61,2024,family
adversarial_j_pid,1.0,52,2024,family
adversarial_k_online_learning,0.9833333333333333,60,2024,family
adversarial_l_diluted,0.9885714285714285,350,2024,family
cufft_hpc,1.0,3,2024,family
gpt2_finetune,0.6666666666666666,3,2024,family
llm_infer_phi3,0.99,100,2024,family
llm_infer_vit_l,0.9111111111111111,90,2024,family
llm_train_qwen25_3b_lora,0.9833333333333333,60,2024,family
mlp_training,1.0,1,2024,family
ppo_rlhf,0.7833333333333333,60,2024,family
resnet50_inference,0.018867924528301886,53,2024,family
symgemm_l4_sgdfused_long1b,0.6,10,2024,family
training_single_gpu,0.4,5,2024,family
whitebox_inference,0.6,90,2024,family
adversarial_k_ddp,1.0,720,2025,family
adversarial_l_ddp,1.0,720,2025,family
batch_size_sweep,1.0,2,2025,family
inference,0.0,3,2025,family
llm_infer_deepseek_v3,0.0,240,2025,family
llm_infer_mixtral_8x7b,0.05,60,2025,family
llm_infer_phi3,0.0,100,2025,family
llm_infer_qwen25,0.16423357664233576,822,2025,family
llm_train_smollm2_1p7b_lora,1.0,60,2025,family
nvlink_p2p,1.0,3,2025,family
ppo_rlhf,0.9833333333333333,60,2025,family
pytorch_mlp_cifar10,1.0,38,2025,family
scientific_hpc,1.0,3,2025,family
symgemm_idle,0.0,10,2025,family
symgemm_l5_adam,1.0,40,2025,family
adversarial_h_mimicry_mining,0.8688524590163934,61,2026,family
bert_finetune,0.6666666666666666,3,2026,family
fsdp,0.38629032258064516,1240,2026,family
idle,0.47115384615384615,104,2026,family
inference,1.0,3,2026,family
llm_infer_mistral,0.7928994082840237,169,2026,family
llm_train_phi3_mini_lora,1.0,60,2026,family
mlp_training,1.0,1,2026,family
nbody_sim,1.0,56,2026,family
pytorch_training,1.0,3,2026,family
rendering,0.0,1,2026,family
symgemm_l4_sgdfused_long1b,0.8,10,2026,family
symgemm_l4_sgdfused_m8192,0.9,20,2026,family
symgemm_l5_adam,1.0,40,2026,family
whitebox_inference,0.4,90,2026,family
adversarial_l_ddp,0.9819444444444444,720,2027,family
cufft_hpc,1.0,3,2027,family
ddp_training,1.0,2,2027,family
llm_infer_deepseek_v3,0.6625,240,2027,family
llm_infer_mixtral_8x7b,0.9833333333333333,60,2027,family
llm_infer_phi3,0.99,100,2027,family
modern_inference,0.6666666666666666,3,2027,family
nvlink_bandwidth,0.0,4,2027,family
pytorch_mlp_cifar10,0.9736842105263158,38,2027,family
pytorch_resnet_cifar10,0.6197183098591549,71,2027,family
pytorch_training,1.0,3,2027,family
scientific_hpc,0.0,3,2027,family
symgemm_idle,0.0,10,2027,family
training_dual_gpu,0.875,8,2027,family
whitebox_diluted,0.9769230769230769,130,2027,family
adversarial_k_ddp,0.09861111111111111,720,2028,family
adversarial_l_ddp,0.05277777777777778,720,2028,family
ddp_resnet18_cifar10,0.8979166666666667,480,2028,family
ddp_training,0.0,2,2028,family
fsdp,0.06693548387096775,1240,2028,family
llm_infer_tinyllama,1.0,180,2028,family
llm_train_mistral_7b_lora,0.6166666666666667,60,2028,family
mining_ethash_proxy,0.8727272727272727,110,2028,family
mlp_training,1.0,1,2028,family
pytorch_resnet_cifar10,0.28169014084507044,71,2028,family
symgemm_l1_fwd3,0.98,50,2028,family
symgemm_l4_sgdfused,0.1,50,2028,family
symgemm_l4_sgdfused_short7b,0.2,10,2028,family
symgemm_l5_adam,1.0,40,2028,family
width_sweep,1.0,2,2028,family
adversarial_f_interleave,1.0,132,2029,family
adversarial_j_pid,1.0,52,2029,family
bert_finetune,1.0,3,2029,family
bert_sst2,0.36363636363636365,22,2029,family
ddp_resnet18_cifar10,0.9604166666666667,480,2029,family
ddp_resnet50_cifar10,1.0,240,2029,family
fsdp,0.5911290322580646,1240,2029,family
gpt2_wikitext2,0.15555555555555556,45,2029,family
idle,0.5865384615384616,104,2029,family
inference,1.0,3,2029,family
llm_infer_mistral,0.6390532544378699,169,2029,family
mining_proxy,0.0,1,2029,family
nvlink_p2p,0.3333333333333333,3,2029,family
symgemm_idle,0.0,10,2029,family
whitebox_diluted,1.0,130,2029,family
adversarial_h_mimicry_cufft,1.0,52,2030,family
adversarial_k_ddp,1.0,720,2030,family
adversarial_l_diluted,1.0,350,2030,family
batch_size_sweep,1.0,2,2030,family
ddp_resnet18_cifar10,0.9916666666666667,480,2030,family
fsdp,0.6306451612903226,1240,2030,family
llm_infer_mistral,0.7396449704142012,169,2030,family
llm_train_qwen25_3b_lora,0.9833333333333333,60,2030,family
nvlink_latency,0.0,4,2030,family
scientific_hpc,1.0,3,2030,family
symgemm_l1_fwd3,0.88,50,2030,family
symgemm_l4_sgdfused,0.32,50,2030,family
symgemm_l4_sgdfused_short7b,1.0,10,2030,family
symgemm_l5_adam,1.0,40,2030,family
symgemm_ppo_fused,0.0,60,2030,family
adversarial_h_mimicry_mining,0.8360655737704918,61,2031,family
adversarial_j_pid,1.0,52,2031,family
adversarial_l_diluted,0.9828571428571429,350,2031,family
cufft_benchmark,0.9734513274336283,113,2031,family
cufft_hpc,1.0,3,2031,family
ddp_resnet18_cifar10,0.9854166666666667,480,2031,family
fsdp,0.4645161290322581,1240,2031,family
inference,0.0,3,2031,family
mining_ethash_proxy,0.36363636363636365,110,2031,family
modern_inference,1.0,3,2031,family
nvlink_latency,0.0,4,2031,family
ppo_rlhf,0.2,60,2031,family
symgemm_l4_sgdfused_long1b,0.0,10,2031,family
symgemm_l4_sgdfused_m8192,0.9,20,2031,family
whitebox_inference_1b_matched,0.9,10,2031,family
adversarial_h_mimicry_mining,0.9672131147540983,61,2032,family
adversarial_l_ddp,0.8361111111111111,720,2032,family
ddp_resnet50_cifar10,0.9958333333333333,240,2032,family
fsdp,0.42258064516129035,1240,2032,family
gpt2_finetune,0.3333333333333333,3,2032,family
llm_infer_tinyllama,0.9555555555555556,180,2032,family
nvlink_bandwidth,0.5,4,2032,family
pytorch_mlp_cifar10,0.9736842105263158,38,2032,family
resnet50_inference,0.03773584905660377,53,2032,family
symgemm_l4_sgdfused,0.18,50,2032,family
symgemm_l4_sgdfused_long1b,0.0,10,2032,family
symgemm_l4_sgdfused_m8192,0.0,20,2032,family
symgemm_l5_adam,0.4,40,2032,family
training_single_gpu,0.4,5,2032,family
width_sweep,1.0,2,2032,family
adversarial_l_ddp,1.0,720,2033,family
batch_size_sweep,0.5,2,2033,family
cufft_benchmark,1.0,113,2033,family
idle,0.10576923076923077,104,2033,family
llm_infer_mistral,0.40236686390532544,169,2033,family
llm_infer_phi3,0.12,100,2033,family
mining_ethash_proxy,0.0,110,2033,family
nvlink_bandwidth,0.0,4,2033,family
nvlink_latency,0.0,4,2033,family
resnet50_inference,0.0,53,2033,family
scientific_hpc,1.0,3,2033,family
symgemm_l0_fwd1,1.0,40,2033,family
symgemm_l3_graddiscard,0.55,40,2033,family
symgemm_l4_sgdfused_m8192,0.9,20,2033,family
whitebox_diluted,0.9846153846153847,130,2033,family
bert_sst2,0.2727272727272727,22,2034,family
fsdp,0.6653225806451613,1240,2034,family
gpt2_finetune,0.0,3,2034,family
llm_infer_mixtral_8x7b,0.9666666666666667,60,2034,family
llm_infer_qwen25,0.7688564476885644,822,2034,family
llm_infer_vit_l,1.0,90,2034,family
llm_train_mistral_7b_lora,0.9666666666666667,60,2034,family
llm_train_qwen25_3b_lora,0.9833333333333333,60,2034,family
nvlink_latency,0.25,4,2034,family
ppo_rlhf,0.85,60,2034,family
pytorch_mlp_cifar10,1.0,38,2034,family
scientific_hpc,1.0,3,2034,family
symgemm_l4_sgdfused_short7b,0.4,10,2034,family
whitebox_diluted,1.0,130,2034,family
whitebox_inference_1b_matched,0.8,10,2034,family
adversarial_g_clock_throttled,1.0,51,2035,family
adversarial_h_mimicry_mining,0.9016393442622951,61,2035,family
adversarial_k_ddp,0.3861111111111111,720,2035,family
adversarial_l_ddp,0.32083333333333336,720,2035,family
batch_size_sweep,1.0,2,2035,family
cufft_hpc,1.0,3,2035,family
ddp_resnet18_cifar10,1.0,480,2035,family
gpt2_finetune,0.3333333333333333,3,2035,family
llm_infer_tinyllama,0.7111111111111111,180,2035,family
llm_train_phi3_mini_lora,1.0,60,2035,family
mining_ethash_proxy,0.2545454545454545,110,2035,family
nbody_sim,1.0,56,2035,family
pytorch_mlp_cifar10,1.0,38,2035,family
whitebox_inference_1b_matched,0.7,10,2035,family
whitebox_oracle,1.0,40,2035,family
adversarial_e_memory_minimal,1.0,51,2036,family
adversarial_l_ddp,0.9416666666666667,720,2036,family
bert_sst2,0.22727272727272727,22,2036,family
cufft_hpc,1.0,3,2036,family
fsdp,0.3620967741935484,1240,2036,family
gpt2_wikitext2,0.2,45,2036,family
mlp_training,1.0,1,2036,family
modern_inference,1.0,3,2036,family
nbody_sim,1.0,56,2036,family
symgemm_idle,0.0,10,2036,family
symgemm_l4_sgdfused_long1b,0.0,10,2036,family
symgemm_l5_adam,0.95,40,2036,family
training_dual_gpu,0.5,8,2036,family
training_single_gpu,0.4,5,2036,family
width_sweep,1.0,2,2036,family
adversarial_g_clock_throttled,1.0,51,2037,family
adversarial_j_pid,1.0,52,2037,family
adversarial_k_ddp,1.0,720,2037,family
fsdp,0.8225806451612904,1240,2037,family
llm_infer_mistral,0.3431952662721893,169,2037,family
llm_train_phi3_mini_lora,0.9833333333333333,60,2037,family
llm_train_qwen25_1p5b_lora,0.9833333333333333,60,2037,family
mining_ethash_proxy,0.0,110,2037,family
nbody_sim,0.9821428571428571,56,2037,family
rendering_proxy,0.0,50,2037,family
scientific_hpc,0.3333333333333333,3,2037,family
symgemm_l1_fwd3,0.2,50,2037,family
symgemm_l4_sgdfused_m8192,0.95,20,2037,family
symgemm_l5_adam,1.0,40,2037,family
width_sweep,1.0,2,2037,family
adversarial_e_memory_minimal,0.9803921568627451,51,2038,family
adversarial_i_stochastic,1.0,81,2038,family
bert_finetune,0.3333333333333333,3,2038,family
cufft_hpc,1.0,3,2038,family
ddp_resnet50_cifar10,1.0,240,2038,family
inference,1.0,3,2038,family
llm_infer_sdxl,0.0,90,2038,family
llm_infer_vit_l,0.8777777777777778,90,2038,family
mining_ethash_proxy,0.09090909090909091,110,2038,family
nvlink_latency,0.0,4,2038,family
pytorch_mlp_cifar10,0.9736842105263158,38,2038,family
symgemm_l1_fwd3_m8192,0.0,20,2038,family
symgemm_l3_graddiscard,0.0,40,2038,family
training_dual_gpu,0.625,8,2038,family
whitebox_inference,0.1111111111111111,90,2038,family
adversarial_g_clock_throttled,1.0,51,2039,family
adversarial_k_ddp,1.0,720,2039,family
bert_finetune,1.0,3,2039,family
bert_sst2,1.0,22,2039,family
ddp_training,1.0,2,2039,family
llm_infer_deepseek_v3,0.0,240,2039,family
mlp_training,1.0,1,2039,family
nbody_sim,0.9107142857142857,56,2039,family
resnet50_inference,0.0,53,2039,family
scientific_hpc,0.3333333333333333,3,2039,family
symgemm_decode_g256,0.8333333333333334,30,2039,family
symgemm_idle,0.1,10,2039,family
symgemm_l1_fwd3,0.4,50,2039,family
training_dual_gpu,0.5,8,2039,family
whitebox_inference,0.26666666666666666,90,2039,family
adversarial_g_clock_throttled,1.0,51,2040,family
adversarial_h_mimicry_mining,1.0,61,2040,family
adversarial_i_stochastic,0.9753086419753086,81,2040,family
adversarial_k_ddp,1.0,720,2040,family
adversarial_l_ddp,0.9069444444444444,720,2040,family
bert_finetune,0.0,3,2040,family
llm_infer_deepseek_v3,0.6083333333333333,240,2040,family
llm_infer_mixtral_8x7b,0.95,60,2040,family
llm_train_mistral_7b_lora,0.95,60,2040,family
modern_inference,1.0,3,2040,family
ppo_rlhf,0.2,60,2040,family
symgemm_l0_fwd1,0.975,40,2040,family
symgemm_l4_sgdfused_long1b,1.0,10,2040,family
training_dual_gpu,0.25,8,2040,family
whitebox_diluted,0.9307692307692308,130,2040,family
gpt2_wikitext2,0.6,45,2041,family
llm_infer_mixtral_8x7b,1.0,60,2041,family
llm_train_mistral_7b_lora,0.9666666666666667,60,2041,family
nbody_sim,1.0,56,2041,family
ppo_rlhf,0.6833333333333333,60,2041,family
pytorch_training,1.0,3,2041,family
rendering_proxy,0.36,50,2041,family
symgemm_l4_sgdfused,0.2,50,2041,family
symgemm_l4_sgdfused_long1b,0.0,10,2041,family
symgemm_l4_sgdfused_m8192,1.0,20,2041,family
symgemm_l4_sgdfused_short7b,1.0,10,2041,family
training_dual_gpu,0.75,8,2041,family
whitebox_diluted,1.0,130,2041,family
whitebox_inference,0.12222222222222222,90,2041,family
whitebox_inference_1b_matched,0.2,10,2041,family
adversarial_f_interleave,1.0,132,2042,family
adversarial_g_clock_throttled,1.0,51,2042,family
bert_finetune,0.0,3,2042,family
ddp_resnet18_cifar10,0.96875,480,2042,family
llm_infer_phi3,0.93,100,2042,family
llm_train_qwen25_1p5b_lora,0.11666666666666667,60,2042,family
llm_train_qwen25_3b_lora,0.85,60,2042,family
llm_train_smollm2_1p7b_lora,0.13333333333333333,60,2042,family
symgemm_l1_fwd3,0.98,50,2042,family
symgemm_l1_fwd3_m8192,0.0,20,2042,family
symgemm_l4_sgdfused_m8192,1.0,20,2042,family
symgemm_l4_sgdfused_short7b,1.0,10,2042,family
symgemm_l5_adam,1.0,40,2042,family
symgemm_ppo_fused,0.9833333333333333,60,2042,family
whitebox_diluted,1.0,130,2042,family
adversarial_h_mimicry_mining,0.8852459016393442,61,2043,family
cufft_benchmark,0.9823008849557522,113,2043,family
ddp_training,1.0,2,2043,family
gpt2_finetune,0.6666666666666666,3,2043,family
inference,0.0,3,2043,family
llm_train_qwen25_3b_lora,0.9166666666666666,60,2043,family
llm_train_smollm2_1p7b_lora,0.7666666666666667,60,2043,family
ppo_rlhf,0.23333333333333334,60,2043,family
pytorch_resnet_cifar10,0.6056338028169014,71,2043,family
resnet,0.0,6,2043,family
scientific_hpc,0.3333333333333333,3,2043,family
symgemm_l1_fwd3_m8192,0.2,20,2043,family
symgemm_l4_sgdfused_m8192,0.9,20,2043,family
training_dual_gpu,0.5,8,2043,family
whitebox_inference,0.5555555555555556,90,2043,family
adversarial_f_interleave,1.0,132,2044,family
adversarial_k_online_learning,1.0,60,2044,family
adversarial_l_diluted,0.9657142857142857,350,2044,family
adversarial_training,0.6666666666666666,3,2044,family
bert_finetune,0.3333333333333333,3,2044,family
bert_sst2,0.7272727272727273,22,2044,family
llm_infer_mixtral_8x7b,0.5333333333333333,60,2044,family
llm_infer_qwen25,0.5352798053527981,822,2044,family
llm_train_phi3_mini_lora,0.9833333333333333,60,2044,family
mining_proxy,0.0,1,2044,family
resnet,0.0,6,2044,family
symgemm_l4_sgdfused,0.18,50,2044,family
symgemm_l4_sgdfused_long1b,0.0,10,2044,family
symgemm_ppo_fused,1.0,60,2044,family
whitebox_oracle,0.95,40,2044,family
adversarial_h_mimicry_cufft,1.0,52,2045,family
adversarial_i_stochastic,0.9629629629629629,81,2045,family
adversarial_k_online_learning,1.0,60,2045,family
cufft_benchmark,0.9823008849557522,113,2045,family
ddp_resnet18_cifar10,1.0,480,2045,family
llm_infer_deepseek_v3,0.6041666666666666,240,2045,family
llm_infer_phi3,0.99,100,2045,family
llm_infer_tinyllama,0.6555555555555556,180,2045,family
llm_train_phi3_mini_lora,0.9833333333333333,60,2045,family
mining_ethash_proxy,0.0,110,2045,family
mlp_training,1.0,1,2045,family
modern_inference,1.0,3,2045,family
rendering,0.0,1,2045,family
symgemm_decode_g256,0.0,30,2045,family
training_single_gpu,0.6,5,2045,family
adversarial_f_interleave,1.0,132,2046,family
cufft_hpc,1.0,3,2046,family
llm_infer_mixtral_8x7b,0.5166666666666667,60,2046,family
llm_infer_qwen25,0.6082725060827251,822,2046,family
llm_infer_tinyllama,0.8055555555555556,180,2046,family
llm_train_phi3_mini_lora,0.9666666666666667,60,2046,family
nvlink_latency,0.25,4,2046,family
pytorch_training,1.0,3,2046,family
resnet,0.0,6,2046,family
resnet50_inference,0.018867924528301886,53,2046,family
symgemm_l4_sgdfused,0.12,50,2046,family
symgemm_l4_sgdfused_long1b,0.0,10,2046,family
symgemm_l4_sgdfused_short7b,0.1,10,2046,family
training_single_gpu,0.6,5,2046,family
whitebox_lora,0.2777777777777778,270,2046,family
adversarial_i_stochastic,0.9753086419753086,81,2047,family
adversarial_j_pid,1.0,52,2047,family
adversarial_k_ddp,1.0,720,2047,family
ddp_training,1.0,2,2047,family
gpt2_wikitext2,0.7777777777777778,45,2047,family
idle,0.49038461538461536,104,2047,family
llm_train_phi3_mini_lora,1.0,60,2047,family
pytorch_mlp_cifar10,0.9736842105263158,38,2047,family
resnet50_inference,0.0,53,2047,family
symgemm_l1_fwd3_m8192,0.0,20,2047,family
symgemm_l4_sgdfused,1.0,50,2047,family
symgemm_l4_sgdfused_m8192,1.0,20,2047,family
symgemm_ppo_fused,0.9333333333333333,60,2047,family
training_dual_gpu,0.75,8,2047,family
width_sweep,1.0,2,2047,family
adversarial_h_mimicry_cufft,0.34615384615384615,52,2048,family
adversarial_h_mimicry_mining,0.8032786885245902,61,2048,family
adversarial_i_stochastic,0.9629629629629629,81,2048,family
adversarial_j_pid,0.9230769230769231,52,2048,family
adversarial_k_ddp,1.0,720,2048,family
adversarial_training,0.6666666666666666,3,2048,family
cufft_hpc,1.0,3,2048,family
ddp_training,1.0,2,2048,family
gpt2_wikitext2,0.5555555555555556,45,2048,family
resnet,0.5,6,2048,family
resnet50_inference,0.03773584905660377,53,2048,family
symgemm_idle,0.0,10,2048,family
symgemm_l1_fwd3,0.78,50,2048,family
symgemm_l4_sgdfused_short7b,1.0,10,2048,family
whitebox_inference,0.37777777777777777,90,2048,family
adversarial_e_memory_minimal,1.0,51,2049,family
adversarial_h_mimicry_cufft,0.40384615384615385,52,2049,family
adversarial_l_ddp,0.9944444444444445,720,2049,family
fsdp,0.357258064516129,1240,2049,family
idle,0.7115384615384616,104,2049,family
llm_infer_vit_l,0.8333333333333334,90,2049,family
llm_train_qwen25_3b_lora,0.9833333333333333,60,2049,family
nvlink_bandwidth,0.0,4,2049,family
nvlink_p2p,1.0,3,2049,family
pytorch_resnet_cifar10,0.7183098591549296,71,2049,family
pytorch_training,1.0,3,2049,family
symgemm_l1_fwd3_m8192,0.65,20,2049,family
symgemm_l5_adam,1.0,40,2049,family
symgemm_ppo_fused,0.4166666666666667,60,2049,family
whitebox_oracle,1.0,40,2049,family
adversarial_training,0.6666666666666666,3,2050,family
ddp_training,1.0,2,2050,family
fsdp,0.5774193548387097,1240,2050,family
gpt2_wikitext2,0.7555555555555555,45,2050,family
inference,1.0,3,2050,family
llm_infer_mistral,0.8698224852071006,169,2050,family
llm_infer_sdxl,0.24444444444444444,90,2050,family
llm_train_qwen25_3b_lora,0.9333333333333333,60,2050,family
llm_train_smollm2_1p7b_lora,0.95,60,2050,family
symgemm_l1_fwd3_m8192,1.0,20,2050,family
symgemm_l4_sgdfused,0.12,50,2050,family
symgemm_l4_sgdfused_long1b,0.0,10,2050,family
symgemm_l4_sgdfused_m8192,0.0,20,2050,family
symgemm_l5_adam,0.9,40,2050,family
training_dual_gpu,0.625,8,2050,family
adversarial_e_memory_minimal,0.9803921568627451,51,2051,family
adversarial_j_pid,1.0,52,2051,family
ddp_resnet18_cifar10,1.0,480,2051,family
ddp_training,1.0,2,2051,family
llm_infer_phi3,0.0,100,2051,family
llm_infer_sdxl,0.0,90,2051,family
llm_train_smollm2_1p7b_lora,1.0,60,2051,family
mlp_training,1.0,1,2051,family
nbody_sim,1.0,56,2051,family
nvlink_bandwidth,0.0,4,2051,family
nvlink_latency,0.25,4,2051,family
scientific_hpc,1.0,3,2051,family
symgemm_l5_adam,1.0,40,2051,family
whitebox_diluted,0.9846153846153847,130,2051,family
whitebox_oracle,0.975,40,2051,family
adversarial_e_memory_minimal,0.6666666666666666,51,2052,family
adversarial_g_clock_throttled,0.9803921568627451,51,2052,family
adversarial_k_ddp,1.0,720,2052,family
adversarial_training,0.0,3,2052,family
batch_size_sweep,0.0,2,2052,family
bert_finetune,0.0,3,2052,family
llm_infer_deepseek_v3,0.6666666666666666,240,2052,family
llm_infer_tinyllama,0.6166666666666667,180,2052,family
nbody_sim,0.9464285714285714,56,2052,family
nvlink_latency,0.0,4,2052,family
pytorch_mlp_cifar10,0.9473684210526315,38,2052,family
pytorch_resnet_cifar10,0.7887323943661971,71,2052,family
symgemm_l0_fwd1,0.725,40,2052,family
symgemm_l1_fwd3,0.68,50,2052,family
whitebox_inference_1b_matched,0.1,10,2052,family
adversarial_e_memory_minimal,0.9803921568627451,51,2053,family
adversarial_g_clock_throttled,1.0,51,2053,family
adversarial_j_pid,1.0,52,2053,family
adversarial_l_ddp,0.9916666666666667,720,2053,family
cufft_benchmark,0.9823008849557522,113,2053,family
cufft_hpc,1.0,3,2053,family
gpt2_finetune,0.3333333333333333,3,2053,family
llm_infer_mixtral_8x7b,1.0,60,2053,family
mlp_training,1.0,1,2053,family
nvlink_latency,0.0,4,2053,family
ppo_rlhf,0.18333333333333332,60,2053,family
symgemm_l4_sgdfused_long1b,0.0,10,2053,family
symgemm_l4_sgdfused_short7b,1.0,10,2053,family
training_dual_gpu,0.75,8,2053,family
whitebox_diluted,0.9923076923076923,130,2053,family
adversarial_f_interleave,0.9924242424242424,132,2054,family
adversarial_j_pid,0.9038461538461539,52,2054,family
batch_size_sweep,0.5,2,2054,family
bert_finetune,0.3333333333333333,3,2054,family
bert_sst2,0.5454545454545454,22,2054,family
llm_train_phi3_mini_lora,0.9833333333333333,60,2054,family
nbody_sim,1.0,56,2054,family
nvlink_bandwidth,0.25,4,2054,family
pytorch_resnet_cifar10,0.8028169014084507,71,2054,family
scientific_hpc,1.0,3,2054,family
symgemm_decode_g256,0.26666666666666666,30,2054,family
symgemm_idle,0.3,10,2054,family
symgemm_l4_sgdfused_long1b,1.0,10,2054,family
symgemm_l5_adam,1.0,40,2054,family
symgemm_ppo_fused,0.95,60,2054,family
adversarial_e_memory_minimal,1.0,51,2055,family
adversarial_f_interleave,1.0,132,2055,family
adversarial_h_mimicry_mining,0.8524590163934426,61,2055,family
llm_infer_mixtral_8x7b,0.0,60,2055,family
llm_infer_qwen25,0.014598540145985401,822,2055,family
llm_infer_vit_l,0.9444444444444444,90,2055,family
llm_train_mistral_7b_lora,1.0,60,2055,family
mining_ethash_proxy,0.0,110,2055,family
pytorch_mlp_cifar10,1.0,38,2055,family
rendering_proxy,0.0,50,2055,family
symgemm_l1_fwd3_m8192,0.15,20,2055,family
symgemm_l4_sgdfused_short7b,1.0,10,2055,family
whitebox_diluted,0.9769230769230769,130,2055,family
whitebox_oracle,0.975,40,2055,family
width_sweep,0.5,2,2055,family
adversarial_g_clock_throttled,1.0,51,2056,family
adversarial_h_mimicry_mining,1.0,61,2056,family
adversarial_i_stochastic,0.9629629629629629,81,2056,family
adversarial_training,0.0,3,2056,family
cufft_hpc,1.0,3,2056,family
idle,0.17307692307692307,104,2056,family
llm_infer_mixtral_8x7b,0.5166666666666667,60,2056,family
llm_infer_vit_l,1.0,90,2056,family
mining_ethash_proxy,0.0,110,2056,family
mining_proxy,0.0,1,2056,family
mlp_training,1.0,1,2056,family
nvlink_bandwidth,0.0,4,2056,family
rendering,0.0,1,2056,family
symgemm_l4_sgdfused_short7b,1.0,10,2056,family
width_sweep,0.5,2,2056,family
adversarial_e_memory_minimal,0.9607843137254902,51,2057,family
adversarial_k_ddp,1.0,720,2057,family
adversarial_l_ddp,0.9333333333333333,720,2057,family
llm_infer_deepseek_v3,0.6583333333333333,240,2057,family
llm_infer_phi3,0.99,100,2057,family
llm_train_mistral_7b_lora,1.0,60,2057,family
llm_train_smollm2_1p7b_lora,1.0,60,2057,family
mining_ethash_proxy,0.05454545454545454,110,2057,family
modern_inference,1.0,3,2057,family
nbody_sim,1.0,56,2057,family
rendering,0.0,1,2057,family
symgemm_l4_sgdfused_m8192,0.9,20,2057,family
symgemm_l5_adam,1.0,40,2057,family
training_dual_gpu,0.75,8,2057,family
training_single_gpu,0.4,5,2057,family
adversarial_e_memory_minimal,1.0,51,2058,family
adversarial_i_stochastic,0.9753086419753086,81,2058,family
adversarial_training,0.6666666666666666,3,2058,family
gpt2_wikitext2,1.0,45,2058,family
llm_infer_mistral,0.011834319526627219,169,2058,family
llm_infer_sdxl,0.0,90,2058,family
llm_train_qwen25_1p5b_lora,1.0,60,2058,family
nvlink_p2p,1.0,3,2058,family
rendering,0.0,1,2058,family
rendering_proxy,0.94,50,2058,family
resnet50_inference,0.0,53,2058,family
scientific_hpc,0.6666666666666666,3,2058,family
symgemm_l1_fwd3_m8192,0.95,20,2058,family
training_dual_gpu,0.25,8,2058,family
width_sweep,1.0,2,2058,family
adversarial_f_interleave,1.0,132,2059,family
adversarial_g_clock_throttled,1.0,51,2059,family
adversarial_h_mimicry_mining,0.8360655737704918,61,2059,family
adversarial_j_pid,1.0,52,2059,family
adversarial_k_ddp,1.0,720,2059,family
adversarial_l_diluted,0.9914285714285714,350,2059,family
fsdp,0.5330645161290323,1240,2059,family
inference,1.0,3,2059,family
llm_infer_phi3,0.99,100,2059,family
llm_infer_tinyllama,0.9833333333333333,180,2059,family
llm_train_phi3_mini_lora,0.9833333333333333,60,2059,family
pytorch_mlp_cifar10,0.9473684210526315,38,2059,family
pytorch_resnet_cifar10,0.6338028169014085,71,2059,family
symgemm_l5_adam,1.0,40,2059,family
whitebox_inference_1b_matched,0.9,10,2059,family
adversarial_e_memory_minimal,1.0,51,2060,family
adversarial_k_ddp,1.0,720,2060,family
llm_infer_deepseek_v3,0.6416666666666667,240,2060,family
llm_infer_phi3,0.99,100,2060,family
llm_infer_tinyllama,0.7833333333333333,180,2060,family
llm_infer_vit_l,0.9222222222222223,90,2060,family
llm_train_mistral_7b_lora,1.0,60,2060,family
resnet,0.0,6,2060,family
symgemm_idle,0.1,10,2060,family
symgemm_l0_fwd1,0.825,40,2060,family
symgemm_l4_sgdfused_m8192,0.45,20,2060,family
symgemm_l5_adam,1.0,40,2060,family
symgemm_ppo_fused,0.0,60,2060,family
whitebox_lora,0.3,270,2060,family
width_sweep,1.0,2,2060,family
adversarial_f_interleave,1.0,132,2061,family
adversarial_h_mimicry_cufft,1.0,52,2061,family
adversarial_l_diluted,0.9714285714285714,350,2061,family
ddp_training,1.0,2,2061,family
llm_infer_deepseek_v3,0.3375,240,2061,family
llm_infer_qwen25,0.7785888077858881,822,2061,family
llm_train_smollm2_1p7b_lora,0.9166666666666666,60,2061,family
mining_ethash_proxy,0.01818181818181818,110,2061,family
modern_inference,1.0,3,2061,family
pytorch_training,1.0,3,2061,family
symgemm_l1_fwd3,0.84,50,2061,family
symgemm_l4_sgdfused,0.78,50,2061,family
symgemm_l5_adam,1.0,40,2061,family
whitebox_inference_1b_matched,1.0,10,2061,family
whitebox_lora,0.6296296296296297,270,2061,family
adversarial_i_stochastic,0.9753086419753086,81,2062,family
bert_finetune,1.0,3,2062,family
gpt2_wikitext2,0.9333333333333333,45,2062,family
idle,0.15384615384615385,104,2062,family
llm_infer_mistral,0.514792899408284,169,2062,family
llm_infer_mixtral_8x7b,0.8833333333333333,60,2062,family
nvlink_bandwidth,0.0,4,2062,family
nvlink_latency,0.0,4,2062,family
ppo_rlhf,0.7166666666666667,60,2062,family
pytorch_mlp_cifar10,1.0,38,2062,family
rendering,0.0,1,2062,family
resnet,0.0,6,2062,family
training_dual_gpu,1.0,8,2062,family
training_single_gpu,0.8,5,2062,family
whitebox_lora,0.6555555555555556,270,2062,family
adversarial_i_stochastic,0.7160493827160493,81,2063,family
bert_sst2,0.18181818181818182,22,2063,family
llm_infer_phi3,0.99,100,2063,family
llm_infer_sdxl,0.0,90,2063,family
llm_train_qwen25_3b_lora,0.9666666666666667,60,2063,family
llm_train_smollm2_1p7b_lora,0.9166666666666666,60,2063,family
mlp_training,1.0,1,2063,family
pytorch_mlp_cifar10,0.9736842105263158,38,2063,family
resnet50_inference,0.9433962264150944,53,2063,family
symgemm_l4_sgdfused,0.18,50,2063,family
symgemm_l4_sgdfused_long1b,0.0,10,2063,family
symgemm_l5_adam,1.0,40,2063,family
whitebox_inference_1b_matched,1.0,10,2063,family
whitebox_lora,0.43703703703703706,270,2063,family
width_sweep,1.0,2,2063,family
adversarial_i_stochastic,0.9506172839506173,81,2064,family
cufft_hpc,1.0,3,2064,family
llm_infer_vit_l,0.9666666666666667,90,2064,family
llm_train_phi3_mini_lora,1.0,60,2064,family
llm_train_qwen25_1p5b_lora,1.0,60,2064,family
nvlink_bandwidth,0.0,4,2064,family
nvlink_latency,0.0,4,2064,family
rendering,0.0,1,2064,family
resnet,0.0,6,2064,family
symgemm_l0_fwd1,0.875,40,2064,family
symgemm_l1_fwd3_m8192,0.9,20,2064,family
symgemm_l3_graddiscard,0.0,40,2064,family
symgemm_l4_sgdfused_long1b,1.0,10,2064,family
symgemm_l4_sgdfused_m8192,0.1,20,2064,family
symgemm_l4_sgdfused_short7b,0.2,10,2064,family
adversarial_h_mimicry_cufft,0.9423076923076923,52,2065,family
adversarial_l_diluted,0.9685714285714285,350,2065,family
cufft_benchmark,1.0,113,2065,family
gpt2_finetune,0.0,3,2065,family
inference,1.0,3,2065,family
llm_infer_tinyllama,0.25555555555555554,180,2065,family
llm_train_smollm2_1p7b_lora,0.95,60,2065,family
mlp_training,1.0,1,2065,family
pytorch_mlp_cifar10,0.9736842105263158,38,2065,family
pytorch_resnet_cifar10,0.6056338028169014,71,2065,family
pytorch_training,1.0,3,2065,family
symgemm_idle,0.0,10,2065,family
symgemm_l1_fwd3,0.92,50,2065,family
whitebox_inference_1b_matched,0.9,10,2065,family
whitebox_oracle,0.975,40,2065,family
adversarial_l_diluted,1.0,350,2066,family
batch_size_sweep,0.5,2,2066,family
cufft_hpc,1.0,3,2066,family
gpt2_wikitext2,1.0,45,2066,family
llm_infer_mistral,0.7100591715976331,169,2066,family
llm_infer_vit_l,0.9111111111111111,90,2066,family
llm_train_phi3_mini_lora,0.9666666666666667,60,2066,family
llm_train_qwen25_1p5b_lora,0.3,60,2066,family
llm_train_qwen25_3b_lora,0.5833333333333334,60,2066,family
modern_inference,1.0,3,2066,family
rendering_proxy,0.32,50,2066,family
symgemm_idle,0.0,10,2066,family
symgemm_l0_fwd1,1.0,40,2066,family
symgemm_l1_fwd3_m8192,0.7,20,2066,family
symgemm_l4_sgdfused_long1b,0.8,10,2066,family
adversarial_l_diluted,0.9942857142857143,350,2067,family
adversarial_training,0.6666666666666666,3,2067,family
bert_finetune,0.6666666666666666,3,2067,family
cufft_hpc,1.0,3,2067,family
idle,0.6923076923076923,104,2067,family
llm_infer_mistral,0.8757396449704142,169,2067,family
llm_infer_mixtral_8x7b,1.0,60,2067,family
llm_train_phi3_mini_lora,1.0,60,2067,family
pytorch_resnet_cifar10,0.704225352112676,71,2067,family
rendering,0.0,1,2067,family
symgemm_idle,0.0,10,2067,family
symgemm_l0_fwd1,1.0,40,2067,family
symgemm_l4_sgdfused,0.22,50,2067,family
symgemm_l4_sgdfused_short7b,1.0,10,2067,family
symgemm_l5_adam,1.0,40,2067,family
adversarial_j_pid,1.0,52,2068,family
adversarial_k_ddp,1.0,720,2068,family
batch_size_sweep,0.5,2,2068,family
cufft_hpc,1.0,3,2068,family
gpt2_finetune,0.3333333333333333,3,2068,family
gpt2_wikitext2,0.3333333333333333,45,2068,family
idle,0.8269230769230769,104,2068,family
llm_infer_mistral,0.8047337278106509,169,2068,family
llm_infer_phi3,0.99,100,2068,family
modern_inference,1.0,3,2068,family
ppo_rlhf,0.6333333333333333,60,2068,family
symgemm_l1_fwd3_m8192,1.0,20,2068,family
symgemm_l4_sgdfused_long1b,0.7,10,2068,family
symgemm_l4_sgdfused_short7b,0.9,10,2068,family
whitebox_diluted,0.9846153846153847,130,2068,family
adversarial_e_memory_minimal,1.0,51,2069,family
adversarial_g_clock_throttled,1.0,51,2069,family
adversarial_j_pid,1.0,52,2069,family
adversarial_l_diluted,1.0,350,2069,family
cufft_hpc,0.0,3,2069,family
gpt2_finetune,0.6666666666666666,3,2069,family
llm_infer_qwen25,0.5705596107055961,822,2069,family
llm_infer_vit_l,0.9,90,2069,family
nbody_sim,0.9464285714285714,56,2069,family
nvlink_latency,0.0,4,2069,family
resnet,0.0,6,2069,family
resnet50_inference,0.0,53,2069,family
scientific_hpc,0.3333333333333333,3,2069,family
training_dual_gpu,0.5,8,2069,family
width_sweep,1.0,2,2069,family
adversarial_h_mimicry_cufft,0.8076923076923077,52,2070,family
adversarial_i_stochastic,0.9382716049382716,81,2070,family
cufft_benchmark,1.0,113,2070,family
ddp_resnet18_cifar10,0.9604166666666667,480,2070,family
ddp_resnet50_cifar10,1.0,240,2070,family
ddp_training,1.0,2,2070,family
llm_infer_qwen25,0.5304136253041363,822,2070,family
llm_infer_tinyllama,0.49444444444444446,180,2070,family
llm_train_phi3_mini_lora,0.9833333333333333,60,2070,family
llm_train_qwen25_1p5b_lora,0.9333333333333333,60,2070,family
llm_train_smollm2_1p7b_lora,0.18333333333333332,60,2070,family
pytorch_training,1.0,3,2070,family
symgemm_idle,0.1,10,2070,family
symgemm_l4_sgdfused_long1b,0.0,10,2070,family
symgemm_l4_sgdfused_m8192,1.0,20,2070,family
adversarial_e_memory_minimal,1.0,51,2071,family
adversarial_training,0.0,3,2071,family
bert_finetune,0.0,3,2071,family
ddp_resnet18_cifar10,0.96875,480,2071,family
ddp_training,1.0,2,2071,family
nbody_sim,0.9464285714285714,56,2071,family
pytorch_mlp_cifar10,0.7894736842105263,38,2071,family
pytorch_training,0.6666666666666666,3,2071,family
rendering,0.0,1,2071,family
resnet,0.5,6,2071,family
symgemm_decode_g256,0.03333333333333333,30,2071,family
symgemm_idle,1.0,10,2071,family
symgemm_l1_fwd3,0.98,50,2071,family
symgemm_l3_graddiscard,0.925,40,2071,family
symgemm_l4_sgdfused,0.8,50,2071,family
adversarial_i_stochastic,1.0,81,2072,family
adversarial_j_pid,1.0,52,2072,family
adversarial_k_ddp,1.0,720,2072,family
batch_size_sweep,1.0,2,2072,family
bert_sst2,0.7272727272727273,22,2072,family
llm_train_mistral_7b_lora,1.0,60,2072,family
mining_proxy,0.0,1,2072,family
nbody_sim,1.0,56,2072,family
rendering,0.0,1,2072,family
symgemm_l3_graddiscard,0.0,40,2072,family
symgemm_l4_sgdfused_short7b,0.9,10,2072,family
symgemm_l5_adam,1.0,40,2072,family
symgemm_ppo_fused,0.6666666666666666,60,2072,family
whitebox_inference,0.7555555555555555,90,2072,family
whitebox_lora,0.5925925925925926,270,2072,family
adversarial_g_clock_throttled,1.0,51,2073,family
adversarial_i_stochastic,0.9012345679012346,81,2073,family
adversarial_k_ddp,0.9986111111111111,720,2073,family
adversarial_l_ddp,0.9861111111111112,720,2073,family
adversarial_l_diluted,0.8828571428571429,350,2073,family
adversarial_training,0.6666666666666666,3,2073,family
bert_sst2,0.5,22,2073,family
gpt2_finetune,0.0,3,2073,family
llm_infer_mixtral_8x7b,1.0,60,2073,family
llm_infer_tinyllama,0.9,180,2073,family
llm_train_qwen25_3b_lora,0.9833333333333333,60,2073,family
mining_ethash_proxy,0.00909090909090909,110,2073,family
mlp_training,1.0,1,2073,family
symgemm_l1_fwd3,1.0,50,2073,family
width_sweep,0.0,2,2073,family
adversarial_h_mimicry_cufft,0.8269230769230769,52,2074,family
cufft_benchmark,0.9911504424778761,113,2074,family
inference,1.0,3,2074,family
llm_infer_sdxl,0.0,90,2074,family
llm_infer_tinyllama,0.9333333333333333,180,2074,family
llm_infer_vit_l,0.9,90,2074,family
mining_ethash_proxy,0.7181818181818181,110,2074,family
modern_inference,1.0,3,2074,family
nvlink_p2p,0.6666666666666666,3,2074,family
ppo_rlhf,0.95,60,2074,family
pytorch_training,1.0,3,2074,family
symgemm_l4_sgdfused_long1b,0.0,10,2074,family
symgemm_l5_adam,1.0,40,2074,family
whitebox_inference,0.6777777777777778,90,2074,family
whitebox_lora,0.6370370370370371,270,2074,family
adversarial_e_memory_minimal,1.0,51,2075,family
adversarial_j_pid,1.0,52,2075,family
adversarial_l_ddp,0.6416666666666667,720,2075,family
batch_size_sweep,0.0,2,2075,family
ddp_training,1.0,2,2075,family
fsdp,0.4491935483870968,1240,2075,family
llm_train_qwen25_3b_lora,0.9333333333333333,60,2075,family
mining_ethash_proxy,0.39090909090909093,110,2075,family
resnet,0.0,6,2075,family
symgemm_l1_fwd3_m8192,1.0,20,2075,family
symgemm_l4_sgdfused,0.72,50,2075,family
symgemm_l4_sgdfused_m8192,0.6,20,2075,family
symgemm_ppo_fused,0.5166666666666667,60,2075,family
whitebox_inference_1b_matched,0.9,10,2075,family
whitebox_lora,0.337037037037037,270,2075,family
adversarial_f_interleave,1.0,132,2076,family
adversarial_g_clock_throttled,1.0,51,2076,family
adversarial_k_online_learning,1.0,60,2076,family
adversarial_l_ddp,0.9972222222222222,720,2076,family
adversarial_training,1.0,3,2076,family
llm_train_qwen25_3b_lora,0.9,60,2076,family
llm_train_smollm2_1p7b_lora,0.9166666666666666,60,2076,family
mlp_training,1.0,1,2076,family
modern_inference,1.0,3,2076,family
nbody_sim,1.0,56,2076,family
nvlink_latency,0.0,4,2076,family
symgemm_decode_g256,0.16666666666666666,30,2076,family
symgemm_l4_sgdfused,0.4,50,2076,family
symgemm_l4_sgdfused_short7b,0.2,10,2076,family
symgemm_ppo_fused,0.9666666666666667,60,2076,family
adversarial_i_stochastic,1.0,81,2077,family
adversarial_training,0.3333333333333333,3,2077,family
ddp_training,1.0,2,2077,family
fsdp,0.9016129032258065,1240,2077,family
llm_infer_mixtral_8x7b,0.9,60,2077,family
llm_infer_phi3,0.49,100,2077,family
llm_infer_qwen25,0.7262773722627737,822,2077,family
llm_train_mistral_7b_lora,0.9666666666666667,60,2077,family
mining_proxy,0.0,1,2077,family
mlp_training,1.0,1,2077,family
modern_inference,1.0,3,2077,family
nvlink_bandwidth,0.0,4,2077,family
symgemm_l1_fwd3_m8192,0.95,20,2077,family
symgemm_l4_sgdfused,0.2,50,2077,family
whitebox_lora,0.43703703703703706,270,2077,family
adversarial_h_mimicry_cufft,1.0,52,2078,family
adversarial_k_online_learning,1.0,60,2078,family
cufft_benchmark,0.02654867256637168,113,2078,family
cufft_hpc,0.0,3,2078,family
inference,0.0,3,2078,family
llm_infer_mistral,0.005917159763313609,169,2078,family
llm_infer_phi3,0.0,100,2078,family
llm_infer_qwen25,0.030413625304136254,822,2078,family
llm_infer_tinyllama,0.0,180,2078,family
llm_infer_vit_l,0.5111111111111111,90,2078,family
modern_inference,0.3333333333333333,3,2078,family
rendering,0.0,1,2078,family
symgemm_l4_sgdfused_m8192,1.0,20,2078,family
symgemm_l5_adam,1.0,40,2078,family
whitebox_lora,0.8148148148148148,270,2078,family
adversarial_i_stochastic,0.9506172839506173,81,2079,family
adversarial_l_ddp,0.8083333333333333,720,2079,family
adversarial_training,0.6666666666666666,3,2079,family
ddp_training,1.0,2,2079,family
idle,0.3942307692307692,104,2079,family
inference,1.0,3,2079,family
llm_infer_mixtral_8x7b,0.9833333333333333,60,2079,family
llm_infer_qwen25,0.9671532846715328,822,2079,family
llm_infer_vit_l,0.9555555555555556,90,2079,family
nbody_sim,1.0,56,2079,family
nvlink_bandwidth,1.0,4,2079,family
nvlink_p2p,1.0,3,2079,family
symgemm_l1_fwd3_m8192,0.9,20,2079,family
symgemm_l4_sgdfused_m8192,1.0,20,2079,family
training_single_gpu,0.0,5,2079,family
adversarial_k_online_learning,1.0,60,2080,family
adversarial_l_ddp,0.9875,720,2080,family
batch_size_sweep,0.0,2,2080,family
bert_sst2,0.36363636363636365,22,2080,family
fsdp,0.8080645161290323,1240,2080,family
inference,1.0,3,2080,family
llm_infer_phi3,0.01,100,2080,family
llm_infer_qwen25,0.1678832116788321,822,2080,family
nbody_sim,0.9107142857142857,56,2080,family
nvlink_p2p,0.3333333333333333,3,2080,family
ppo_rlhf,0.7,60,2080,family
pytorch_training,1.0,3,2080,family
symgemm_l4_sgdfused_long1b,1.0,10,2080,family
symgemm_ppo_fused,0.9333333333333333,60,2080,family
width_sweep,0.0,2,2080,family
adversarial_k_ddp,1.0,720,2081,family
adversarial_l_diluted,1.0,350,2081,family
bert_sst2,1.0,22,2081,family
llm_infer_deepseek_v3,0.24166666666666667,240,2081,family
llm_infer_mistral,0.27218934911242604,169,2081,family
llm_infer_tinyllama,0.17777777777777778,180,2081,family
llm_train_smollm2_1p7b_lora,1.0,60,2081,family
mlp_training,1.0,1,2081,family
nvlink_p2p,0.0,3,2081,family
rendering,0.0,1,2081,family
resnet50_inference,0.0,53,2081,family
scientific_hpc,0.0,3,2081,family
symgemm_l1_fwd3_m8192,1.0,20,2081,family
symgemm_l5_adam,0.9,40,2081,family
training_dual_gpu,0.75,8,2081,family
adversarial_l_ddp,1.0,720,2082,family
adversarial_l_diluted,0.9914285714285714,350,2082,family
bert_sst2,1.0,22,2082,family
gpt2_finetune,0.3333333333333333,3,2082,family
llm_infer_qwen25,0.5462287104622872,822,2082,family
llm_infer_sdxl,0.0,90,2082,family
llm_infer_vit_l,0.9222222222222223,90,2082,family
llm_train_mistral_7b_lora,0.9666666666666667,60,2082,family
llm_train_qwen25_3b_lora,0.9833333333333333,60,2082,family
mining_ethash_proxy,0.21818181818181817,110,2082,family
pytorch_mlp_cifar10,0.9736842105263158,38,2082,family
rendering,0.0,1,2082,family
symgemm_l1_fwd3,0.0,50,2082,family
symgemm_l3_graddiscard,0.0,40,2082,family
whitebox_oracle,1.0,40,2082,family
adversarial_f_interleave,1.0,132,2083,family
adversarial_g_clock_throttled,1.0,51,2083,family
adversarial_j_pid,0.9807692307692307,52,2083,family
adversarial_l_ddp,0.9777777777777777,720,2083,family
bert_finetune,0.0,3,2083,family
bert_sst2,0.6818181818181818,22,2083,family
llm_train_qwen25_1p5b_lora,0.5,60,2083,family
llm_train_smollm2_1p7b_lora,0.5833333333333334,60,2083,family
modern_inference,1.0,3,2083,family
rendering,0.0,1,2083,family
resnet,0.0,6,2083,family
symgemm_l4_sgdfused_short7b,0.7,10,2083,family
symgemm_ppo_fused,0.08333333333333333,60,2083,family
whitebox_inference,0.8777777777777778,90,2083,family
whitebox_lora,0.37407407407407406,270,2083,family
adversarial_k_ddp,1.0,720,2084,family
adversarial_k_online_learning,1.0,60,2084,family
adversarial_l_ddp,0.9555555555555556,720,2084,family
gpt2_finetune,0.0,3,2084,family
llm_infer_qwen25,0.8673965936739659,822,2084,family
llm_train_qwen25_1p5b_lora,0.9833333333333333,60,2084,family
ppo_rlhf,0.16666666666666666,60,2084,family
pytorch_mlp_cifar10,0.9736842105263158,38,2084,family
symgemm_l0_fwd1,0.9,40,2084,family
symgemm_l1_fwd3,0.86,50,2084,family
symgemm_l4_sgdfused,0.64,50,2084,family
symgemm_l4_sgdfused_short7b,0.9,10,2084,family
symgemm_ppo_fused,0.1,60,2084,family
whitebox_diluted,0.9384615384615385,130,2084,family
width_sweep,1.0,2,2084,family
adversarial_i_stochastic,0.9382716049382716,81,2085,family
adversarial_k_online_learning,1.0,60,2085,family
ddp_resnet18_cifar10,0.95,480,2085,family
ddp_resnet50_cifar10,1.0,240,2085,family
inference,0.0,3,2085,family
llm_infer_mistral,0.5857988165680473,169,2085,family
llm_infer_vit_l,0.9,90,2085,family
llm_train_phi3_mini_lora,0.9833333333333333,60,2085,family
mining_proxy,0.0,1,2085,family
nbody_sim,0.9464285714285714,56,2085,family
rendering,0.0,1,2085,family
resnet,0.0,6,2085,family
symgemm_decode_g256,0.9,30,2085,family
training_dual_gpu,0.25,8,2085,family
whitebox_inference_1b_matched,0.9,10,2085,family
adversarial_h_mimicry_mining,0.8360655737704918,61,2086,family
adversarial_k_online_learning,1.0,60,2086,family
batch_size_sweep,0.0,2,2086,family
cufft_hpc,1.0,3,2086,family
llm_infer_phi3,0.99,100,2086,family
llm_train_mistral_7b_lora,0.2833333333333333,60,2086,family
llm_train_phi3_mini_lora,0.11666666666666667,60,2086,family
llm_train_qwen25_3b_lora,0.8,60,2086,family
mining_proxy,0.0,1,2086,family
nvlink_bandwidth,0.0,4,2086,family
pytorch_mlp_cifar10,0.9736842105263158,38,2086,family
rendering,0.0,1,2086,family
scientific_hpc,1.0,3,2086,family
symgemm_l1_fwd3,0.8,50,2086,family
whitebox_oracle,0.425,40,2086,family
adversarial_g_clock_throttled,1.0,51,2087,family
adversarial_k_ddp,0.8777777777777778,720,2087,family
adversarial_k_online_learning,0.6666666666666666,60,2087,family
adversarial_l_diluted,0.8514285714285714,350,2087,family
batch_size_sweep,1.0,2,2087,family
cufft_hpc,1.0,3,2087,family
fsdp,0.15806451612903225,1240,2087,family
idle,0.5480769230769231,104,2087,family
llm_infer_mixtral_8x7b,1.0,60,2087,family
llm_infer_tinyllama,0.4666666666666667,180,2087,family
nbody_sim,0.9821428571428571,56,2087,family
ppo_rlhf,1.0,60,2087,family
rendering_proxy,0.84,50,2087,family
resnet,0.0,6,2087,family
symgemm_l4_sgdfused_long1b,0.8,10,2087,family
adversarial_f_interleave,0.6590909090909091,132,2088,family
inference,1.0,3,2088,family
llm_train_qwen25_1p5b_lora,0.45,60,2088,family
llm_train_smollm2_1p7b_lora,0.55,60,2088,family
mlp_training,0.0,1,2088,family
pytorch_mlp_cifar10,0.9736842105263158,38,2088,family
rendering_proxy,0.38,50,2088,family
resnet,0.5,6,2088,family
scientific_hpc,0.6666666666666666,3,2088,family
symgemm_decode_g256,0.03333333333333333,30,2088,family
symgemm_idle,0.0,10,2088,family
training_dual_gpu,0.375,8,2088,family
training_single_gpu,0.2,5,2088,family
whitebox_diluted,0.9692307692307692,130,2088,family
whitebox_lora,0.4222222222222222,270,2088,family
adversarial_f_interleave,1.0,132,2089,family
adversarial_h_mimicry_mining,0.8360655737704918,61,2089,family
adversarial_k_ddp,0.9902777777777778,720,2089,family
adversarial_k_online_learning,1.0,60,2089,family
adversarial_training,0.6666666666666666,3,2089,family
batch_size_sweep,1.0,2,2089,family
bert_sst2,0.5,22,2089,family
ddp_training,1.0,2,2089,family
gpt2_finetune,0.0,3,2089,family
llm_infer_deepseek_v3,0.9708333333333333,240,2089,family
resnet50_inference,0.018867924528301886,53,2089,family
symgemm_l0_fwd1,0.975,40,2089,family
symgemm_l4_sgdfused,0.2,50,2089,family
symgemm_l4_sgdfused_short7b,0.1,10,2089,family
whitebox_lora,0.5962962962962963,270,2089,family
adversarial_e_memory_minimal,0.9215686274509803,51,2090,family
adversarial_training,0.6666666666666666,3,2090,family
ddp_resnet50_cifar10,1.0,240,2090,family
fsdp,0.7104838709677419,1240,2090,family
llm_train_mistral_7b_lora,0.9833333333333333,60,2090,family
mining_proxy,0.0,1,2090,family
mlp_training,1.0,1,2090,family
nvlink_p2p,1.0,3,2090,family
pytorch_mlp_cifar10,0.6052631578947368,38,2090,family
rendering,0.0,1,2090,family
rendering_proxy,0.76,50,2090,family
scientific_hpc,1.0,3,2090,family
symgemm_l4_sgdfused,0.18,50,2090,family
training_single_gpu,0.2,5,2090,family
whitebox_lora,0.34444444444444444,270,2090,family
cufft_benchmark,0.9911504424778761,113,2091,family
gpt2_finetune,0.3333333333333333,3,2091,family
llm_infer_deepseek_v3,0.6541666666666667,240,2091,family
llm_infer_phi3,0.99,100,2091,family
llm_infer_tinyllama,0.9,180,2091,family
llm_train_mistral_7b_lora,0.9833333333333333,60,2091,family
mlp_training,1.0,1,2091,family
modern_inference,0.6666666666666666,3,2091,family
nvlink_bandwidth,0.25,4,2091,family
nvlink_latency,0.0,4,2091,family
pytorch_resnet_cifar10,0.6619718309859155,71,2091,family
scientific_hpc,0.6666666666666666,3,2091,family
symgemm_l1_fwd3_m8192,0.1,20,2091,family
symgemm_l4_sgdfused_long1b,0.8,10,2091,family
training_dual_gpu,0.875,8,2091,family
adversarial_j_pid,1.0,52,2092,family
adversarial_k_online_learning,1.0,60,2092,family
batch_size_sweep,0.0,2,2092,family
ddp_resnet50_cifar10,1.0,240,2092,family
llm_infer_mistral,0.46745562130177515,169,2092,family
llm_infer_mixtral_8x7b,0.3,60,2092,family
llm_infer_qwen25,0.22871046228710462,822,2092,family
llm_train_phi3_mini_lora,0.7,60,2092,family
llm_train_qwen25_3b_lora,1.0,60,2092,family
mining_ethash_proxy,0.0,110,2092,family
nvlink_bandwidth,0.0,4,2092,family
nvlink_latency,0.0,4,2092,family
rendering_proxy,0.0,50,2092,family
symgemm_l3_graddiscard,0.05,40,2092,family
symgemm_ppo_fused,1.0,60,2092,family
adversarial_g_clock_throttled,1.0,51,2093,family
bert_finetune,0.0,3,2093,family
cufft_hpc,0.0,3,2093,family
ddp_resnet18_cifar10,0.9979166666666667,480,2093,family
gpt2_finetune,0.3333333333333333,3,2093,family
llm_infer_deepseek_v3,0.0,240,2093,family
llm_infer_mistral,0.514792899408284,169,2093,family
llm_infer_mixtral_8x7b,0.0,60,2093,family
llm_infer_sdxl,0.0,90,2093,family
llm_infer_vit_l,0.9,90,2093,family
mining_proxy,1.0,1,2093,family
modern_inference,1.0,3,2093,family
ppo_rlhf,0.85,60,2093,family
scientific_hpc,1.0,3,2093,family
symgemm_l1_fwd3,0.7,50,2093,family
adversarial_i_stochastic,0.9876543209876543,81,2094,family
adversarial_j_pid,1.0,52,2094,family
adversarial_l_ddp,1.0,720,2094,family
batch_size_sweep,1.0,2,2094,family
gpt2_wikitext2,0.8444444444444444,45,2094,family
llm_infer_deepseek_v3,0.0,240,2094,family
llm_infer_mixtral_8x7b,0.0,60,2094,family
llm_infer_vit_l,0.8888888888888888,90,2094,family
llm_train_smollm2_1p7b_lora,1.0,60,2094,family
resnet50_inference,0.0,53,2094,family
symgemm_decode_g256,0.8666666666666667,30,2094,family
symgemm_l1_fwd3_m8192,0.0,20,2094,family
symgemm_ppo_fused,1.0,60,2094,family
whitebox_diluted,1.0,130,2094,family
whitebox_inference,0.6111111111111112,90,2094,family
adversarial_i_stochastic,0.9876543209876543,81,2095,family
adversarial_j_pid,0.8846153846153846,52,2095,family
adversarial_training,0.6666666666666666,3,2095,family
batch_size_sweep,0.0,2,2095,family
gpt2_finetune,0.0,3,2095,family
gpt2_wikitext2,0.6666666666666666,45,2095,family
llm_infer_mixtral_8x7b,1.0,60,2095,family
llm_infer_tinyllama,0.8666666666666667,180,2095,family
llm_train_smollm2_1p7b_lora,1.0,60,2095,family
nvlink_p2p,1.0,3,2095,family
pytorch_resnet_cifar10,0.8028169014084507,71,2095,family
symgemm_l1_fwd3,0.98,50,2095,family
symgemm_l4_sgdfused,0.2,50,2095,family
symgemm_l4_sgdfused_m8192,0.9,20,2095,family
width_sweep,0.0,2,2095,family
adversarial_e_memory_minimal,1.0,51,2096,family
adversarial_i_stochastic,1.0,81,2096,family
batch_size_sweep,0.0,2,2096,family
ddp_training,1.0,2,2096,family
inference,0.0,3,2096,family
llm_infer_tinyllama,0.65,180,2096,family
llm_train_qwen25_1p5b_lora,1.0,60,2096,family
mining_ethash_proxy,0.0,110,2096,family
nbody_sim,0.9642857142857143,56,2096,family
resnet50_inference,0.0,53,2096,family
symgemm_l0_fwd1,0.25,40,2096,family
symgemm_l4_sgdfused_long1b,1.0,10,2096,family
symgemm_l4_sgdfused_short7b,0.5,10,2096,family
training_dual_gpu,1.0,8,2096,family
whitebox_lora,0.25555555555555554,270,2096,family
adversarial_f_interleave,0.9924242424242424,132,2097,family
adversarial_g_clock_throttled,1.0,51,2097,family
adversarial_k_online_learning,1.0,60,2097,family
adversarial_l_ddp,0.9805555555555555,720,2097,family
adversarial_training,0.6666666666666666,3,2097,family
batch_size_sweep,0.5,2,2097,family
bert_finetune,0.0,3,2097,family
idle,0.7211538461538461,104,2097,family
llm_train_phi3_mini_lora,1.0,60,2097,family
mining_ethash_proxy,0.0,110,2097,family
mlp_training,1.0,1,2097,family
symgemm_l1_fwd3_m8192,0.1,20,2097,family
symgemm_l4_sgdfused,0.26,50,2097,family
symgemm_l4_sgdfused_m8192,1.0,20,2097,family
whitebox_inference,0.3111111111111111,90,2097,family
adversarial_e_memory_minimal,1.0,51,2098,family
adversarial_j_pid,1.0,52,2098,family
adversarial_k_online_learning,1.0,60,2098,family
bert_finetune,0.0,3,2098,family
bert_sst2,1.0,22,2098,family
ddp_resnet18_cifar10,1.0,480,2098,family
idle,0.4519230769230769,104,2098,family
llm_infer_mistral,0.7928994082840237,169,2098,family
llm_train_mistral_7b_lora,0.9,60,2098,family
rendering,0.0,1,2098,family
symgemm_l1_fwd3,1.0,50,2098,family
symgemm_l3_graddiscard,0.7,40,2098,family
symgemm_l4_sgdfused,0.36,50,2098,family
symgemm_l4_sgdfused_short7b,0.1,10,2098,family
training_dual_gpu,0.75,8,2098,family
adversarial_h_mimicry_mining,0.8360655737704918,61,2099,family
adversarial_l_ddp,0.7708333333333334,720,2099,family
bert_finetune,1.0,3,2099,family
ddp_resnet18_cifar10,0.9979166666666667,480,2099,family
ddp_training,1.0,2,2099,family
nvlink_latency,0.0,4,2099,family
ppo_rlhf,0.5666666666666667,60,2099,family
rendering,0.0,1,2099,family
rendering_proxy,0.94,50,2099,family
scientific_hpc,1.0,3,2099,family
symgemm_l4_sgdfused,0.2,50,2099,family
symgemm_l4_sgdfused_long1b,0.1,10,2099,family
symgemm_ppo_fused,0.9333333333333333,60,2099,family
whitebox_diluted,1.0,130,2099,family
width_sweep,1.0,2,2099,family
adversarial_l_ddp,0.9347222222222222,720,2100,family
adversarial_training,1.0,3,2100,family
ddp_training,1.0,2,2100,family
llm_infer_deepseek_v3,0.9666666666666667,240,2100,family
llm_infer_phi3,0.99,100,2100,family
llm_train_mistral_7b_lora,0.9666666666666667,60,2100,family
llm_train_smollm2_1p7b_lora,1.0,60,2100,family
nvlink_bandwidth,0.5,4,2100,family
nvlink_p2p,1.0,3,2100,family
pytorch_mlp_cifar10,1.0,38,2100,family
rendering,0.0,1,2100,family
resnet50_inference,0.0,53,2100,family
training_dual_gpu,0.75,8,2100,family
training_single_gpu,0.4,5,2100,family
whitebox_inference_1b_matched,0.8,10,2100,family
adversarial_e_memory_minimal,0.9803921568627451,51,2101,family
adversarial_j_pid,1.0,52,2101,family
adversarial_k_ddp,0.9847222222222223,720,2101,family
adversarial_k_online_learning,1.0,60,2101,family
adversarial_training,1.0,3,2101,family
gpt2_finetune,0.3333333333333333,3,2101,family
gpt2_wikitext2,0.7333333333333333,45,2101,family
llm_train_mistral_7b_lora,0.9833333333333333,60,2101,family
mining_ethash_proxy,0.0,110,2101,family
nvlink_bandwidth,0.0,4,2101,family
nvlink_p2p,1.0,3,2101,family
resnet50_inference,0.018867924528301886,53,2101,family
symgemm_l4_sgdfused_long1b,0.0,10,2101,family
whitebox_inference_1b_matched,0.6,10,2101,family
width_sweep,0.5,2,2101,family
adversarial_f_interleave,1.0,132,2102,family
adversarial_j_pid,1.0,52,2102,family
adversarial_l_ddp,0.8847222222222222,720,2102,family
bert_sst2,1.0,22,2102,family
cufft_hpc,1.0,3,2102,family
idle,0.3173076923076923,104,2102,family
llm_infer_sdxl,0.022222222222222223,90,2102,family
llm_train_mistral_7b_lora,1.0,60,2102,family
llm_train_smollm2_1p7b_lora,0.9666666666666667,60,2102,family
pytorch_mlp_cifar10,1.0,38,2102,family
pytorch_training,1.0,3,2102,family
symgemm_decode_g256,0.0,30,2102,family
symgemm_idle,0.0,10,2102,family
symgemm_l5_adam,1.0,40,2102,family
whitebox_lora,0.6555555555555556,270,2102,family
adversarial_j_pid,1.0,52,2103,family
adversarial_l_ddp,1.0,720,2103,family
adversarial_training,1.0,3,2103,family
ddp_resnet18_cifar10,0.9083333333333333,480,2103,family
gpt2_finetune,0.0,3,2103,family
llm_infer_qwen25,0.7846715328467153,822,2103,family
llm_train_phi3_mini_lora,0.8333333333333334,60,2103,family
nvlink_bandwidth,0.5,4,2103,family
nvlink_latency,0.75,4,2103,family
resnet50_inference,0.2830188679245283,53,2103,family
symgemm_l0_fwd1,1.0,40,2103,family
symgemm_l4_sgdfused_m8192,1.0,20,2103,family
training_single_gpu,0.2,5,2103,family
whitebox_diluted,0.9923076923076923,130,2103,family
whitebox_inference_1b_matched,1.0,10,2103,family
adversarial_j_pid,1.0,52,2104,family
ddp_resnet50_cifar10,1.0,240,2104,family
inference,0.0,3,2104,family
llm_infer_deepseek_v3,0.37083333333333335,240,2104,family
llm_train_mistral_7b_lora,0.9666666666666667,60,2104,family
llm_train_phi3_mini_lora,0.9833333333333333,60,2104,family
modern_inference,1.0,3,2104,family
ppo_rlhf,1.0,60,2104,family
pytorch_mlp_cifar10,1.0,38,2104,family
pytorch_training,1.0,3,2104,family
symgemm_decode_g256,0.8333333333333334,30,2104,family
symgemm_l0_fwd1,0.975,40,2104,family
symgemm_l3_graddiscard,0.0,40,2104,family
symgemm_l4_sgdfused_long1b,1.0,10,2104,family
symgemm_l4_sgdfused_m8192,1.0,20,2104,family
adversarial_e_memory_minimal,0.9803921568627451,51,2105,family
adversarial_i_stochastic,1.0,81,2105,family
adversarial_training,1.0,3,2105,family
batch_size_sweep,0.5,2,2105,family
bert_sst2,0.2727272727272727,22,2105,family
ddp_training,1.0,2,2105,family
llm_infer_deepseek_v3,0.6375,240,2105,family
llm_infer_tinyllama,0.31666666666666665,180,2105,family
llm_train_mistral_7b_lora,1.0,60,2105,family
mining_proxy,0.0,1,2105,family
modern_inference,1.0,3,2105,family
nvlink_latency,0.25,4,2105,family
symgemm_decode_g256,0.0,30,2105,family
whitebox_inference_1b_matched,0.8,10,2105,family
width_sweep,0.5,2,2105,family
adversarial_k_ddp,0.9986111111111111,720,2106,family
bert_sst2,0.6818181818181818,22,2106,family
fsdp,0.5483870967741935,1240,2106,family
inference,1.0,3,2106,family
llm_infer_vit_l,1.0,90,2106,family
nbody_sim,1.0,56,2106,family
pytorch_mlp_cifar10,0.9736842105263158,38,2106,family
rendering_proxy,0.16,50,2106,family
symgemm_l0_fwd1,1.0,40,2106,family
symgemm_l4_sgdfused,0.2,50,2106,family
symgemm_l4_sgdfused_long1b,0.0,10,2106,family
training_dual_gpu,0.75,8,2106,family
whitebox_diluted,0.9923076923076923,130,2106,family
whitebox_inference,0.9444444444444444,90,2106,family
whitebox_lora,0.5296296296296297,270,2106,family
adversarial_f_interleave,1.0,132,2107,family
bert_sst2,0.22727272727272727,22,2107,family
cufft_hpc,1.0,3,2107,family
idle,0.28846153846153844,104,2107,family
llm_infer_deepseek_v3,0.44166666666666665,240,2107,family
llm_infer_qwen25,0.8491484184914841,822,2107,family
llm_train_qwen25_3b_lora,0.8333333333333334,60,2107,family
mlp_training,0.0,1,2107,family
nbody_sim,0.9821428571428571,56,2107,family
ppo_rlhf,0.16666666666666666,60,2107,family
pytorch_resnet_cifar10,0.7323943661971831,71,2107,family
pytorch_training,1.0,3,2107,family
symgemm_idle,0.0,10,2107,family
symgemm_ppo_fused,0.16666666666666666,60,2107,family
whitebox_oracle,1.0,40,2107,family
adversarial_h_mimicry_cufft,0.5961538461538461,52,2108,family
adversarial_k_ddp,0.8486111111111111,720,2108,family
adversarial_k_online_learning,0.9833333333333333,60,2108,family
adversarial_l_ddp,0.6930555555555555,720,2108,family
cufft_benchmark,0.9026548672566371,113,2108,family
ddp_resnet18_cifar10,0.9520833333333333,480,2108,family
llm_infer_vit_l,0.8888888888888888,90,2108,family
mining_proxy,0.0,1,2108,family
nbody_sim,0.9107142857142857,56,2108,family
symgemm_l0_fwd1,1.0,40,2108,family
symgemm_l4_sgdfused,0.2,50,2108,family
symgemm_ppo_fused,0.9833333333333333,60,2108,family
training_dual_gpu,0.625,8,2108,family
whitebox_diluted,0.7846153846153846,130,2108,family
whitebox_inference_1b_matched,0.8,10,2108,family
adversarial_e_memory_minimal,1.0,51,2109,family
adversarial_f_interleave,0.9924242424242424,132,2109,family
adversarial_h_mimicry_mining,0.8360655737704918,61,2109,family
adversarial_l_ddp,0.975,720,2109,family
fsdp,0.36370967741935484,1240,2109,family
idle,0.3942307692307692,104,2109,family
inference,0.0,3,2109,family
llm_infer_vit_l,0.9333333333333333,90,2109,family
mining_proxy,0.0,1,2109,family
nvlink_bandwidth,1.0,4,2109,family
rendering,0.0,1,2109,family
symgemm_idle,0.0,10,2109,family
symgemm_l1_fwd3,0.54,50,2109,family
symgemm_l4_sgdfused_short7b,1.0,10,2109,family
whitebox_inference,0.32222222222222224,90,2109,family
adversarial_g_clock_throttled,1.0,51,2110,family
bert_finetune,0.3333333333333333,3,2110,family
fsdp,0.55,1240,2110,family
gpt2_wikitext2,0.37777777777777777,45,2110,family
inference,0.0,3,2110,family
llm_train_qwen25_1p5b_lora,0.95,60,2110,family
modern_inference,1.0,3,2110,family
pytorch_resnet_cifar10,0.8169014084507042,71,2110,family
rendering_proxy,0.46,50,2110,family
resnet,0.0,6,2110,family
scientific_hpc,1.0,3,2110,family
symgemm_l1_fwd3,0.92,50,2110,family
symgemm_ppo_fused,0.8833333333333333,60,2110,family
training_dual_gpu,0.875,8,2110,family
whitebox_lora,0.44074074074074077,270,2110,family
adversarial_i_stochastic,0.9876543209876543,81,2111,family
adversarial_k_ddp,1.0,720,2111,family
batch_size_sweep,1.0,2,2111,family
bert_sst2,0.8181818181818182,22,2111,family
ddp_resnet50_cifar10,1.0,240,2111,family
llm_infer_deepseek_v3,0.9625,240,2111,family
llm_infer_mistral,0.9053254437869822,169,2111,family
llm_infer_sdxl,0.18888888888888888,90,2111,family
llm_train_qwen25_1p5b_lora,0.08333333333333333,60,2111,family
llm_train_qwen25_3b_lora,0.7166666666666667,60,2111,family
mlp_training,0.0,1,2111,family
nvlink_latency,0.5,4,2111,family
pytorch_mlp_cifar10,1.0,38,2111,family
pytorch_resnet_cifar10,0.5070422535211268,71,2111,family
symgemm_l3_graddiscard,0.625,40,2111,family
adversarial_f_interleave,1.0,132,2112,family
ddp_resnet18_cifar10,0.7833333333333333,480,2112,family
llm_infer_vit_l,0.9222222222222223,90,2112,family
llm_train_mistral_7b_lora,0.9666666666666667,60,2112,family
llm_train_qwen25_1p5b_lora,0.9833333333333333,60,2112,family
llm_train_qwen25_3b_lora,1.0,60,2112,family
mining_ethash_proxy,0.0,110,2112,family
mlp_training,1.0,1,2112,family
nvlink_p2p,0.3333333333333333,3,2112,family
pytorch_resnet_cifar10,0.5633802816901409,71,2112,family
rendering,0.0,1,2112,family
symgemm_l0_fwd1,0.825,40,2112,family
symgemm_l4_sgdfused_m8192,0.95,20,2112,family
symgemm_l5_adam,1.0,40,2112,family
whitebox_lora,0.6185185185185185,270,2112,family
adversarial_j_pid,1.0,52,2113,family
bert_sst2,0.22727272727272727,22,2113,family
fsdp,0.3467741935483871,1240,2113,family
gpt2_finetune,0.0,3,2113,family
gpt2_wikitext2,0.15555555555555556,45,2113,family
llm_train_mistral_7b_lora,0.7166666666666667,60,2113,family
llm_train_phi3_mini_lora,0.06666666666666667,60,2113,family
llm_train_qwen25_3b_lora,0.8666666666666667,60,2113,family
nvlink_bandwidth,0.0,4,2113,family
ppo_rlhf,0.0,60,2113,family
pytorch_training,1.0,3,2113,family
symgemm_l4_sgdfused_m8192,0.6,20,2113,family
symgemm_ppo_fused,0.0,60,2113,family
whitebox_lora,0.2111111111111111,270,2113,family
width_sweep,0.0,2,2113,family
adversarial_g_clock_throttled,1.0,51,2114,family
adversarial_i_stochastic,0.9506172839506173,81,2114,family
adversarial_k_online_learning,1.0,60,2114,family
ddp_resnet18_cifar10,0.9895833333333334,480,2114,family
idle,0.22115384615384615,104,2114,family
inference,0.0,3,2114,family
llm_train_qwen25_1p5b_lora,1.0,60,2114,family
mlp_training,1.0,1,2114,family
rendering,0.0,1,2114,family
rendering_proxy,0.34,50,2114,family
scientific_hpc,1.0,3,2114,family
symgemm_l1_fwd3,0.92,50,2114,family
symgemm_l4_sgdfused,0.2,50,2114,family
symgemm_l5_adam,1.0,40,2114,family
whitebox_oracle,0.925,40,2114,family
adversarial_e_memory_minimal,1.0,51,2115,family
adversarial_h_mimicry_cufft,0.6346153846153846,52,2115,family
adversarial_h_mimicry_mining,0.9836065573770492,61,2115,family
adversarial_l_ddp,1.0,720,2115,family
cufft_benchmark,0.9911504424778761,113,2115,family
cufft_hpc,1.0,3,2115,family
llm_infer_qwen25,0.39902676399026765,822,2115,family
llm_infer_vit_l,0.9,90,2115,family
nvlink_latency,0.0,4,2115,family
resnet50_inference,0.0,53,2115,family
symgemm_decode_g256,0.9,30,2115,family
symgemm_l1_fwd3_m8192,0.1,20,2115,family
symgemm_l4_sgdfused_short7b,1.0,10,2115,family
training_dual_gpu,0.25,8,2115,family
training_single_gpu,0.6,5,2115,family
bert_sst2,0.6818181818181818,22,2116,family
cufft_benchmark,1.0,113,2116,family
ddp_resnet50_cifar10,1.0,240,2116,family
fsdp,0.646774193548387,1240,2116,family
llm_infer_mixtral_8x7b,1.0,60,2116,family
llm_infer_sdxl,0.0,90,2116,family
llm_train_qwen25_3b_lora,0.95,60,2116,family
resnet50_inference,0.0,53,2116,family
symgemm_decode_g256,0.0,30,2116,family
symgemm_l1_fwd3,0.9,50,2116,family
symgemm_l1_fwd3_m8192,0.6,20,2116,family
symgemm_l3_graddiscard,0.0,40,2116,family
training_single_gpu,0.6,5,2116,family
whitebox_inference_1b_matched,1.0,10,2116,family
whitebox_oracle,1.0,40,2116,family
bert_finetune,0.0,3,2117,family
ddp_resnet50_cifar10,1.0,240,2117,family
fsdp,0.5193548387096775,1240,2117,family
gpt2_finetune,0.0,3,2117,family
llm_infer_phi3,0.99,100,2117,family
llm_infer_tinyllama,0.9222222222222223,180,2117,family
llm_train_phi3_mini_lora,1.0,60,2117,family
llm_train_smollm2_1p7b_lora,0.9,60,2117,family
nvlink_bandwidth,0.25,4,2117,family
nvlink_latency,0.25,4,2117,family
symgemm_l0_fwd1,0.9,40,2117,family
symgemm_l3_graddiscard,0.875,40,2117,family
symgemm_l4_sgdfused_long1b,0.1,10,2117,family
symgemm_l4_sgdfused_short7b,0.1,10,2117,family
training_dual_gpu,0.875,8,2117,family
adversarial_e_memory_minimal,1.0,51,2118,family
adversarial_i_stochastic,1.0,81,2118,family
bert_sst2,1.0,22,2118,family
cufft_hpc,1.0,3,2118,family
ddp_resnet18_cifar10,1.0,480,2118,family
llm_infer_tinyllama,0.0,180,2118,family
llm_train_phi3_mini_lora,0.9833333333333333,60,2118,family
llm_train_qwen25_3b_lora,1.0,60,2118,family
modern_inference,1.0,3,2118,family
rendering_proxy,0.0,50,2118,family
resnet50_inference,0.0,53,2118,family
symgemm_decode_g256,0.0,30,2118,family
symgemm_idle,0.0,10,2118,family
symgemm_l4_sgdfused_m8192,0.9,20,2118,family
whitebox_inference,0.4888888888888889,90,2118,family
adversarial_e_memory_minimal,0.9803921568627451,51,2119,family
adversarial_f_interleave,1.0,132,2119,family
adversarial_g_clock_throttled,1.0,51,2119,family
adversarial_j_pid,1.0,52,2119,family
cufft_hpc,1.0,3,2119,family
gpt2_finetune,0.6666666666666666,3,2119,family
idle,0.07692307692307693,104,2119,family
llm_infer_qwen25,0.8065693430656934,822,2119,family
llm_train_mistral_7b_lora,1.0,60,2119,family
mining_proxy,1.0,1,2119,family
rendering_proxy,0.14,50,2119,family
symgemm_idle,0.0,10,2119,family
symgemm_l4_sgdfused,0.74,50,2119,family
symgemm_l4_sgdfused_short7b,1.0,10,2119,family
whitebox_inference,0.3,90,2119,family
adversarial_l_ddp,0.9902777777777778,720,2120,family
adversarial_l_diluted,0.92,350,2120,family
cufft_benchmark,1.0,113,2120,family
ddp_resnet50_cifar10,1.0,240,2120,family
ddp_training,1.0,2,2120,family
llm_train_qwen25_1p5b_lora,1.0,60,2120,family
mining_ethash_proxy,0.32727272727272727,110,2120,family
mlp_training,1.0,1,2120,family
symgemm_decode_g256,0.1,30,2120,family
symgemm_l3_graddiscard,0.0,40,2120,family
symgemm_l4_sgdfused_m8192,0.35,20,2120,family
whitebox_inference,0.7444444444444445,90,2120,family
whitebox_inference_1b_matched,0.7,10,2120,family
whitebox_lora,0.6370370370370371,270,2120,family
whitebox_oracle,1.0,40,2120,family
adversarial_k_ddp,1.0,720,2121,family
adversarial_l_diluted,1.0,350,2121,family
adversarial_training,0.0,3,2121,family
batch_size_sweep,0.5,2,2121,family
bert_finetune,0.0,3,2121,family
ddp_resnet50_cifar10,1.0,240,2121,family
ddp_training,1.0,2,2121,family
inference,1.0,3,2121,family
llm_infer_phi3,0.0,100,2121,family
llm_infer_qwen25,0.51338199513382,822,2121,family
mining_ethash_proxy,0.01818181818181818,110,2121,family
nvlink_latency,0.5,4,2121,family
symgemm_idle,0.0,10,2121,family
symgemm_l4_sgdfused_m8192,1.0,20,2121,family
symgemm_l4_sgdfused_short7b,1.0,10,2121,family
adversarial_e_memory_minimal,0.9803921568627451,51,2122,family
adversarial_h_mimicry_cufft,0.5769230769230769,52,2122,family
adversarial_k_online_learning,1.0,60,2122,family
cufft_hpc,1.0,3,2122,family
ddp_resnet18_cifar10,0.8666666666666667,480,2122,family
fsdp,0.6153225806451613,1240,2122,family
llm_infer_phi3,0.99,100,2122,family
modern_inference,1.0,3,2122,family
nvlink_bandwidth,0.0,4,2122,family
pytorch_mlp_cifar10,0.9473684210526315,38,2122,family
scientific_hpc,0.6666666666666666,3,2122,family
symgemm_idle,0.0,10,2122,family
symgemm_l0_fwd1,1.0,40,2122,family
symgemm_l5_adam,1.0,40,2122,family
symgemm_ppo_fused,0.9833333333333333,60,2122,family
adversarial_i_stochastic,1.0,81,2123,family
adversarial_j_pid,1.0,52,2123,family
adversarial_k_online_learning,1.0,60,2123,family
adversarial_l_ddp,0.975,720,2123,family
batch_size_sweep,0.0,2,2123,family
cufft_benchmark,0.9734513274336283,113,2123,family
llm_infer_mixtral_8x7b,0.9833333333333333,60,2123,family
llm_train_smollm2_1p7b_lora,0.9666666666666667,60,2123,family
nbody_sim,0.9107142857142857,56,2123,family
nvlink_latency,0.0,4,2123,family
ppo_rlhf,0.08333333333333333,60,2123,family
resnet,0.0,6,2123,family
symgemm_l3_graddiscard,0.0,40,2123,family
symgemm_l4_sgdfused_long1b,1.0,10,2123,family
symgemm_l5_adam,1.0,40,2123,family
adversarial_f_interleave,1.0,132,2124,family
adversarial_l_ddp,0.9763888888888889,720,2124,family
adversarial_l_diluted,0.9,350,2124,family
cufft_hpc,1.0,3,2124,family
ddp_resnet50_cifar10,1.0,240,2124,family
inference,1.0,3,2124,family
llm_infer_phi3,1.0,100,2124,family
mining_proxy,0.0,1,2124,family
nvlink_bandwidth,0.5,4,2124,family
nvlink_p2p,0.6666666666666666,3,2124,family
symgemm_decode_g256,0.2,30,2124,family
symgemm_l4_sgdfused,0.18,50,2124,family
symgemm_l4_sgdfused_short7b,0.2,10,2124,family
symgemm_ppo_fused,1.0,60,2124,family
whitebox_lora,0.5185185185185185,270,2124,family
adversarial_f_interleave,0.9924242424242424,132,2125,family
adversarial_j_pid,1.0,52,2125,family
adversarial_k_online_learning,1.0,60,2125,family
adversarial_l_diluted,1.0,350,2125,family
ddp_resnet50_cifar10,1.0,240,2125,family
llm_infer_mistral,0.8816568047337278,169,2125,family
llm_train_phi3_mini_lora,0.9833333333333333,60,2125,family
llm_train_qwen25_3b_lora,0.9666666666666667,60,2125,family
mining_proxy,0.0,1,2125,family
mlp_training,1.0,1,2125,family
nvlink_bandwidth,0.0,4,2125,family
pytorch_resnet_cifar10,0.7746478873239436,71,2125,family
resnet50_inference,0.018867924528301886,53,2125,family
whitebox_lora,0.5444444444444444,270,2125,family
width_sweep,0.5,2,2125,family
adversarial_training,1.0,3,2126,family
cufft_benchmark,0.8672566371681416,113,2126,family
ddp_resnet50_cifar10,1.0,240,2126,family
gpt2_finetune,0.0,3,2126,family
gpt2_wikitext2,0.5777777777777777,45,2126,family
llm_infer_deepseek_v3,0.075,240,2126,family
llm_infer_mistral,0.3254437869822485,169,2126,family
llm_infer_qwen25,0.1630170316301703,822,2126,family
llm_train_smollm2_1p7b_lora,1.0,60,2126,family
nbody_sim,0.9285714285714286,56,2126,family
pytorch_training,1.0,3,2126,family
rendering_proxy,0.0,50,2126,family
symgemm_idle,0.6,10,2126,family
symgemm_l3_graddiscard,0.05,40,2126,family
whitebox_lora,0.9407407407407408,270,2126,family
adversarial_f_interleave,1.0,132,2127,family
adversarial_i_stochastic,0.9876543209876543,81,2127,family
adversarial_k_ddp,1.0,720,2127,family
llm_infer_deepseek_v3,0.9666666666666667,240,2127,family
llm_train_mistral_7b_lora,0.8166666666666667,60,2127,family
llm_train_phi3_mini_lora,0.75,60,2127,family
nvlink_p2p,1.0,3,2127,family
pytorch_training,1.0,3,2127,family
rendering_proxy,0.36,50,2127,family
scientific_hpc,1.0,3,2127,family
symgemm_idle,1.0,10,2127,family
symgemm_l5_adam,1.0,40,2127,family
training_single_gpu,0.6,5,2127,family
whitebox_diluted,0.9,130,2127,family
whitebox_lora,0.40370370370370373,270,2127,family
adversarial_f_interleave,0.8863636363636364,132,2128,family
adversarial_g_clock_throttled,0.9803921568627451,51,2128,family
adversarial_h_mimicry_mining,1.0,61,2128,family
adversarial_i_stochastic,0.5555555555555556,81,2128,family
adversarial_k_ddp,0.8375,720,2128,family
adversarial_l_ddp,0.7986111111111112,720,2128,family
adversarial_l_diluted,0.4714285714285714,350,2128,family
ddp_resnet50_cifar10,0.7958333333333333,240,2128,family
llm_train_qwen25_3b_lora,0.9833333333333333,60,2128,family
nvlink_bandwidth,1.0,4,2128,family
nvlink_p2p,1.0,3,2128,family
rendering,0.0,1,2128,family
symgemm_l4_sgdfused,0.2,50,2128,family
symgemm_l4_sgdfused_m8192,1.0,20,2128,family
training_dual_gpu,0.5,8,2128,family
adversarial_h_mimicry_mining,1.0,61,2129,family
adversarial_l_ddp,0.9416666666666667,720,2129,family
inference,1.0,3,2129,family
llm_infer_mistral,0.757396449704142,169,2129,family
llm_infer_tinyllama,0.9388888888888889,180,2129,family
llm_infer_vit_l,0.9,90,2129,family
nbody_sim,0.9285714285714286,56,2129,family
pytorch_training,1.0,3,2129,family
rendering,0.0,1,2129,family
rendering_proxy,0.0,50,2129,family
symgemm_l1_fwd3_m8192,0.9,20,2129,family
symgemm_l4_sgdfused,0.88,50,2129,family
training_dual_gpu,0.75,8,2129,family
training_single_gpu,0.2,5,2129,family
whitebox_lora,0.6407407407407407,270,2129,family
adversarial_e_memory_minimal,0.9803921568627451,51,2130,family
adversarial_g_clock_throttled,0.9607843137254902,51,2130,family
adversarial_j_pid,0.8269230769230769,52,2130,family
adversarial_l_diluted,0.9542857142857143,350,2130,family
ddp_resnet50_cifar10,1.0,240,2130,family
ddp_training,1.0,2,2130,family
llm_infer_deepseek_v3,0.0,240,2130,family
llm_infer_mixtral_8x7b,0.0,60,2130,family
rendering,0.0,1,2130,family
resnet50_inference,0.0,53,2130,family
symgemm_decode_g256,1.0,30,2130,family
symgemm_l4_sgdfused_long1b,0.9,10,2130,family
symgemm_l4_sgdfused_m8192,1.0,20,2130,family
symgemm_ppo_fused,0.15,60,2130,family
whitebox_inference,0.6555555555555556,90,2130,family
adversarial_h_mimicry_cufft,0.6346153846153846,52,2131,family
adversarial_j_pid,0.9230769230769231,52,2131,family
adversarial_l_diluted,0.7942857142857143,350,2131,family
cufft_hpc,1.0,3,2131,family
fsdp,0.3540322580645161,1240,2131,family
llm_infer_mixtral_8x7b,1.0,60,2131,family
nvlink_bandwidth,1.0,4,2131,family
nvlink_latency,0.5,4,2131,family
ppo_rlhf,0.8,60,2131,family
pytorch_mlp_cifar10,0.9473684210526315,38,2131,family
rendering,0.0,1,2131,family
symgemm_l4_sgdfused,0.32,50,2131,family
symgemm_l4_sgdfused_long1b,0.6,10,2131,family
symgemm_l4_sgdfused_m8192,0.9,20,2131,family
whitebox_diluted,0.7923076923076923,130,2131,family
adversarial_k_online_learning,1.0,60,2132,family
adversarial_training,0.6666666666666666,3,2132,family
bert_sst2,0.18181818181818182,22,2132,family
ddp_resnet18_cifar10,1.0,480,2132,family
gpt2_finetune,0.0,3,2132,family
gpt2_wikitext2,0.6222222222222222,45,2132,family
inference,1.0,3,2132,family
llm_infer_mixtral_8x7b,0.9833333333333333,60,2132,family
llm_infer_tinyllama,0.7777777777777778,180,2132,family
llm_train_mistral_7b_lora,0.95,60,2132,family
llm_train_qwen25_3b_lora,0.16666666666666666,60,2132,family
pytorch_mlp_cifar10,0.9736842105263158,38,2132,family
symgemm_decode_g256,0.0,30,2132,family
symgemm_idle,0.6,10,2132,family
symgemm_l4_sgdfused,0.2,50,2132,family
adversarial_h_mimicry_cufft,0.7884615384615384,52,2133,family
adversarial_h_mimicry_mining,1.0,61,2133,family
ddp_training,1.0,2,2133,family
gpt2_wikitext2,1.0,45,2133,family
inference,0.0,3,2133,family
mlp_training,1.0,1,2133,family
nvlink_latency,0.25,4,2133,family
ppo_rlhf,0.7,60,2133,family
pytorch_training,1.0,3,2133,family
rendering,0.0,1,2133,family
resnet50_inference,0.0,53,2133,family
symgemm_l3_graddiscard,0.0,40,2133,family
symgemm_ppo_fused,0.25,60,2133,family
training_single_gpu,0.6,5,2133,family
whitebox_inference,0.8,90,2133,family
adversarial_e_memory_minimal,1.0,51,2134,family
adversarial_f_interleave,1.0,132,2134,family
cufft_benchmark,1.0,113,2134,family
idle,0.009615384615384616,104,2134,family
llm_infer_phi3,0.0,100,2134,family
llm_infer_qwen25,0.4975669099756691,822,2134,family
llm_train_mistral_7b_lora,1.0,60,2134,family
mining_proxy,0.0,1,2134,family
pytorch_mlp_cifar10,1.0,38,2134,family
scientific_hpc,1.0,3,2134,family
symgemm_idle,0.0,10,2134,family
symgemm_l1_fwd3_m8192,0.85,20,2134,family
symgemm_l3_graddiscard,0.65,40,2134,family
symgemm_l4_sgdfused,0.58,50,2134,family
whitebox_diluted,0.9692307692307692,130,2134,family
adversarial_h_mimicry_cufft,0.8653846153846154,52,2135,family
adversarial_training,1.0,3,2135,family
batch_size_sweep,0.0,2,2135,family
cufft_hpc,1.0,3,2135,family
inference,1.0,3,2135,family
llm_infer_sdxl,0.011111111111111112,90,2135,family
llm_infer_tinyllama,0.9666666666666667,180,2135,family
resnet50_inference,0.018867924528301886,53,2135,family
symgemm_l1_fwd3_m8192,0.95,20,2135,family
symgemm_l5_adam,1.0,40,2135,family
training_dual_gpu,0.625,8,2135,family
whitebox_diluted,0.8615384615384616,130,2135,family
whitebox_inference,0.8888888888888888,90,2135,family
whitebox_oracle,0.725,40,2135,family
width_sweep,0.0,2,2135,family
adversarial_i_stochastic,0.9876543209876543,81,2136,family
adversarial_l_ddp,1.0,720,2136,family
cufft_hpc,1.0,3,2136,family
ddp_training,1.0,2,2136,family
fsdp,0.6104838709677419,1240,2136,family
llm_infer_mistral,0.7928994082840237,169,2136,family
llm_infer_sdxl,0.011111111111111112,90,2136,family
llm_train_smollm2_1p7b_lora,1.0,60,2136,family
mlp_training,1.0,1,2136,family
modern_inference,1.0,3,2136,family
nbody_sim,1.0,56,2136,family
pytorch_training,1.0,3,2136,family
rendering,0.0,1,2136,family
resnet50_inference,0.0,53,2136,family
symgemm_l0_fwd1,0.15,40,2136,family
adversarial_i_stochastic,0.9259259259259259,81,2137,family
adversarial_k_ddp,0.9944444444444445,720,2137,family
adversarial_k_online_learning,1.0,60,2137,family
ddp_resnet18_cifar10,0.8833333333333333,480,2137,family
ddp_resnet50_cifar10,1.0,240,2137,family
idle,0.6923076923076923,104,2137,family
llm_infer_tinyllama,0.8888888888888888,180,2137,family
llm_train_mistral_7b_lora,0.9833333333333333,60,2137,family
nvlink_bandwidth,0.5,4,2137,family
pytorch_resnet_cifar10,0.056338028169014086,71,2137,family
symgemm_idle,0.0,10,2137,family
symgemm_l3_graddiscard,0.0,40,2137,family
symgemm_l4_sgdfused_m8192,1.0,20,2137,family
symgemm_l5_adam,1.0,40,2137,family
symgemm_ppo_fused,1.0,60,2137,family
adversarial_f_interleave,0.9166666666666666,132,2138,family
adversarial_h_mimicry_mining,0.9836065573770492,61,2138,family
adversarial_k_ddp,1.0,720,2138,family
adversarial_l_diluted,0.8857142857142857,350,2138,family
cufft_benchmark,1.0,113,2138,family
cufft_hpc,1.0,3,2138,family
llm_infer_sdxl,0.022222222222222223,90,2138,family
llm_train_phi3_mini_lora,0.9833333333333333,60,2138,family
mining_proxy,0.0,1,2138,family
pytorch_training,1.0,3,2138,family
symgemm_l4_sgdfused_m8192,0.65,20,2138,family
symgemm_ppo_fused,0.0,60,2138,family
whitebox_diluted,0.7769230769230769,130,2138,family
whitebox_lora,0.32592592592592595,270,2138,family
whitebox_oracle,0.3,40,2138,family
adversarial_h_mimicry_cufft,0.9615384615384616,52,2139,family
adversarial_j_pid,1.0,52,2139,family
bert_finetune,0.6666666666666666,3,2139,family
cufft_benchmark,1.0,113,2139,family
gpt2_finetune,0.6666666666666666,3,2139,family
llm_infer_phi3,0.94,100,2139,family
llm_infer_sdxl,0.011111111111111112,90,2139,family
mining_proxy,0.0,1,2139,family
nvlink_latency,0.0,4,2139,family
resnet50_inference,0.018867924528301886,53,2139,family
symgemm_l1_fwd3,0.96,50,2139,family
symgemm_l1_fwd3_m8192,0.85,20,2139,family
symgemm_l4_sgdfused_long1b,0.8,10,2139,family
symgemm_l4_sgdfused_short7b,0.8,10,2139,family
symgemm_ppo_fused,0.1,60,2139,family
