grp,acc,n_win,rep,level
adversarial_F_interleave_50|972b5cb1_20260412_230551,1.0,1,5000,job
adversarial_G_clock_throttled|26e4120c_20260825_045023,1.0,10,5000,job
adversarial_H_mimicry_cufft|3d49af99_20260413_013919,1.0,10,5000,job
adversarial_H_mimicry_cufft|983fad80_20260412_053508,1.0,1,5000,job
adversarial_H_mimicry_mining|26c55d63_20260412_230551,1.0,10,5000,job
adversarial_H_mimicry_mining|bedfd354_20260412_223016,1.0,10,5000,job
adversarial_H_mimicry_mining|bf6e3698_20260413_011721,1.0,10,5000,job
adversarial_I_stochastic_30|1319ffe7_20260726_002804,1.0,10,5000,job
adversarial_I_stochastic_30|5e185d96_20260412_053508,1.0,10,5000,job
adversarial_K_ddp_accum_4|6e24c995c923_20260412_064737,1.0,80,5000,job
adversarial_K_online_learning|1468f533_20260412_231132,1.0,10,5000,job
adversarial_K_online_learning|901b510d_20260825_061120,1.0,10,5000,job
adversarial_L_ddp_10|740abd236207_20260413_000621,1.0,80,5000,job
adversarial_L_ddp_10|a3adf2258b52_20260412_063635,1.0,80,5000,job
adversarial_L_diluted_10|5904fb3d_20260412_223541,1.0,10,5000,job
adversarial_L_diluted_10|9712fcda_20260825_065431,1.0,10,5000,job
adversarial_L_diluted_5|05e951a9_20260825_063819,1.0,10,5000,job
bert_finetune|2a2a5f3e_20260413_032846,1.0,1,5000,job
bert_finetune|d969416f_20260413_032846,1.0,1,5000,job
bert_sst2|19873577_20260412_224117,1.0,1,5000,job
bert_sst2|675c6c84_20260412_222753,1.0,2,5000,job
cufft_benchmark|2cf468dc_20260421_013631,1.0,10,5000,job
cufft_benchmark|f97558fa_20260412_231705,1.0,10,5000,job
cufft_hpc|cufft_hpc_58ecd2,1.0,1,5000,job
ddp_resnet50_cifar10|3477d94c3a9e_20260412_060843,1.0,80,5000,job
ddp_training|ddp_telemetry_gpu0,1.0,1,5000,job
ddp_training|ddp_telemetry_gpu1,1.0,1,5000,job
fsdp_13b_nvlink|cf8cfa835835_20260413_000312,1.0,80,5000,job
fsdp_30b_nvlink|2f237772ccc3_20260413_004957,1.0,80,5000,job
fsdp_30b_nvlink|cb97612d27e1_20260412_074412,1.0,10,5000,job
fsdp_30b_nvlink|cb97612d27e1_20260412_074413,1.0,70,5000,job
fsdp_70b_nvlink|c88e29e18a8a_20260413_010413,1.0,80,5000,job
fsdp_70b_seq512_nvlink|78349b23d251_20260413_013913,1.0,80,5000,job
fsdp_7b_nvlink|a2f8d14a4ed2_20260413_003114,1.0,80,5000,job
gpt2_finetune|f22ba689_20260413_032930,1.0,1,5000,job
gpt2_wikitext2_amp|025c9b24_20260412_224117,1.0,1,5000,job
gpt2_wikitext2_amp|f2bd8e13_20260412_231705,1.0,2,5000,job
gpt2_wikitext2_ext|ab0d938a_20260420_203614,1.0,6,5000,job
idle|3a7e56ce_20260412_223541,1.0,7,5000,job
idle|964c62f7_20260420_194932,0.0,7,5000,job
idle|9883933c_20260420_201152,0.0,7,5000,job
idle|b3e73340_20260419_233617,1.0,7,5000,job
idle|f63d327d_20260421_013426,0.0,7,5000,job
idle|idle_96fcac,1.0,1,5000,job
inference|inference_8fd998,1.0,1,5000,job
llm_infer_deepseek_v3_tp8|acb00ac39728_20260419_002311,0.4,50,5000,job
llm_infer_deepseek_v3_tp8|acb00ac39728_20260419_002312,0.4,30,5000,job
llm_infer_mistral_7b_q4|1039bea2_20260825_074800,1.0,10,5000,job
llm_infer_mistral_7b_q4|280943b7_20260421_011827,1.0,10,5000,job
llm_infer_mistral_7b_q4|afe01b8f_20260419_205857,1.0,1,5000,job
llm_infer_mistral_7b_q4|b0506bd3_20260419_205916,1.0,1,5000,job
llm_infer_mistral_7b_q4|ca02ad41_20260420_015354,1.0,1,5000,job
llm_infer_mixtral_8x7b|2136c735_20260421_001254,1.0,10,5000,job
llm_infer_mixtral_8x7b|74ae4709_20260421_001937,1.0,10,5000,job
llm_infer_mixtral_8x7b|7c6d4b81_20260421_000537,0.9,10,5000,job
llm_infer_mixtral_8x7b|d574e683_20260419_041135,1.0,10,5000,job
llm_infer_phi3_mini|3bce5480_20260420_210836,1.0,10,5000,job
llm_infer_phi3_mini|cd6a5e78_20260419_212123,1.0,10,5000,job
llm_infer_qwen25_14b_fp16|62b1513a_20260419_205946,1.0,1,5000,job
llm_infer_qwen25_14b_fp16|875f3c6d_20260420_232314,1.0,10,5000,job
llm_infer_qwen25_14b_fp16|a5960172_20260420_232931,1.0,10,5000,job
llm_infer_qwen25_14b_fp16|b9923a39_20260419_213654,1.0,10,5000,job
llm_infer_qwen25_14b_fp16|c2bcc1e0_20260419_213116,1.0,10,5000,job
llm_infer_qwen25_32b_fp16|0e1acfb8_20260824_214418,1.0,10,5000,job
llm_infer_qwen25_32b_fp16|463349dc_20260420_000940,0.9,10,5000,job
llm_infer_qwen25_3b_bs16|0765cbf1_20260420_215052,1.0,10,5000,job
llm_infer_qwen25_3b_bs16|301efde2_20260419_225807,1.0,10,5000,job
llm_infer_qwen25_3b_bs16|72bf234c_20260419_230326,1.0,10,5000,job
llm_infer_qwen25_3b_bs16|ee6ca6af_20260420_214537,1.0,10,5000,job
llm_infer_qwen25_3b_bs4|27632d17_20260420_214020,1.0,10,5000,job
llm_infer_qwen25_3b_bs4|dbfd03f1_20260419_023515,1.0,10,5000,job
llm_infer_qwen25_3b|1fd463ca_20260419_021328,1.0,10,5000,job
llm_infer_qwen25_3b|df5ce46a_20260419_020809,1.0,10,5000,job
llm_infer_qwen25_72b_fp8|1949bd09_20260420_003236,0.8,10,5000,job
llm_infer_qwen25_72b_fp8|cd098693_20260420_004709,1.0,10,5000,job
llm_infer_qwen25_72b_tp2|d667bcd68796_20260419_045202,1.0,20,5000,job
llm_infer_qwen25_7b_fp16|5ff414f8_20260419_211038,1.0,10,5000,job
llm_infer_qwen25_7b_fp16|87b75337_20260824_200626,1.0,2,5000,job
llm_infer_sdxl|212903bb_20260420_223849,1.0,10,5000,job
llm_infer_sdxl|81e16ec3_20260419_025634,1.0,10,5000,job
llm_infer_sdxl|f3c09865_20260419_025108,0.9,10,5000,job
llm_infer_tinyllama_bs8|43f9b961_20260420_221242,1.0,10,5000,job
llm_infer_tinyllama_bs8|75a3d2cd_20260419_215432,1.0,10,5000,job
llm_infer_tinyllama_seq4096|25a7da9a_20260419_225251,1.0,10,5000,job
llm_infer_tinyllama_seq4096|367c872f_20260420_222307,1.0,10,5000,job
llm_infer_tinyllama_seq4096|72177ae6_20260419_031218,1.0,10,5000,job
llm_infer_tinyllama_seq4096|ac0a588a_20260419_031732,1.0,10,5000,job
llm_infer_vit_l_bs64|27cbf4a5_20260419_231919,1.0,10,5000,job
llm_infer_vit_l_bs64|38e37d2f_20260419_034355,1.0,10,5000,job
llm_train_mistral_7b_lora|e2b30e58_20260419_232842,1.0,10,5000,job
llm_train_qwen25_1p5b_lora|2a4e8583_20260419_221125,0.9,10,5000,job
llm_train_qwen25_1p5b_lora|8a368ac5_20260824_220307,1.0,10,5000,job
mining_ethash_proxy|3cac048c_20260825_000110,1.0,10,5000,job
mining_ethash_proxy|814335b9_20260421_020654,1.0,10,5000,job
modern_inference|165eedde_20260413_033036,1.0,1,5000,job
modern_inference|5c76e8e5_20260413_033057,1.0,1,5000,job
nbody_sim|bcbaef15_20260413_033224,1.0,1,5000,job
nbody_sim|e90ecd1d_20260825_031452,1.0,10,5000,job
nbody_sim|nbody_sim_c0054d,1.0,1,5000,job
nvlink_bandwidth|nvlink_bandwidth_gpu0_0eb88f,0.0,1,5000,job
nvlink_bandwidth|nvlink_bandwidth_gpu1_b97b50,0.0,1,5000,job
ppo_rlhf_r8_rep1|6394bf01_20260804_164958,1.0,10,5000,job
ppo_rlhf_r8_rep3|5a1e4c08_20260804_173443,1.0,10,5000,job
pytorch_mlp_cifar10|22fad3bd_20260825_021517,1.0,1,5000,job
pytorch_mlp_cifar10|6726c8ff_20260825_021604,1.0,1,5000,job
pytorch_mlp_cifar10|c7886665_20260412_222753,0.0,1,5000,job
pytorch_resnet_cifar10_amp|09c94605_20260412_222753,1.0,2,5000,job
pytorch_resnet_cifar10_amp|964987b7_20260825_021328,1.0,1,5000,job
pytorch_resnet_cifar10_ext|41c19de5_20260420_204048,1.0,5,5000,job
pytorch_resnet_cifar10|1c3ed317_20260825_020430,0.0,1,5000,job
rendering_proxy|630b9e74_20260825_034601,1.0,10,5000,job
rendering_proxy|8aeaf443_20260825_033538,1.0,10,5000,job
rendering|rendering_33f139,0.0,1,5000,job
resnet_amp|resnet_amp_cc435c,1.0,1,5000,job
symgemm_L0_fwd1_rep2|3c32c629_20260802_204034,1.0,10,5000,job
symgemm_ppo_fused_r8_rep3|be11f759_20260803_013316,1.0,10,5000,job
training_single_gpu|training_single_gpu_gpu0_199317,1.0,1,5000,job
training_single_gpu|training_single_gpu_gpu1_552ff1,1.0,1,5000,job
whitebox_diluted_N10|e6a6ba30_20260725_195717,1.0,10,5000,job
whitebox_diluted_N20|2b6c90aa_20260725_200743,1.0,10,5000,job
whitebox_diluted_N5|eaaa7663_20260725_210026,1.0,10,5000,job
whitebox_inference_3b_1h|ac7b2aaa_20260727_205044,0.9,10,5000,job
whitebox_inference_7b_2h|2c53509d_20260727_215058,0.9,10,5000,job
whitebox_lora_7b_N100_1h|53c015c3_20260727_162214,1.0,10,5000,job
whitebox_lora_7b_N1_1h|d26abcf1_20260727_110823,1.0,10,5000,job
whitebox_lora_7b_N50_1h|f9ff4b5d_20260727_152145,1.0,10,5000,job
whitebox_lora_7b_pilot_N3|083f6968_20260726_120119,1.0,10,5000,job
whitebox_lora_7b_pilot_N8|a2326a19_20260726_130940,1.0,10,5000,job
whitebox_lora_N10|c738d40d_20260725_203918,1.0,10,5000,job
whitebox_oracle|dfb4b131_20260725_230325,1.0,10,5000,job
adversarial_E_memory_minimal|7b692854_20260412_053508,1.0,10,5001,job
adversarial_E_memory_minimal|c443df01_20260825_035624,1.0,10,5001,job
adversarial_F_interleave_50|468ad378_20260825_042847,1.0,10,5001,job
adversarial_F_interleave_50|46a73a4e_20260725_234614,1.0,10,5001,job
adversarial_F_interleave_50|4cde77c0_20260726_003313,1.0,10,5001,job
adversarial_G_clock_throttled|4471bfa7_20260412_230551,1.0,1,5001,job
adversarial_G_clock_throttled|b38cd060_20260825_044459,1.0,10,5001,job
adversarial_G_clock_throttled|d38b3081_20260412_053508,1.0,10,5001,job
adversarial_H_mimicry_mining|5ac32145_20260825_051158,1.0,10,5001,job
adversarial_H_mimicry_mining|840df611_20260825_050635,1.0,10,5001,job
adversarial_I_stochastic_30|15190e45_20260725_234104,0.9,10,5001,job
adversarial_I_stochastic_30|3978f906_20260825_053334,1.0,10,5001,job
adversarial_I_stochastic_30|650fb51f_20260412_223016,0.9,10,5001,job
adversarial_I_stochastic_30|b5fea657_20260825_053857,1.0,10,5001,job
adversarial_J_pid_75|6aa98cf6_20260412_053508,1.0,1,5001,job
adversarial_J_pid_75|e3f49bde_20260412_223016,1.0,10,5001,job
adversarial_K_ddp_accum_4|b28bb647b0ef_20260412_234110,1.0,80,5001,job
adversarial_K_ddp_accum_8|036fb65cffea_20260413_002258,1.0,80,5001,job
adversarial_K_ddp|af5daab2a59a_20260412_062347,1.0,80,5001,job
adversarial_L_diluted_10|512934b1_20260412_054054,1.0,10,5001,job
adversarial_L_diluted_10|5904fb3d_20260412_223541,1.0,10,5001,job
adversarial_L_diluted_20|951bef7b_20260825_072130,1.0,10,5001,job
adversarial_L_diluted_5|5e0891fb_20260412_054054,1.0,10,5001,job
adversarial_L_diluted_5|8f922c0f_20260825_064343,1.0,10,5001,job
batch_size_sweep_dp|batch_size_sweep_dp_gpu1_f04813,0.0,1,5001,job
bert_sst2_amp_ext|cb252747_20260420_204010,1.0,1,5001,job
bert_sst2|30b0dab5_20260412_231705,1.0,1,5001,job
cufft_benchmark|15fa4bd9_20260413_033141,1.0,1,5001,job
cufft_benchmark|227faa64_20260413_033119,1.0,1,5001,job
cufft_benchmark|4bfa16e2_20260824_235047,1.0,10,5001,job
cufft_benchmark|7eb3b0fd_20260420_000038,1.0,10,5001,job
cufft_hpc|cufft_hpc_58ecd2,1.0,1,5001,job
ddp_resnet18_cifar10_amp|95f2a16cc1a5_20260412_234616,1.0,80,5001,job
ddp_resnet18_cifar10|a76b540db268_20260412_233502,1.0,80,5001,job
ddp_training|ddp_telemetry_gpu1,1.0,1,5001,job
fsdp_13b_nvlink|0b39d5a9bdb4_20260413_003641,1.0,80,5001,job
fsdp_70b_adamw|e53e253f883d_20260413_012900,0.5,2,5001,job
fsdp_70b_nvlink|3e8e00c5f514_20260413_010753,1.0,80,5001,job
fsdp_70b_seqlen512|27c89ff855c9_20260413_012837,0.7125,80,5001,job
gpt2_finetune|f22ba689_20260413_032930,1.0,1,5001,job
gpt2_wikitext2_ext|ab0d938a_20260420_203614,1.0,6,5001,job
idle|03110fa2_20260824_232519,1.0,7,5001,job
idle|f26e1461_20260419_233413,1.0,7,5001,job
idle|idle_96fcac,1.0,1,5001,job
inference|inference_c1b4c6,1.0,1,5001,job
llm_infer_mistral_7b_q4|177996c6_20260421_012908,1.0,10,5001,job
llm_infer_mistral_7b_q4|24353de9_20260420_015430,1.0,10,5001,job
llm_infer_mistral_7b_q4|afe01b8f_20260419_205857,1.0,1,5001,job
llm_infer_mistral_7b_q4|d4a0ca97_20260419_215339,1.0,1,5001,job
llm_infer_mistral_7b_q4|d52344f3_20260419_220856,1.0,1,5001,job
llm_infer_mistral_7b_q4|dbde8feb_20260419_210231,1.0,1,5001,job
llm_infer_mistral_7b_q4|dc6bbdac_20260420_010008,1.0,10,5001,job
llm_infer_mixtral_8x7b|a79f0a84_20260419_040511,1.0,10,5001,job
llm_infer_mixtral_8x7b|d574e683_20260419_041135,1.0,10,5001,job
llm_infer_qwen25_14b_fp16|0467d4a3_20260824_212608,1.0,10,5001,job
llm_infer_qwen25_14b_fp16|62b1513a_20260419_205946,1.0,1,5001,job
llm_infer_qwen25_32b_fp16|08c0cbfe_20260420_001804,1.0,10,5001,job
llm_infer_qwen25_32b_fp16|463349dc_20260420_000940,1.0,10,5001,job
llm_infer_qwen25_32b_fp16|c89b4098_20260419_214232,1.0,10,5001,job
llm_infer_qwen25_32b_fp16|cbe6294b_20260824_215701,1.0,10,5001,job
llm_infer_qwen25_32b_fp16|d008e2dd_20260419_205950,1.0,1,5001,job
llm_infer_qwen25_32b_fp16|dffbfb17_20260421_030111,1.0,10,5001,job
llm_infer_qwen25_3b_bs16|45cf0574_20260419_230842,1.0,10,5001,job
llm_infer_qwen25_3b_bs16|72bf234c_20260419_230326,0.9,10,5001,job
llm_infer_qwen25_3b_bs4|16c726fc_20260419_222104,1.0,10,5001,job
llm_infer_qwen25_3b_bs4|27632d17_20260420_214020,1.0,10,5001,job
llm_infer_qwen25_3b_bs4|dbfd03f1_20260419_023515,1.0,10,5001,job
llm_infer_qwen25_3b|7de76a76_20260420_211352,1.0,10,5001,job
llm_infer_qwen25_72b_fp8|6ee178e0_20260419_043033,0.9,10,5001,job
llm_infer_qwen25_72b_fp8|b39fa450_20260419_042425,0.9,10,5001,job
llm_infer_qwen25_72b_tp2|d667bcd68796_20260419_045202,1.0,20,5001,job
llm_infer_qwen25_7b_fp16|0c4a3bb2_20260824_212015,1.0,10,5001,job
llm_infer_qwen25_7b_fp16|61bf5366_20260420_231727,1.0,10,5001,job
llm_infer_qwen25_7b_fp16|8c50624a_20260824_211339,1.0,10,5001,job
llm_infer_qwen25_7b_fp16|f70331c1_20260419_233641,1.0,10,5001,job
llm_infer_sdxl|3761f92b_20260419_223705,0.9,10,5001,job
llm_infer_sdxl|81d0af5a_20260419_030149,0.8,10,5001,job
llm_infer_tinyllama_bs8|ce7d83fd_20260419_022445,1.0,10,5001,job
llm_infer_tinyllama_bs8|fd185e9d_20260420_220729,1.0,10,5001,job
llm_infer_tinyllama_seq4096|026a1f9a_20260420_221753,1.0,10,5001,job
llm_infer_tinyllama_seq4096|eac7968c_20260419_224733,1.0,10,5001,job
llm_infer_vit_l_bs64|38e37d2f_20260419_034355,1.0,10,5001,job
llm_infer_vit_l_bs64|7be29623_20260420_224924,1.0,10,5001,job
llm_infer_vit_l_bs64|fde5cf55_20260420_225435,1.0,10,5001,job
llm_train_mistral_7b_lora|b31642c6_20260419_231627,1.0,10,5001,job
llm_train_mistral_7b_lora|f79dbad9_20260824_230849,1.0,10,5001,job
llm_train_phi3_mini_lora|5fb0d553_20260824_225222,1.0,10,5001,job
llm_train_qwen25_3b_lora|46b96f38_20260419_224930,1.0,10,5001,job
llm_train_smollm2_1p7b_lora|896b1640_20260824_223027,1.0,10,5001,job
mining_ethash_proxy|5a291891_20260420_200144,1.0,10,5001,job
mining_ethash_proxy|fad55191_20260421_015646,1.0,10,5001,job
modern_inference|165eedde_20260413_033036,1.0,1,5001,job
modern_inference|5c76e8e5_20260413_033057,1.0,1,5001,job
nbody_sim|e828c825_20260825_025405,1.0,10,5001,job
nvlink_bandwidth|nvlink_bandwidth_gpu0_0eb88f,1.0,1,5001,job
nvlink_latency|nvlink_latency_gpu0_1c6087,0.0,1,5001,job
nvlink_latency|nvlink_latency_gpu1_9a8612,1.0,1,5001,job
ppo_rlhf_r8_rep2|4735a4fb_20260804_171221,1.0,10,5001,job
pytorch_mlp_cifar10|22fad3bd_20260825_021517,1.0,1,5001,job
pytorch_mlp_cifar10|6726c8ff_20260825_021604,1.0,1,5001,job
pytorch_resnet_cifar10_amp_ext|0e16abc8_20260420_204227,1.0,5,5001,job
pytorch_resnet_cifar10_amp|8ab3bfd2_20260825_020754,1.0,1,5001,job
pytorch_resnet_cifar10|30653101_20260412_231132,1.0,3,5001,job
rendering_proxy|307d16fe_20260825_032515,1.0,10,5001,job
rendering|rendering_33f139,0.0,1,5001,job
resnet50_inference|ee8f3e1f_20260412_224117,0.1,10,5001,job
resnet50_inference|f8907ec1_20260413_032952,1.0,1,5001,job
resnet_fp32|resnet_fp32_b4973a,1.0,1,5001,job
resnet_fp32|resnet_fp32_d1d694,1.0,1,5001,job
symgemm_L0_fwd1_rep1|7e021360_20260802_181845,1.0,10,5001,job
symgemm_L0_fwd1_rep3|0ad604b3_20260802_223527,0.9,10,5001,job
symgemm_L1_fwd3_rep2|e04a3490_20260802_201813,1.0,10,5001,job
symgemm_L1_fwd3_rep3|956006bf_20260802_221307,1.0,10,5001,job
symgemm_L4_sgdfused_rep3|719fe5b8_20260802_220158,1.0,10,5001,job
symgemm_L5_adam_rep1|24f173d4_20260802_180735,1.0,10,5001,job
symgemm_ppo_fused_r32_rep3|6b1c2a3b_20260803_014427,1.0,10,5001,job
training_single_gpu|training_single_gpu_gpu1_a2ce5b,0.0,1,5001,job
whitebox_diluted_1b_N1_1h|e9c0ff07_20260727_235850,1.0,10,5001,job
whitebox_diluted_7b_N10_1h|f65c515b_20260727_121946,1.0,10,5001,job
whitebox_diluted_N10|d7e25a80_20260725_203405,1.0,10,5001,job
whitebox_diluted_N20|d8b176f8_20260725_212116,1.0,10,5001,job
whitebox_inference_3b_rep2|92741c8b_20260728_020004,0.9,10,5001,job
whitebox_inference_7b_rep3|62149f64_20260728_050902,0.8,10,5001,job
whitebox_lora_7b_N3_1h|1291fbf0_20260727_132029,1.0,10,5001,job
whitebox_lora_7b_pilot_N8|a2326a19_20260726_130940,1.0,10,5001,job
whitebox_lora_N10_long|58e5a6e6_20260724_215116,1.0,10,5001,job
whitebox_lora_N20|b5e22ab8_20260725_212628,1.0,10,5001,job
whitebox_lora_N5|5d8cb134_20260725_210538,1.0,10,5001,job
whitebox_lora_N5|de90ed7d_20260725_202852,1.0,10,5001,job
width_sweep_dp|width_sweep_dp_gpu1_cd4011,0.0,1,5001,job
adversarial_E_memory_minimal|09b77236_20260412_230551,0.0,1,5002,job
adversarial_E_memory_minimal|bd61daeb_20260412_223016,1.0,10,5002,job
adversarial_F_interleave_30|ff338fa1_20260412_230551,1.0,10,5002,job
adversarial_G_clock_throttled|d38b3081_20260412_053508,1.0,10,5002,job
adversarial_G_clock_throttled|d64b14fc_20260825_045547,1.0,10,5002,job
adversarial_H_mimicry_mining|30dc1b59_20260412_053508,1.0,1,5002,job
adversarial_H_mimicry_mining|5ac32145_20260825_051158,1.0,10,5002,job
adversarial_I_stochastic_30|1319ffe7_20260726_002804,1.0,10,5002,job
adversarial_I_stochastic_30|5e185d96_20260412_053508,1.0,10,5002,job
adversarial_I_stochastic_30|650fb51f_20260412_223016,0.9,10,5002,job
adversarial_I_stochastic_30|d13c6696_20260825_054421,1.0,10,5002,job
adversarial_J_pid_75|94ea2465_20260825_054945,1.0,10,5002,job
adversarial_J_pid_75|ddd52b74_20260825_055509,1.0,10,5002,job
adversarial_K_ddp_accum_4|ccdbb46fc1a0_20260413_001726,1.0,80,5002,job
adversarial_K_ddp_accum_8|036fb65cffea_20260413_002258,1.0,80,5002,job
adversarial_K_ddp_accum_8|4e915a9d238b_20260412_065453,1.0,80,5002,job
adversarial_K_ddp|41b734487b5e_20260412_235331,1.0,80,5002,job
adversarial_L_ddp_5|7f7c7caec1c9_20260412_232441,0.95,80,5002,job
adversarial_L_diluted_10|7a3fb3e9_20260825_070518,1.0,10,5002,job
adversarial_L_diluted_200_mw8|fd4fadc3_20260726_171819,1.0,10,5002,job
adversarial_L_diluted_20|405a7452_20260412_223541,1.0,10,5002,job
adversarial_L_diluted_20|c1b0e51f_20260825_071606,1.0,10,5002,job
adversarial_L_diluted_5|2471d189_20260412_231132,1.0,10,5002,job
adversarial_L_diluted_5|478eaec5_20260412_223541,1.0,10,5002,job
adversarial_training|b1c5e184_20260413_033330,0.0,1,5002,job
batch_size_sweep_dp|batch_size_sweep_dp_gpu1_f04813,0.0,1,5002,job
bert_sst2_amp_ext|7d5929da_20260420_202928,1.0,1,5002,job
bert_sst2_amp|49d3ba57_20260412_224117,1.0,1,5002,job
bert_sst2|4a0aab7a_20260825_021739,1.0,1,5002,job
cufft_benchmark|38fd661e_20260419_235032,1.0,10,5002,job
cufft_benchmark|540552ce_20260824_234024,1.0,10,5002,job
cufft_benchmark|692a3d5e_20260412_224117,1.0,10,5002,job
cufft_benchmark|7eb3b0fd_20260420_000038,1.0,10,5002,job
cufft_benchmark|83e14a25_20260421_014638,1.0,10,5002,job
cufft_hpc|cufft_hpc_e7ea4b,1.0,1,5002,job
ddp_resnet18_cifar10_amp|95f2a16cc1a5_20260412_234616,1.0,80,5002,job
ddp_resnet50_cifar10|3477d94c3a9e_20260412_060843,1.0,80,5002,job
fsdp_70b_nvlink|a7ff05fcabd2_20260413_003024,1.0,8,5002,job
fsdp_70b_sgd_momentum|465819c33b0c_20260413_012319,1.0,80,5002,job
fsdp_7b_nvlink|755f005b3557_20260412_070444,1.0,80,5002,job
gpt2_finetune|f22ba689_20260413_032930,1.0,1,5002,job
gpt2_wikitext2_amp_ext|058cfbc9_20260420_204849,1.0,2,5002,job
gpt2_wikitext2_amp_ext|f609adef_20260420_203807,1.0,2,5002,job
idle|9eb24edf_20260824_171857,1.0,7,5002,job
llm_infer_mistral_7b_q4|0f8555a9_20260825_003220,1.0,10,5002,job
llm_infer_mistral_7b_q4|280943b7_20260421_011827,1.0,10,5002,job
llm_infer_mistral_7b_q4|53e3e332_20260419_210248,1.0,1,5002,job
llm_infer_mistral_7b_q4|b8b0e618_20260420_005449,1.0,10,5002,job
llm_infer_mistral_7b_q4|c36eab64_20260419_220847,1.0,1,5002,job
llm_infer_mistral_7b_q4|e81dfe47_20260420_015946,0.9,10,5002,job
llm_infer_mixtral_8x7b|6d7f6e16_20260419_035827,1.0,10,5002,job
llm_infer_mixtral_8x7b|a79f0a84_20260419_040511,1.0,10,5002,job
llm_infer_phi3_mini|3bce5480_20260420_210836,1.0,10,5002,job
llm_infer_phi3_mini|e7151e88_20260420_205129,1.0,10,5002,job
llm_infer_qwen25_14b_fp16|085bd1c8_20260420_000301,1.0,10,5002,job
llm_infer_qwen25_14b_fp16|2e76122c_20260419_212144,1.0,10,5002,job
llm_infer_qwen25_14b_fp16|62b1513a_20260419_205946,1.0,1,5002,job
llm_infer_qwen25_14b_fp16|85bf5790_20260419_205937,1.0,1,5002,job
llm_infer_qwen25_14b_fp16|9bdd69d7_20260420_233533,1.0,10,5002,job
llm_infer_qwen25_14b_fp16|b9923a39_20260419_213654,1.0,10,5002,job
llm_infer_qwen25_14b_fp16|c1adb329_20260419_205942,1.0,1,5002,job
llm_infer_qwen25_32b_fp16|7efd8ad1_20260419_220234,1.0,10,5002,job
llm_infer_qwen25_32b_fp16|cbe6294b_20260824_215701,1.0,10,5002,job
llm_infer_qwen25_32b_fp16|d008e2dd_20260419_205950,1.0,1,5002,job
llm_infer_qwen25_3b_bs16|22ecde82_20260419_032802,1.0,10,5002,job
llm_infer_qwen25_3b_bs16|301efde2_20260419_225807,1.0,10,5002,job
llm_infer_qwen25_3b_bs16|45cf0574_20260419_230842,1.0,10,5002,job
llm_infer_qwen25_3b_bs4|32bdfeb6_20260419_024034,1.0,10,5002,job
llm_infer_qwen25_3b_bs4|aa80c128_20260420_213501,1.0,10,5002,job
llm_infer_qwen25_72b_fp16|aaa06495_20260421_002643,1.0,10,5002,job
llm_infer_qwen25_72b_fp8|6ee178e0_20260419_043033,1.0,10,5002,job
llm_infer_qwen25_72b_tp2|11ae41c37687_20260419_045923,1.0,20,5002,job
llm_infer_qwen25_7b_fp16|0c4a3bb2_20260824_212015,1.0,10,5002,job
llm_infer_qwen25_7b_fp16|a694acd9_20260419_210256,0.8,10,5002,job
llm_infer_qwen25_7b_fp16|abd7cc9c_20260420_230458,0.9,10,5002,job
llm_infer_sdxl|827523c5_20260420_223333,1.0,10,5002,job
llm_infer_tinyllama_bs8|0c587cbd_20260419_022959,1.0,10,5002,job
llm_infer_tinyllama_bs8|bcad42c3_20260419_220507,1.0,10,5002,job
llm_infer_tinyllama_bs8|efe8ddc5_20260419_021922,0.9,10,5002,job
llm_infer_vit_l_bs64|7bf48cb7_20260419_231402,1.0,10,5002,job
llm_train_mistral_7b_lora|b31642c6_20260419_231627,0.8,10,5002,job
llm_train_mistral_7b_lora|e954b9ae_20260824_231951,1.0,10,5002,job
llm_train_phi3_mini_lora|0d707150_20260419_230604,1.0,10,5002,job
llm_train_phi3_mini_lora|48da72bf_20260824_230320,1.0,10,5002,job
llm_train_phi3_mini_lora|4bf06f5e_20260824_225752,1.0,10,5002,job
llm_train_qwen25_1p5b_lora|8a368ac5_20260824_220307,1.0,10,5002,job
llm_train_qwen25_3b_lora|074568ba_20260824_224126,1.0,10,5002,job
llm_train_qwen25_3b_lora|66980709_20260824_223555,0.9,10,5002,job
mining_ethash_proxy|814335b9_20260421_020654,1.0,10,5002,job
modern_inference|165eedde_20260413_033036,1.0,1,5002,job
nbody_sim|e90ecd1d_20260825_031452,1.0,10,5002,job
nvlink_latency|nvlink_latency_gpu1_9a8612,1.0,1,5002,job
ppo_rlhf_r8_rep1|6394bf01_20260804_164958,1.0,10,5002,job
pytorch_mlp_cifar10|6726c8ff_20260825_021604,1.0,1,5002,job
pytorch_mlp_cifar10|c7886665_20260412_222753,0.0,1,5002,job
pytorch_resnet_cifar10_amp_ext|a0c58ed2_20260420_203152,1.0,5,5002,job
pytorch_resnet_cifar10_amp|5543e12f_20260825_020949,1.0,1,5002,job
pytorch_resnet_cifar10_amp|73475ab0_20260412_231132,1.0,4,5002,job
pytorch_resnet_cifar10_amp|964987b7_20260825_021328,1.0,1,5002,job
pytorch_resnet_cifar10_amp|a2af05e4_20260825_020701,1.0,1,5002,job
pytorch_resnet_cifar10|0d79ee94_20260825_005047,0.0,10,5002,job
pytorch_training|1540ec8b_20260413_032737,1.0,1,5002,job
pytorch_training|2a94287a_20260413_032802,1.0,1,5002,job
rendering_proxy|307d16fe_20260825_032515,1.0,10,5002,job
resnet50_inference|0464d734_20260825_022250,0.0,10,5002,job
resnet_fp32|resnet_fp32_b4973a,1.0,1,5002,job
symgemm_L0_fwd1_rep1|7e021360_20260802_181845,1.0,10,5002,job
symgemm_L0_fwd1_rep3|0ad604b3_20260802_223527,1.0,10,5002,job
symgemm_L0_fwd1_rep4|03ed95b1_20260802_233118,1.0,10,5002,job
symgemm_L1_fwd3_m8192_rep1|128a6c86_20260802_185218,1.0,10,5002,job
symgemm_L1_fwd3_rep2|e04a3490_20260802_201813,1.0,10,5002,job
symgemm_L1_fwd3_rep3|956006bf_20260802_221307,1.0,10,5002,job
symgemm_L4_sgdfused_rep4|8f5f5e11_20260802_225748,0.9,10,5002,job
symgemm_L5_adam_rep4|b36d56ef_20260802_232008,1.0,10,5002,job
symgemm_decode_g256_rep3|6e25438a_20260803_015538,1.0,10,5002,job
symgemm_ppo_fused_r32_rep1|52af0173_20260803_003717,1.0,10,5002,job
symgemm_ppo_fused_r32_rep2|c6b8724c_20260803_011053,1.0,10,5002,job
symgemm_ppo_fused_r32_rep3|6b1c2a3b_20260803_014427,1.0,10,5002,job
symgemm_ppo_fused_r8_rep3|be11f759_20260803_013316,1.0,10,5002,job
training_single_gpu|training_single_gpu_gpu0_199317,1.0,1,5002,job
whitebox_diluted_N10|8891b439_20260725_211051,1.0,10,5002,job
whitebox_diluted_N10|d7e25a80_20260725_203405,1.0,10,5002,job
whitebox_inference_7b_2h|2c53509d_20260727_215058,0.9,10,5002,job
whitebox_inference|f59e111e_20260725_194134,0.9,10,5002,job
whitebox_lora_1b_N1_1h|861a8dfb_20260727_173343,1.0,10,5002,job
whitebox_lora_7b_N50_1h|f9ff4b5d_20260727_152145,1.0,10,5002,job
whitebox_lora_7b_pilot_N7|b7b290a9_20260726_125420,1.0,10,5002,job
whitebox_lora_N10|c738d40d_20260725_203918,1.0,10,5002,job
whitebox_oracle_7b_long|dd20b782_20260726_181838,1.0,10,5002,job
width_sweep_dp|width_sweep_dp_gpu0_a80bfa,1.0,1,5002,job
adversarial_E_memory_minimal|72186530_20260825_040712,1.0,10,5003,job
adversarial_F_interleave_50|82b69908_20260412_223016,1.0,10,5003,job
adversarial_F_interleave_50|9b9ece1a_20260825_043411,1.0,10,5003,job
adversarial_G_clock_throttled|b38cd060_20260825_044459,1.0,10,5003,job
adversarial_H_mimicry_cufft|3d49af99_20260413_013919,1.0,10,5003,job
adversarial_H_mimicry_cufft|983fad80_20260412_053508,1.0,1,5003,job
adversarial_H_mimicry_mining|bedfd354_20260412_223016,1.0,10,5003,job
adversarial_H_mimicry_mining|bf6e3698_20260413_011721,1.0,10,5003,job
adversarial_I_stochastic_30|3978f906_20260825_053334,1.0,10,5003,job
adversarial_J_pid_75|6aa98cf6_20260412_053508,1.0,1,5003,job
adversarial_J_pid_75|ddd52b74_20260825_055509,1.0,10,5003,job
adversarial_K_ddp_accum_8|73431dec5f44_20260412_234640,1.0,80,5003,job
adversarial_L_ddp_10|740abd236207_20260413_000621,1.0,80,5003,job
adversarial_L_ddp_5|7f7c7caec1c9_20260412_232441,0.9875,80,5003,job
adversarial_L_ddp_5|a9a551652c04_20260412_235905,1.0,80,5003,job
adversarial_L_diluted_10_mw8|2a0a1abb_20260726_170758,1.0,10,5003,job
adversarial_L_diluted_10_mw8|453df7c0_20260726_170248,1.0,10,5003,job
adversarial_L_diluted_10_mw8|51a40fcc_20260726_171309,1.0,10,5003,job
adversarial_L_diluted_10|5904fb3d_20260412_223541,1.0,10,5003,job
adversarial_L_diluted_20|25326617_20260725_233354,1.0,10,5003,job
adversarial_L_diluted_20|951bef7b_20260825_072130,1.0,10,5003,job
adversarial_L_diluted_20|c1b0e51f_20260825_071606,1.0,10,5003,job
adversarial_L_diluted_20|c504ec15_20260726_002055,1.0,10,5003,job
adversarial_L_diluted_2|07fb94ee_20260412_054054,1.0,10,5003,job
adversarial_L_diluted_5|29aaeb3c_20260825_064907,1.0,10,5003,job
batch_size_sweep_dp|batch_size_sweep_dp_gpu1_f04813,1.0,1,5003,job
bert_finetune|2a2a5f3e_20260413_032846,1.0,1,5003,job
bert_finetune|d969416f_20260413_032846,1.0,1,5003,job
bert_sst2_amp|e682e23c_20260412_231705,1.0,1,5003,job
bert_sst2|0a64dc16_20260825_021827,1.0,1,5003,job
bert_sst2|675c6c84_20260412_222753,1.0,2,5003,job
bert_sst2|906cb48d_20260825_021650,1.0,1,5003,job
cufft_hpc|cufft_hpc_58ecd2,1.0,1,5003,job
ddp_resnet18_cifar10|b6ee4dbc9fc2_20260412_225907,1.0,80,5003,job
ddp_resnet18_cifar10|ce5c33bebcdd_20260412_060311,1.0,80,5003,job
ddp_training|ddp_telemetry_gpu1,1.0,1,5003,job
fsdp_30b_nvlink|165add02433c_20260412_071335,1.0,8,5003,job
fsdp_70b_adamw|e53e253f883d_20260413_012900,1.0,2,5003,job
fsdp_70b_nvlink|15cced21b9b1_20260413_012238,1.0,8,5003,job
fsdp_70b_nvlink|c88e29e18a8a_20260413_010413,1.0,80,5003,job
fsdp_7b_nvlink|5de962c92de9_20260412_235456,1.0,80,5003,job
gpt2_wikitext2_amp_ext|f609adef_20260420_203807,1.0,2,5003,job
gpt2_wikitext2_ext|7a20f073_20260420_204656,1.0,6,5003,job
gpt2_wikitext2|13f0dd2f_20260825_021915,0.5,2,5003,job
gpt2_wikitext2|3a8eee76_20260825_022139,0.5,2,5003,job
gpt2_wikitext2|917b93fb_20260412_224117,1.0,3,5003,job
idle|5edd7d6c_20260413_032703,1.0,1,5003,job
idle|9883933c_20260420_201152,1.0,7,5003,job
idle|9c0d0d21_20260824_232740,1.0,7,5003,job
idle|9d362947_20260419_233822,1.0,7,5003,job
idle|b37a89ff_20260824_180358,1.0,7,5003,job
idle|b3e73340_20260419_233617,1.0,7,5003,job
llm_infer_mistral_7b_q4|143e0113_20260419_220838,1.0,1,5003,job
llm_infer_mistral_7b_q4|177996c6_20260421_012908,0.9,10,5003,job
llm_infer_mistral_7b_q4|199b8710_20260825_074125,1.0,10,5003,job
llm_infer_mistral_7b_q4|1aa4e562_20260825_004332,0.9,10,5003,job
llm_infer_mistral_7b_q4|8bb0be41_20260420_015335,1.0,1,5003,job
llm_infer_mistral_7b_q4|9e359ed7_20260825_003757,0.9,10,5003,job
llm_infer_mistral_7b_q4|afe01b8f_20260419_205857,1.0,1,5003,job
llm_infer_mistral_7b_q4|b8b0e618_20260420_005449,1.0,10,5003,job
llm_infer_mistral_7b_q4|c36eab64_20260419_220847,1.0,1,5003,job
llm_infer_mistral_7b_q4|ca02ad41_20260420_015354,1.0,1,5003,job
llm_infer_mistral_7b_q4|d52344f3_20260419_220856,1.0,1,5003,job
llm_infer_mistral_7b_q4|dc6bbdac_20260420_010008,1.0,10,5003,job
llm_infer_mistral_7b_q4|eff20385_20260419_205907,1.0,1,5003,job
llm_infer_phi3_mini|52a2bd28_20260420_210319,1.0,10,5003,job
llm_infer_qwen25_14b_fp16|98601a67_20260824_213822,1.0,10,5003,job
llm_infer_qwen25_14b_fp16|9bdd69d7_20260420_233533,1.0,10,5003,job
llm_infer_qwen25_32b_fp16|463349dc_20260420_000940,0.9,10,5003,job
llm_infer_qwen25_3b_bs16|0918ee71_20260419_032245,1.0,10,5003,job
llm_infer_qwen25_3b_bs16|301efde2_20260419_225807,1.0,10,5003,job
llm_infer_qwen25_3b_bs16|72bf234c_20260419_230326,1.0,10,5003,job
llm_infer_qwen25_3b_bs4|acde3618_20260419_221540,1.0,10,5003,job
llm_infer_qwen25_3b|1fd463ca_20260419_021328,1.0,10,5003,job
llm_infer_qwen25_3b|59a892fe_20260419_020238,1.0,10,5003,job
llm_infer_qwen25_3b|7de76a76_20260420_211352,1.0,10,5003,job
llm_infer_qwen25_3b|b3849090_20260419_213727,1.0,10,5003,job
llm_infer_qwen25_72b_fp8|1949bd09_20260420_003236,0.8,10,5003,job
llm_infer_qwen25_72b_fp8|6ee178e0_20260419_043033,1.0,10,5003,job
llm_infer_qwen25_72b_fp8|ad1ee08d_20260419_041746,1.0,10,5003,job
llm_infer_qwen25_72b_fp8|cd098693_20260420_004709,0.9,10,5003,job
llm_infer_qwen25_7b_fp16|0088cce0_20260419_205928,1.0,1,5003,job
llm_infer_qwen25_7b_fp16|c98d90af_20260420_231133,1.0,10,5003,job
llm_infer_qwen25_7b_fp16|febf963c_20260419_205933,1.0,1,5003,job
llm_infer_sdxl|f3c09865_20260419_025108,0.9,10,5003,job
llm_infer_tinyllama_bs8|43f9b961_20260420_221242,1.0,10,5003,job
llm_infer_tinyllama_seq4096|bf1e9e48_20260419_030704,1.0,10,5003,job
llm_infer_vit_l_bs64|5e01a928_20260419_034907,1.0,10,5003,job
llm_train_mistral_7b_lora|e954b9ae_20260824_231951,1.0,10,5003,job
llm_train_qwen25_1p5b_lora|a219bf6f_20260419_221705,1.0,10,5003,job
llm_train_qwen25_3b_lora|46b96f38_20260419_224930,1.0,10,5003,job
llm_train_smollm2_1p7b_lora|896b1640_20260824_223027,1.0,10,5003,job
llm_train_smollm2_1p7b_lora|bc185109_20260419_223818,1.0,10,5003,job
mining_ethash_proxy|3cac048c_20260825_000110,1.0,10,5003,job
mining_ethash_proxy|5a291891_20260420_200144,1.0,10,5003,job
mining_ethash_proxy|814335b9_20260421_020654,1.0,10,5003,job
mining_ethash_proxy|b6f2e520_20260825_001133,1.0,10,5003,job
mining_proxy|mining_proxy_a7ed85,0.0,1,5003,job
nbody_sim|6c13c5ae_20260825_030429,1.0,10,5003,job
nbody_sim|bf32f0fa_20260413_033224,1.0,1,5003,job
nvlink_bandwidth|nvlink_bandwidth_gpu0_ef7777,1.0,1,5003,job
pytorch_mlp_cifar10_ext|91abd671_20260420_204403,1.0,10,5003,job
pytorch_resnet_cifar10_amp_ext|a0c58ed2_20260420_203152,1.0,5,5003,job
pytorch_resnet_cifar10_amp|73475ab0_20260412_231132,1.0,4,5003,job
pytorch_resnet_cifar10_amp|e9662cc3_20260412_223541,1.0,3,5003,job
pytorch_resnet_cifar10_amp|f1be0dfb_20260825_020609,1.0,1,5003,job
pytorch_resnet_cifar10_ext|41c19de5_20260420_204048,1.0,5,5003,job
pytorch_resnet_cifar10_ext|76d6663a_20260420_203006,1.0,6,5003,job
pytorch_training|1540ec8b_20260413_032737,1.0,1,5003,job
rendering_proxy|c76a250c_20260412_224732,1.0,10,5003,job
resnet50_inference|d45705f9_20260412_231705,0.9,10,5003,job
resnet_amp|resnet_amp_0c34ce,1.0,1,5003,job
symgemm_L1_fwd3_rep2|e04a3490_20260802_201813,1.0,10,5003,job
symgemm_decode_g256_rep1|37d9b353_20260803_004828,0.0,10,5003,job
symgemm_decode_g256_rep2|4fc9bf1b_20260803_012205,0.0,10,5003,job
training_dual_gpu_dp|multi_gpu_telemetry_gpu1,1.0,2,5003,job
training_single_gpu|single_gpu_telemetry,1.0,1,5003,job
training_single_gpu|training_single_gpu_gpu1_552ff1,0.0,1,5003,job
whitebox_diluted_1b_N1_1h|e9c0ff07_20260727_235850,1.0,10,5003,job
whitebox_diluted_7b_N1_1h|5df04b7a_20260727_183421,1.0,10,5003,job
whitebox_diluted_N10|8891b439_20260725_211051,1.0,10,5003,job
whitebox_diluted_N5|eaaa7663_20260725_210026,1.0,10,5003,job
whitebox_inference_3b_rep2|92741c8b_20260728_020004,0.9,10,5003,job
whitebox_inference|f59e111e_20260725_194134,0.9,10,5003,job
whitebox_lora_1b_N1_1h|861a8dfb_20260727_173343,1.0,10,5003,job
whitebox_lora_7b_pilot_N7|b7b290a9_20260726_125420,1.0,10,5003,job
whitebox_lora_7b_pilot_N8|a2326a19_20260726_130940,1.0,10,5003,job
whitebox_lora_N10_long|58e5a6e6_20260724_215116,1.0,10,5003,job
whitebox_lora_N5|de90ed7d_20260725_202852,1.0,10,5003,job
whitebox_oracle|75298cf9_20260725_225503,1.0,10,5003,job
adversarial_E_memory_minimal|bd61daeb_20260412_223016,1.0,10,5004,job
adversarial_E_memory_minimal|c443df01_20260825_035624,1.0,10,5004,job
adversarial_F_interleave_30|df47671a_20260825_041800,1.0,10,5004,job
adversarial_F_interleave_50|bc02cbc2_20260726_000947,1.0,10,5004,job
adversarial_H_mimicry_cufft|407d2529_20260825_052810,1.0,10,5004,job
adversarial_H_mimicry_cufft|ce9f5c9f_20260412_230551,1.0,1,5004,job
adversarial_H_mimicry_mining|5ac32145_20260825_051158,1.0,10,5004,job
adversarial_H_mimicry_mining|840df611_20260825_050635,1.0,10,5004,job
adversarial_I_stochastic_30|650fb51f_20260412_223016,0.9,10,5004,job
adversarial_K_ddp_accum_4|ccdbb46fc1a0_20260413_001726,1.0,80,5004,job
adversarial_K_ddp|2b7d13785ecf_20260412_231725,1.0,80,5004,job
adversarial_K_online_learning|901b510d_20260825_061120,1.0,10,5004,job
adversarial_L_ddp_10|740abd236207_20260413_000621,1.0,80,5004,job
adversarial_L_diluted_10|8d5f2101_20260725_235123,1.0,10,5004,job
adversarial_L_diluted_200_mw8|a38a444f_20260726_174828,1.0,10,5004,job
adversarial_L_diluted_200_mw8|fd4fadc3_20260726_171819,1.0,10,5004,job
adversarial_L_diluted_20|25326617_20260725_233354,1.0,10,5004,job
adversarial_L_diluted_20|c1b0e51f_20260825_071606,1.0,10,5004,job
adversarial_L_diluted_20|ee8eddb5_20260825_071042,1.0,10,5004,job
adversarial_L_diluted_2|354119ef_20260412_223541,1.0,10,5004,job
bert_sst2_amp_ext|cb252747_20260420_204010,1.0,1,5004,job
bert_sst2_ext|d1b7b9e7_20260420_202822,1.0,3,5004,job
bert_sst2|4a0aab7a_20260825_021739,1.0,1,5004,job
cufft_benchmark|fa1982fd_20260419_234026,1.0,10,5004,job
ddp_resnet18_cifar10|b6ee4dbc9fc2_20260412_225907,1.0,80,5004,job
ddp_training|ddp_telemetry_gpu1,1.0,1,5004,job
fsdp_70b_nvlink|15cced21b9b1_20260413_012238,1.0,8,5004,job
fsdp_7b_nvlink|5de962c92de9_20260412_235456,1.0,80,5004,job
gpt2_wikitext2_amp_ext|058cfbc9_20260420_204849,0.5,2,5004,job
gpt2_wikitext2_amp_ext|f609adef_20260420_203807,1.0,2,5004,job
gpt2_wikitext2_amp|62c86ac7_20260412_222753,1.0,2,5004,job
gpt2_wikitext2_ext|ab0d938a_20260420_203614,1.0,6,5004,job
gpt2_wikitext2|60a1ee17_20260825_022027,1.0,2,5004,job
idle|395fbdc4_20260413_032720,1.0,1,5004,job
idle|3a7e56ce_20260412_223541,1.0,7,5004,job
idle|b3e73340_20260419_233617,1.0,7,5004,job
idle|idle_96fcac,1.0,1,5004,job
llm_infer_deepseek_v3_tp8|acb00ac39728_20260419_002311,1.0,50,5004,job
llm_infer_mistral_7b_q4|0f8555a9_20260825_003220,0.9,10,5004,job
llm_infer_mistral_7b_q4|280943b7_20260421_011827,1.0,10,5004,job
llm_infer_mistral_7b_q4|5841de91_20260419_210239,1.0,1,5004,job
llm_infer_mistral_7b_q4|7936d649_20260419_220948,0.0,2,5004,job
llm_infer_mistral_7b_q4|7dcec1a2_20260420_020500,1.0,10,5004,job
llm_infer_mistral_7b_q4|85d8feff_20260419_215354,1.0,1,5004,job
llm_infer_mistral_7b_q4|9e359ed7_20260825_003757,0.9,10,5004,job
llm_infer_mistral_7b_q4|dbde8feb_20260419_210231,1.0,1,5004,job
llm_infer_mixtral_8x7b|74ae4709_20260421_001937,1.0,10,5004,job
llm_infer_phi3_mini|3bce5480_20260420_210836,1.0,10,5004,job
llm_infer_phi3_mini|52a2bd28_20260420_210319,1.0,10,5004,job
llm_infer_phi3_mini|e7151e88_20260420_205129,1.0,10,5004,job
llm_infer_qwen25_14b_fp16|1eda1bef_20260824_213225,1.0,10,5004,job
llm_infer_qwen25_14b_fp16|85bf5790_20260419_205937,1.0,1,5004,job
llm_infer_qwen25_14b_fp16|9bdd69d7_20260420_233533,1.0,10,5004,job
llm_infer_qwen25_32b_fp16|08c0cbfe_20260420_001804,1.0,10,5004,job
llm_infer_qwen25_32b_fp16|43218758_20260421_031401,1.0,10,5004,job
llm_infer_qwen25_32b_fp16|7efd8ad1_20260419_220234,1.0,10,5004,job
llm_infer_qwen25_32b_fp16|bb94db96_20260419_205955,1.0,1,5004,job
llm_infer_qwen25_32b_fp16|c89b4098_20260419_214232,0.9,10,5004,job
llm_infer_qwen25_3b_bs16|22ecde82_20260419_032802,1.0,10,5004,job
llm_infer_qwen25_3b_bs4|766c2eff_20260419_024551,1.0,10,5004,job
llm_infer_qwen25_3b_bs4|aa80c128_20260420_213501,1.0,10,5004,job
llm_infer_qwen25_3b|df5ce46a_20260419_020809,1.0,10,5004,job
llm_infer_qwen25_72b_fp8|36625af8_20260420_235243,1.0,10,5004,job
llm_infer_qwen25_72b_fp8|78a77a8b_20260420_235909,1.0,10,5004,job
llm_infer_qwen25_72b_tp2|11ae41c37687_20260419_045923,1.0,20,5004,job
llm_infer_qwen25_7b_fp16|58527b11_20260419_232945,0.9,10,5004,job
llm_infer_qwen25_7b_fp16|61bf5366_20260420_231727,1.0,10,5004,job
llm_infer_qwen25_7b_fp16|730da3ab_20260419_234250,1.0,10,5004,job
llm_infer_sdxl|3761f92b_20260419_223705,0.0,10,5004,job
llm_infer_sdxl|adc8a3d2_20260419_222624,0.1,10,5004,job
llm_infer_tinyllama_bs8|00313478_20260419_215951,1.0,10,5004,job
llm_infer_tinyllama_bs8|ecdf6ee5_20260420_220215,1.0,10,5004,job
llm_infer_tinyllama_bs8|efe8ddc5_20260419_021922,0.9,10,5004,job
llm_infer_tinyllama_seq4096|0b0351ce_20260420_222819,1.0,10,5004,job
llm_infer_tinyllama_seq4096|72177ae6_20260419_031218,1.0,10,5004,job
llm_infer_tinyllama_seq4096|ac0a588a_20260419_031732,1.0,10,5004,job
llm_infer_vit_l_bs64|5e01a928_20260419_034907,1.0,10,5004,job
llm_infer_vit_l_bs64|7be29623_20260420_224924,0.9,10,5004,job
llm_infer_vit_l_bs64|fde5cf55_20260420_225435,0.9,10,5004,job
llm_train_mistral_7b_lora|408384ba_20260419_232329,1.0,10,5004,job
llm_train_mistral_7b_lora|e954b9ae_20260824_231951,1.0,10,5004,job
llm_train_phi3_mini_lora|0d707150_20260419_230604,1.0,10,5004,job
llm_train_phi3_mini_lora|38657ab0_20260419_231116,1.0,10,5004,job
llm_train_phi3_mini_lora|48da72bf_20260824_230320,1.0,10,5004,job
llm_train_qwen25_1p5b_lora|2a4e8583_20260419_221125,0.9,10,5004,job
llm_train_qwen25_3b_lora|dd7204cf_20260824_224654,1.0,10,5004,job
llm_train_smollm2_1p7b_lora|4124c198_20260824_222500,1.0,10,5004,job
llm_train_smollm2_1p7b_lora|896b1640_20260824_223027,1.0,10,5004,job
llm_train_smollm2_1p7b_lora|ad1a6473_20260419_222727,1.0,10,5004,job
mining_ethash_proxy|3cac048c_20260825_000110,1.0,10,5004,job
mining_ethash_proxy|814335b9_20260421_020654,1.0,10,5004,job
mining_ethash_proxy|fad55191_20260421_015646,1.0,10,5004,job
nbody_sim|b9568c1a_20260413_033202,1.0,1,5004,job
nvlink_bandwidth|nvlink_bandwidth_gpu0_0eb88f,1.0,1,5004,job
nvlink_latency|nvlink_latency_gpu1_3ab445,0.0,1,5004,job
nvlink_p2p|7e14f65e_20260413_033435,1.0,1,5004,job
ppo_rlhf_r32_rep2|580ad642_20260804_172333,1.0,10,5004,job
pytorch_resnet_cifar10_amp_ext|a0c58ed2_20260420_203152,1.0,5,5004,job
pytorch_resnet_cifar10_amp|09c94605_20260412_222753,1.0,2,5004,job
pytorch_resnet_cifar10_amp|7184c09f_20260825_073235,1.0,1,5004,job
pytorch_resnet_cifar10_amp|fcd1f0dc_20260825_073317,1.0,1,5004,job
pytorch_resnet_cifar10_ext|d18ec4ea_20260421_011036,1.0,5,5004,job
pytorch_resnet_cifar10|1c3ed317_20260825_020430,1.0,1,5004,job
pytorch_training|1540ec8b_20260413_032737,1.0,1,5004,job
pytorch_training|2a94287a_20260413_032802,1.0,1,5004,job
rendering_proxy|c76a250c_20260412_224732,1.0,10,5004,job
scientific_hpc|2369d03f_20260413_033308,1.0,1,5004,job
symgemm_L0_fwd1_rep2|3c32c629_20260802_204034,1.0,10,5004,job
symgemm_L4_sgdfused_m8192_rep1|e3f3bb2f_20260802_184108,1.0,10,5004,job
symgemm_L4_sgdfused_m8192_rep2|b0c570a7_20260802_210254,1.0,10,5004,job
symgemm_L4_sgdfused_rep1|dbbf7955_20260802_174515,0.9,10,5004,job
symgemm_L4_sgdfused_rep4|8f5f5e11_20260802_225748,0.9,10,5004,job
symgemm_L5_adam_rep2|498da780_20260802_202923,1.0,10,5004,job
symgemm_L5_adam_rep4|b36d56ef_20260802_232008,1.0,10,5004,job
symgemm_decode_g256_rep2|4fc9bf1b_20260803_012205,1.0,10,5004,job
symgemm_idle|06d5a273_20260802_173910,0.0,10,5004,job
symgemm_ppo_fused_r8_rep3|be11f759_20260803_013316,1.0,10,5004,job
training_dual_gpu_dp|multi_gpu_telemetry_gpu0,1.0,2,5004,job
whitebox_diluted_3b_N1_1h|814de13f_20260728_005931,0.9,10,5004,job
whitebox_diluted_N10|8891b439_20260725_211051,1.0,10,5004,job
whitebox_diluted_N10|d7e25a80_20260725_203405,1.0,10,5004,job
whitebox_diluted_N20|d8b176f8_20260725_212116,1.0,10,5004,job
whitebox_inference_7b_1h|4bf42831_20260727_095532,0.8,10,5004,job
whitebox_inference_7b_2h|2c53509d_20260727_215058,0.9,10,5004,job
whitebox_inference|2c3fb377_20260725_205514,0.9,10,5004,job
whitebox_lora_1b_N1_1h|861a8dfb_20260727_173343,1.0,10,5004,job
whitebox_lora_3b_N1_rep2|71e45f69_20260728_030033,1.0,10,5004,job
whitebox_lora_7b_N500_long|43be1ab2_20260726_203116,1.0,10,5004,job
whitebox_lora_7b_pilot_N3|083f6968_20260726_120119,1.0,10,5004,job
whitebox_lora_7b_pilot_N8|a2326a19_20260726_130940,1.0,10,5004,job
adversarial_E_memory_minimal|bd61daeb_20260412_223016,1.0,10,5005,job
adversarial_G_clock_throttled|b38cd060_20260825_044459,1.0,10,5005,job
adversarial_G_clock_throttled|d64b14fc_20260825_045547,1.0,10,5005,job
adversarial_H_mimicry_cufft|49dbd077_20260412_223016,1.0,10,5005,job
adversarial_H_mimicry_cufft|8a52b6f9_20260825_052246,1.0,10,5005,job
adversarial_H_mimicry_cufft|bf336e54_20260825_051722,1.0,10,5005,job
adversarial_H_mimicry_mining|5ac32145_20260825_051158,1.0,10,5005,job
adversarial_I_stochastic_30|15190e45_20260725_234104,1.0,10,5005,job
adversarial_I_stochastic_30|5e185d96_20260412_053508,1.0,10,5005,job
adversarial_J_pid_75|4b39fbdf_20260825_060033,1.0,10,5005,job
adversarial_J_pid_75|ddd52b74_20260825_055509,1.0,10,5005,job
adversarial_K_ddp_accum_8|4e915a9d238b_20260412_065453,1.0,80,5005,job
adversarial_L_ddp_stagger_5|9018a40f5999_20260412_233540,1.0,80,5005,job
adversarial_L_diluted_10|2c305d90_20260725_232752,1.0,10,5005,job
adversarial_L_diluted_10|512934b1_20260412_054054,1.0,10,5005,job
adversarial_L_diluted_10|6ef8b233_20260412_231132,1.0,10,5005,job
adversarial_L_diluted_20|951bef7b_20260825_072130,0.9,10,5005,job
adversarial_L_diluted_20|c1b0e51f_20260825_071606,1.0,10,5005,job
adversarial_L_diluted_20|ee8eddb5_20260825_071042,1.0,10,5005,job
adversarial_L_diluted_5|478eaec5_20260412_223541,1.0,10,5005,job
bert_finetune|2a2a5f3e_20260413_032846,1.0,1,5005,job
bert_sst2_ext|d1b7b9e7_20260420_202822,1.0,3,5005,job
bert_sst2|0a64dc16_20260825_021827,1.0,1,5005,job
cufft_benchmark|15fa4bd9_20260413_033141,1.0,1,5005,job
cufft_benchmark|83e14a25_20260421_014638,1.0,10,5005,job
cufft_benchmark|a3a1b5b0_20260420_195136,1.0,10,5005,job
cufft_benchmark|ff25783f_20260413_033141,1.0,1,5005,job
cufft_hpc|cufft_hpc_c78372,1.0,1,5005,job
ddp_resnet18_cifar10|ce5c33bebcdd_20260412_060311,1.0,80,5005,job
ddp_resnet50_cifar10|3477d94c3a9e_20260412_060843,1.0,80,5005,job
fsdp_30b_adamw_nvlink|29f631dc5b8a_20260413_002943,1.0,80,5005,job
fsdp_30b_nvlink|cb97612d27e1_20260412_074413,1.0,70,5005,job
fsdp_70b_adamw|e53e253f883d_20260413_012859,0.8333333333333334,6,5005,job
fsdp_70b_nvlink|3e8e00c5f514_20260413_010753,1.0,80,5005,job
fsdp_70b_seqlen512|27c89ff855c9_20260413_012837,0.7125,80,5005,job
gpt2_wikitext2_ext|daa304a2_20260421_011634,1.0,6,5005,job
gpt2_wikitext2|3a8eee76_20260825_022139,1.0,2,5005,job
gpt2_wikitext2|917b93fb_20260412_224117,1.0,3,5005,job
idle|03110fa2_20260824_232519,1.0,7,5005,job
idle|9689d8b0_20260413_032720,1.0,1,5005,job
idle|b37a89ff_20260824_180358,1.0,7,5005,job
idle|b3e73340_20260419_233617,1.0,7,5005,job
idle|f26e1461_20260419_233413,1.0,7,5005,job
idle|f63d327d_20260421_013426,1.0,7,5005,job
inference|inference_8fd998,1.0,1,5005,job
llm_infer_deepseek_v3_tp8|30d7ed7e6e81_20260419_013711,0.9375,80,5005,job
llm_infer_deepseek_v3_tp8|f41d4d3c1247_20260419_014514,0.9,80,5005,job
llm_infer_mistral_7b_q4|85d8feff_20260419_215354,1.0,1,5005,job
llm_infer_mistral_7b_q4|d4a0ca97_20260419_215339,0.0,1,5005,job
llm_infer_mistral_7b_q4|eff20385_20260419_205907,1.0,1,5005,job
llm_infer_phi3_mini|cd6a5e78_20260419_212123,1.0,10,5005,job
llm_infer_phi3_mini|d0a32c71_20260419_213210,1.0,10,5005,job
llm_infer_qwen25_14b_fp16|0467d4a3_20260824_212608,1.0,10,5005,job
llm_infer_qwen25_14b_fp16|1eda1bef_20260824_213225,1.0,10,5005,job
llm_infer_qwen25_14b_fp16|200c729c_20260419_235621,1.0,10,5005,job
llm_infer_qwen25_32b_fp16|0e1acfb8_20260824_214418,1.0,10,5005,job
llm_infer_qwen25_32b_fp16|949b75e6_20260419_215643,1.0,10,5005,job
llm_infer_qwen25_32b_fp16|bb94db96_20260419_205955,1.0,1,5005,job
llm_infer_qwen25_32b_fp16|c89b4098_20260419_214232,0.6,10,5005,job
llm_infer_qwen25_3b_bs16|45cf0574_20260419_230842,1.0,10,5005,job
llm_infer_qwen25_3b_bs4|27632d17_20260420_214020,1.0,10,5005,job
llm_infer_qwen25_3b_bs4|acde3618_20260419_221540,1.0,10,5005,job
llm_infer_qwen25_3b|59a892fe_20260419_020238,1.0,10,5005,job
llm_infer_qwen25_3b|f36beab2_20260419_214818,1.0,10,5005,job
llm_infer_qwen25_72b_fp16|1d53cfd5_20260421_004034,1.0,10,5005,job
llm_infer_qwen25_72b_fp16|d793b310_20260421_003349,1.0,10,5005,job
llm_infer_qwen25_72b_fp8|4bc4cd75_20260420_234536,1.0,10,5005,job
llm_infer_qwen25_72b_tp2|173cf665d203_20260419_044434,1.0,10,5005,job
llm_infer_qwen25_7b_fp16|0c4a3bb2_20260824_212015,1.0,10,5005,job
llm_infer_qwen25_7b_fp16|4052c194_20260824_200842,1.0,10,5005,job
llm_infer_qwen25_7b_fp16|4f69bded_20260824_200743,1.0,1,5005,job
llm_infer_qwen25_7b_fp16|f6638e51_20260419_211613,1.0,10,5005,job
llm_infer_qwen25_7b_fp16|fff7de88_20260419_205924,1.0,1,5005,job
llm_infer_sdxl|81e16ec3_20260419_025634,1.0,10,5005,job
llm_infer_sdxl|827523c5_20260420_223333,1.0,10,5005,job
llm_infer_tinyllama_bs8|43f9b961_20260420_221242,1.0,10,5005,job
llm_infer_tinyllama_bs8|ce7d83fd_20260419_022445,1.0,10,5005,job
llm_infer_tinyllama_seq4096|bf1e9e48_20260419_030704,1.0,10,5005,job
llm_infer_tinyllama_seq4096|eac7968c_20260419_224733,1.0,10,5005,job
llm_infer_vit_l_bs64|38e37d2f_20260419_034355,1.0,10,5005,job
llm_infer_vit_l_bs64|a2d462c4_20260420_225947,1.0,10,5005,job
llm_train_mistral_7b_lora|b31642c6_20260419_231627,0.8,10,5005,job
llm_train_mistral_7b_lora|e954b9ae_20260824_231951,1.0,10,5005,job
llm_train_qwen25_3b_lora|46b96f38_20260419_224930,1.0,10,5005,job
llm_train_qwen25_3b_lora|e8114b07_20260419_225441,1.0,10,5005,job
nbody_sim|nbody_sim_c0054d,1.0,1,5005,job
nbody_sim|nbody_sim_d50046,1.0,1,5005,job
nvlink_bandwidth|nvlink_bandwidth_gpu0_ef7777,1.0,1,5005,job
nvlink_p2p|7e14f65e_20260413_033435,1.0,1,5005,job
nvlink_p2p|858acb89_20260413_033414,1.0,1,5005,job
ppo_rlhf_r32_rep2|580ad642_20260804_172333,0.6,10,5005,job
ppo_rlhf_r32_rep3|9c5afa29_20260804_174554,0.8,10,5005,job
ppo_rlhf_r8_rep1|6394bf01_20260804_164958,1.0,10,5005,job
ppo_rlhf_r8_rep3|5a1e4c08_20260804_173443,1.0,10,5005,job
pytorch_mlp_cifar10_ext|22ac55c7_20260420_203325,1.0,10,5005,job
pytorch_mlp_cifar10_ext|91abd671_20260420_204403,1.0,10,5005,job
pytorch_mlp_cifar10|2cd679aa_20260412_224117,1.0,2,5005,job
pytorch_mlp_cifar10|4c4e6778_20260825_021431,1.0,1,5005,job
pytorch_resnet_cifar10_amp|09c94605_20260412_222753,1.0,2,5005,job
pytorch_resnet_cifar10_amp|7e69c6dd_20260825_021041,1.0,1,5005,job
pytorch_resnet_cifar10_amp|a2af05e4_20260825_020701,1.0,1,5005,job
pytorch_resnet_cifar10|30653101_20260412_231132,1.0,3,5005,job
pytorch_resnet_cifar10|71c3cb1a_20260825_020519,1.0,1,5005,job
rendering_proxy|307d16fe_20260825_032515,1.0,10,5005,job
rendering_proxy|5278c256_20260412_232321,0.9,10,5005,job
rendering_proxy|630b9e74_20260825_034601,1.0,10,5005,job
rendering_proxy|c76a250c_20260412_224732,0.9,10,5005,job
resnet50_inference|d45705f9_20260412_231705,0.0,10,5005,job
resnet_amp|resnet_amp_cc435c,1.0,1,5005,job
resnet_fp32|resnet_fp32_f7ebcf,1.0,1,5005,job
symgemm_L0_fwd1_rep2|3c32c629_20260802_204034,1.0,10,5005,job
symgemm_L1_fwd3_rep3|956006bf_20260802_221307,1.0,10,5005,job
symgemm_L3_graddiscard_rep1|f12dea2b_20260802_182955,0.8,10,5005,job
symgemm_L4_sgdfused_rep1|dbbf7955_20260802_174515,0.8,10,5005,job
symgemm_L4_sgdfused_rep3|719fe5b8_20260802_220158,0.5,10,5005,job
symgemm_L5_adam_rep3|f1871cc2_20260802_222417,1.0,10,5005,job
symgemm_decode_g256_rep2|4fc9bf1b_20260803_012205,1.0,10,5005,job
training_dual_gpu_dp|multi_gpu_telemetry_gpu0,0.5,2,5005,job
training_single_gpu|training_single_gpu_gpu0_4f9586,1.0,1,5005,job
training_single_gpu|training_single_gpu_gpu1_552ff1,0.0,1,5005,job
whitebox_diluted_N10|8891b439_20260725_211051,1.0,10,5005,job
whitebox_diluted_N10|d7e25a80_20260725_203405,1.0,10,5005,job
whitebox_diluted_N10|e6a6ba30_20260725_195717,1.0,10,5005,job
whitebox_diluted_N20|6305ed40_20260725_204431,1.0,10,5005,job
whitebox_lora_7b_N1_1h|d26abcf1_20260727_110823,1.0,10,5005,job
whitebox_lora_7b_pilot_N6|13c5d8f6_20260726_123856,1.0,10,5005,job
whitebox_lora_N10_long|58e5a6e6_20260724_215116,1.0,10,5005,job
whitebox_lora_N20|7d319b8f_20260725_201255,1.0,10,5005,job
whitebox_lora_N5|25cd8989_20260725_195205,1.0,10,5005,job
whitebox_oracle_7b_long|dd20b782_20260726_181838,1.0,10,5005,job
adversarial_E_memory_minimal|c443df01_20260825_035624,1.0,10,5006,job
adversarial_F_interleave_30|df47671a_20260825_041800,1.0,10,5006,job
adversarial_F_interleave_30|ff338fa1_20260412_230551,1.0,10,5006,job
adversarial_F_interleave_50|4cde77c0_20260726_003313,1.0,10,5006,job
adversarial_G_clock_throttled|26e4120c_20260825_045023,1.0,10,5006,job
adversarial_G_clock_throttled|8a017bab_20260412_223016,1.0,10,5006,job
adversarial_H_mimicry_mining|bf6e3698_20260413_011721,1.0,10,5006,job
adversarial_I_stochastic_30|d13c6696_20260825_054421,1.0,10,5006,job
adversarial_K_ddp_accum_4|b28bb647b0ef_20260412_234110,1.0,80,5006,job
adversarial_K_online_learning|5e90b4fe_20260412_223541,1.0,10,5006,job
adversarial_K_online_learning|cff6d675_20260825_061644,1.0,10,5006,job
adversarial_L_ddp_10|740abd236207_20260413_000621,1.0,80,5006,job
adversarial_L_ddp_5|eb1c85843b4a_20260412_062919,1.0,80,5006,job
adversarial_L_ddp_stagger_5|9018a40f5999_20260412_233540,1.0,80,5006,job
adversarial_L_diluted_10_mw8|51a40fcc_20260726_171309,1.0,10,5006,job
adversarial_L_diluted_10|03656a60_20260825_065954,1.0,10,5006,job
adversarial_L_diluted_10|2c305d90_20260725_232752,1.0,10,5006,job
adversarial_L_diluted_20|02cfd70b_20260412_231132,1.0,10,5006,job
adversarial_L_diluted_20|2a9e51e9_20260725_235723,1.0,10,5006,job
adversarial_L_diluted_2|07fb94ee_20260412_054054,1.0,10,5006,job
adversarial_L_diluted_2|0e8e28c2_20260825_062208,1.0,10,5006,job
adversarial_L_diluted_2|316523f7_20260412_231132,1.0,10,5006,job
adversarial_L_diluted_2|354119ef_20260412_223541,1.0,10,5006,job
adversarial_L_diluted_5|478eaec5_20260412_223541,1.0,10,5006,job
adversarial_L_diluted_5|8f922c0f_20260825_064343,1.0,10,5006,job
batch_size_sweep_dp|batch_size_sweep_dp_gpu0_2c05fa,1.0,1,5006,job
bert_sst2_amp|dd87fb92_20260412_222753,1.0,1,5006,job
bert_sst2|4a0aab7a_20260825_021739,1.0,1,5006,job
bert_sst2|675c6c84_20260412_222753,1.0,2,5006,job
cufft_benchmark|227faa64_20260413_033119,1.0,1,5006,job
cufft_benchmark|83e14a25_20260421_014638,1.0,10,5006,job
cufft_hpc|cufft_hpc_c78372,1.0,1,5006,job
cufft_hpc|cufft_hpc_e7ea4b,1.0,1,5006,job
ddp_resnet18_cifar10_amp|95f2a16cc1a5_20260412_234616,1.0,80,5006,job
ddp_resnet18_cifar10|a76b540db268_20260412_233502,1.0,80,5006,job
fsdp_13b_nvlink|0b39d5a9bdb4_20260413_003641,1.0,80,5006,job
fsdp_30b_adamw_nvlink|29f631dc5b8a_20260413_002943,0.5375,80,5006,job
fsdp_30b_nvlink|cb97612d27e1_20260412_074413,1.0,70,5006,job
fsdp_70b_adamw|e53e253f883d_20260413_012859,0.5,6,5006,job
fsdp_70b_adamw|e53e253f883d_20260413_012900,1.0,2,5006,job
fsdp_70b_nvlink|15cced21b9b1_20260413_012238,1.0,8,5006,job
fsdp_70b_nvlink|3e8e00c5f514_20260413_010753,1.0,80,5006,job
fsdp_70b_seqlen512|27c89ff855c9_20260413_012837,0.35,80,5006,job
gpt2_finetune|eb4a005e_20260413_032908,0.0,1,5006,job
gpt2_wikitext2_amp_ext|f609adef_20260420_203807,1.0,2,5006,job
gpt2_wikitext2_amp|62c86ac7_20260412_222753,1.0,2,5006,job
gpt2_wikitext2_ext|7a20f073_20260420_204656,1.0,6,5006,job
gpt2_wikitext2_ext|ab0d938a_20260420_203614,1.0,6,5006,job
gpt2_wikitext2|60a1ee17_20260825_022027,1.0,2,5006,job
idle|5edd7d6c_20260413_032703,1.0,1,5006,job
idle|9689d8b0_20260413_032720,1.0,1,5006,job
idle|dd455a95_20260824_171422,1.0,7,5006,job
idle|f26e1461_20260419_233413,0.7142857142857143,7,5006,job
idle|f63d327d_20260421_013426,1.0,7,5006,job
llm_infer_mistral_7b_q4|1039bea2_20260825_074800,1.0,10,5006,job
llm_infer_mistral_7b_q4|199b8710_20260825_074125,0.9,10,5006,job
llm_infer_mistral_7b_q4|1aa4e562_20260825_004332,0.9,10,5006,job
llm_infer_mistral_7b_q4|85d8feff_20260419_215354,1.0,1,5006,job
llm_infer_mistral_7b_q4|8bb0be41_20260420_015335,1.0,1,5006,job
llm_infer_mistral_7b_q4|9e359ed7_20260825_003757,0.9,10,5006,job
llm_infer_mistral_7b_q4|b8b0e618_20260420_005449,1.0,10,5006,job
llm_infer_mistral_7b_q4|dc6bbdac_20260420_010008,1.0,10,5006,job
llm_infer_mistral_7b_q4|eff20385_20260419_205907,1.0,1,5006,job
llm_infer_mixtral_8x7b|7c6d4b81_20260421_000537,1.0,10,5006,job
llm_infer_phi3_mini|d0a32c71_20260419_213210,1.0,10,5006,job
llm_infer_phi3_mini|e0bd0272_20260419_212652,1.0,10,5006,job
llm_infer_qwen25_14b_fp16|1eda1bef_20260824_213225,1.0,10,5006,job
llm_infer_qwen25_14b_fp16|200c729c_20260419_235621,1.0,10,5006,job
llm_infer_qwen25_14b_fp16|e481b484_20260419_234859,1.0,10,5006,job
llm_infer_qwen25_32b_fp16|bb94db96_20260419_205955,1.0,1,5006,job
llm_infer_qwen25_3b_bs16|3d9be7b5_20260419_033318,1.0,10,5006,job
llm_infer_qwen25_3b_bs16|45cf0574_20260419_230842,1.0,10,5006,job
llm_infer_qwen25_3b_bs16|dfe991b8_20260420_215605,1.0,10,5006,job
llm_infer_qwen25_3b_bs4|16c726fc_20260419_222104,1.0,10,5006,job
llm_infer_qwen25_3b_bs4|aa80c128_20260420_213501,1.0,10,5006,job
llm_infer_qwen25_3b|59a892fe_20260419_020238,1.0,10,5006,job
llm_infer_qwen25_72b_fp16|1d53cfd5_20260421_004034,1.0,10,5006,job
llm_infer_qwen25_72b_fp16|aaa06495_20260421_002643,1.0,10,5006,job
llm_infer_qwen25_72b_fp8|b39fa450_20260419_042425,1.0,10,5006,job
llm_infer_qwen25_72b_tp2|d667bcd68796_20260419_045202,1.0,20,5006,job
llm_infer_qwen25_7b_fp16|0c4a3bb2_20260824_212015,1.0,10,5006,job
llm_infer_qwen25_7b_fp16|4052c194_20260824_200842,0.9,10,5006,job
llm_infer_qwen25_7b_fp16|4f69bded_20260824_200743,1.0,1,5006,job
llm_infer_qwen25_7b_fp16|5ff414f8_20260419_211038,1.0,10,5006,job
llm_infer_sdxl|212903bb_20260420_223849,1.0,10,5006,job
llm_infer_sdxl|3761f92b_20260419_223705,1.0,10,5006,job
llm_infer_tinyllama_bs8|efe8ddc5_20260419_021922,0.9,10,5006,job
llm_infer_tinyllama_bs8|fd185e9d_20260420_220729,1.0,10,5006,job
llm_infer_tinyllama_seq4096|72177ae6_20260419_031218,1.0,10,5006,job
llm_infer_tinyllama_seq4096|ac0a588a_20260419_031732,1.0,10,5006,job
llm_infer_tinyllama_seq4096|ff9add28_20260419_224220,1.0,10,5006,job
llm_infer_vit_l_bs64|fde5cf55_20260420_225435,1.0,10,5006,job
llm_train_mistral_7b_lora|e2b30e58_20260419_232842,1.0,10,5006,job
llm_train_phi3_mini_lora|38657ab0_20260419_231116,1.0,10,5006,job
llm_train_phi3_mini_lora|48da72bf_20260824_230320,1.0,10,5006,job
llm_train_qwen25_3b_lora|66980709_20260824_223555,1.0,10,5006,job
mining_ethash_proxy|814335b9_20260421_020654,1.0,10,5006,job
mining_ethash_proxy|b6f2e520_20260825_001133,1.0,10,5006,job
nbody_sim|bf32f0fa_20260413_033224,1.0,1,5006,job
nvlink_p2p|927418b1_20260413_033435,1.0,1,5006,job
pytorch_resnet_cifar10_amp|73475ab0_20260412_231132,1.0,4,5006,job
pytorch_resnet_cifar10_amp|bc16a2c3_20260825_020856,1.0,1,5006,job
pytorch_resnet_cifar10_ext|76d6663a_20260420_203006,1.0,6,5006,job
pytorch_resnet_cifar10|1c3ed317_20260825_020430,1.0,1,5006,job
pytorch_training|1b83c94e_20260413_032802,1.0,1,5006,job
pytorch_training|2a94287a_20260413_032802,1.0,1,5006,job
resnet50_inference|f65b4403_20260413_033014,0.0,1,5006,job
resnet_fp32|resnet_fp32_b4973a,1.0,1,5006,job
resnet_fp32|resnet_fp32_d1d694,1.0,1,5006,job
symgemm_L0_fwd1_rep4|03ed95b1_20260802_233118,1.0,10,5006,job
symgemm_L3_graddiscard_rep3|3abcefec_20260802_224637,1.0,10,5006,job
symgemm_L4_sgdfused_m8192_rep1|e3f3bb2f_20260802_184108,0.9,10,5006,job
symgemm_L4_sgdfused_rep2|a86d6744_20260802_200703,0.9,10,5006,job
symgemm_L4_sgdfused_rep3|719fe5b8_20260802_220158,0.9,10,5006,job
symgemm_ppo_fused_r8_rep3|be11f759_20260803_013316,1.0,10,5006,job
training_dual_gpu_dp|training_dual_gpu_dp_gpu1_d95db4,0.0,1,5006,job
whitebox_diluted_N10|e6a6ba30_20260725_195717,1.0,10,5006,job
whitebox_diluted_N5|e9df56b8_20260725_202339,1.0,10,5006,job
whitebox_diluted_N5|eaaa7663_20260725_210026,1.0,10,5006,job
whitebox_inference_7b_rep3|62149f64_20260728_050902,0.8,10,5006,job
whitebox_inference|3d92903b_20260725_201826,0.9,10,5006,job
whitebox_lora_7b_N3_1h|1291fbf0_20260727_132029,1.0,10,5006,job
whitebox_lora_7b_pilot_N6|13c5d8f6_20260726_123856,1.0,10,5006,job
whitebox_lora_7b_pilot_N7|b7b290a9_20260726_125420,1.0,10,5006,job
whitebox_lora_N10|00ea9b4c_20260725_211603,1.0,10,5006,job
whitebox_lora_N10|12837863_20260725_200230,1.0,10,5006,job
whitebox_lora_N20|7d319b8f_20260725_201255,1.0,10,5006,job
whitebox_lora_N5|25cd8989_20260725_195205,1.0,10,5006,job
whitebox_lora_N5|5d8cb134_20260725_210538,1.0,10,5006,job
whitebox_lora_N5|de90ed7d_20260725_202852,1.0,10,5006,job
adversarial_F_interleave_30|314da66d_20260412_053508,1.0,1,5007,job
adversarial_G_clock_throttled|d38b3081_20260412_053508,0.9,10,5007,job
adversarial_H_mimicry_cufft|983fad80_20260412_053508,0.0,1,5007,job
adversarial_H_mimicry_mining|30dc1b59_20260412_053508,0.0,1,5007,job
adversarial_I_stochastic_30|650fb51f_20260412_223016,0.9,10,5007,job
adversarial_J_pid_75|94ea2465_20260825_054945,1.0,10,5007,job
adversarial_J_pid_75|e3f49bde_20260412_223016,1.0,10,5007,job
adversarial_K_ddp_accum_8|036fb65cffea_20260413_002258,1.0,80,5007,job
adversarial_K_ddp_accum_8|73431dec5f44_20260412_234640,1.0,80,5007,job
adversarial_K_ddp|2b7d13785ecf_20260412_231725,1.0,80,5007,job
adversarial_K_online_learning|3ca87735_20260825_060556,1.0,10,5007,job
adversarial_K_online_learning|cff6d675_20260825_061644,1.0,10,5007,job
adversarial_L_diluted_10_mw8|2a0a1abb_20260726_170758,1.0,10,5007,job
adversarial_L_diluted_10|6ef8b233_20260412_231132,1.0,10,5007,job
adversarial_L_diluted_10|d4cc031f_20260726_001456,1.0,10,5007,job
adversarial_L_diluted_200_mw8|fd4fadc3_20260726_171819,1.0,10,5007,job
adversarial_L_diluted_20|405a7452_20260412_223541,1.0,10,5007,job
adversarial_L_diluted_20|c504ec15_20260726_002055,1.0,10,5007,job
adversarial_L_diluted_2|9a292575_20260825_063255,1.0,10,5007,job
adversarial_L_diluted_5|478eaec5_20260412_223541,1.0,10,5007,job
adversarial_L_diluted_5|5e0891fb_20260412_054054,1.0,10,5007,job
adversarial_training|0ff8862b_20260413_033352,1.0,1,5007,job
adversarial_training|33aa4cb4_20260413_033352,1.0,1,5007,job
bert_sst2_ext|39b13cda_20260420_203906,1.0,3,5007,job
bert_sst2|0a64dc16_20260825_021827,1.0,1,5007,job
bert_sst2|19873577_20260412_224117,1.0,1,5007,job
bert_sst2|906cb48d_20260825_021650,0.0,1,5007,job
cufft_benchmark|38fd661e_20260419_235032,1.0,10,5007,job
cufft_benchmark|540552ce_20260824_234024,1.0,10,5007,job
cufft_benchmark|83e14a25_20260421_014638,1.0,10,5007,job
cufft_benchmark|a3a1b5b0_20260420_195136,1.0,10,5007,job
ddp_resnet18_cifar10|a76b540db268_20260412_233502,1.0,80,5007,job
ddp_resnet50_cifar10|c83757ac5731_20260412_230440,1.0,80,5007,job
fsdp_13b_nvlink|943b54f5deb5_20260412_071300,1.0,80,5007,job
fsdp_70b_adamw|e53e253f883d_20260413_012859,1.0,6,5007,job
fsdp_7b_nvlink|a2f8d14a4ed2_20260413_003114,1.0,80,5007,job
gpt2_finetune|eb4a005e_20260413_032908,1.0,1,5007,job
gpt2_wikitext2_amp|62c86ac7_20260412_222753,1.0,2,5007,job
gpt2_wikitext2_ext|7a20f073_20260420_204656,1.0,6,5007,job
gpt2_wikitext2|917b93fb_20260412_224117,1.0,3,5007,job
idle|d840e0b6_20260824_171640,1.0,7,5007,job
idle|f26e1461_20260419_233413,0.8571428571428571,7,5007,job
idle|idle_96fcac,1.0,1,5007,job
idle|idle_e3e53d,1.0,1,5007,job
inference|inference_986d16,1.0,1,5007,job
llm_infer_mistral_7b_q4|1039bea2_20260825_074800,1.0,10,5007,job
llm_infer_mistral_7b_q4|143e0113_20260419_220838,1.0,1,5007,job
llm_infer_mistral_7b_q4|85d8feff_20260419_215354,1.0,1,5007,job
llm_infer_mistral_7b_q4|b8b0e618_20260420_005449,1.0,10,5007,job
llm_infer_mistral_7b_q4|dc6bbdac_20260420_010008,1.0,10,5007,job
llm_infer_mistral_7b_q4|e81dfe47_20260420_015946,1.0,10,5007,job
llm_infer_mixtral_8x7b|d574e683_20260419_041135,1.0,10,5007,job
llm_infer_phi3_mini|4d756fdb_20260419_014632,1.0,10,5007,job
llm_infer_phi3_mini|52a2bd28_20260420_210319,1.0,10,5007,job
llm_infer_phi3_mini|745171c6_20260419_015720,1.0,10,5007,job
llm_infer_phi3_mini|aafcc35f_20260419_015203,1.0,10,5007,job
llm_infer_phi3_mini|e0bd0272_20260419_212652,1.0,10,5007,job
llm_infer_phi3_mini|e7151e88_20260420_205129,1.0,10,5007,job
llm_infer_qwen25_14b_fp16|1eda1bef_20260824_213225,1.0,10,5007,job
llm_infer_qwen25_14b_fp16|200c729c_20260419_235621,1.0,10,5007,job
llm_infer_qwen25_14b_fp16|c2bcc1e0_20260419_213116,1.0,10,5007,job
llm_infer_qwen25_32b_fp16|949b75e6_20260419_215643,1.0,10,5007,job
llm_infer_qwen25_32b_fp16|a14ebdea_20260824_215053,1.0,10,5007,job
llm_infer_qwen25_32b_fp16|cbe6294b_20260824_215701,1.0,10,5007,job
llm_infer_qwen25_3b_bs4|27632d17_20260420_214020,1.0,10,5007,job
llm_infer_qwen25_3b_bs4|a3bb4757_20260419_221022,1.0,10,5007,job
llm_infer_qwen25_3b_bs4|acde3618_20260419_221540,1.0,10,5007,job
llm_infer_qwen25_3b|7de76a76_20260420_211352,1.0,10,5007,job
llm_infer_qwen25_3b|b3849090_20260419_213727,1.0,10,5007,job
llm_infer_qwen25_3b|f36beab2_20260419_214818,1.0,10,5007,job
llm_infer_qwen25_72b_fp16|1d53cfd5_20260421_004034,1.0,10,5007,job
llm_infer_qwen25_72b_fp16|aaa06495_20260421_002643,1.0,10,5007,job
llm_infer_qwen25_72b_fp8|b39fa450_20260419_042425,1.0,10,5007,job
llm_infer_qwen25_7b_fp16|0c4a3bb2_20260824_212015,1.0,10,5007,job
llm_infer_qwen25_7b_fp16|4f69bded_20260824_200743,1.0,1,5007,job
llm_infer_qwen25_7b_fp16|abd7cc9c_20260420_230458,1.0,10,5007,job
llm_infer_qwen25_7b_fp16|c98d90af_20260420_231133,1.0,10,5007,job
llm_infer_qwen25_7b_fp16|fff7de88_20260419_205924,1.0,1,5007,job
llm_infer_sdxl|3761f92b_20260419_223705,0.8,10,5007,job
llm_infer_sdxl|81d0af5a_20260419_030149,1.0,10,5007,job
llm_infer_sdxl|f3c09865_20260419_025108,0.9,10,5007,job
llm_infer_tinyllama_bs8|0c587cbd_20260419_022959,1.0,10,5007,job
llm_infer_tinyllama_seq4096|367c872f_20260420_222307,1.0,10,5007,job
llm_infer_tinyllama_seq4096|72177ae6_20260419_031218,1.0,10,5007,job
llm_infer_tinyllama_seq4096|eac7968c_20260419_224733,1.0,10,5007,job
llm_infer_vit_l_bs64|38e37d2f_20260419_034355,1.0,10,5007,job
llm_train_mistral_7b_lora|e2b30e58_20260419_232842,1.0,10,5007,job
llm_train_mistral_7b_lora|f79dbad9_20260824_230849,1.0,10,5007,job
llm_train_smollm2_1p7b_lora|4124c198_20260824_222500,0.9,10,5007,job
mining_ethash_proxy|304ec693_20260420_003055,1.0,10,5007,job
mining_ethash_proxy|59292457_20260420_001044,1.0,10,5007,job
mining_ethash_proxy|8c86200c_20260412_232321,1.0,10,5007,job
mining_ethash_proxy|b6f2e520_20260825_001133,1.0,10,5007,job
nvlink_bandwidth|nvlink_bandwidth_gpu0_ef7777,0.0,1,5007,job
nvlink_bandwidth|nvlink_bandwidth_gpu1_30ea2a,0.0,1,5007,job
ppo_rlhf_r32_rep3|9c5afa29_20260804_174554,1.0,10,5007,job
pytorch_mlp_cifar10|2cd679aa_20260412_224117,1.0,2,5007,job
pytorch_resnet_cifar10_amp_ext|0e16abc8_20260420_204227,1.0,5,5007,job
pytorch_resnet_cifar10_amp|7184c09f_20260825_073235,1.0,1,5007,job
pytorch_resnet_cifar10_amp|964987b7_20260825_021328,1.0,1,5007,job
pytorch_resnet_cifar10_amp|f1be0dfb_20260825_020609,1.0,1,5007,job
pytorch_resnet_cifar10_ext|41c19de5_20260420_204048,1.0,5,5007,job
pytorch_resnet_cifar10|94104fc8_20260412_223541,1.0,2,5007,job
pytorch_training|1b83c94e_20260413_032802,1.0,1,5007,job
resnet50_inference|277c9073_20260825_023315,1.0,10,5007,job
resnet_amp|resnet_amp_efa494,1.0,1,5007,job
resnet_fp32|resnet_fp32_f7ebcf,1.0,1,5007,job
symgemm_L4_sgdfused_m8192_rep1|e3f3bb2f_20260802_184108,1.0,10,5007,job
symgemm_L4_sgdfused_rep4|8f5f5e11_20260802_225748,0.8,10,5007,job
symgemm_L5_adam_rep1|24f173d4_20260802_180735,1.0,10,5007,job
symgemm_L5_adam_rep2|498da780_20260802_202923,1.0,10,5007,job
symgemm_L5_adam_rep4|b36d56ef_20260802_232008,1.0,10,5007,job
symgemm_idle|06d5a273_20260802_173910,0.8,10,5007,job
training_dual_gpu_dp|multi_gpu_telemetry_gpu0,0.5,2,5007,job
training_dual_gpu_dp|training_dual_gpu_dp_gpu1_d95db4,1.0,1,5007,job
training_single_gpu|training_single_gpu_gpu0_199317,1.0,1,5007,job
training_single_gpu|training_single_gpu_gpu1_a2ce5b,0.0,1,5007,job
whitebox_diluted_3b_N1_1h|814de13f_20260728_005931,0.9,10,5007,job
whitebox_diluted_N10|d7e25a80_20260725_203405,1.0,10,5007,job
whitebox_diluted_N20|d8b176f8_20260725_212116,1.0,10,5007,job
whitebox_diluted_N5|eaaa7663_20260725_210026,1.0,10,5007,job
whitebox_inference_1b_matched|c6927996_20260728_061814,0.8,10,5007,job
whitebox_inference_3b_rep2|92741c8b_20260728_020004,0.9,10,5007,job
whitebox_inference_7b_1h|4bf42831_20260727_095532,0.7,10,5007,job
whitebox_inference_7b_2h|2c53509d_20260727_215058,0.9,10,5007,job
whitebox_inference_long|877db838_20260725_055129,0.9,10,5007,job
whitebox_lora_7b_N3_1h|1291fbf0_20260727_132029,1.0,10,5007,job
whitebox_lora_7b_pilot_N3|083f6968_20260726_120119,1.0,10,5007,job
whitebox_lora_7b_pilot_N6|13c5d8f6_20260726_123856,1.0,10,5007,job
whitebox_lora_7b_pilot_N7|b7b290a9_20260726_125420,1.0,10,5007,job
adversarial_E_memory_minimal|7b692854_20260412_053508,1.0,10,5008,job
adversarial_F_interleave_30|314da66d_20260412_053508,1.0,1,5008,job
adversarial_F_interleave_30|42e0d626_20260412_223016,1.0,10,5008,job
adversarial_G_clock_throttled|26e4120c_20260825_045023,1.0,10,5008,job
adversarial_G_clock_throttled|d64b14fc_20260825_045547,1.0,10,5008,job
adversarial_H_mimicry_cufft|49dbd077_20260412_223016,1.0,10,5008,job
adversarial_H_mimicry_cufft|bf336e54_20260825_051722,1.0,10,5008,job
adversarial_H_mimicry_cufft|ce9f5c9f_20260412_230551,1.0,1,5008,job
adversarial_H_mimicry_mining|bf6e3698_20260413_011721,1.0,10,5008,job
adversarial_I_stochastic_30|1319ffe7_20260726_002804,1.0,10,5008,job
adversarial_I_stochastic_30|3978f906_20260825_053334,1.0,10,5008,job
adversarial_I_stochastic_30|5e185d96_20260412_053508,1.0,10,5008,job
adversarial_K_ddp_accum_4|6e24c995c923_20260412_064737,1.0,80,5008,job
adversarial_K_ddp_accum_8|73431dec5f44_20260412_234640,1.0,80,5008,job
adversarial_K_online_learning|5e90b4fe_20260412_223541,1.0,10,5008,job
adversarial_K_online_learning|901b510d_20260825_061120,1.0,10,5008,job
adversarial_K_online_learning|cff6d675_20260825_061644,1.0,10,5008,job
adversarial_L_ddp_5|eb1c85843b4a_20260412_062919,1.0,80,5008,job
adversarial_L_diluted_200_mw8|a38a444f_20260726_174828,1.0,10,5008,job
adversarial_L_diluted_20|25326617_20260725_233354,1.0,10,5008,job
adversarial_L_diluted_20|2a9e51e9_20260725_235723,1.0,10,5008,job
adversarial_L_diluted_2|463541b6_20260825_062731,1.0,10,5008,job
adversarial_L_diluted_5|5e0891fb_20260412_054054,1.0,10,5008,job
adversarial_training|b1c5e184_20260413_033330,0.0,1,5008,job
bert_finetune|9311265c_20260413_032824,0.0,1,5008,job
bert_sst2_ext|49545bf6_20260420_204947,1.0,3,5008,job
bert_sst2|906cb48d_20260825_021650,1.0,1,5008,job
cufft_benchmark|83e14a25_20260421_014638,1.0,10,5008,job
cufft_benchmark|a3a1b5b0_20260420_195136,1.0,10,5008,job
cufft_benchmark|f97558fa_20260412_231705,1.0,10,5008,job
fsdp_13b_nvlink|0b39d5a9bdb4_20260413_003641,1.0,80,5008,job
fsdp_13b_nvlink|943b54f5deb5_20260412_071300,1.0,80,5008,job
fsdp_70b_adamw|e53e253f883d_20260413_012859,1.0,6,5008,job
fsdp_70b_seqlen512|27c89ff855c9_20260413_012837,0.525,80,5008,job
gpt2_wikitext2_amp|025c9b24_20260412_224117,1.0,1,5008,job
gpt2_wikitext2_amp|f2bd8e13_20260412_231705,1.0,2,5008,job
gpt2_wikitext2_ext|ab0d938a_20260420_203614,1.0,6,5008,job
gpt2_wikitext2|3a8eee76_20260825_022139,0.5,2,5008,job
idle|3a7e56ce_20260412_223541,1.0,7,5008,job
idle|9d362947_20260419_233822,1.0,7,5008,job
idle|b37a89ff_20260824_180358,1.0,7,5008,job
idle|idle_e3e53d,1.0,1,5008,job
inference|inference_986d16,1.0,1,5008,job
llm_infer_mistral_7b_q4|0546326b_20260420_015345,1.0,1,5008,job
llm_infer_mistral_7b_q4|143e0113_20260419_220838,1.0,1,5008,job
llm_infer_mistral_7b_q4|8bb0be41_20260420_015335,1.0,1,5008,job
llm_infer_mistral_7b_q4|b0506bd3_20260419_205916,1.0,1,5008,job
llm_infer_mixtral_8x7b|2136c735_20260421_001254,1.0,10,5008,job
llm_infer_mixtral_8x7b|74ae4709_20260421_001937,1.0,10,5008,job
llm_infer_phi3_mini|745171c6_20260419_015720,1.0,10,5008,job
llm_infer_phi3_mini|e7151e88_20260420_205129,1.0,10,5008,job
llm_infer_qwen25_14b_fp16|2e76122c_20260419_212144,0.6,10,5008,job
llm_infer_qwen25_32b_fp16|08c0cbfe_20260420_001804,1.0,10,5008,job
llm_infer_qwen25_32b_fp16|097ee7e4_20260420_002519,1.0,10,5008,job
llm_infer_qwen25_32b_fp16|c89b4098_20260419_214232,0.4,10,5008,job
llm_infer_qwen25_32b_fp16|cbe6294b_20260824_215701,1.0,10,5008,job
llm_infer_qwen25_3b_bs16|3d9be7b5_20260419_033318,1.0,10,5008,job
llm_infer_qwen25_3b_bs16|ee6ca6af_20260420_214537,1.0,10,5008,job
llm_infer_qwen25_3b_bs4|a3bb4757_20260419_221022,1.0,10,5008,job
llm_infer_qwen25_3b_bs4|dbfd03f1_20260419_023515,1.0,10,5008,job
llm_infer_qwen25_3b|59a892fe_20260419_020238,1.0,10,5008,job
llm_infer_qwen25_3b|b3849090_20260419_213727,1.0,10,5008,job
llm_infer_qwen25_3b|f36beab2_20260419_214818,1.0,10,5008,job
llm_infer_qwen25_72b_fp16|1d53cfd5_20260421_004034,1.0,10,5008,job
llm_infer_qwen25_72b_fp8|b39fa450_20260419_042425,1.0,10,5008,job
llm_infer_qwen25_72b_tp2|173cf665d203_20260419_044434,1.0,10,5008,job
llm_infer_qwen25_7b_fp16|58527b11_20260419_232945,0.8,10,5008,job
llm_infer_qwen25_7b_fp16|5ff414f8_20260419_211038,1.0,10,5008,job
llm_infer_qwen25_7b_fp16|8c50624a_20260824_211339,1.0,10,5008,job
llm_infer_qwen25_7b_fp16|a694acd9_20260419_210256,0.7,10,5008,job
llm_infer_qwen25_7b_fp16|c98d90af_20260420_231133,1.0,10,5008,job
llm_infer_qwen25_7b_fp16|f6638e51_20260419_211613,1.0,10,5008,job
llm_infer_tinyllama_bs8|00313478_20260419_215951,1.0,10,5008,job
llm_infer_tinyllama_bs8|bcad42c3_20260419_220507,1.0,10,5008,job
llm_infer_tinyllama_bs8|fd185e9d_20260420_220729,1.0,10,5008,job
llm_infer_tinyllama_seq4096|026a1f9a_20260420_221753,1.0,10,5008,job
llm_infer_tinyllama_seq4096|0b0351ce_20260420_222819,1.0,10,5008,job
llm_infer_tinyllama_seq4096|ac0a588a_20260419_031732,1.0,10,5008,job
llm_infer_tinyllama_seq4096|bf1e9e48_20260419_030704,1.0,10,5008,job
llm_infer_tinyllama_seq4096|ff9add28_20260419_224220,1.0,10,5008,job
llm_infer_vit_l_bs64|38e37d2f_20260419_034355,1.0,10,5008,job
llm_infer_vit_l_bs64|9c5aafb1_20260419_232432,1.0,10,5008,job
llm_train_mistral_7b_lora|b31642c6_20260419_231627,0.7,10,5008,job
llm_train_mistral_7b_lora|e954b9ae_20260824_231951,1.0,10,5008,job
llm_train_phi3_mini_lora|48da72bf_20260824_230320,1.0,10,5008,job
llm_train_qwen25_1p5b_lora|2a4e8583_20260419_221125,0.9,10,5008,job
llm_train_qwen25_1p5b_lora|e0c86e62_20260824_220836,1.0,10,5008,job
llm_train_qwen25_3b_lora|46b96f38_20260419_224930,1.0,10,5008,job
llm_train_qwen25_3b_lora|e8114b07_20260419_225441,1.0,10,5008,job
llm_train_smollm2_1p7b_lora|19738386_20260419_223307,1.0,10,5008,job
mlp_training|mlp_training_c52a21,1.0,1,5008,job
nbody_sim|bcbaef15_20260413_033224,1.0,1,5008,job
nbody_sim|nbody_sim_66a459,1.0,1,5008,job
nvlink_latency|nvlink_latency_gpu0_5aa1ba,1.0,1,5008,job
nvlink_latency|nvlink_latency_gpu1_9a8612,1.0,1,5008,job
ppo_rlhf_r32_rep1|2b37c1ae_20260804_170110,1.0,10,5008,job
pytorch_resnet_cifar10_amp|7184c09f_20260825_073235,1.0,1,5008,job
pytorch_resnet_cifar10_amp|7e69c6dd_20260825_021041,1.0,1,5008,job
pytorch_resnet_cifar10_amp|a2af05e4_20260825_020701,1.0,1,5008,job
pytorch_resnet_cifar10_ext|41c19de5_20260420_204048,1.0,5,5008,job
pytorch_resnet_cifar10|0d79ee94_20260825_005047,0.0,10,5008,job
pytorch_resnet_cifar10|81f71774_20260412_222753,0.0,1,5008,job
pytorch_training|2a94287a_20260413_032802,1.0,1,5008,job
resnet50_inference|0464d734_20260825_022250,1.0,10,5008,job
resnet50_inference|d120b7ba_20260825_024340,1.0,10,5008,job
resnet50_inference|f65b4403_20260413_033014,1.0,1,5008,job
resnet_amp|resnet_amp_0c34ce,1.0,1,5008,job
resnet_fp32|resnet_fp32_f7ebcf,1.0,1,5008,job
symgemm_L0_fwd1_rep1|7e021360_20260802_181845,1.0,10,5008,job
symgemm_L1_fwd3_rep2|e04a3490_20260802_201813,1.0,10,5008,job
symgemm_L1_fwd3_rep4|cbddae2b_20260802_230858,0.9,10,5008,job
symgemm_L3_graddiscard_rep3|3abcefec_20260802_224637,1.0,10,5008,job
symgemm_L3_graddiscard_rep4|7a0468e5_20260802_234229,1.0,10,5008,job
symgemm_L4_sgdfused_m8192_rep2|b0c570a7_20260802_210254,1.0,10,5008,job
symgemm_L4_sgdfused_rep4|8f5f5e11_20260802_225748,0.9,10,5008,job
symgemm_L5_adam_rep3|f1871cc2_20260802_222417,1.0,10,5008,job
symgemm_L5_adam_rep4|b36d56ef_20260802_232008,1.0,10,5008,job
symgemm_decode_g256_rep1|37d9b353_20260803_004828,0.9,10,5008,job
training_dual_gpu_dp|training_dual_gpu_dp_gpu0_e63285,1.0,1,5008,job
training_single_gpu|training_single_gpu_gpu0_199317,0.0,1,5008,job
whitebox_diluted_7b_N1_1h|5df04b7a_20260727_183421,1.0,10,5008,job
whitebox_diluted_N10|e6a6ba30_20260725_195717,1.0,10,5008,job
whitebox_diluted_N20|2b6c90aa_20260725_200743,1.0,10,5008,job
whitebox_inference_7b_rep3|62149f64_20260728_050902,0.8,10,5008,job
whitebox_inference|3d92903b_20260725_201826,1.0,10,5008,job
whitebox_lora_1b_N1_1h|861a8dfb_20260727_173343,1.0,10,5008,job
whitebox_lora_7b_N10_rep2|a1f5446a_20260728_040109,1.0,10,5008,job
whitebox_lora_7b_pilot_N5|8d4c0881_20260726_121646,1.0,10,5008,job
whitebox_lora_N10|c738d40d_20260725_203918,1.0,10,5008,job
whitebox_oracle|dfb4b131_20260725_230325,1.0,10,5008,job
adversarial_F_interleave_30|42e0d626_20260412_223016,1.0,10,5009,job
adversarial_F_interleave_50|82b69908_20260412_223016,1.0,10,5009,job
adversarial_F_interleave_50|972b5cb1_20260412_230551,1.0,1,5009,job
adversarial_F_interleave_50|9b9ece1a_20260825_043411,1.0,10,5009,job
adversarial_G_clock_throttled|26e4120c_20260825_045023,1.0,10,5009,job
adversarial_G_clock_throttled|d38b3081_20260412_053508,1.0,10,5009,job
adversarial_H_mimicry_cufft|407d2529_20260825_052810,1.0,10,5009,job
adversarial_H_mimicry_cufft|49dbd077_20260412_223016,1.0,10,5009,job
adversarial_H_mimicry_mining|26c55d63_20260412_230551,1.0,10,5009,job
adversarial_I_stochastic_30|3978f906_20260825_053334,1.0,10,5009,job
adversarial_I_stochastic_30|650fb51f_20260412_223016,0.9,10,5009,job
adversarial_J_pid_75|6aa98cf6_20260412_053508,1.0,1,5009,job
adversarial_J_pid_75|94ea2465_20260825_054945,1.0,10,5009,job
adversarial_K_ddp|af5daab2a59a_20260412_062347,1.0,80,5009,job
adversarial_L_diluted_10_mw8|453df7c0_20260726_170248,1.0,10,5009,job
adversarial_L_diluted_10|512934b1_20260412_054054,1.0,10,5009,job
adversarial_L_diluted_10|7a3fb3e9_20260825_070518,1.0,10,5009,job
adversarial_L_diluted_10|8d5f2101_20260725_235123,1.0,10,5009,job
adversarial_L_diluted_20|1746ff55_20260412_054054,1.0,10,5009,job
adversarial_L_diluted_20|c1b0e51f_20260825_071606,1.0,10,5009,job
adversarial_L_diluted_2|316523f7_20260412_231132,1.0,10,5009,job
adversarial_L_diluted_5|478eaec5_20260412_223541,1.0,10,5009,job
bert_finetune|d969416f_20260413_032846,0.0,1,5009,job
bert_sst2_amp_ext|550d0003_20260420_205051,1.0,1,5009,job
bert_sst2_amp|dd87fb92_20260412_222753,1.0,1,5009,job
bert_sst2_amp|e682e23c_20260412_231705,1.0,1,5009,job
bert_sst2_ext|49545bf6_20260420_204947,1.0,3,5009,job
cufft_benchmark|38fd661e_20260419_235032,1.0,10,5009,job
cufft_benchmark|692a3d5e_20260412_224117,1.0,10,5009,job
ddp_resnet18_cifar10_amp|452a0a67a4fb_20260412_061559,1.0,80,5009,job
ddp_resnet50_cifar10|9fc805ce081e_20260412_234039,1.0,80,5009,job
ddp_resnet50_cifar10|c83757ac5731_20260412_230440,1.0,80,5009,job
ddp_training|ddp_telemetry_gpu1,1.0,1,5009,job
fsdp_13b_nvlink|0b39d5a9bdb4_20260413_003641,1.0,80,5009,job
fsdp_30b_nvlink|8726f6620517_20260413_001627,1.0,80,5009,job
fsdp_70b_adamw|e53e253f883d_20260413_012900,1.0,2,5009,job
fsdp_70b_nvlink|15cced21b9b1_20260413_012238,1.0,8,5009,job
fsdp_70b_nvlink|c88e29e18a8a_20260413_010413,0.7,80,5009,job
fsdp_70b_sgd_momentum|465819c33b0c_20260413_012319,0.45,80,5009,job
fsdp_7b_nvlink|a2f8d14a4ed2_20260413_003114,0.9125,80,5009,job
gpt2_finetune|cfe318c2_20260413_032930,0.0,1,5009,job
gpt2_wikitext2_ext|ab0d938a_20260420_203614,1.0,6,5009,job
gpt2_wikitext2|917b93fb_20260412_224117,1.0,3,5009,job
idle|03110fa2_20260824_232519,1.0,7,5009,job
idle|b3e73340_20260419_233617,1.0,7,5009,job
idle|dd455a95_20260824_171422,1.0,7,5009,job
idle|idle_96fcac,1.0,1,5009,job
inference|inference_986d16,1.0,1,5009,job
inference|inference_c1b4c6,1.0,1,5009,job
llm_infer_mistral_7b_q4|0e400173_20260419_215405,0.0,1,5009,job
llm_infer_mistral_7b_q4|199b8710_20260825_074125,1.0,10,5009,job
llm_infer_mistral_7b_q4|b8b0e618_20260420_005449,1.0,10,5009,job
llm_infer_mistral_7b_q4|d52344f3_20260419_220856,1.0,1,5009,job
llm_infer_mistral_7b_q4|dc6bbdac_20260420_010008,1.0,10,5009,job
llm_infer_phi3_mini|4d756fdb_20260419_014632,1.0,10,5009,job
llm_infer_phi3_mini|52a2bd28_20260420_210319,1.0,10,5009,job
llm_infer_phi3_mini|aafcc35f_20260419_015203,1.0,10,5009,job
llm_infer_phi3_mini|cd6a5e78_20260419_212123,1.0,10,5009,job
llm_infer_phi3_mini|e7151e88_20260420_205129,1.0,10,5009,job
llm_infer_phi3_mini|e7320dff_20260420_205804,0.9,10,5009,job
llm_infer_qwen25_14b_fp16|0467d4a3_20260824_212608,1.0,10,5009,job
llm_infer_qwen25_14b_fp16|200c729c_20260419_235621,1.0,10,5009,job
llm_infer_qwen25_14b_fp16|62b1513a_20260419_205946,1.0,1,5009,job
llm_infer_qwen25_14b_fp16|98601a67_20260824_213822,1.0,10,5009,job
llm_infer_qwen25_14b_fp16|9bdd69d7_20260420_233533,1.0,10,5009,job
llm_infer_qwen25_14b_fp16|b9923a39_20260419_213654,1.0,10,5009,job
llm_infer_qwen25_14b_fp16|e481b484_20260419_234859,1.0,10,5009,job
llm_infer_qwen25_32b_fp16|50c83347_20260421_030757,1.0,10,5009,job
llm_infer_qwen25_32b_fp16|54f1bd71_20260419_205959,1.0,1,5009,job
llm_infer_qwen25_32b_fp16|7efd8ad1_20260419_220234,1.0,10,5009,job
llm_infer_qwen25_32b_fp16|bb94db96_20260419_205955,1.0,1,5009,job
llm_infer_qwen25_3b_bs4|16c726fc_20260419_222104,1.0,10,5009,job
llm_infer_qwen25_3b|3f309572_20260419_214259,1.0,10,5009,job
llm_infer_qwen25_3b|b3849090_20260419_213727,1.0,10,5009,job
llm_infer_qwen25_3b|f36beab2_20260419_214818,1.0,10,5009,job
llm_infer_qwen25_72b_fp8|78a77a8b_20260420_235909,1.0,10,5009,job
llm_infer_qwen25_72b_fp8|8ae2fbd4_20260420_004029,0.9,10,5009,job
llm_infer_qwen25_7b_fp16|730da3ab_20260419_234250,1.0,10,5009,job
llm_infer_qwen25_7b_fp16|8c50624a_20260824_211339,1.0,10,5009,job
llm_infer_qwen25_7b_fp16|c98d90af_20260420_231133,1.0,10,5009,job
llm_infer_sdxl|43c64a98_20260420_224406,1.0,10,5009,job
llm_infer_sdxl|f3c09865_20260419_025108,1.0,10,5009,job
llm_infer_tinyllama_bs8|efe8ddc5_20260419_021922,0.9,10,5009,job
llm_infer_tinyllama_seq4096|0b0351ce_20260420_222819,1.0,10,5009,job
llm_infer_vit_l_bs64|38e37d2f_20260419_034355,1.0,10,5009,job
llm_train_mistral_7b_lora|e2b30e58_20260419_232842,1.0,10,5009,job
llm_train_mistral_7b_lora|f79dbad9_20260824_230849,1.0,10,5009,job
llm_train_phi3_mini_lora|38657ab0_20260419_231116,1.0,10,5009,job
llm_train_phi3_mini_lora|4bf06f5e_20260824_225752,1.0,10,5009,job
llm_train_qwen25_3b_lora|dfde664f_20260419_224329,0.9,10,5009,job
llm_train_smollm2_1p7b_lora|4124c198_20260824_222500,1.0,10,5009,job
mining_ethash_proxy|814335b9_20260421_020654,1.0,10,5009,job
mining_ethash_proxy|8c86200c_20260412_232321,1.0,10,5009,job
modern_inference|165eedde_20260413_033036,1.0,1,5009,job
nbody_sim|4bf2dc52_20260412_231705,1.0,10,5009,job
nbody_sim|nbody_sim_c0054d,1.0,1,5009,job
nbody_sim|nbody_sim_d50046,1.0,1,5009,job
nvlink_bandwidth|nvlink_bandwidth_gpu0_0eb88f,1.0,1,5009,job
nvlink_latency|nvlink_latency_gpu0_1c6087,1.0,1,5009,job
ppo_rlhf_r32_rep1|2b37c1ae_20260804_170110,1.0,10,5009,job
ppo_rlhf_r32_rep3|9c5afa29_20260804_174554,1.0,10,5009,job
pytorch_mlp_cifar10_ext|a9cd45e0_20260421_011343,1.0,10,5009,job
pytorch_resnet_cifar10_amp_ext|0e16abc8_20260420_204227,1.0,5,5009,job
pytorch_resnet_cifar10_amp|964987b7_20260825_021328,1.0,1,5009,job
pytorch_resnet_cifar10_amp|a2af05e4_20260825_020701,1.0,1,5009,job
pytorch_resnet_cifar10_amp|fcd1f0dc_20260825_073317,1.0,1,5009,job
pytorch_resnet_cifar10_ext|41c19de5_20260420_204048,1.0,5,5009,job
pytorch_resnet_cifar10|71c3cb1a_20260825_020519,1.0,1,5009,job
rendering_proxy|8aeaf443_20260825_033538,1.0,10,5009,job
resnet50_inference|f65b4403_20260413_033014,0.0,1,5009,job
resnet50_inference|f8907ec1_20260413_032952,0.0,1,5009,job
resnet_fp32|resnet_fp32_d1d694,1.0,1,5009,job
resnet_fp32|resnet_fp32_f7ebcf,1.0,1,5009,job
scientific_hpc|b957a0bf_20260413_033246,1.0,1,5009,job
symgemm_L0_fwd1_rep4|03ed95b1_20260802_233118,1.0,10,5009,job
symgemm_L1_fwd3_7b_rep1|1da12b31_20260802_215024,0.9,10,5009,job
symgemm_L5_adam_rep3|f1871cc2_20260802_222417,1.0,10,5009,job
symgemm_ppo_fused_r32_rep1|52af0173_20260803_003717,1.0,10,5009,job
training_dual_gpu_dp|multi_gpu_telemetry_gpu1,0.0,2,5009,job
training_dual_gpu_dp|training_dual_gpu_dp_gpu0_1c7245,1.0,1,5009,job
training_single_gpu|training_single_gpu_gpu0_199317,1.0,1,5009,job
whitebox_diluted_N5|eaaa7663_20260725_210026,1.0,10,5009,job
whitebox_inference_3b_1h|ac7b2aaa_20260727_205044,1.0,10,5009,job
whitebox_lora_7b_N3_1h|1291fbf0_20260727_132029,1.0,10,5009,job
whitebox_lora_7b_N500_long|43be1ab2_20260726_203116,1.0,10,5009,job
whitebox_lora_7b_pilot_N7|b7b290a9_20260726_125420,1.0,10,5009,job
whitebox_lora_N10|00ea9b4c_20260725_211603,1.0,10,5009,job
whitebox_lora_N5|5d8cb134_20260725_210538,1.0,10,5009,job
whitebox_oracle_7b_long|dd20b782_20260726_181838,1.0,10,5009,job
width_sweep_dp|width_sweep_dp_gpu1_cd4011,1.0,1,5009,job
adversarial_E_memory_minimal|bd61daeb_20260412_223016,1.0,10,5010,job
adversarial_F_interleave_30|7edc637e_20260825_042324,1.0,10,5010,job
adversarial_F_interleave_30|df47671a_20260825_041800,1.0,10,5010,job
adversarial_F_interleave_30|ff338fa1_20260412_230551,1.0,10,5010,job
adversarial_F_interleave_50|82b69908_20260412_223016,1.0,10,5010,job
adversarial_G_clock_throttled|b38cd060_20260825_044459,1.0,10,5010,job
adversarial_H_mimicry_mining|30dc1b59_20260412_053508,1.0,1,5010,job
adversarial_I_stochastic_30|15190e45_20260725_234104,1.0,10,5010,job
adversarial_I_stochastic_30|650fb51f_20260412_223016,1.0,10,5010,job
adversarial_I_stochastic_30|d13c6696_20260825_054421,1.0,10,5010,job
adversarial_J_pid_75|cf944e31_20260412_230551,1.0,1,5010,job
adversarial_K_ddp_accum_4|6e24c995c923_20260412_064737,1.0,80,5010,job
adversarial_K_ddp_accum_8|73431dec5f44_20260412_234640,1.0,80,5010,job
adversarial_K_ddp|41b734487b5e_20260412_235331,1.0,80,5010,job
adversarial_K_online_learning|3ca87735_20260825_060556,1.0,10,5010,job
adversarial_L_ddp_10|4f087fae7c56_20260412_233011,1.0,80,5010,job
adversarial_L_ddp_10|740abd236207_20260413_000621,0.9875,80,5010,job
adversarial_L_ddp_5|eb1c85843b4a_20260412_062919,1.0,80,5010,job
adversarial_L_ddp_stagger_5|9018a40f5999_20260412_233540,0.975,80,5010,job
adversarial_L_diluted_10_mw8|453df7c0_20260726_170248,1.0,10,5010,job
adversarial_L_diluted_10|512934b1_20260412_054054,1.0,10,5010,job
adversarial_L_diluted_10|5904fb3d_20260412_223541,1.0,10,5010,job
adversarial_L_diluted_10|8d5f2101_20260725_235123,1.0,10,5010,job
adversarial_L_diluted_20|405a7452_20260412_223541,1.0,10,5010,job
adversarial_L_diluted_20|951bef7b_20260825_072130,1.0,10,5010,job
adversarial_L_diluted_20|c504ec15_20260726_002055,1.0,10,5010,job
adversarial_L_diluted_2|07fb94ee_20260412_054054,1.0,10,5010,job
adversarial_L_diluted_2|0e8e28c2_20260825_062208,1.0,10,5010,job
adversarial_L_diluted_5|5e0891fb_20260412_054054,1.0,10,5010,job
adversarial_L_diluted_5|8f922c0f_20260825_064343,1.0,10,5010,job
adversarial_training|b1c5e184_20260413_033330,0.0,1,5010,job
bert_sst2_amp_ext|550d0003_20260420_205051,1.0,1,5010,job
bert_sst2_amp_ext|cb252747_20260420_204010,1.0,1,5010,job
bert_sst2_amp|49d3ba57_20260412_224117,1.0,1,5010,job
bert_sst2|675c6c84_20260412_222753,1.0,2,5010,job
cufft_benchmark|a3a1b5b0_20260420_195136,1.0,10,5010,job
ddp_resnet18_cifar10_amp|95f2a16cc1a5_20260412_234616,1.0,80,5010,job
ddp_resnet18_cifar10|a76b540db268_20260412_233502,1.0,80,5010,job
ddp_resnet50_cifar10|3477d94c3a9e_20260412_060843,1.0,80,5010,job
ddp_training|ddp_telemetry_gpu0,1.0,1,5010,job
fsdp_70b_nvlink|a7ff05fcabd2_20260413_003024,1.0,8,5010,job
fsdp_70b_nvlink|c632fe2971fa_20260412_071411,1.0,8,5010,job
fsdp_7b_nvlink|a2f8d14a4ed2_20260413_003114,1.0,80,5010,job
gpt2_wikitext2_amp_ext|ec2b4d42_20260420_202719,0.6666666666666666,3,5010,job
gpt2_wikitext2_amp|025c9b24_20260412_224117,1.0,1,5010,job
gpt2_wikitext2_ext|ab0d938a_20260420_203614,1.0,6,5010,job
idle|03110fa2_20260824_232519,1.0,7,5010,job
idle|9eb24edf_20260824_171857,1.0,7,5010,job
idle|b37a89ff_20260824_180358,1.0,7,5010,job
idle|idle_9cb91e,1.0,1,5010,job
inference|inference_8fd998,1.0,1,5010,job
llm_infer_deepseek_v3_tp8|acb00ac39728_20260419_002312,0.4,30,5010,job
llm_infer_mistral_7b_q4|0546326b_20260420_015345,1.0,1,5010,job
llm_infer_mistral_7b_q4|1039bea2_20260825_074800,1.0,10,5010,job
llm_infer_mistral_7b_q4|5841de91_20260419_210239,1.0,1,5010,job
llm_infer_mistral_7b_q4|7936d649_20260419_220948,0.0,2,5010,job
llm_infer_mistral_7b_q4|7dcec1a2_20260420_020500,1.0,10,5010,job
llm_infer_mistral_7b_q4|85d8feff_20260419_215354,0.0,1,5010,job
llm_infer_mistral_7b_q4|ca02ad41_20260420_015354,1.0,1,5010,job
llm_infer_mixtral_8x7b|2136c735_20260421_001254,1.0,10,5010,job
llm_infer_phi3_mini|52a2bd28_20260420_210319,1.0,10,5010,job
llm_infer_qwen25_14b_fp16|0467d4a3_20260824_212608,1.0,10,5010,job
llm_infer_qwen25_14b_fp16|200c729c_20260419_235621,1.0,10,5010,job
llm_infer_qwen25_14b_fp16|85bf5790_20260419_205937,1.0,1,5010,job
llm_infer_qwen25_14b_fp16|c1adb329_20260419_205942,1.0,1,5010,job
llm_infer_qwen25_32b_fp16|bb94db96_20260419_205955,1.0,1,5010,job
llm_infer_qwen25_32b_fp16|c89b4098_20260419_214232,0.4,10,5010,job
llm_infer_qwen25_3b_bs16|45cf0574_20260419_230842,1.0,10,5010,job
llm_infer_qwen25_3b_bs16|72bf234c_20260419_230326,0.9,10,5010,job
llm_infer_qwen25_3b_bs4|766c2eff_20260419_024551,1.0,10,5010,job
llm_infer_qwen25_3b_bs4|d16da8aa_20260420_212943,1.0,10,5010,job
llm_infer_qwen25_3b|59a892fe_20260419_020238,1.0,10,5010,job
llm_infer_qwen25_72b_fp16|aaa06495_20260421_002643,1.0,10,5010,job
llm_infer_qwen25_72b_fp8|1949bd09_20260420_003236,0.9,10,5010,job
llm_infer_qwen25_72b_fp8|ad1ee08d_20260419_041746,1.0,10,5010,job
llm_infer_qwen25_72b_tp2|173cf665d203_20260419_044435,1.0,10,5010,job
llm_infer_qwen25_7b_fp16|0c4a3bb2_20260824_212015,1.0,10,5010,job
llm_infer_qwen25_7b_fp16|58527b11_20260419_232945,0.9,10,5010,job
llm_infer_qwen25_7b_fp16|c98d90af_20260420_231133,1.0,10,5010,job
llm_infer_sdxl|3761f92b_20260419_223705,0.9,10,5010,job
llm_infer_tinyllama_bs8|75a3d2cd_20260419_215432,1.0,10,5010,job
llm_infer_tinyllama_bs8|ce7d83fd_20260419_022445,1.0,10,5010,job
llm_infer_tinyllama_bs8|efe8ddc5_20260419_021922,1.0,10,5010,job
llm_infer_tinyllama_seq4096|367c872f_20260420_222307,1.0,10,5010,job
llm_infer_tinyllama_seq4096|72177ae6_20260419_031218,1.0,10,5010,job
llm_infer_tinyllama_seq4096|ac0a588a_20260419_031732,1.0,10,5010,job
llm_train_mistral_7b_lora|408384ba_20260419_232329,1.0,10,5010,job
llm_train_mistral_7b_lora|8af16eaa_20260824_231421,1.0,10,5010,job
llm_train_mistral_7b_lora|f79dbad9_20260824_230849,1.0,10,5010,job
llm_train_phi3_mini_lora|48da72bf_20260824_230320,1.0,10,5010,job
llm_train_qwen25_1p5b_lora|8a368ac5_20260824_220307,1.0,10,5010,job
llm_train_qwen25_1p5b_lora|a219bf6f_20260419_221705,1.0,10,5010,job
llm_train_qwen25_3b_lora|46b96f38_20260419_224930,1.0,10,5010,job
llm_train_smollm2_1p7b_lora|ad1a6473_20260419_222727,1.0,10,5010,job
llm_train_smollm2_1p7b_lora|bc185109_20260419_223818,1.0,10,5010,job
mining_ethash_proxy|59292457_20260420_001044,1.0,10,5010,job
mining_ethash_proxy|b6f2e520_20260825_001133,1.0,10,5010,job
modern_inference|5c76e8e5_20260413_033057,1.0,1,5010,job
nbody_sim|6c13c5ae_20260825_030429,1.0,10,5010,job
nvlink_latency|nvlink_latency_gpu0_5aa1ba,0.0,1,5010,job
ppo_rlhf_r32_rep3|9c5afa29_20260804_174554,1.0,10,5010,job
pytorch_mlp_cifar10_ext|91abd671_20260420_204403,1.0,10,5010,job
pytorch_resnet_cifar10_amp|29320233_20260825_073152,1.0,1,5010,job
pytorch_resnet_cifar10_amp|8ab3bfd2_20260825_020754,1.0,1,5010,job
pytorch_resnet_cifar10_amp|bc16a2c3_20260825_020856,1.0,1,5010,job
pytorch_resnet_cifar10_amp|e9662cc3_20260412_223541,1.0,3,5010,job
pytorch_resnet_cifar10_ext|41c19de5_20260420_204048,1.0,5,5010,job
pytorch_resnet_cifar10|81f71774_20260412_222753,0.0,1,5010,job
pytorch_training|1540ec8b_20260413_032737,1.0,1,5010,job
rendering_proxy|307d16fe_20260825_032515,1.0,10,5010,job
rendering|rendering_33f139,0.0,1,5010,job
resnet_amp|resnet_amp_cc435c,0.0,1,5010,job
resnet_fp32|resnet_fp32_b4973a,1.0,1,5010,job
symgemm_L0_fwd1_rep1|7e021360_20260802_181845,1.0,10,5010,job
symgemm_L0_fwd1_rep2|3c32c629_20260802_204034,1.0,10,5010,job
symgemm_L3_graddiscard_rep1|f12dea2b_20260802_182955,0.9,10,5010,job
symgemm_L3_graddiscard_rep3|3abcefec_20260802_224637,1.0,10,5010,job
symgemm_L3_graddiscard_rep4|7a0468e5_20260802_234229,0.9,10,5010,job
symgemm_L4_sgdfused_short7b_rep1|2f4f2eb2_20260803_072657,0.9,10,5010,job
symgemm_L5_adam_rep3|f1871cc2_20260802_222417,1.0,10,5010,job
symgemm_ppo_fused_r32_rep3|6b1c2a3b_20260803_014427,1.0,10,5010,job
training_dual_gpu_dp|multi_gpu_telemetry_gpu1,1.0,2,5010,job
training_single_gpu|training_single_gpu_gpu0_199317,1.0,1,5010,job
whitebox_diluted_1b_N1_1h|e9c0ff07_20260727_235850,1.0,10,5010,job
whitebox_diluted_7b_N10_1h|f65c515b_20260727_121946,1.0,10,5010,job
whitebox_inference_7b_1h|4bf42831_20260727_095532,0.8,10,5010,job
whitebox_lora_7b_N100_1h|53c015c3_20260727_162214,1.0,10,5010,job
whitebox_lora_N20|b5e22ab8_20260725_212628,1.0,10,5010,job
whitebox_lora_N5|5d8cb134_20260725_210538,1.0,10,5010,job
whitebox_lora_N5|de90ed7d_20260725_202852,1.0,10,5010,job
adversarial_E_memory_minimal|c443df01_20260825_035624,1.0,10,5011,job
adversarial_F_interleave_30|42e0d626_20260412_223016,1.0,10,5011,job
adversarial_F_interleave_50|13089340_20260825_043935,1.0,10,5011,job
adversarial_F_interleave_50|468ad378_20260825_042847,1.0,10,5011,job
adversarial_G_clock_throttled|4471bfa7_20260412_230551,1.0,1,5011,job
adversarial_G_clock_throttled|d38b3081_20260412_053508,1.0,10,5011,job
adversarial_H_mimicry_cufft|3d49af99_20260413_013919,1.0,10,5011,job
adversarial_H_mimicry_cufft|407d2529_20260825_052810,1.0,10,5011,job
adversarial_H_mimicry_mining|bedfd354_20260412_223016,1.0,10,5011,job
adversarial_I_stochastic_30|0790698e_20260726_000437,1.0,10,5011,job
adversarial_I_stochastic_30|5e185d96_20260412_053508,1.0,10,5011,job
adversarial_I_stochastic_30|b5fea657_20260825_053857,1.0,10,5011,job
adversarial_I_stochastic_30|d13c6696_20260825_054421,1.0,10,5011,job
adversarial_J_pid_75|4b39fbdf_20260825_060033,1.0,10,5011,job
adversarial_K_ddp|2b7d13785ecf_20260412_231725,1.0,80,5011,job
adversarial_L_ddp_5|7f7c7caec1c9_20260412_232441,1.0,80,5011,job
adversarial_L_ddp_stagger_5|8e9728362385_20260412_064206,1.0,80,5011,job
adversarial_L_diluted_10|7a3fb3e9_20260825_070518,1.0,10,5011,job
adversarial_L_diluted_20|02cfd70b_20260412_231132,1.0,10,5011,job
adversarial_L_diluted_2|354119ef_20260412_223541,1.0,10,5011,job
adversarial_L_diluted_5|29aaeb3c_20260825_064907,1.0,10,5011,job
adversarial_L_diluted_5|5e0891fb_20260412_054054,1.0,10,5011,job
adversarial_training|33aa4cb4_20260413_033352,1.0,1,5011,job
adversarial_training|b1c5e184_20260413_033330,0.0,1,5011,job
bert_sst2_amp_ext|cb252747_20260420_204010,1.0,1,5011,job
bert_sst2|4a0aab7a_20260825_021739,1.0,1,5011,job
cufft_benchmark|227faa64_20260413_033119,1.0,1,5011,job
cufft_benchmark|2cf468dc_20260421_013631,1.0,10,5011,job
cufft_benchmark|692a3d5e_20260412_224117,1.0,10,5011,job
cufft_hpc|cufft_hpc_58ecd2,1.0,1,5011,job
ddp_resnet18_cifar10_amp|972309ed66bd_20260412_231156,1.0,80,5011,job
fsdp_13b_nvlink|0b39d5a9bdb4_20260413_003641,1.0,80,5011,job
fsdp_30b_nvlink|8726f6620517_20260413_001627,1.0,80,5011,job
fsdp_70b_nvlink|3e8e00c5f514_20260413_010753,1.0,80,5011,job
fsdp_70b_nvlink|a7ff05fcabd2_20260413_003024,1.0,8,5011,job
fsdp_70b_seq512_nvlink|78349b23d251_20260413_013913,1.0,80,5011,job
fsdp_70b_sgd_momentum|465819c33b0c_20260413_012319,1.0,80,5011,job
fsdp_7b_nvlink|5de962c92de9_20260412_235456,1.0,80,5011,job
gpt2_wikitext2_amp_ext|058cfbc9_20260420_204849,1.0,2,5011,job
gpt2_wikitext2_amp_ext|ec2b4d42_20260420_202719,1.0,3,5011,job
gpt2_wikitext2_amp|62c86ac7_20260412_222753,1.0,2,5011,job
idle|9689d8b0_20260413_032720,1.0,1,5011,job
idle|9d362947_20260419_233822,1.0,7,5011,job
idle|b37a89ff_20260824_180358,1.0,7,5011,job
idle|dd455a95_20260824_171422,1.0,7,5011,job
inference|inference_8fd998,1.0,1,5011,job
llm_infer_mistral_7b_q4|0546326b_20260420_015345,1.0,1,5011,job
llm_infer_mistral_7b_q4|0f8555a9_20260825_003220,0.9,10,5011,job
llm_infer_mistral_7b_q4|2ec733be_20260419_221039,0.0,1,5011,job
llm_infer_mistral_7b_q4|bd933593_20260419_221051,0.0,1,5011,job
llm_infer_mistral_7b_q4|ca02ad41_20260420_015354,1.0,1,5011,job
llm_infer_mistral_7b_q4|ce7f27f7_20260825_075353,1.0,10,5011,job
llm_infer_mistral_7b_q4|dc6bbdac_20260420_010008,1.0,10,5011,job
llm_infer_phi3_mini|aafcc35f_20260419_015203,1.0,10,5011,job
llm_infer_phi3_mini|d0a32c71_20260419_213210,1.0,10,5011,job
llm_infer_phi3_mini|e0bd0272_20260419_212652,1.0,10,5011,job
llm_infer_phi3_mini|e7151e88_20260420_205129,1.0,10,5011,job
llm_infer_phi3_mini|e7320dff_20260420_205804,0.9,10,5011,job
llm_infer_qwen25_14b_fp16|200c729c_20260419_235621,1.0,10,5011,job
llm_infer_qwen25_32b_fp16|7efd8ad1_20260419_220234,1.0,10,5011,job
llm_infer_qwen25_32b_fp16|c89b4098_20260419_214232,1.0,10,5011,job
llm_infer_qwen25_32b_fp16|dffbfb17_20260421_030111,1.0,10,5011,job
llm_infer_qwen25_3b_bs16|3d9be7b5_20260419_033318,1.0,10,5011,job
llm_infer_qwen25_3b_bs16|dfe991b8_20260420_215605,1.0,10,5011,job
llm_infer_qwen25_3b_bs4|acde3618_20260419_221540,0.9,10,5011,job
llm_infer_qwen25_3b|372a1387_20260420_212426,1.0,10,5011,job
llm_infer_qwen25_3b|f8a46936_20260420_211909,1.0,10,5011,job
llm_infer_qwen25_72b_fp8|cd098693_20260420_004709,1.0,10,5011,job
llm_infer_qwen25_7b_fp16|0088cce0_20260419_205928,1.0,1,5011,job
llm_infer_qwen25_7b_fp16|4f69bded_20260824_200743,1.0,1,5011,job
llm_infer_qwen25_7b_fp16|87b75337_20260824_200626,1.0,2,5011,job
llm_infer_qwen25_7b_fp16|f6638e51_20260419_211613,1.0,10,5011,job
llm_infer_qwen25_7b_fp16|febf963c_20260419_205933,1.0,1,5011,job
llm_infer_qwen25_7b_fp16|fff7de88_20260419_205924,1.0,1,5011,job
llm_infer_sdxl|212903bb_20260420_223849,0.9,10,5011,job
llm_infer_sdxl|827523c5_20260420_223333,0.9,10,5011,job
llm_infer_tinyllama_bs8|75a3d2cd_20260419_215432,0.9,10,5011,job
llm_infer_tinyllama_bs8|ecdf6ee5_20260420_220215,1.0,10,5011,job
llm_infer_tinyllama_bs8|efe8ddc5_20260419_021922,0.9,10,5011,job
llm_infer_tinyllama_seq4096|25a7da9a_20260419_225251,1.0,10,5011,job
llm_infer_tinyllama_seq4096|72177ae6_20260419_031218,1.0,10,5011,job
llm_infer_tinyllama_seq4096|bf1e9e48_20260419_030704,1.0,10,5011,job
llm_infer_vit_l_bs64|38e37d2f_20260419_034355,1.0,10,5011,job
llm_infer_vit_l_bs64|7bf48cb7_20260419_231402,1.0,10,5011,job
llm_train_mistral_7b_lora|8af16eaa_20260824_231421,1.0,10,5011,job
llm_train_mistral_7b_lora|f79dbad9_20260824_230849,1.0,10,5011,job
llm_train_phi3_mini_lora|0d707150_20260419_230604,1.0,10,5011,job
llm_train_phi3_mini_lora|5fb0d553_20260824_225222,1.0,10,5011,job
llm_train_phi3_mini_lora|61242a7d_20260419_225953,1.0,10,5011,job
llm_train_qwen25_1p5b_lora|8a368ac5_20260824_220307,1.0,10,5011,job
llm_train_qwen25_3b_lora|dfde664f_20260419_224329,0.9,10,5011,job
llm_train_smollm2_1p7b_lora|19738386_20260419_223307,1.0,10,5011,job
mining_ethash_proxy|304ec693_20260420_003055,1.0,10,5011,job
mining_ethash_proxy|b5c42733_20260825_002157,1.0,10,5011,job
mlp_training|mlp_training_c52a21,1.0,1,5011,job
nvlink_bandwidth|nvlink_bandwidth_gpu0_ef7777,1.0,1,5011,job
nvlink_bandwidth|nvlink_bandwidth_gpu1_b97b50,1.0,1,5011,job
ppo_rlhf_r8_rep1|6394bf01_20260804_164958,1.0,10,5011,job
pytorch_mlp_cifar10|22fad3bd_20260825_021517,1.0,1,5011,job
pytorch_mlp_cifar10|6726c8ff_20260825_021604,1.0,1,5011,job
pytorch_resnet_cifar10_amp_ext|0e16abc8_20260420_204227,1.0,5,5011,job
pytorch_resnet_cifar10_amp|09c94605_20260412_222753,1.0,2,5011,job
pytorch_resnet_cifar10_amp|5543e12f_20260825_020949,1.0,1,5011,job
pytorch_resnet_cifar10_amp|964987b7_20260825_021328,1.0,1,5011,job
pytorch_resnet_cifar10_amp|e9662cc3_20260412_223541,1.0,3,5011,job
pytorch_resnet_cifar10_ext|d18ec4ea_20260421_011036,1.0,5,5011,job
pytorch_resnet_cifar10|1c3ed317_20260825_020430,1.0,1,5011,job
pytorch_resnet_cifar10|81f71774_20260412_222753,0.0,1,5011,job
pytorch_training|1b83c94e_20260413_032802,1.0,1,5011,job
resnet50_inference|d45705f9_20260412_231705,0.7,10,5011,job
resnet_amp|resnet_amp_cc435c,1.0,1,5011,job
symgemm_L3_graddiscard_rep1|f12dea2b_20260802_182955,0.8,10,5011,job
symgemm_L4_sgdfused_7b_rep1|d75e1ca4_20260802_212515,1.0,10,5011,job
symgemm_L4_sgdfused_m8192_rep1|e3f3bb2f_20260802_184108,1.0,10,5011,job
symgemm_L4_sgdfused_rep1|dbbf7955_20260802_174515,1.0,10,5011,job
symgemm_L5_adam_rep2|498da780_20260802_202923,1.0,10,5011,job
symgemm_decode_g256_rep3|6e25438a_20260803_015538,1.0,10,5011,job
symgemm_ppo_fused_r8_rep2|ab3e57f5_20260803_005942,1.0,10,5011,job
training_dual_gpu_dp|training_dual_gpu_dp_gpu0_1c7245,1.0,1,5011,job
training_single_gpu|training_single_gpu_gpu0_199317,1.0,1,5011,job
whitebox_diluted_7b_N10_1h|f65c515b_20260727_121946,1.0,10,5011,job
whitebox_diluted_7b_N1_1h|5df04b7a_20260727_183421,1.0,10,5011,job
whitebox_inference_3b_1h|ac7b2aaa_20260727_205044,0.9,10,5011,job
whitebox_inference_7b_1h|4bf42831_20260727_095532,0.8,10,5011,job
whitebox_inference|f59e111e_20260725_194134,1.0,10,5011,job
whitebox_lora_3b_N1_1h|070267f7_20260727_194926,1.0,10,5011,job
whitebox_lora_7b_N20_1h|8c105125_20260727_142117,1.0,10,5011,job
whitebox_lora_7b_N500_long|43be1ab2_20260726_203116,1.0,10,5011,job
whitebox_lora_N10|00ea9b4c_20260725_211603,1.0,10,5011,job
whitebox_lora_N20|7d319b8f_20260725_201255,1.0,10,5011,job
adversarial_F_interleave_30|42e0d626_20260412_223016,1.0,10,5012,job
adversarial_F_interleave_30|a1e40da7_20260825_041236,1.0,10,5012,job
adversarial_F_interleave_50|468ad378_20260825_042847,1.0,10,5012,job
adversarial_F_interleave_50|46a73a4e_20260725_234614,1.0,10,5012,job
adversarial_F_interleave_50|bc02cbc2_20260726_000947,1.0,10,5012,job
adversarial_G_clock_throttled|4471bfa7_20260412_230551,1.0,1,5012,job
adversarial_G_clock_throttled|8a017bab_20260412_223016,1.0,10,5012,job
adversarial_G_clock_throttled|d38b3081_20260412_053508,1.0,10,5012,job
adversarial_H_mimicry_cufft|3d49af99_20260413_013919,1.0,10,5012,job
adversarial_H_mimicry_cufft|8a52b6f9_20260825_052246,1.0,10,5012,job
adversarial_J_pid_75|c205c1d2_20260413_014428,0.9,10,5012,job
adversarial_J_pid_75|cf944e31_20260412_230551,1.0,1,5012,job
adversarial_K_ddp_accum_8|036fb65cffea_20260413_002258,1.0,80,5012,job
adversarial_K_ddp_accum_8|4e915a9d238b_20260412_065453,1.0,80,5012,job
adversarial_K_ddp_accum_8|73431dec5f44_20260412_234640,1.0,80,5012,job
adversarial_K_ddp|2b7d13785ecf_20260412_231725,1.0,80,5012,job
adversarial_K_ddp|af5daab2a59a_20260412_062347,1.0,80,5012,job
adversarial_K_online_learning|901b510d_20260825_061120,1.0,10,5012,job
adversarial_K_online_learning|da312bfa_20260412_054054,1.0,10,5012,job
adversarial_L_ddp_5|eb1c85843b4a_20260412_062919,1.0,80,5012,job
adversarial_L_diluted_10_mw8|2a0a1abb_20260726_170758,1.0,10,5012,job
adversarial_L_diluted_10|512934b1_20260412_054054,1.0,10,5012,job
adversarial_L_diluted_10|5904fb3d_20260412_223541,1.0,10,5012,job
adversarial_L_diluted_20|ee8eddb5_20260825_071042,1.0,10,5012,job
adversarial_L_diluted_2|0e8e28c2_20260825_062208,1.0,10,5012,job
adversarial_L_diluted_2|316523f7_20260412_231132,1.0,10,5012,job
adversarial_L_diluted_2|9a292575_20260825_063255,1.0,10,5012,job
adversarial_training|b1c5e184_20260413_033330,0.0,1,5012,job
batch_size_sweep_dp|batch_size_sweep_dp_gpu0_2c05fa,1.0,1,5012,job
bert_finetune|d969416f_20260413_032846,1.0,1,5012,job
bert_sst2_amp_ext|550d0003_20260420_205051,0.0,1,5012,job
bert_sst2_amp_ext|7d5929da_20260420_202928,0.0,1,5012,job
bert_sst2_amp_ext|cb252747_20260420_204010,0.0,1,5012,job
bert_sst2_ext|39b13cda_20260420_203906,1.0,3,5012,job
bert_sst2_ext|d1b7b9e7_20260420_202822,1.0,3,5012,job
bert_sst2|906cb48d_20260825_021650,1.0,1,5012,job
cufft_benchmark|692a3d5e_20260412_224117,1.0,10,5012,job
cufft_benchmark|7529bef2_20260824_233001,1.0,10,5012,job
cufft_benchmark|83e14a25_20260421_014638,1.0,10,5012,job
fsdp_13b_nvlink|cf8cfa835835_20260413_000312,1.0,80,5012,job
fsdp_30b_adamw_nvlink|29f631dc5b8a_20260413_002943,1.0,80,5012,job
fsdp_30b_nvlink|cb97612d27e1_20260412_074413,1.0,70,5012,job
fsdp_70b_nvlink|15cced21b9b1_20260413_012238,1.0,8,5012,job
fsdp_7b_nvlink|5de962c92de9_20260412_235456,1.0,80,5012,job
fsdp_7b_nvlink|a2f8d14a4ed2_20260413_003114,1.0,80,5012,job
idle|395fbdc4_20260413_032720,1.0,1,5012,job
idle|9c0d0d21_20260824_232740,1.0,7,5012,job
idle|bda38c7a_20260412_231132,1.0,7,5012,job
idle|idle_96fcac,1.0,1,5012,job
llm_infer_deepseek_v3_tp8|acb00ac39728_20260419_002311,1.0,50,5012,job
llm_infer_mistral_7b_q4|53e3e332_20260419_210248,1.0,1,5012,job
llm_infer_mistral_7b_q4|7dcec1a2_20260420_020500,1.0,10,5012,job
llm_infer_mistral_7b_q4|d4a0ca97_20260419_215339,0.0,1,5012,job
llm_infer_mistral_7b_q4|dc6bbdac_20260420_010008,1.0,10,5012,job
llm_infer_mistral_7b_q4|eff20385_20260419_205907,1.0,1,5012,job
llm_infer_mixtral_8x7b|2136c735_20260421_001254,1.0,10,5012,job
llm_infer_mixtral_8x7b|a79f0a84_20260419_040511,1.0,10,5012,job
llm_infer_mixtral_8x7b|d574e683_20260419_041135,1.0,10,5012,job
llm_infer_phi3_mini|745171c6_20260419_015720,1.0,10,5012,job
llm_infer_phi3_mini|d0a32c71_20260419_213210,1.0,10,5012,job
llm_infer_phi3_mini|e7151e88_20260420_205129,1.0,10,5012,job
llm_infer_qwen25_14b_fp16|b9923a39_20260419_213654,1.0,10,5012,job
llm_infer_qwen25_14b_fp16|c1adb329_20260419_205942,1.0,1,5012,job
llm_infer_qwen25_32b_fp16|0e1acfb8_20260824_214418,0.9,10,5012,job
llm_infer_qwen25_32b_fp16|463349dc_20260420_000940,1.0,10,5012,job
llm_infer_qwen25_32b_fp16|949b75e6_20260419_215643,1.0,10,5012,job
llm_infer_qwen25_32b_fp16|bb94db96_20260419_205955,1.0,1,5012,job
llm_infer_qwen25_32b_fp16|c89b4098_20260419_214232,0.5,10,5012,job
llm_infer_qwen25_3b_bs16|0765cbf1_20260420_215052,1.0,10,5012,job
llm_infer_qwen25_3b_bs4|27632d17_20260420_214020,1.0,10,5012,job
llm_infer_qwen25_3b|7de76a76_20260420_211352,1.0,10,5012,job
llm_infer_qwen25_72b_fp8|78a77a8b_20260420_235909,1.0,10,5012,job
llm_infer_qwen25_72b_fp8|ad1ee08d_20260419_041746,1.0,10,5012,job
llm_infer_qwen25_72b_tp2|173cf665d203_20260419_044434,1.0,10,5012,job
llm_infer_qwen25_7b_fp16|0c4a3bb2_20260824_212015,1.0,10,5012,job
llm_infer_qwen25_7b_fp16|4f69bded_20260824_200743,1.0,1,5012,job
llm_infer_qwen25_7b_fp16|a694acd9_20260419_210256,0.8,10,5012,job
llm_infer_sdxl|81d0af5a_20260419_030149,1.0,10,5012,job
llm_infer_sdxl|827523c5_20260420_223333,1.0,10,5012,job
llm_infer_sdxl|f3c09865_20260419_025108,0.8,10,5012,job
llm_infer_tinyllama_bs8|bcad42c3_20260419_220507,1.0,10,5012,job
llm_infer_vit_l_bs64|38e37d2f_20260419_034355,1.0,10,5012,job
llm_infer_vit_l_bs64|7bf48cb7_20260419_231402,1.0,10,5012,job
llm_train_phi3_mini_lora|38657ab0_20260419_231116,1.0,10,5012,job
llm_train_phi3_mini_lora|61242a7d_20260419_225953,1.0,10,5012,job
llm_train_qwen25_3b_lora|074568ba_20260824_224126,1.0,10,5012,job
llm_train_qwen25_3b_lora|e8114b07_20260419_225441,1.0,10,5012,job
llm_train_smollm2_1p7b_lora|19738386_20260419_223307,1.0,10,5012,job
llm_train_smollm2_1p7b_lora|2958dde3_20260824_221932,1.0,10,5012,job
mining_ethash_proxy|59292457_20260420_001044,1.0,10,5012,job
mining_ethash_proxy|b6f2e520_20260825_001133,1.0,10,5012,job
mining_proxy|mining_proxy_a7ed85,0.0,1,5012,job
nbody_sim|b9568c1a_20260413_033202,1.0,1,5012,job
nbody_sim|nbody_sim_66a459,1.0,1,5012,job
ppo_rlhf_r32_rep1|2b37c1ae_20260804_170110,1.0,10,5012,job
ppo_rlhf_r8_rep2|4735a4fb_20260804_171221,1.0,10,5012,job
pytorch_mlp_cifar10|c7886665_20260412_222753,0.0,1,5012,job
pytorch_resnet_cifar10_amp|8ab3bfd2_20260825_020754,1.0,1,5012,job
pytorch_resnet_cifar10_amp|a2af05e4_20260825_020701,1.0,1,5012,job
pytorch_resnet_cifar10_amp|bc16a2c3_20260825_020856,1.0,1,5012,job
pytorch_resnet_cifar10_ext|d18ec4ea_20260421_011036,1.0,5,5012,job
pytorch_resnet_cifar10|0de6fc56_20260825_020340,1.0,1,5012,job
pytorch_resnet_cifar10|94104fc8_20260412_223541,0.5,2,5012,job
pytorch_training|1b83c94e_20260413_032802,1.0,1,5012,job
resnet50_inference|277c9073_20260825_023315,1.0,10,5012,job
resnet_fp32|resnet_fp32_f7ebcf,1.0,1,5012,job
symgemm_L3_graddiscard_rep1|f12dea2b_20260802_182955,0.9,10,5012,job
symgemm_L4_sgdfused_rep1|dbbf7955_20260802_174515,1.0,10,5012,job
symgemm_L4_sgdfused_rep2|a86d6744_20260802_200703,1.0,10,5012,job
symgemm_L5_adam_rep2|498da780_20260802_202923,1.0,10,5012,job
symgemm_decode_g256_rep2|4fc9bf1b_20260803_012205,1.0,10,5012,job
symgemm_ppo_fused_r32_rep1|52af0173_20260803_003717,1.0,10,5012,job
symgemm_ppo_fused_r8_rep2|ab3e57f5_20260803_005942,1.0,10,5012,job
training_dual_gpu_dp|multi_gpu_telemetry_gpu0,0.5,2,5012,job
training_dual_gpu_dp|training_dual_gpu_dp_gpu0_e63285,1.0,1,5012,job
training_dual_gpu_dp|training_dual_gpu_dp_gpu1_d95db4,1.0,1,5012,job
training_single_gpu|training_single_gpu_gpu0_199317,1.0,1,5012,job
whitebox_diluted_3b_N1_1h|814de13f_20260728_005931,1.0,10,5012,job
whitebox_diluted_N10|d7e25a80_20260725_203405,1.0,10,5012,job
whitebox_diluted_N10|e6a6ba30_20260725_195717,1.0,10,5012,job
whitebox_diluted_N20|2b6c90aa_20260725_200743,1.0,10,5012,job
whitebox_diluted_N20|6305ed40_20260725_204431,1.0,10,5012,job
whitebox_diluted_N5|eaaa7663_20260725_210026,1.0,10,5012,job
whitebox_lora_3b_N1_rep2|71e45f69_20260728_030033,1.0,10,5012,job
whitebox_lora_7b_N50_1h|f9ff4b5d_20260727_152145,1.0,10,5012,job
whitebox_lora_7b_pilot_N3|083f6968_20260726_120119,1.0,10,5012,job
whitebox_lora_7b_pilot_N7|b7b290a9_20260726_125420,1.0,10,5012,job
whitebox_lora_N10|00ea9b4c_20260725_211603,1.0,10,5012,job
whitebox_lora_N20|b5e22ab8_20260725_212628,1.0,10,5012,job
whitebox_oracle|ba2654c8_20260725_224635,1.0,10,5012,job
adversarial_F_interleave_50|46a73a4e_20260725_234614,1.0,10,5013,job
adversarial_F_interleave_50|972b5cb1_20260412_230551,1.0,1,5013,job
adversarial_F_interleave_50|bc02cbc2_20260726_000947,1.0,10,5013,job
adversarial_H_mimicry_cufft|49dbd077_20260412_223016,1.0,10,5013,job
adversarial_I_stochastic_30|5e185d96_20260412_053508,1.0,10,5013,job
adversarial_J_pid_75|94ea2465_20260825_054945,1.0,10,5013,job
adversarial_K_ddp_accum_4|b28bb647b0ef_20260412_234110,1.0,80,5013,job
adversarial_K_ddp|af5daab2a59a_20260412_062347,1.0,80,5013,job
adversarial_K_online_learning|1468f533_20260412_231132,1.0,10,5013,job
adversarial_K_online_learning|5e90b4fe_20260412_223541,1.0,10,5013,job
adversarial_L_ddp_10|740abd236207_20260413_000621,1.0,80,5013,job
adversarial_L_ddp_stagger_5|8e9728362385_20260412_064206,1.0,80,5013,job
adversarial_L_diluted_10_mw8|2a0a1abb_20260726_170758,1.0,10,5013,job
adversarial_L_diluted_10|2c305d90_20260725_232752,1.0,10,5013,job
adversarial_L_diluted_10|512934b1_20260412_054054,1.0,10,5013,job
adversarial_L_diluted_10|9712fcda_20260825_065431,1.0,10,5013,job
adversarial_L_diluted_20|02cfd70b_20260412_231132,1.0,10,5013,job
adversarial_L_diluted_2|07fb94ee_20260412_054054,1.0,10,5013,job
bert_sst2_amp_ext|550d0003_20260420_205051,1.0,1,5013,job
bert_sst2_ext|39b13cda_20260420_203906,1.0,3,5013,job
bert_sst2|675c6c84_20260412_222753,1.0,2,5013,job
cufft_benchmark|15fa4bd9_20260413_033141,1.0,1,5013,job
cufft_benchmark|227faa64_20260413_033119,1.0,1,5013,job
cufft_benchmark|83e14a25_20260421_014638,1.0,10,5013,job
ddp_resnet18_cifar10|a76b540db268_20260412_233502,1.0,80,5013,job
fsdp_13b_nvlink|cf8cfa835835_20260413_000312,0.975,80,5013,job
fsdp_30b_adamw_nvlink|29f631dc5b8a_20260413_002943,1.0,80,5013,job
fsdp_30b_nvlink|165add02433c_20260412_071335,1.0,8,5013,job
fsdp_30b_nvlink|8726f6620517_20260413_001627,1.0,80,5013,job
fsdp_30b_nvlink|cb97612d27e1_20260412_074412,1.0,10,5013,job
fsdp_70b_nvlink|3e8e00c5f514_20260413_010753,1.0,80,5013,job
fsdp_70b_sgd_momentum|465819c33b0c_20260413_012319,1.0,80,5013,job
fsdp_7b_nvlink|755f005b3557_20260412_070444,1.0,80,5013,job
gpt2_wikitext2_amp|f2bd8e13_20260412_231705,1.0,2,5013,job
gpt2_wikitext2_ext|daa304a2_20260421_011634,1.0,6,5013,job
gpt2_wikitext2|f1162cf3_20260412_222753,1.0,3,5013,job
idle|3a7e56ce_20260412_223541,1.0,7,5013,job
idle|5edd7d6c_20260413_032703,1.0,1,5013,job
idle|964c62f7_20260420_194932,1.0,7,5013,job
idle|9883933c_20260420_201152,1.0,7,5013,job
idle|bda38c7a_20260412_231132,1.0,7,5013,job
inference|inference_8fd998,1.0,1,5013,job
inference|inference_986d16,1.0,1,5013,job
llm_infer_deepseek_v3_tp8|acb00ac39728_20260419_002311,1.0,50,5013,job
llm_infer_mistral_7b_q4|0546326b_20260420_015345,1.0,1,5013,job
llm_infer_mistral_7b_q4|177996c6_20260421_012908,0.9,10,5013,job
llm_infer_mistral_7b_q4|199b8710_20260825_074125,1.0,10,5013,job
llm_infer_mistral_7b_q4|24353de9_20260420_015430,1.0,10,5013,job
llm_infer_mistral_7b_q4|8bb0be41_20260420_015335,1.0,1,5013,job
llm_infer_mistral_7b_q4|960c6bbd_20260421_012347,1.0,10,5013,job
llm_infer_mistral_7b_q4|9e359ed7_20260825_003757,1.0,10,5013,job
llm_infer_mistral_7b_q4|afe01b8f_20260419_205857,1.0,1,5013,job
llm_infer_mistral_7b_q4|b0506bd3_20260419_205916,1.0,1,5013,job
llm_infer_mistral_7b_q4|dbde8feb_20260419_210231,1.0,1,5013,job
llm_infer_mixtral_8x7b|74ae4709_20260421_001937,1.0,10,5013,job
llm_infer_phi3_mini|d0a32c71_20260419_213210,1.0,10,5013,job
llm_infer_qwen25_14b_fp16|200c729c_20260419_235621,1.0,10,5013,job
llm_infer_qwen25_14b_fp16|85bf5790_20260419_205937,1.0,1,5013,job
llm_infer_qwen25_32b_fp16|43218758_20260421_031401,1.0,10,5013,job
llm_infer_qwen25_32b_fp16|c89b4098_20260419_214232,1.0,10,5013,job
llm_infer_qwen25_32b_fp16|cbe6294b_20260824_215701,1.0,10,5013,job
llm_infer_qwen25_3b_bs16|72bf234c_20260419_230326,1.0,10,5013,job
llm_infer_qwen25_3b_bs4|a3bb4757_20260419_221022,1.0,10,5013,job
llm_infer_qwen25_3b|7de76a76_20260420_211352,1.0,10,5013,job
llm_infer_qwen25_3b|b3849090_20260419_213727,1.0,10,5013,job
llm_infer_qwen25_3b|df5ce46a_20260419_020809,1.0,10,5013,job
llm_infer_qwen25_72b_fp8|1949bd09_20260420_003236,1.0,10,5013,job
llm_infer_qwen25_72b_fp8|b39fa450_20260419_042425,1.0,10,5013,job
llm_infer_qwen25_72b_tp2|173cf665d203_20260419_044434,1.0,10,5013,job
llm_infer_qwen25_7b_fp16|0c4a3bb2_20260824_212015,1.0,10,5013,job
llm_infer_qwen25_7b_fp16|4f69bded_20260824_200743,1.0,1,5013,job
llm_infer_qwen25_7b_fp16|a694acd9_20260419_210256,0.8,10,5013,job
llm_infer_qwen25_7b_fp16|f6638e51_20260419_211613,1.0,10,5013,job
llm_infer_qwen25_7b_fp16|f70331c1_20260419_233641,1.0,10,5013,job
llm_infer_sdxl|827523c5_20260420_223333,1.0,10,5013,job
llm_infer_tinyllama_bs8|43f9b961_20260420_221242,1.0,10,5013,job
llm_infer_tinyllama_seq4096|026a1f9a_20260420_221753,1.0,10,5013,job
llm_infer_tinyllama_seq4096|25a7da9a_20260419_225251,1.0,10,5013,job
llm_infer_vit_l_bs64|a2d462c4_20260420_225947,1.0,10,5013,job
llm_train_phi3_mini_lora|61242a7d_20260419_225953,1.0,10,5013,job
llm_train_smollm2_1p7b_lora|2958dde3_20260824_221932,1.0,10,5013,job
llm_train_smollm2_1p7b_lora|896b1640_20260824_223027,1.0,10,5013,job
llm_train_smollm2_1p7b_lora|bc185109_20260419_223818,1.0,10,5013,job
mining_ethash_proxy|3cac048c_20260825_000110,1.0,10,5013,job
mining_ethash_proxy|417dd7cd_20260420_002049,1.0,10,5013,job
mining_ethash_proxy|814335b9_20260421_020654,1.0,10,5013,job
mlp_training|mlp_training_c52a21,1.0,1,5013,job
modern_inference|6ce8e009_20260413_033057,1.0,1,5013,job
nbody_sim|4bf2dc52_20260412_231705,1.0,10,5013,job
nbody_sim|b9568c1a_20260413_033202,1.0,1,5013,job
nbody_sim|e828c825_20260825_025405,1.0,10,5013,job
nbody_sim|nbody_sim_66a459,1.0,1,5013,job
nvlink_latency|nvlink_latency_gpu0_1c6087,1.0,1,5013,job
ppo_rlhf_r32_rep2|580ad642_20260804_172333,0.9,10,5013,job
ppo_rlhf_r8_rep1|6394bf01_20260804_164958,1.0,10,5013,job
ppo_rlhf_r8_rep2|4735a4fb_20260804_171221,1.0,10,5013,job
pytorch_mlp_cifar10_ext|91abd671_20260420_204403,1.0,10,5013,job
pytorch_mlp_cifar10_ext|a9cd45e0_20260421_011343,1.0,10,5013,job
pytorch_mlp_cifar10|6726c8ff_20260825_021604,1.0,1,5013,job
pytorch_resnet_cifar10_amp_ext|0e16abc8_20260420_204227,1.0,5,5013,job
pytorch_resnet_cifar10_amp_ext|a0c58ed2_20260420_203152,1.0,5,5013,job
pytorch_resnet_cifar10_amp|1f7efb5a_20260825_021236,1.0,1,5013,job
pytorch_resnet_cifar10_amp|8ab3bfd2_20260825_020754,1.0,1,5013,job
pytorch_resnet_cifar10_amp|f1be0dfb_20260825_020609,1.0,1,5013,job
rendering_proxy|307d16fe_20260825_032515,0.0,10,5013,job
rendering_proxy|630b9e74_20260825_034601,0.1,10,5013,job
rendering_proxy|8aeaf443_20260825_033538,0.1,10,5013,job
rendering|rendering_33f139,0.0,1,5013,job
resnet50_inference|d120b7ba_20260825_024340,1.0,10,5013,job
resnet50_inference|f65b4403_20260413_033014,0.0,1,5013,job
symgemm_L0_fwd1_rep3|0ad604b3_20260802_223527,1.0,10,5013,job
symgemm_L0_fwd1_rep4|03ed95b1_20260802_233118,1.0,10,5013,job
symgemm_L1_fwd3_m8192_rep1|128a6c86_20260802_185218,0.0,10,5013,job
symgemm_L5_adam_rep4|b36d56ef_20260802_232008,1.0,10,5013,job
symgemm_ppo_fused_r8_rep1|3a9327e2_20260803_002606,1.0,10,5013,job
training_dual_gpu_dp|multi_gpu_telemetry_gpu0,1.0,2,5013,job
training_dual_gpu_dp|training_dual_gpu_dp_gpu0_e63285,1.0,1,5013,job
training_single_gpu|training_single_gpu_gpu0_4f9586,1.0,1,5013,job
training_single_gpu|training_single_gpu_gpu1_552ff1,0.0,1,5013,job
training_single_gpu|training_single_gpu_gpu1_a2ce5b,0.0,1,5013,job
whitebox_diluted_N5|e9df56b8_20260725_202339,1.0,10,5013,job
whitebox_inference_3b_rep2|92741c8b_20260728_020004,0.0,10,5013,job
whitebox_inference_7b_1h|4bf42831_20260727_095532,0.8,10,5013,job
whitebox_inference_long|877db838_20260725_055129,0.8,10,5013,job
whitebox_inference|3d92903b_20260725_201826,0.9,10,5013,job
whitebox_lora_7b_pilot_N5|8d4c0881_20260726_121646,1.0,10,5013,job
whitebox_lora_7b_pilot_N8|a2326a19_20260726_130940,1.0,10,5013,job
whitebox_lora_N10|12837863_20260725_200230,1.0,10,5013,job
whitebox_oracle|75298cf9_20260725_225503,1.0,10,5013,job
whitebox_oracle|dfb4b131_20260725_230325,1.0,10,5013,job
adversarial_E_memory_minimal|7b692854_20260412_053508,1.0,10,5014,job
adversarial_F_interleave_50|972b5cb1_20260412_230551,1.0,1,5014,job
adversarial_G_clock_throttled|b38cd060_20260825_044459,1.0,10,5014,job
adversarial_G_clock_throttled|d64b14fc_20260825_045547,1.0,10,5014,job
adversarial_H_mimicry_cufft|3d49af99_20260413_013919,1.0,10,5014,job
adversarial_H_mimicry_mining|26c55d63_20260412_230551,1.0,10,5014,job
adversarial_H_mimicry_mining|bedfd354_20260412_223016,1.0,10,5014,job
adversarial_I_stochastic_30|0790698e_20260726_000437,1.0,10,5014,job
adversarial_I_stochastic_30|1319ffe7_20260726_002804,1.0,10,5014,job
adversarial_I_stochastic_30|18b857be_20260412_230551,1.0,1,5014,job
adversarial_J_pid_75|cf944e31_20260412_230551,1.0,1,5014,job
adversarial_K_ddp_accum_4|6e24c995c923_20260412_064737,1.0,80,5014,job
adversarial_K_online_learning|da312bfa_20260412_054054,1.0,10,5014,job
adversarial_L_ddp_5|a9a551652c04_20260412_235905,1.0,80,5014,job
adversarial_L_diluted_10|2c305d90_20260725_232752,1.0,10,5014,job
adversarial_L_diluted_10|6ef8b233_20260412_231132,0.4,10,5014,job
adversarial_L_diluted_10|8d5f2101_20260725_235123,1.0,10,5014,job
adversarial_L_diluted_20|02cfd70b_20260412_231132,1.0,10,5014,job
adversarial_L_diluted_20|951bef7b_20260825_072130,1.0,10,5014,job
adversarial_L_diluted_2|316523f7_20260412_231132,1.0,10,5014,job
adversarial_L_diluted_2|463541b6_20260825_062731,1.0,10,5014,job
adversarial_L_diluted_5|8f922c0f_20260825_064343,1.0,10,5014,job
batch_size_sweep_dp|batch_size_sweep_dp_gpu1_f04813,0.0,1,5014,job
bert_sst2_amp|49d3ba57_20260412_224117,1.0,1,5014,job
bert_sst2|4a0aab7a_20260825_021739,1.0,1,5014,job
cufft_benchmark|2cf468dc_20260421_013631,1.0,10,5014,job
cufft_benchmark|540552ce_20260824_234024,1.0,10,5014,job
cufft_benchmark|692a3d5e_20260412_224117,1.0,10,5014,job
cufft_benchmark|83e14a25_20260421_014638,1.0,10,5014,job
cufft_benchmark|a3a1b5b0_20260420_195136,1.0,10,5014,job
cufft_benchmark|ff25783f_20260413_033141,1.0,1,5014,job
cufft_hpc|cufft_hpc_e7ea4b,1.0,1,5014,job
ddp_resnet18_cifar10_amp|452a0a67a4fb_20260412_061559,1.0,80,5014,job
ddp_resnet18_cifar10_amp|972309ed66bd_20260412_231156,1.0,80,5014,job
ddp_resnet50_cifar10|c83757ac5731_20260412_230440,1.0,80,5014,job
fsdp_13b_nvlink|cf8cfa835835_20260413_000312,1.0,80,5014,job
fsdp_30b_nvlink|cb97612d27e1_20260412_074413,1.0,70,5014,job
fsdp_70b_nvlink|a7ff05fcabd2_20260413_003024,1.0,8,5014,job
fsdp_70b_nvlink|c632fe2971fa_20260412_071411,1.0,8,5014,job
fsdp_70b_sgd_momentum|465819c33b0c_20260413_012319,1.0,80,5014,job
gpt2_finetune|cfe318c2_20260413_032930,0.0,1,5014,job
gpt2_wikitext2_amp|62c86ac7_20260412_222753,1.0,2,5014,job
gpt2_wikitext2|1f4b6ea6_20260412_231705,1.0,3,5014,job
gpt2_wikitext2|60a1ee17_20260825_022027,1.0,2,5014,job
gpt2_wikitext2|f1162cf3_20260412_222753,1.0,3,5014,job
idle|395fbdc4_20260413_032720,1.0,1,5014,job
idle|5edd7d6c_20260413_032703,1.0,1,5014,job
idle|964c62f7_20260420_194932,1.0,7,5014,job
idle|9c0d0d21_20260824_232740,1.0,7,5014,job
idle|b37a89ff_20260824_180358,1.0,7,5014,job
idle|bda38c7a_20260412_231132,1.0,7,5014,job
idle|dd455a95_20260824_171422,1.0,7,5014,job
llm_infer_mistral_7b_q4|199b8710_20260825_074125,1.0,10,5014,job
llm_infer_mistral_7b_q4|280943b7_20260421_011827,1.0,10,5014,job
llm_infer_mistral_7b_q4|2ec733be_20260419_221039,1.0,1,5014,job
llm_infer_mistral_7b_q4|9e359ed7_20260825_003757,1.0,10,5014,job
llm_infer_mistral_7b_q4|b8b0e618_20260420_005449,1.0,10,5014,job
llm_infer_mistral_7b_q4|bd933593_20260419_221051,1.0,1,5014,job
llm_infer_mistral_7b_q4|c36eab64_20260419_220847,1.0,1,5014,job
llm_infer_mistral_7b_q4|ca02ad41_20260420_015354,1.0,1,5014,job
llm_infer_mistral_7b_q4|dc6bbdac_20260420_010008,1.0,10,5014,job
llm_infer_phi3_mini|e7151e88_20260420_205129,1.0,10,5014,job
llm_infer_qwen25_14b_fp16|98601a67_20260824_213822,1.0,10,5014,job
llm_infer_qwen25_14b_fp16|a5960172_20260420_232931,1.0,10,5014,job
llm_infer_qwen25_32b_fp16|0e1acfb8_20260824_214418,1.0,10,5014,job
llm_infer_qwen25_3b_bs16|0765cbf1_20260420_215052,1.0,10,5014,job
llm_infer_qwen25_3b_bs16|45cf0574_20260419_230842,1.0,10,5014,job
llm_infer_qwen25_3b_bs16|dfe991b8_20260420_215605,1.0,10,5014,job
llm_infer_qwen25_3b|1fd463ca_20260419_021328,1.0,10,5014,job
llm_infer_qwen25_3b|b3849090_20260419_213727,1.0,10,5014,job
llm_infer_qwen25_72b_fp16|d793b310_20260421_003349,1.0,10,5014,job
llm_infer_qwen25_72b_fp8|78a77a8b_20260420_235909,1.0,10,5014,job
llm_infer_qwen25_72b_tp2|173cf665d203_20260419_044435,1.0,10,5014,job
llm_infer_qwen25_7b_fp16|0c4a3bb2_20260824_212015,1.0,10,5014,job
llm_infer_qwen25_7b_fp16|58527b11_20260419_232945,0.8,10,5014,job
llm_infer_qwen25_7b_fp16|5ff414f8_20260419_211038,1.0,10,5014,job
llm_infer_qwen25_7b_fp16|8c50624a_20260824_211339,1.0,10,5014,job
llm_infer_qwen25_7b_fp16|abd7cc9c_20260420_230458,1.0,10,5014,job
llm_infer_qwen25_7b_fp16|c98d90af_20260420_231133,1.0,10,5014,job
llm_infer_qwen25_7b_fp16|f70331c1_20260419_233641,1.0,10,5014,job
llm_infer_qwen25_7b_fp16|febf963c_20260419_205933,1.0,1,5014,job
llm_infer_sdxl|81d0af5a_20260419_030149,0.0,10,5014,job
llm_infer_sdxl|81e16ec3_20260419_025634,0.0,10,5014,job
llm_infer_sdxl|adc8a3d2_20260419_222624,0.9,10,5014,job
llm_infer_sdxl|f3c09865_20260419_025108,0.0,10,5014,job
llm_infer_tinyllama_bs8|efe8ddc5_20260419_021922,1.0,10,5014,job
llm_infer_tinyllama_bs8|fd185e9d_20260420_220729,0.9,10,5014,job
llm_infer_tinyllama_seq4096|026a1f9a_20260420_221753,0.9,10,5014,job
llm_infer_tinyllama_seq4096|367c872f_20260420_222307,1.0,10,5014,job
llm_infer_tinyllama_seq4096|eac7968c_20260419_224733,1.0,10,5014,job
llm_train_phi3_mini_lora|0d707150_20260419_230604,1.0,10,5014,job
llm_train_qwen25_1p5b_lora|e0c86e62_20260824_220836,1.0,10,5014,job
llm_train_smollm2_1p7b_lora|bc185109_20260419_223818,1.0,10,5014,job
mining_ethash_proxy|304ec693_20260420_003055,1.0,10,5014,job
mining_proxy|mining_proxy_a7ed85,0.0,1,5014,job
nbody_sim|98b49f2f_20260412_224117,1.0,10,5014,job
nbody_sim|b9568c1a_20260413_033202,1.0,1,5014,job
nbody_sim|bf32f0fa_20260413_033224,1.0,1,5014,job
nbody_sim|e828c825_20260825_025405,1.0,10,5014,job
nvlink_bandwidth|nvlink_bandwidth_gpu0_ef7777,1.0,1,5014,job
nvlink_latency|nvlink_latency_gpu0_1c6087,1.0,1,5014,job
nvlink_latency|nvlink_latency_gpu0_5aa1ba,1.0,1,5014,job
pytorch_mlp_cifar10|6726c8ff_20260825_021604,1.0,1,5014,job
pytorch_resnet_cifar10_amp_ext|912880ba_20260421_011212,1.0,5,5014,job
pytorch_resnet_cifar10_amp_ext|a0c58ed2_20260420_203152,1.0,5,5014,job
pytorch_resnet_cifar10_amp|7184c09f_20260825_073235,1.0,1,5014,job
pytorch_resnet_cifar10_amp|f1be0dfb_20260825_020609,1.0,1,5014,job
pytorch_resnet_cifar10_ext|76d6663a_20260420_203006,1.0,6,5014,job
pytorch_training|1b83c94e_20260413_032802,1.0,1,5014,job
pytorch_training|2a94287a_20260413_032802,1.0,1,5014,job
rendering|rendering_33f139,0.0,1,5014,job
resnet50_inference|f8907ec1_20260413_032952,0.0,1,5014,job
resnet_amp|resnet_amp_efa494,1.0,1,5014,job
resnet_fp32|resnet_fp32_d1d694,1.0,1,5014,job
scientific_hpc|3cf03b97_20260413_033308,1.0,1,5014,job
scientific_hpc|b957a0bf_20260413_033246,1.0,1,5014,job
symgemm_L1_fwd3_7b_rep1|1da12b31_20260802_215024,0.8,10,5014,job
symgemm_L1_fwd3_m8192_rep2|e044c3fe_20260802_211404,0.9,10,5014,job
symgemm_L3_graddiscard_rep1|f12dea2b_20260802_182955,0.9,10,5014,job
symgemm_L3_graddiscard_rep2|eaf8a014_20260802_205144,1.0,10,5014,job
symgemm_L4_sgdfused_rep2|a86d6744_20260802_200703,0.9,10,5014,job
symgemm_L4_sgdfused_rep4|8f5f5e11_20260802_225748,0.9,10,5014,job
symgemm_decode_g256_rep2|4fc9bf1b_20260803_012205,1.0,10,5014,job
symgemm_ppo_fused_r32_rep2|c6b8724c_20260803_011053,1.0,10,5014,job
whitebox_diluted_7b_N10_1h|f65c515b_20260727_121946,1.0,10,5014,job
whitebox_diluted_N20|d8b176f8_20260725_212116,1.0,10,5014,job
whitebox_inference_7b_2h|2c53509d_20260727_215058,0.9,10,5014,job
whitebox_inference|2c3fb377_20260725_205514,0.9,10,5014,job
whitebox_lora_7b_N3_1h|1291fbf0_20260727_132029,1.0,10,5014,job
whitebox_lora_N5|de90ed7d_20260725_202852,1.0,10,5014,job
adversarial_E_memory_minimal|7b692854_20260412_053508,1.0,10,5015,job
adversarial_E_memory_minimal|c443df01_20260825_035624,1.0,10,5015,job
adversarial_F_interleave_30|314da66d_20260412_053508,1.0,1,5015,job
adversarial_F_interleave_30|a1e40da7_20260825_041236,1.0,10,5015,job
adversarial_F_interleave_30|df47671a_20260825_041800,1.0,10,5015,job
adversarial_F_interleave_50|46a73a4e_20260725_234614,1.0,10,5015,job
adversarial_G_clock_throttled|8a017bab_20260412_223016,1.0,10,5015,job
adversarial_G_clock_throttled|d64b14fc_20260825_045547,1.0,10,5015,job
adversarial_H_mimicry_cufft|bf336e54_20260825_051722,1.0,10,5015,job
adversarial_H_mimicry_mining|26c55d63_20260412_230551,1.0,10,5015,job
adversarial_H_mimicry_mining|30dc1b59_20260412_053508,1.0,1,5015,job
adversarial_H_mimicry_mining|5ac32145_20260825_051158,1.0,10,5015,job
adversarial_H_mimicry_mining|88fd4004_20260825_050111,1.0,10,5015,job
adversarial_I_stochastic_30|18b857be_20260412_230551,1.0,1,5015,job
adversarial_I_stochastic_30|3978f906_20260825_053334,1.0,10,5015,job
adversarial_J_pid_75|6aa98cf6_20260412_053508,1.0,1,5015,job
adversarial_J_pid_75|ddd52b74_20260825_055509,1.0,10,5015,job
adversarial_K_ddp|41b734487b5e_20260412_235331,1.0,80,5015,job
adversarial_K_online_learning|da312bfa_20260412_054054,1.0,10,5015,job
adversarial_L_diluted_10|03656a60_20260825_065954,1.0,10,5015,job
adversarial_L_diluted_10|8d5f2101_20260725_235123,1.0,10,5015,job
adversarial_L_diluted_10|9712fcda_20260825_065431,1.0,10,5015,job
adversarial_L_diluted_20|951bef7b_20260825_072130,1.0,10,5015,job
adversarial_L_diluted_20|c504ec15_20260726_002055,1.0,10,5015,job
adversarial_L_diluted_2|316523f7_20260412_231132,1.0,10,5015,job
adversarial_L_diluted_5|8f922c0f_20260825_064343,1.0,10,5015,job
batch_size_sweep_dp|batch_size_sweep_dp_gpu0_2c05fa,1.0,1,5015,job
bert_finetune|d969416f_20260413_032846,0.0,1,5015,job
bert_sst2_amp_ext|550d0003_20260420_205051,1.0,1,5015,job
bert_sst2_ext|39b13cda_20260420_203906,1.0,3,5015,job
bert_sst2|0a64dc16_20260825_021827,1.0,1,5015,job
bert_sst2|906cb48d_20260825_021650,1.0,1,5015,job
cufft_benchmark|692a3d5e_20260412_224117,1.0,10,5015,job
cufft_benchmark|7eb3b0fd_20260420_000038,1.0,10,5015,job
cufft_benchmark|fa1982fd_20260419_234026,1.0,10,5015,job
cufft_hpc|cufft_hpc_e7ea4b,1.0,1,5015,job
ddp_resnet18_cifar10_amp|452a0a67a4fb_20260412_061559,1.0,80,5015,job
ddp_resnet18_cifar10_amp|95f2a16cc1a5_20260412_234616,1.0,80,5015,job
ddp_resnet50_cifar10|c83757ac5731_20260412_230440,1.0,80,5015,job
fsdp_30b_nvlink|165add02433c_20260412_071335,1.0,8,5015,job
fsdp_30b_nvlink|2f237772ccc3_20260413_004957,1.0,80,5015,job
fsdp_70b_nvlink|c632fe2971fa_20260412_071411,1.0,8,5015,job
gpt2_finetune|f22ba689_20260413_032930,1.0,1,5015,job
gpt2_wikitext2_amp_ext|f609adef_20260420_203807,1.0,2,5015,job
gpt2_wikitext2_amp|62c86ac7_20260412_222753,1.0,2,5015,job
gpt2_wikitext2|13f0dd2f_20260825_021915,1.0,2,5015,job
gpt2_wikitext2|1f4b6ea6_20260412_231705,1.0,3,5015,job
idle|395fbdc4_20260413_032720,1.0,1,5015,job
idle|9689d8b0_20260413_032720,1.0,1,5015,job
idle|d840e0b6_20260824_171640,1.0,7,5015,job
llm_infer_deepseek_v3_tp8|acb00ac39728_20260419_002312,1.0,30,5015,job
llm_infer_mistral_7b_q4|5841de91_20260419_210239,1.0,1,5015,job
llm_infer_mistral_7b_q4|7dcec1a2_20260420_020500,1.0,10,5015,job
llm_infer_mistral_7b_q4|d4a0ca97_20260419_215339,1.0,1,5015,job
llm_infer_mistral_7b_q4|dc6bbdac_20260420_010008,1.0,10,5015,job
llm_infer_mixtral_8x7b|2136c735_20260421_001254,1.0,10,5015,job
llm_infer_mixtral_8x7b|74ae4709_20260421_001937,1.0,10,5015,job
llm_infer_mixtral_8x7b|a79f0a84_20260419_040511,1.0,10,5015,job
llm_infer_phi3_mini|745171c6_20260419_015720,1.0,10,5015,job
llm_infer_phi3_mini|e0bd0272_20260419_212652,1.0,10,5015,job
llm_infer_qwen25_14b_fp16|62b1513a_20260419_205946,1.0,1,5015,job
llm_infer_qwen25_14b_fp16|85bf5790_20260419_205937,1.0,1,5015,job
llm_infer_qwen25_14b_fp16|98601a67_20260824_213822,1.0,10,5015,job
llm_infer_qwen25_32b_fp16|54f1bd71_20260419_205959,1.0,1,5015,job
llm_infer_qwen25_32b_fp16|7efd8ad1_20260419_220234,1.0,10,5015,job
llm_infer_qwen25_32b_fp16|a14ebdea_20260824_215053,1.0,10,5015,job
llm_infer_qwen25_3b_bs16|301efde2_20260419_225807,1.0,10,5015,job
llm_infer_qwen25_3b_bs16|ee6ca6af_20260420_214537,1.0,10,5015,job
llm_infer_qwen25_3b_bs4|16c726fc_20260419_222104,1.0,10,5015,job
llm_infer_qwen25_3b_bs4|32bdfeb6_20260419_024034,1.0,10,5015,job
llm_infer_qwen25_3b_bs4|acde3618_20260419_221540,1.0,10,5015,job
llm_infer_qwen25_3b_bs4|d16da8aa_20260420_212943,1.0,10,5015,job
llm_infer_qwen25_3b_bs4|dbfd03f1_20260419_023515,1.0,10,5015,job
llm_infer_qwen25_72b_fp16|1d53cfd5_20260421_004034,1.0,10,5015,job
llm_infer_qwen25_72b_fp16|aaa06495_20260421_002643,1.0,10,5015,job
llm_infer_qwen25_72b_fp8|8ae2fbd4_20260420_004029,0.9,10,5015,job
llm_infer_qwen25_72b_tp2|173cf665d203_20260419_044435,1.0,10,5015,job
llm_infer_qwen25_7b_fp16|0088cce0_20260419_205928,1.0,1,5015,job
llm_infer_qwen25_7b_fp16|4052c194_20260824_200842,1.0,10,5015,job
llm_infer_qwen25_7b_fp16|4f69bded_20260824_200743,1.0,1,5015,job
llm_infer_qwen25_7b_fp16|730da3ab_20260419_234250,1.0,10,5015,job
llm_infer_qwen25_7b_fp16|f70331c1_20260419_233641,1.0,10,5015,job
llm_infer_sdxl|5477dea8_20260419_223149,0.8,10,5015,job
llm_infer_sdxl|adc8a3d2_20260419_222624,1.0,10,5015,job
llm_infer_tinyllama_bs8|00313478_20260419_215951,1.0,10,5015,job
llm_infer_tinyllama_bs8|bcad42c3_20260419_220507,1.0,10,5015,job
llm_infer_tinyllama_bs8|efe8ddc5_20260419_021922,0.9,10,5015,job
llm_infer_tinyllama_bs8|fd185e9d_20260420_220729,1.0,10,5015,job
llm_infer_tinyllama_seq4096|25a7da9a_20260419_225251,1.0,10,5015,job
llm_infer_tinyllama_seq4096|bf1e9e48_20260419_030704,1.0,10,5015,job
llm_infer_vit_l_bs64|38e37d2f_20260419_034355,1.0,10,5015,job
llm_infer_vit_l_bs64|7be29623_20260420_224924,1.0,10,5015,job
llm_train_qwen25_1p5b_lora|2a4e8583_20260419_221125,0.9,10,5015,job
llm_train_qwen25_3b_lora|e8114b07_20260419_225441,1.0,10,5015,job
llm_train_smollm2_1p7b_lora|19738386_20260419_223307,1.0,10,5015,job
llm_train_smollm2_1p7b_lora|ad1a6473_20260419_222727,1.0,10,5015,job
llm_train_smollm2_1p7b_lora|bc185109_20260419_223818,1.0,10,5015,job
mining_ethash_proxy|b6f2e520_20260825_001133,1.0,10,5015,job
modern_inference|5c76e8e5_20260413_033057,1.0,1,5015,job
nbody_sim|98b49f2f_20260412_224117,1.0,10,5015,job
nbody_sim|nbody_sim_66a459,1.0,1,5015,job
nvlink_p2p|858acb89_20260413_033414,1.0,1,5015,job
ppo_rlhf_r32_rep1|2b37c1ae_20260804_170110,1.0,10,5015,job
ppo_rlhf_r32_rep2|580ad642_20260804_172333,1.0,10,5015,job
pytorch_mlp_cifar10_ext|22ac55c7_20260420_203325,1.0,10,5015,job
pytorch_mlp_cifar10|743face9_20260412_231705,1.0,2,5015,job
pytorch_mlp_cifar10|c7886665_20260412_222753,0.0,1,5015,job
pytorch_resnet_cifar10_amp|964987b7_20260825_021328,1.0,1,5015,job
pytorch_resnet_cifar10_amp|bc16a2c3_20260825_020856,1.0,1,5015,job
rendering_proxy|5278c256_20260412_232321,1.0,10,5015,job
rendering_proxy|8aeaf443_20260825_033538,1.0,10,5015,job
resnet50_inference|f65b4403_20260413_033014,1.0,1,5015,job
resnet50_inference|f8907ec1_20260413_032952,0.0,1,5015,job
resnet_fp32|resnet_fp32_f7ebcf,1.0,1,5015,job
scientific_hpc|b957a0bf_20260413_033246,1.0,1,5015,job
symgemm_L1_fwd3_rep1|9c7b9bc7_20260802_175625,1.0,10,5015,job
symgemm_L4_sgdfused_7b_rep1|d75e1ca4_20260802_212515,1.0,10,5015,job
symgemm_L4_sgdfused_long1b_rep1|e77f32f2_20260803_062646,0.6,10,5015,job
symgemm_L4_sgdfused_rep2|a86d6744_20260802_200703,0.8,10,5015,job
symgemm_decode_g256_rep2|4fc9bf1b_20260803_012205,0.9,10,5015,job
symgemm_ppo_fused_r8_rep2|ab3e57f5_20260803_005942,1.0,10,5015,job
whitebox_diluted_N5|e9df56b8_20260725_202339,1.0,10,5015,job
whitebox_inference_7b_2h|2c53509d_20260727_215058,0.9,10,5015,job
whitebox_inference_7b_rep3|62149f64_20260728_050902,0.8,10,5015,job
whitebox_inference|3d92903b_20260725_201826,1.0,10,5015,job
whitebox_lora_1b_N1_1h|861a8dfb_20260727_173343,1.0,10,5015,job
whitebox_lora_3b_N1_rep2|71e45f69_20260728_030033,1.0,10,5015,job
whitebox_lora_7b_N50_1h|f9ff4b5d_20260727_152145,1.0,10,5015,job
whitebox_lora_7b_pilot_N8|a2326a19_20260726_130940,1.0,10,5015,job
whitebox_lora_N5|de90ed7d_20260725_202852,1.0,10,5015,job
adversarial_E_memory_minimal|c443df01_20260825_035624,1.0,10,5016,job
adversarial_F_interleave_30|a1e40da7_20260825_041236,1.0,10,5016,job
adversarial_F_interleave_50|46a73a4e_20260725_234614,1.0,10,5016,job
adversarial_G_clock_throttled|b38cd060_20260825_044459,1.0,10,5016,job
adversarial_G_clock_throttled|d38b3081_20260412_053508,1.0,10,5016,job
adversarial_H_mimicry_cufft|49dbd077_20260412_223016,1.0,10,5016,job
adversarial_H_mimicry_cufft|8a52b6f9_20260825_052246,1.0,10,5016,job
adversarial_H_mimicry_mining|bf6e3698_20260413_011721,1.0,10,5016,job
adversarial_J_pid_75|e3f49bde_20260412_223016,1.0,10,5016,job
adversarial_K_ddp_accum_8|036fb65cffea_20260413_002258,1.0,80,5016,job
adversarial_K_ddp|2b7d13785ecf_20260412_231725,1.0,80,5016,job
adversarial_K_ddp|41b734487b5e_20260412_235331,1.0,80,5016,job
adversarial_L_ddp_5|7f7c7caec1c9_20260412_232441,1.0,80,5016,job
adversarial_L_ddp_stagger_5|8e9728362385_20260412_064206,1.0,80,5016,job
adversarial_L_diluted_10_mw8|2a0a1abb_20260726_170758,1.0,10,5016,job
adversarial_L_diluted_10_mw8|453df7c0_20260726_170248,1.0,10,5016,job
adversarial_L_diluted_10|03656a60_20260825_065954,1.0,10,5016,job
adversarial_L_diluted_20|02cfd70b_20260412_231132,1.0,10,5016,job
adversarial_L_diluted_20|25326617_20260725_233354,1.0,10,5016,job
adversarial_L_diluted_20|c1b0e51f_20260825_071606,1.0,10,5016,job
adversarial_L_diluted_2|354119ef_20260412_223541,1.0,10,5016,job
adversarial_training|b1c5e184_20260413_033330,0.0,1,5016,job
bert_finetune|2a2a5f3e_20260413_032846,1.0,1,5016,job
bert_sst2_amp_ext|cb252747_20260420_204010,1.0,1,5016,job
bert_sst2_ext|39b13cda_20260420_203906,1.0,3,5016,job
bert_sst2_ext|d1b7b9e7_20260420_202822,1.0,3,5016,job
bert_sst2|0a64dc16_20260825_021827,1.0,1,5016,job
cufft_benchmark|38fd661e_20260419_235032,1.0,10,5016,job
fsdp_13b_nvlink|0b39d5a9bdb4_20260413_003641,1.0,80,5016,job
fsdp_13b_nvlink|cf8cfa835835_20260413_000312,1.0,80,5016,job
fsdp_70b_nvlink|c632fe2971fa_20260412_071411,1.0,8,5016,job
fsdp_70b_sgd_momentum|465819c33b0c_20260413_012319,1.0,80,5016,job
gpt2_finetune|f22ba689_20260413_032930,0.0,1,5016,job
gpt2_wikitext2_amp_ext|058cfbc9_20260420_204849,1.0,2,5016,job
gpt2_wikitext2_ext|7a20f073_20260420_204656,1.0,6,5016,job
gpt2_wikitext2_ext|daa304a2_20260421_011634,1.0,6,5016,job
gpt2_wikitext2|13f0dd2f_20260825_021915,1.0,2,5016,job
gpt2_wikitext2|f1162cf3_20260412_222753,1.0,3,5016,job
idle|3a7e56ce_20260412_223541,1.0,7,5016,job
idle|964c62f7_20260420_194932,1.0,7,5016,job
idle|9689d8b0_20260413_032720,1.0,1,5016,job
idle|9c0d0d21_20260824_232740,1.0,7,5016,job
idle|9eb24edf_20260824_171857,1.0,7,5016,job
idle|dd455a95_20260824_171422,1.0,7,5016,job
idle|f63d327d_20260421_013426,1.0,7,5016,job
idle|idle_96fcac,1.0,1,5016,job
idle|idle_9cb91e,1.0,1,5016,job
inference|inference_8fd998,1.0,1,5016,job
inference|inference_986d16,1.0,1,5016,job
llm_infer_mistral_7b_q4|143e0113_20260419_220838,1.0,1,5016,job
llm_infer_mistral_7b_q4|199b8710_20260825_074125,0.9,10,5016,job
llm_infer_mistral_7b_q4|1aa4e562_20260825_004332,0.8,10,5016,job
llm_infer_mistral_7b_q4|2ec733be_20260419_221039,0.0,1,5016,job
llm_infer_mistral_7b_q4|5841de91_20260419_210239,1.0,1,5016,job
llm_infer_mistral_7b_q4|793c412e_20260420_010538,0.9,10,5016,job
llm_infer_mistral_7b_q4|c36eab64_20260419_220847,1.0,1,5016,job
llm_infer_mistral_7b_q4|dc6bbdac_20260420_010008,1.0,10,5016,job
llm_infer_phi3_mini|4d756fdb_20260419_014632,1.0,10,5016,job
llm_infer_phi3_mini|52a2bd28_20260420_210319,1.0,10,5016,job
llm_infer_phi3_mini|cd6a5e78_20260419_212123,1.0,10,5016,job
llm_infer_phi3_mini|d0a32c71_20260419_213210,1.0,10,5016,job
llm_infer_phi3_mini|e7320dff_20260420_205804,0.9,10,5016,job
llm_infer_qwen25_14b_fp16|875f3c6d_20260420_232314,1.0,10,5016,job
llm_infer_qwen25_14b_fp16|9bdd69d7_20260420_233533,1.0,10,5016,job
llm_infer_qwen25_32b_fp16|08c0cbfe_20260420_001804,1.0,10,5016,job
llm_infer_qwen25_32b_fp16|463349dc_20260420_000940,1.0,10,5016,job
llm_infer_qwen25_32b_fp16|bb94db96_20260419_205955,1.0,1,5016,job
llm_infer_qwen25_32b_fp16|dffbfb17_20260421_030111,0.9,10,5016,job
llm_infer_qwen25_3b_bs16|0918ee71_20260419_032245,1.0,10,5016,job
llm_infer_qwen25_3b_bs16|dfe991b8_20260420_215605,1.0,10,5016,job
llm_infer_qwen25_3b_bs4|dbfd03f1_20260419_023515,1.0,10,5016,job
llm_infer_qwen25_3b|df5ce46a_20260419_020809,1.0,10,5016,job
llm_infer_qwen25_3b|f36beab2_20260419_214818,1.0,10,5016,job
llm_infer_qwen25_72b_fp8|cd098693_20260420_004709,1.0,10,5016,job
llm_infer_qwen25_7b_fp16|c98d90af_20260420_231133,1.0,10,5016,job
llm_infer_sdxl|3761f92b_20260419_223705,0.7,10,5016,job
llm_infer_sdxl|5477dea8_20260419_223149,0.8,10,5016,job
llm_infer_sdxl|81d0af5a_20260419_030149,0.0,10,5016,job
llm_infer_sdxl|81e16ec3_20260419_025634,0.0,10,5016,job
llm_infer_sdxl|827523c5_20260420_223333,1.0,10,5016,job
llm_infer_tinyllama_bs8|43f9b961_20260420_221242,1.0,10,5016,job
llm_infer_tinyllama_bs8|75a3d2cd_20260419_215432,1.0,10,5016,job
llm_infer_tinyllama_bs8|ecdf6ee5_20260420_220215,1.0,10,5016,job
llm_infer_tinyllama_seq4096|026a1f9a_20260420_221753,1.0,10,5016,job
llm_train_mistral_7b_lora|408384ba_20260419_232329,1.0,10,5016,job
llm_train_phi3_mini_lora|4bf06f5e_20260824_225752,1.0,10,5016,job
llm_train_qwen25_1p5b_lora|8a368ac5_20260824_220307,1.0,10,5016,job
llm_train_qwen25_3b_lora|074568ba_20260824_224126,1.0,10,5016,job
llm_train_qwen25_3b_lora|46b96f38_20260419_224930,1.0,10,5016,job
llm_train_smollm2_1p7b_lora|896b1640_20260824_223027,1.0,10,5016,job
mining_ethash_proxy|417dd7cd_20260420_002049,1.0,10,5016,job
mining_ethash_proxy|fad55191_20260421_015646,1.0,10,5016,job
mining_proxy|mining_proxy_a7ed85,0.0,1,5016,job
nbody_sim|4bf2dc52_20260412_231705,1.0,10,5016,job
nbody_sim|98b49f2f_20260412_224117,1.0,10,5016,job
nbody_sim|e828c825_20260825_025405,1.0,10,5016,job
nbody_sim|e90ecd1d_20260825_031452,1.0,10,5016,job
nvlink_bandwidth|nvlink_bandwidth_gpu0_0eb88f,1.0,1,5016,job
nvlink_latency|nvlink_latency_gpu0_1c6087,1.0,1,5016,job
nvlink_latency|nvlink_latency_gpu1_3ab445,1.0,1,5016,job
ppo_rlhf_r8_rep3|5a1e4c08_20260804_173443,1.0,10,5016,job
pytorch_mlp_cifar10_ext|91abd671_20260420_204403,1.0,10,5016,job
pytorch_resnet_cifar10_amp_ext|0e16abc8_20260420_204227,1.0,5,5016,job
pytorch_resnet_cifar10_amp_ext|912880ba_20260421_011212,1.0,5,5016,job
pytorch_resnet_cifar10_amp|8ab3bfd2_20260825_020754,1.0,1,5016,job
pytorch_resnet_cifar10_amp|bc16a2c3_20260825_020856,1.0,1,5016,job
pytorch_resnet_cifar10_ext|76d6663a_20260420_203006,1.0,6,5016,job
pytorch_resnet_cifar10|0de6fc56_20260825_020340,1.0,1,5016,job
pytorch_resnet_cifar10|94104fc8_20260412_223541,1.0,2,5016,job
rendering_proxy|307d16fe_20260825_032515,1.0,10,5016,job
rendering_proxy|630b9e74_20260825_034601,1.0,10,5016,job
resnet50_inference|ee8f3e1f_20260412_224117,1.0,10,5016,job
resnet50_inference|f8907ec1_20260413_032952,1.0,1,5016,job
resnet_fp32|resnet_fp32_b4973a,1.0,1,5016,job
symgemm_L0_fwd1_rep2|3c32c629_20260802_204034,1.0,10,5016,job
symgemm_L4_sgdfused_7b_rep1|d75e1ca4_20260802_212515,1.0,10,5016,job
symgemm_decode_g256_rep3|6e25438a_20260803_015538,0.9,10,5016,job
symgemm_ppo_fused_r32_rep3|6b1c2a3b_20260803_014427,1.0,10,5016,job
training_dual_gpu_dp|training_dual_gpu_dp_gpu0_1c7245,1.0,1,5016,job
training_single_gpu|training_single_gpu_gpu0_199317,0.0,1,5016,job
training_single_gpu|training_single_gpu_gpu1_552ff1,0.0,1,5016,job
training_single_gpu|training_single_gpu_gpu1_a2ce5b,0.0,1,5016,job
whitebox_diluted_N10|d7e25a80_20260725_203405,1.0,10,5016,job
whitebox_diluted_N20|6305ed40_20260725_204431,1.0,10,5016,job
whitebox_inference_1b_matched|c6927996_20260728_061814,0.8,10,5016,job
whitebox_inference_7b_rep3|62149f64_20260728_050902,0.8,10,5016,job
whitebox_lora_7b_N20_1h|8c105125_20260727_142117,1.0,10,5016,job
whitebox_lora_7b_long|98ae0ecb_20260725_114106,1.0,10,5016,job
whitebox_oracle_7b_long|dd20b782_20260726_181838,1.0,10,5016,job
whitebox_oracle|75298cf9_20260725_225503,1.0,10,5016,job
adversarial_E_memory_minimal|72186530_20260825_040712,1.0,10,5017,job
adversarial_F_interleave_30|42e0d626_20260412_223016,1.0,10,5017,job
adversarial_F_interleave_30|df47671a_20260825_041800,1.0,10,5017,job
adversarial_G_clock_throttled|4471bfa7_20260412_230551,1.0,1,5017,job
adversarial_H_mimicry_cufft|3d49af99_20260413_013919,1.0,10,5017,job
adversarial_H_mimicry_cufft|ce9f5c9f_20260412_230551,1.0,1,5017,job
adversarial_H_mimicry_mining|840df611_20260825_050635,1.0,10,5017,job
adversarial_H_mimicry_mining|bf6e3698_20260413_011721,1.0,10,5017,job
adversarial_I_stochastic_30|0790698e_20260726_000437,1.0,10,5017,job
adversarial_I_stochastic_30|d13c6696_20260825_054421,1.0,10,5017,job
adversarial_J_pid_75|c205c1d2_20260413_014428,1.0,10,5017,job
adversarial_J_pid_75|e3f49bde_20260412_223016,1.0,10,5017,job
adversarial_K_ddp|2b7d13785ecf_20260412_231725,1.0,80,5017,job
adversarial_K_online_learning|901b510d_20260825_061120,1.0,10,5017,job
adversarial_L_ddp_5|a9a551652c04_20260412_235905,1.0,80,5017,job
adversarial_L_ddp_5|eb1c85843b4a_20260412_062919,1.0,80,5017,job
adversarial_L_ddp_stagger_5|9018a40f5999_20260412_233540,1.0,80,5017,job
adversarial_L_diluted_10_mw8|51a40fcc_20260726_171309,1.0,10,5017,job
adversarial_L_diluted_10|512934b1_20260412_054054,1.0,10,5017,job
adversarial_L_diluted_10|6ef8b233_20260412_231132,1.0,10,5017,job
adversarial_L_diluted_10|d4cc031f_20260726_001456,1.0,10,5017,job
adversarial_L_diluted_20|405a7452_20260412_223541,1.0,10,5017,job
adversarial_L_diluted_20|c504ec15_20260726_002055,1.0,10,5017,job
adversarial_L_diluted_2|354119ef_20260412_223541,1.0,10,5017,job
adversarial_L_diluted_2|463541b6_20260825_062731,1.0,10,5017,job
bert_sst2|19873577_20260412_224117,1.0,1,5017,job
bert_sst2|30b0dab5_20260412_231705,1.0,1,5017,job
cufft_benchmark|15fa4bd9_20260413_033141,1.0,1,5017,job
cufft_benchmark|540552ce_20260824_234024,1.0,10,5017,job
cufft_benchmark|692a3d5e_20260412_224117,1.0,10,5017,job
cufft_benchmark|ff25783f_20260413_033141,1.0,1,5017,job
ddp_resnet18_cifar10_amp|95f2a16cc1a5_20260412_234616,1.0,80,5017,job
ddp_resnet18_cifar10|a76b540db268_20260412_233502,1.0,80,5017,job
ddp_resnet50_cifar10|9fc805ce081e_20260412_234039,1.0,80,5017,job
ddp_training|ddp_telemetry_gpu0,1.0,1,5017,job
ddp_training|ddp_telemetry_gpu1,1.0,1,5017,job
fsdp_13b_nvlink|cf8cfa835835_20260413_000312,1.0,80,5017,job
fsdp_30b_nvlink|2f237772ccc3_20260413_004957,1.0,80,5017,job
fsdp_30b_nvlink|cb97612d27e1_20260412_074412,1.0,10,5017,job
fsdp_70b_nvlink|c88e29e18a8a_20260413_010413,1.0,80,5017,job
gpt2_wikitext2|60a1ee17_20260825_022027,1.0,2,5017,job
idle|03110fa2_20260824_232519,1.0,7,5017,job
idle|395fbdc4_20260413_032720,1.0,1,5017,job
idle|5edd7d6c_20260413_032703,1.0,1,5017,job
idle|9eb24edf_20260824_171857,1.0,7,5017,job
idle|b3e73340_20260419_233617,1.0,7,5017,job
idle|dd455a95_20260824_171422,1.0,7,5017,job
llm_infer_mistral_7b_q4|0546326b_20260420_015345,1.0,1,5017,job
llm_infer_mistral_7b_q4|0e400173_20260419_215405,1.0,1,5017,job
llm_infer_mistral_7b_q4|53e3e332_20260419_210248,1.0,1,5017,job
llm_infer_mistral_7b_q4|9e359ed7_20260825_003757,0.9,10,5017,job
llm_infer_mistral_7b_q4|ce7f27f7_20260825_075353,1.0,10,5017,job
llm_infer_mistral_7b_q4|e81dfe47_20260420_015946,0.9,10,5017,job
llm_infer_mixtral_8x7b|6d7f6e16_20260419_035827,1.0,10,5017,job
llm_infer_phi3_mini|52a2bd28_20260420_210319,1.0,10,5017,job
llm_infer_qwen25_14b_fp16|0467d4a3_20260824_212608,1.0,10,5017,job
llm_infer_qwen25_14b_fp16|200c729c_20260419_235621,1.0,10,5017,job
llm_infer_qwen25_14b_fp16|2e76122c_20260419_212144,0.6,10,5017,job
llm_infer_qwen25_14b_fp16|875f3c6d_20260420_232314,1.0,10,5017,job
llm_infer_qwen25_14b_fp16|9bdd69d7_20260420_233533,1.0,10,5017,job
llm_infer_qwen25_32b_fp16|0e1acfb8_20260824_214418,1.0,10,5017,job
llm_infer_qwen25_32b_fp16|463349dc_20260420_000940,1.0,10,5017,job
llm_infer_qwen25_32b_fp16|949b75e6_20260419_215643,1.0,10,5017,job
llm_infer_qwen25_3b_bs16|0918ee71_20260419_032245,1.0,10,5017,job
llm_infer_qwen25_3b_bs16|dfe991b8_20260420_215605,1.0,10,5017,job
llm_infer_qwen25_3b_bs16|ee6ca6af_20260420_214537,1.0,10,5017,job
llm_infer_qwen25_3b_bs4|a3bb4757_20260419_221022,1.0,10,5017,job
llm_infer_qwen25_3b_bs4|aa80c128_20260420_213501,1.0,10,5017,job
llm_infer_qwen25_3b_bs4|dbfd03f1_20260419_023515,1.0,10,5017,job
llm_infer_qwen25_3b|3f309572_20260419_214259,1.0,10,5017,job
llm_infer_qwen25_3b|df5ce46a_20260419_020809,1.0,10,5017,job
llm_infer_qwen25_72b_fp8|36625af8_20260420_235243,0.9,10,5017,job
llm_infer_sdxl|43c64a98_20260420_224406,0.0,10,5017,job
llm_infer_tinyllama_bs8|0c587cbd_20260419_022959,1.0,10,5017,job
llm_infer_tinyllama_bs8|ce7d83fd_20260419_022445,1.0,10,5017,job
llm_infer_tinyllama_seq4096|026a1f9a_20260420_221753,1.0,10,5017,job
llm_infer_tinyllama_seq4096|bf1e9e48_20260419_030704,1.0,10,5017,job
llm_infer_tinyllama_seq4096|eac7968c_20260419_224733,1.0,10,5017,job
llm_infer_vit_l_bs64|7be29623_20260420_224924,1.0,10,5017,job
llm_infer_vit_l_bs64|7bf48cb7_20260419_231402,1.0,10,5017,job
llm_train_mistral_7b_lora|b31642c6_20260419_231627,0.8,10,5017,job
llm_train_phi3_mini_lora|0d707150_20260419_230604,1.0,10,5017,job
llm_train_phi3_mini_lora|48da72bf_20260824_230320,1.0,10,5017,job
llm_train_qwen25_1p5b_lora|e0c86e62_20260824_220836,1.0,10,5017,job
llm_train_qwen25_1p5b_lora|f2ab89f9_20260824_221404,1.0,10,5017,job
llm_train_qwen25_3b_lora|66980709_20260824_223555,0.9,10,5017,job
llm_train_smollm2_1p7b_lora|bc185109_20260419_223818,1.0,10,5017,job
modern_inference|5c76e8e5_20260413_033057,1.0,1,5017,job
nbody_sim|98b49f2f_20260412_224117,1.0,10,5017,job
nbody_sim|bcbaef15_20260413_033224,1.0,1,5017,job
nvlink_latency|nvlink_latency_gpu1_9a8612,1.0,1,5017,job
nvlink_p2p|7e14f65e_20260413_033435,1.0,1,5017,job
pytorch_mlp_cifar10|4c4e6778_20260825_021431,1.0,1,5017,job
pytorch_mlp_cifar10|c7886665_20260412_222753,0.0,1,5017,job
pytorch_resnet_cifar10_amp_ext|a0c58ed2_20260420_203152,1.0,5,5017,job
pytorch_resnet_cifar10_amp|7184c09f_20260825_073235,1.0,1,5017,job
pytorch_resnet_cifar10_amp|f1be0dfb_20260825_020609,1.0,1,5017,job
pytorch_resnet_cifar10|0de6fc56_20260825_020340,1.0,1,5017,job
pytorch_resnet_cifar10|1c3ed317_20260825_020430,1.0,1,5017,job
pytorch_resnet_cifar10|30653101_20260412_231132,1.0,3,5017,job
pytorch_resnet_cifar10|81f71774_20260412_222753,0.0,1,5017,job
rendering_proxy|630b9e74_20260825_034601,1.0,10,5017,job
resnet50_inference|d45705f9_20260412_231705,0.0,10,5017,job
resnet_fp32|resnet_fp32_b4973a,1.0,1,5017,job
scientific_hpc|2369d03f_20260413_033308,1.0,1,5017,job
symgemm_L1_fwd3_m8192_rep1|128a6c86_20260802_185218,1.0,10,5017,job
symgemm_L1_fwd3_rep4|cbddae2b_20260802_230858,0.9,10,5017,job
symgemm_L4_sgdfused_7b_rep1|d75e1ca4_20260802_212515,1.0,10,5017,job
symgemm_idle|06d5a273_20260802_173910,0.0,10,5017,job
symgemm_ppo_fused_r32_rep1|52af0173_20260803_003717,1.0,10,5017,job
symgemm_ppo_fused_r8_rep1|3a9327e2_20260803_002606,1.0,10,5017,job
symgemm_ppo_fused_r8_rep3|be11f759_20260803_013316,1.0,10,5017,job
training_dual_gpu_dp|multi_gpu_telemetry_gpu1,0.5,2,5017,job
training_dual_gpu_dp|training_dual_gpu_dp_gpu0_1c7245,0.0,1,5017,job
training_dual_gpu_dp|training_dual_gpu_dp_gpu0_e63285,1.0,1,5017,job
whitebox_diluted_1b_N1_1h|e9c0ff07_20260727_235850,1.0,10,5017,job
whitebox_diluted_N20|2b6c90aa_20260725_200743,1.0,10,5017,job
whitebox_diluted_N20|d8b176f8_20260725_212116,1.0,10,5017,job
whitebox_inference_1b_matched|c6927996_20260728_061814,0.8,10,5017,job
whitebox_inference_3b_rep2|92741c8b_20260728_020004,0.9,10,5017,job
whitebox_inference_long|877db838_20260725_055129,1.0,10,5017,job
whitebox_lora_3b_N1_rep2|71e45f69_20260728_030033,0.9,10,5017,job
whitebox_lora_7b_N1_1h|d26abcf1_20260727_110823,0.8,10,5017,job
whitebox_lora_7b_N50_1h|f9ff4b5d_20260727_152145,1.0,10,5017,job
whitebox_lora_7b_pilot_N2|849422c3_20260726_114431,0.9,10,5017,job
whitebox_lora_7b_pilot_N7|b7b290a9_20260726_125420,1.0,10,5017,job
whitebox_lora_7b_pilot_N8|a2326a19_20260726_130940,1.0,10,5017,job
whitebox_lora_N20|b5e22ab8_20260725_212628,1.0,10,5017,job
whitebox_oracle_7b_long|dd20b782_20260726_181838,0.9,10,5017,job
width_sweep_dp|width_sweep_dp_gpu0_a80bfa,1.0,1,5017,job
adversarial_E_memory_minimal|09b77236_20260412_230551,1.0,1,5018,job
adversarial_E_memory_minimal|bd61daeb_20260412_223016,1.0,10,5018,job
adversarial_E_memory_minimal|f5727cea_20260825_040148,1.0,10,5018,job
adversarial_F_interleave_30|7edc637e_20260825_042324,1.0,10,5018,job
adversarial_F_interleave_50|13089340_20260825_043935,1.0,10,5018,job
adversarial_F_interleave_50|468ad378_20260825_042847,1.0,10,5018,job
adversarial_F_interleave_50|82b69908_20260412_223016,1.0,10,5018,job
adversarial_F_interleave_50|972b5cb1_20260412_230551,1.0,1,5018,job
adversarial_H_mimicry_cufft|983fad80_20260412_053508,1.0,1,5018,job
adversarial_H_mimicry_cufft|bf336e54_20260825_051722,1.0,10,5018,job
adversarial_H_mimicry_cufft|ce9f5c9f_20260412_230551,1.0,1,5018,job
adversarial_H_mimicry_mining|26c55d63_20260412_230551,1.0,10,5018,job
adversarial_H_mimicry_mining|5ac32145_20260825_051158,1.0,10,5018,job
adversarial_I_stochastic_30|5e185d96_20260412_053508,1.0,10,5018,job
adversarial_J_pid_75|c205c1d2_20260413_014428,1.0,10,5018,job
adversarial_K_ddp_accum_4|ccdbb46fc1a0_20260413_001726,1.0,80,5018,job
adversarial_K_online_learning|3ca87735_20260825_060556,1.0,10,5018,job
adversarial_K_online_learning|901b510d_20260825_061120,1.0,10,5018,job
adversarial_K_online_learning|da312bfa_20260412_054054,1.0,10,5018,job
adversarial_L_ddp_10|a3adf2258b52_20260412_063635,1.0,80,5018,job
adversarial_L_ddp_5|a9a551652c04_20260412_235905,1.0,80,5018,job
adversarial_L_ddp_stagger_5|2739e0598ddb_20260413_001154,1.0,80,5018,job
adversarial_L_diluted_10|03656a60_20260825_065954,1.0,10,5018,job
adversarial_L_diluted_10|512934b1_20260412_054054,1.0,10,5018,job
adversarial_L_diluted_20|2a9e51e9_20260725_235723,1.0,10,5018,job
adversarial_L_diluted_20|ee8eddb5_20260825_071042,1.0,10,5018,job
adversarial_L_diluted_2|07fb94ee_20260412_054054,1.0,10,5018,job
adversarial_L_diluted_5|29aaeb3c_20260825_064907,1.0,10,5018,job
bert_finetune|d969416f_20260413_032846,1.0,1,5018,job
bert_sst2_amp_ext|550d0003_20260420_205051,0.0,1,5018,job
bert_sst2_amp_ext|7d5929da_20260420_202928,0.0,1,5018,job
bert_sst2_amp_ext|cb252747_20260420_204010,1.0,1,5018,job
bert_sst2|19873577_20260412_224117,1.0,1,5018,job
bert_sst2|906cb48d_20260825_021650,1.0,1,5018,job
cufft_benchmark|4bfa16e2_20260824_235047,1.0,10,5018,job
cufft_benchmark|7529bef2_20260824_233001,1.0,10,5018,job
cufft_benchmark|fa1982fd_20260419_234026,1.0,10,5018,job
cufft_hpc|cufft_hpc_58ecd2,1.0,1,5018,job
cufft_hpc|cufft_hpc_e7ea4b,1.0,1,5018,job
ddp_resnet18_cifar10|b6ee4dbc9fc2_20260412_225907,1.0,80,5018,job
fsdp_13b_nvlink|cf8cfa835835_20260413_000312,1.0,80,5018,job
fsdp_30b_nvlink|165add02433c_20260412_071335,1.0,8,5018,job
fsdp_30b_nvlink|2f237772ccc3_20260413_004957,1.0,80,5018,job
fsdp_70b_nvlink|c632fe2971fa_20260412_071411,1.0,8,5018,job
fsdp_7b_nvlink|755f005b3557_20260412_070444,1.0,80,5018,job
gpt2_finetune|eb4a005e_20260413_032908,1.0,1,5018,job
gpt2_finetune|f22ba689_20260413_032930,1.0,1,5018,job
gpt2_wikitext2|60a1ee17_20260825_022027,0.5,2,5018,job
gpt2_wikitext2|917b93fb_20260412_224117,1.0,3,5018,job
gpt2_wikitext2|f1162cf3_20260412_222753,1.0,3,5018,job
idle|03110fa2_20260824_232519,1.0,7,5018,job
idle|5edd7d6c_20260413_032703,1.0,1,5018,job
idle|9c0d0d21_20260824_232740,1.0,7,5018,job
idle|b37a89ff_20260824_180358,1.0,7,5018,job
idle|f63d327d_20260421_013426,1.0,7,5018,job
idle|idle_96fcac,1.0,1,5018,job
inference|inference_c1b4c6,1.0,1,5018,job
llm_infer_deepseek_v3_tp8|30d7ed7e6e81_20260419_013711,0.8875,80,5018,job
llm_infer_mistral_7b_q4|1039bea2_20260825_074800,1.0,10,5018,job
llm_infer_mistral_7b_q4|177996c6_20260421_012908,1.0,10,5018,job
llm_infer_mistral_7b_q4|85d8feff_20260419_215354,1.0,1,5018,job
llm_infer_mistral_7b_q4|afe01b8f_20260419_205857,1.0,1,5018,job
llm_infer_mistral_7b_q4|b0506bd3_20260419_205916,1.0,1,5018,job
llm_infer_mistral_7b_q4|c36eab64_20260419_220847,1.0,1,5018,job
llm_infer_mistral_7b_q4|e81dfe47_20260420_015946,1.0,10,5018,job
llm_infer_mixtral_8x7b|a79f0a84_20260419_040511,1.0,10,5018,job
llm_infer_mixtral_8x7b|d574e683_20260419_041135,0.9,10,5018,job
llm_infer_qwen25_14b_fp16|0467d4a3_20260824_212608,1.0,10,5018,job
llm_infer_qwen25_14b_fp16|875f3c6d_20260420_232314,1.0,10,5018,job
llm_infer_qwen25_14b_fp16|9bdd69d7_20260420_233533,1.0,10,5018,job
llm_infer_qwen25_32b_fp16|43218758_20260421_031401,1.0,10,5018,job
llm_infer_qwen25_32b_fp16|949b75e6_20260419_215643,1.0,10,5018,job
llm_infer_qwen25_32b_fp16|c89b4098_20260419_214232,0.7,10,5018,job
llm_infer_qwen25_32b_fp16|cbe6294b_20260824_215701,1.0,10,5018,job
llm_infer_qwen25_3b_bs16|0765cbf1_20260420_215052,1.0,10,5018,job
llm_infer_qwen25_3b_bs16|22ecde82_20260419_032802,1.0,10,5018,job
llm_infer_qwen25_3b_bs16|45cf0574_20260419_230842,1.0,10,5018,job
llm_infer_qwen25_3b_bs4|27632d17_20260420_214020,1.0,10,5018,job
llm_infer_qwen25_3b_bs4|aa80c128_20260420_213501,1.0,10,5018,job
llm_infer_qwen25_3b|372a1387_20260420_212426,1.0,10,5018,job
llm_infer_qwen25_3b|b3849090_20260419_213727,1.0,10,5018,job
llm_infer_qwen25_72b_fp8|36625af8_20260420_235243,1.0,10,5018,job
llm_infer_qwen25_72b_fp8|4bc4cd75_20260420_234536,1.0,10,5018,job
llm_infer_qwen25_72b_fp8|6ee178e0_20260419_043033,0.9,10,5018,job
llm_infer_qwen25_72b_fp8|ad1ee08d_20260419_041746,1.0,10,5018,job
llm_infer_qwen25_72b_fp8|cd098693_20260420_004709,1.0,10,5018,job
llm_infer_qwen25_7b_fp16|61bf5366_20260420_231727,1.0,10,5018,job
llm_infer_sdxl|f3c09865_20260419_025108,0.9,10,5018,job
llm_infer_tinyllama_bs8|75a3d2cd_20260419_215432,1.0,10,5018,job
llm_infer_tinyllama_bs8|ce7d83fd_20260419_022445,1.0,10,5018,job
llm_infer_tinyllama_seq4096|ff9add28_20260419_224220,1.0,10,5018,job
llm_train_mistral_7b_lora|e954b9ae_20260824_231951,1.0,10,5018,job
llm_train_phi3_mini_lora|4bf06f5e_20260824_225752,1.0,10,5018,job
llm_train_qwen25_3b_lora|46b96f38_20260419_224930,1.0,10,5018,job
llm_train_qwen25_3b_lora|dfde664f_20260419_224329,0.9,10,5018,job
llm_train_smollm2_1p7b_lora|bc185109_20260419_223818,1.0,10,5018,job
mining_ethash_proxy|417dd7cd_20260420_002049,1.0,10,5018,job
mining_ethash_proxy|8c86200c_20260412_232321,1.0,10,5018,job
mining_ethash_proxy|fad55191_20260421_015646,1.0,10,5018,job
nbody_sim|nbody_sim_66a459,1.0,1,5018,job
nvlink_bandwidth|nvlink_bandwidth_gpu0_0eb88f,1.0,1,5018,job
nvlink_latency|nvlink_latency_gpu0_5aa1ba,1.0,1,5018,job
nvlink_latency|nvlink_latency_gpu1_9a8612,1.0,1,5018,job
pytorch_mlp_cifar10|6726c8ff_20260825_021604,1.0,1,5018,job
pytorch_mlp_cifar10|743face9_20260412_231705,1.0,2,5018,job
rendering_proxy|307d16fe_20260825_032515,0.8,10,5018,job
rendering_proxy|5278c256_20260412_232321,0.9,10,5018,job
resnet50_inference|d120b7ba_20260825_024340,1.0,10,5018,job
resnet50_inference|f65b4403_20260413_033014,0.0,1,5018,job
resnet50_inference|f8907ec1_20260413_032952,0.0,1,5018,job
scientific_hpc|3cf03b97_20260413_033308,1.0,1,5018,job
scientific_hpc|b957a0bf_20260413_033246,0.0,1,5018,job
symgemm_L0_fwd1_rep1|7e021360_20260802_181845,1.0,10,5018,job
symgemm_L0_fwd1_rep3|0ad604b3_20260802_223527,1.0,10,5018,job
symgemm_L4_sgdfused_7b_rep1|d75e1ca4_20260802_212515,0.9,10,5018,job
symgemm_decode_g256_rep3|6e25438a_20260803_015538,0.0,10,5018,job
symgemm_ppo_fused_r32_rep1|52af0173_20260803_003717,1.0,10,5018,job
training_single_gpu|single_gpu_telemetry,1.0,1,5018,job
training_single_gpu|training_single_gpu_gpu0_4f9586,1.0,1,5018,job
whitebox_diluted_N20|2b6c90aa_20260725_200743,1.0,10,5018,job
whitebox_diluted_N5|eaaa7663_20260725_210026,1.0,10,5018,job
whitebox_inference_1b_matched|c6927996_20260728_061814,0.7,10,5018,job
whitebox_inference_3b_rep2|92741c8b_20260728_020004,0.9,10,5018,job
whitebox_inference_long|877db838_20260725_055129,1.0,10,5018,job
whitebox_inference|f59e111e_20260725_194134,0.9,10,5018,job
whitebox_lora_3b_N1_rep2|71e45f69_20260728_030033,0.9,10,5018,job
whitebox_lora_7b_pilot_N6|13c5d8f6_20260726_123856,1.0,10,5018,job
whitebox_oracle|ba2654c8_20260725_224635,1.0,10,5018,job
whitebox_oracle|dfb4b131_20260725_230325,1.0,10,5018,job
width_sweep_dp|width_sweep_dp_gpu0_a80bfa,1.0,1,5018,job
adversarial_F_interleave_30|df47671a_20260825_041800,1.0,10,5019,job
adversarial_F_interleave_50|13089340_20260825_043935,1.0,10,5019,job
adversarial_F_interleave_50|bc02cbc2_20260726_000947,1.0,10,5019,job
adversarial_G_clock_throttled|26e4120c_20260825_045023,1.0,10,5019,job
adversarial_G_clock_throttled|d38b3081_20260412_053508,1.0,10,5019,job
adversarial_H_mimicry_cufft|407d2529_20260825_052810,1.0,10,5019,job
adversarial_H_mimicry_cufft|49dbd077_20260412_223016,1.0,10,5019,job
adversarial_H_mimicry_cufft|bf336e54_20260825_051722,1.0,10,5019,job
adversarial_H_mimicry_mining|88fd4004_20260825_050111,1.0,10,5019,job
adversarial_I_stochastic_30|b5fea657_20260825_053857,1.0,10,5019,job
adversarial_J_pid_75|6aa98cf6_20260412_053508,1.0,1,5019,job
adversarial_K_ddp_accum_4|b28bb647b0ef_20260412_234110,1.0,80,5019,job
adversarial_K_ddp_accum_4|ccdbb46fc1a0_20260413_001726,1.0,80,5019,job
adversarial_K_online_learning|1468f533_20260412_231132,1.0,10,5019,job
adversarial_K_online_learning|901b510d_20260825_061120,1.0,10,5019,job
adversarial_L_ddp_5|7f7c7caec1c9_20260412_232441,1.0,80,5019,job
adversarial_L_diluted_10|03656a60_20260825_065954,1.0,10,5019,job
adversarial_L_diluted_10|2c305d90_20260725_232752,1.0,10,5019,job
adversarial_L_diluted_10|d4cc031f_20260726_001456,1.0,10,5019,job
adversarial_L_diluted_20|02cfd70b_20260412_231132,1.0,10,5019,job
adversarial_L_diluted_20|405a7452_20260412_223541,1.0,10,5019,job
adversarial_L_diluted_20|c1b0e51f_20260825_071606,1.0,10,5019,job
adversarial_L_diluted_20|c504ec15_20260726_002055,1.0,10,5019,job
adversarial_L_diluted_20|ee8eddb5_20260825_071042,1.0,10,5019,job
adversarial_L_diluted_2|354119ef_20260412_223541,1.0,10,5019,job
adversarial_L_diluted_2|463541b6_20260825_062731,1.0,10,5019,job
adversarial_L_diluted_5|8f922c0f_20260825_064343,1.0,10,5019,job
adversarial_training|33aa4cb4_20260413_033352,1.0,1,5019,job
batch_size_sweep_dp|batch_size_sweep_dp_gpu0_2c05fa,1.0,1,5019,job
bert_sst2|4a0aab7a_20260825_021739,1.0,1,5019,job
bert_sst2|675c6c84_20260412_222753,1.0,2,5019,job
cufft_benchmark|15fa4bd9_20260413_033141,1.0,1,5019,job
cufft_hpc|cufft_hpc_58ecd2,1.0,1,5019,job
ddp_resnet18_cifar10_amp|452a0a67a4fb_20260412_061559,1.0,80,5019,job
ddp_resnet50_cifar10|9fc805ce081e_20260412_234039,1.0,80,5019,job
ddp_training|ddp_telemetry_gpu1,1.0,1,5019,job
fsdp_70b_adamw|e53e253f883d_20260413_012859,1.0,6,5019,job
fsdp_70b_nvlink|3e8e00c5f514_20260413_010753,1.0,80,5019,job
gpt2_finetune|cfe318c2_20260413_032930,0.0,1,5019,job
gpt2_wikitext2_amp|62c86ac7_20260412_222753,1.0,2,5019,job
gpt2_wikitext2_ext|daa304a2_20260421_011634,1.0,6,5019,job
gpt2_wikitext2|13f0dd2f_20260825_021915,0.5,2,5019,job
gpt2_wikitext2|1f4b6ea6_20260412_231705,1.0,3,5019,job
gpt2_wikitext2|917b93fb_20260412_224117,1.0,3,5019,job
idle|964c62f7_20260420_194932,1.0,7,5019,job
idle|bda38c7a_20260412_231132,1.0,7,5019,job
idle|d840e0b6_20260824_171640,1.0,7,5019,job
idle|dd455a95_20260824_171422,1.0,7,5019,job
llm_infer_deepseek_v3_tp8|30d7ed7e6e81_20260419_013711,0.9875,80,5019,job
llm_infer_mistral_7b_q4|177996c6_20260421_012908,1.0,10,5019,job
llm_infer_mistral_7b_q4|199b8710_20260825_074125,1.0,10,5019,job
llm_infer_mistral_7b_q4|53e3e332_20260419_210248,1.0,1,5019,job
llm_infer_mistral_7b_q4|7dcec1a2_20260420_020500,1.0,10,5019,job
llm_infer_mistral_7b_q4|9e359ed7_20260825_003757,1.0,10,5019,job
llm_infer_mistral_7b_q4|ce7f27f7_20260825_075353,1.0,10,5019,job
llm_infer_mixtral_8x7b|2136c735_20260421_001254,1.0,10,5019,job
llm_infer_phi3_mini|d0a32c71_20260419_213210,1.0,10,5019,job
llm_infer_phi3_mini|e0bd0272_20260419_212652,1.0,10,5019,job
llm_infer_qwen25_14b_fp16|85bf5790_20260419_205937,1.0,1,5019,job
llm_infer_qwen25_14b_fp16|c2bcc1e0_20260419_213116,1.0,10,5019,job
llm_infer_qwen25_32b_fp16|08c0cbfe_20260420_001804,1.0,10,5019,job
llm_infer_qwen25_32b_fp16|7efd8ad1_20260419_220234,1.0,10,5019,job
llm_infer_qwen25_32b_fp16|949b75e6_20260419_215643,1.0,10,5019,job
llm_infer_qwen25_3b_bs4|a3bb4757_20260419_221022,1.0,10,5019,job
llm_infer_qwen25_3b|df5ce46a_20260419_020809,1.0,10,5019,job
llm_infer_qwen25_3b|f8a46936_20260420_211909,1.0,10,5019,job
llm_infer_qwen25_72b_fp16|aaa06495_20260421_002643,1.0,10,5019,job
llm_infer_qwen25_72b_fp8|b39fa450_20260419_042425,1.0,10,5019,job
llm_infer_qwen25_72b_tp2|11ae41c37687_20260419_045923,1.0,20,5019,job
llm_infer_qwen25_72b_tp2|d667bcd68796_20260419_045202,1.0,20,5019,job
llm_infer_qwen25_7b_fp16|87b75337_20260824_200626,1.0,2,5019,job
llm_infer_qwen25_7b_fp16|f70331c1_20260419_233641,1.0,10,5019,job
llm_infer_qwen25_7b_fp16|fff7de88_20260419_205924,1.0,1,5019,job
llm_infer_sdxl|5477dea8_20260419_223149,0.9,10,5019,job
llm_infer_sdxl|81d0af5a_20260419_030149,1.0,10,5019,job
llm_infer_tinyllama_bs8|ce7d83fd_20260419_022445,1.0,10,5019,job
llm_infer_tinyllama_seq4096|eac7968c_20260419_224733,1.0,10,5019,job
llm_infer_tinyllama_seq4096|ff9add28_20260419_224220,1.0,10,5019,job
llm_infer_vit_l_bs64|27cbf4a5_20260419_231919,1.0,10,5019,job
llm_infer_vit_l_bs64|7be29623_20260420_224924,1.0,10,5019,job
llm_train_mistral_7b_lora|e2b30e58_20260419_232842,1.0,10,5019,job
llm_train_qwen25_1p5b_lora|a219bf6f_20260419_221705,1.0,10,5019,job
llm_train_qwen25_3b_lora|dd7204cf_20260824_224654,1.0,10,5019,job
llm_train_qwen25_3b_lora|dfde664f_20260419_224329,0.9,10,5019,job
llm_train_smollm2_1p7b_lora|ad1a6473_20260419_222727,1.0,10,5019,job
llm_train_smollm2_1p7b_lora|bc185109_20260419_223818,1.0,10,5019,job
mining_ethash_proxy|8c86200c_20260412_232321,1.0,10,5019,job
mlp_training|mlp_training_c52a21,1.0,1,5019,job
nbody_sim|6c13c5ae_20260825_030429,1.0,10,5019,job
nbody_sim|b9568c1a_20260413_033202,1.0,1,5019,job
nbody_sim|nbody_sim_c0054d,1.0,1,5019,job
nvlink_bandwidth|nvlink_bandwidth_gpu0_0eb88f,1.0,1,5019,job
nvlink_bandwidth|nvlink_bandwidth_gpu0_ef7777,0.0,1,5019,job
nvlink_p2p|858acb89_20260413_033414,1.0,1,5019,job
ppo_rlhf_r32_rep3|9c5afa29_20260804_174554,1.0,10,5019,job
pytorch_mlp_cifar10_ext|a9cd45e0_20260421_011343,1.0,10,5019,job
pytorch_mlp_cifar10|2cd679aa_20260412_224117,1.0,2,5019,job
pytorch_resnet_cifar10_amp|7184c09f_20260825_073235,1.0,1,5019,job
pytorch_resnet_cifar10_amp|7e69c6dd_20260825_021041,1.0,1,5019,job
pytorch_resnet_cifar10_amp|e9662cc3_20260412_223541,1.0,3,5019,job
pytorch_resnet_cifar10_ext|d18ec4ea_20260421_011036,1.0,5,5019,job
pytorch_resnet_cifar10|71c3cb1a_20260825_020519,1.0,1,5019,job
pytorch_training|1b83c94e_20260413_032802,1.0,1,5019,job
rendering_proxy|8aeaf443_20260825_033538,1.0,10,5019,job
resnet50_inference|0464d734_20260825_022250,1.0,10,5019,job
resnet50_inference|d120b7ba_20260825_024340,1.0,10,5019,job
resnet_amp|resnet_amp_efa494,1.0,1,5019,job
resnet_fp32|resnet_fp32_b4973a,1.0,1,5019,job
resnet_fp32|resnet_fp32_d1d694,1.0,1,5019,job
scientific_hpc|3cf03b97_20260413_033308,1.0,1,5019,job
symgemm_L4_sgdfused_rep1|dbbf7955_20260802_174515,1.0,10,5019,job
symgemm_L5_adam_rep1|24f173d4_20260802_180735,1.0,10,5019,job
symgemm_L5_adam_rep3|f1871cc2_20260802_222417,1.0,10,5019,job
symgemm_ppo_fused_r8_rep1|3a9327e2_20260803_002606,1.0,10,5019,job
symgemm_ppo_fused_r8_rep3|be11f759_20260803_013316,1.0,10,5019,job
training_single_gpu|training_single_gpu_gpu0_4f9586,1.0,1,5019,job
whitebox_diluted_N20|d8b176f8_20260725_212116,1.0,10,5019,job
whitebox_diluted_N5|eaaa7663_20260725_210026,1.0,10,5019,job
whitebox_inference_3b_rep2|92741c8b_20260728_020004,0.9,10,5019,job
whitebox_inference_7b_1h|4bf42831_20260727_095532,0.8,10,5019,job
whitebox_inference_7b_2h|2c53509d_20260727_215058,0.9,10,5019,job
whitebox_inference_long|877db838_20260725_055129,1.0,10,5019,job
whitebox_lora_7b_N1_1h|d26abcf1_20260727_110823,0.9,10,5019,job
whitebox_lora_7b_pilot_N2|849422c3_20260726_114431,1.0,10,5019,job
whitebox_lora_7b_pilot_N3|083f6968_20260726_120119,1.0,10,5019,job
whitebox_lora_7b_pilot_N8|a2326a19_20260726_130940,1.0,10,5019,job
whitebox_lora_N10|12837863_20260725_200230,1.0,10,5019,job
whitebox_lora_N20|7d319b8f_20260725_201255,1.0,10,5019,job
whitebox_lora_N20|fa5f7994_20260725_204944,1.0,10,5019,job
whitebox_oracle|ba2654c8_20260725_224635,1.0,10,5019,job
adversarial_F_interleave_30|ff338fa1_20260412_230551,1.0,10,5020,job
adversarial_F_interleave_50|9b9ece1a_20260825_043411,1.0,10,5020,job
adversarial_F_interleave_50|e70f6fc4_20260412_053508,1.0,10,5020,job
adversarial_G_clock_throttled|d64b14fc_20260825_045547,1.0,10,5020,job
adversarial_H_mimicry_cufft|3d49af99_20260413_013919,1.0,10,5020,job
adversarial_H_mimicry_mining|26c55d63_20260412_230551,1.0,10,5020,job
adversarial_H_mimicry_mining|30dc1b59_20260412_053508,1.0,1,5020,job
adversarial_H_mimicry_mining|5ac32145_20260825_051158,1.0,10,5020,job
adversarial_H_mimicry_mining|88fd4004_20260825_050111,1.0,10,5020,job
adversarial_I_stochastic_30|0790698e_20260726_000437,1.0,10,5020,job
adversarial_I_stochastic_30|18b857be_20260412_230551,1.0,1,5020,job
adversarial_L_ddp_10|a3adf2258b52_20260412_063635,1.0,80,5020,job
adversarial_L_ddp_stagger_5|8e9728362385_20260412_064206,1.0,80,5020,job
adversarial_L_diluted_10|2c305d90_20260725_232752,1.0,10,5020,job
adversarial_L_diluted_10|6ef8b233_20260412_231132,1.0,10,5020,job
adversarial_L_diluted_10|9712fcda_20260825_065431,1.0,10,5020,job
adversarial_L_diluted_200_mw8|fd4fadc3_20260726_171819,1.0,10,5020,job
adversarial_L_diluted_20|405a7452_20260412_223541,1.0,10,5020,job
adversarial_L_diluted_5|29aaeb3c_20260825_064907,1.0,10,5020,job
adversarial_training|0ff8862b_20260413_033352,1.0,1,5020,job
bert_finetune|2a2a5f3e_20260413_032846,1.0,1,5020,job
bert_sst2_amp|49d3ba57_20260412_224117,1.0,1,5020,job
bert_sst2|675c6c84_20260412_222753,1.0,2,5020,job
cufft_benchmark|227faa64_20260413_033119,1.0,1,5020,job
cufft_benchmark|2cf468dc_20260421_013631,1.0,10,5020,job
cufft_benchmark|692a3d5e_20260412_224117,1.0,10,5020,job
cufft_benchmark|83e14a25_20260421_014638,1.0,10,5020,job
cufft_benchmark|a3a1b5b0_20260420_195136,1.0,10,5020,job
cufft_benchmark|fa1982fd_20260419_234026,1.0,10,5020,job
cufft_hpc|cufft_hpc_58ecd2,1.0,1,5020,job
ddp_resnet50_cifar10|3477d94c3a9e_20260412_060843,1.0,80,5020,job
ddp_resnet50_cifar10|c83757ac5731_20260412_230440,1.0,80,5020,job
fsdp_13b_nvlink|0b39d5a9bdb4_20260413_003641,1.0,80,5020,job
fsdp_30b_nvlink|8726f6620517_20260413_001627,1.0,80,5020,job
fsdp_30b_nvlink|cb97612d27e1_20260412_074413,1.0,70,5020,job
fsdp_70b_adamw|e53e253f883d_20260413_012900,0.5,2,5020,job
fsdp_70b_nvlink|15cced21b9b1_20260413_012238,1.0,8,5020,job
fsdp_70b_nvlink|c88e29e18a8a_20260413_010413,1.0,80,5020,job
fsdp_70b_sgd_momentum|465819c33b0c_20260413_012319,1.0,80,5020,job
gpt2_wikitext2_ext|daa304a2_20260421_011634,1.0,6,5020,job
gpt2_wikitext2|60a1ee17_20260825_022027,1.0,2,5020,job
gpt2_wikitext2|f1162cf3_20260412_222753,1.0,3,5020,job
idle|5edd7d6c_20260413_032703,1.0,1,5020,job
idle|9c0d0d21_20260824_232740,1.0,7,5020,job
idle|b3e73340_20260419_233617,1.0,7,5020,job
idle|dd455a95_20260824_171422,1.0,7,5020,job
idle|idle_96fcac,1.0,1,5020,job
idle|idle_e3e53d,1.0,1,5020,job
inference|inference_8fd998,0.0,1,5020,job
inference|inference_986d16,0.0,1,5020,job
inference|inference_c1b4c6,0.0,1,5020,job
llm_infer_deepseek_v3_tp8|f41d4d3c1247_20260419_014514,1.0,80,5020,job
llm_infer_mistral_7b_q4|1aa4e562_20260825_004332,0.9,10,5020,job
llm_infer_mistral_7b_q4|280943b7_20260421_011827,1.0,10,5020,job
llm_infer_mistral_7b_q4|7dcec1a2_20260420_020500,0.9,10,5020,job
llm_infer_mistral_7b_q4|960c6bbd_20260421_012347,1.0,10,5020,job
llm_infer_mistral_7b_q4|afe01b8f_20260419_205857,1.0,1,5020,job
llm_infer_mixtral_8x7b|7c6d4b81_20260421_000537,1.0,10,5020,job
llm_infer_qwen25_14b_fp16|62b1513a_20260419_205946,1.0,1,5020,job
llm_infer_qwen25_14b_fp16|98601a67_20260824_213822,1.0,10,5020,job
llm_infer_qwen25_14b_fp16|c1adb329_20260419_205942,1.0,1,5020,job
llm_infer_qwen25_32b_fp16|08c0cbfe_20260420_001804,1.0,10,5020,job
llm_infer_qwen25_32b_fp16|7efd8ad1_20260419_220234,1.0,10,5020,job
llm_infer_qwen25_32b_fp16|c89b4098_20260419_214232,1.0,10,5020,job
llm_infer_qwen25_3b_bs16|0918ee71_20260419_032245,1.0,10,5020,job
llm_infer_qwen25_3b_bs16|301efde2_20260419_225807,1.0,10,5020,job
llm_infer_qwen25_3b_bs16|3d9be7b5_20260419_033318,0.9,10,5020,job
llm_infer_qwen25_3b_bs4|32bdfeb6_20260419_024034,1.0,10,5020,job
llm_infer_qwen25_3b_bs4|a3bb4757_20260419_221022,1.0,10,5020,job
llm_infer_qwen25_72b_fp8|1949bd09_20260420_003236,1.0,10,5020,job
llm_infer_qwen25_72b_fp8|78a77a8b_20260420_235909,1.0,10,5020,job
llm_infer_qwen25_7b_fp16|4052c194_20260824_200842,1.0,10,5020,job
llm_infer_qwen25_7b_fp16|4f69bded_20260824_200743,1.0,1,5020,job
llm_infer_qwen25_7b_fp16|8c50624a_20260824_211339,1.0,10,5020,job
llm_infer_sdxl|212903bb_20260420_223849,1.0,10,5020,job
llm_infer_sdxl|3761f92b_20260419_223705,0.0,10,5020,job
llm_infer_sdxl|5477dea8_20260419_223149,0.0,10,5020,job
llm_infer_sdxl|81d0af5a_20260419_030149,0.8,10,5020,job
llm_infer_tinyllama_bs8|ce7d83fd_20260419_022445,1.0,10,5020,job
llm_infer_tinyllama_seq4096|0b0351ce_20260420_222819,1.0,10,5020,job
llm_infer_tinyllama_seq4096|bf1e9e48_20260419_030704,1.0,10,5020,job
llm_infer_vit_l_bs64|38e37d2f_20260419_034355,0.9,10,5020,job
llm_infer_vit_l_bs64|5e01a928_20260419_034907,1.0,10,5020,job
llm_train_phi3_mini_lora|0d707150_20260419_230604,1.0,10,5020,job
llm_train_phi3_mini_lora|48da72bf_20260824_230320,1.0,10,5020,job
llm_train_qwen25_1p5b_lora|a219bf6f_20260419_221705,1.0,10,5020,job
llm_train_qwen25_3b_lora|dd7204cf_20260824_224654,1.0,10,5020,job
llm_train_qwen25_3b_lora|dfde664f_20260419_224329,0.9,10,5020,job
llm_train_smollm2_1p7b_lora|19738386_20260419_223307,1.0,10,5020,job
llm_train_smollm2_1p7b_lora|2958dde3_20260824_221932,1.0,10,5020,job
llm_train_smollm2_1p7b_lora|4124c198_20260824_222500,1.0,10,5020,job
mining_proxy|mining_proxy_a7ed85,0.0,1,5020,job
mlp_training|mlp_training_c52a21,1.0,1,5020,job
modern_inference|165eedde_20260413_033036,1.0,1,5020,job
nbody_sim|4bf2dc52_20260412_231705,0.9,10,5020,job
nbody_sim|98b49f2f_20260412_224117,1.0,10,5020,job
nvlink_latency|nvlink_latency_gpu0_5aa1ba,0.0,1,5020,job
nvlink_latency|nvlink_latency_gpu1_3ab445,1.0,1,5020,job
ppo_rlhf_r8_rep3|5a1e4c08_20260804_173443,1.0,10,5020,job
pytorch_mlp_cifar10_ext|91abd671_20260420_204403,1.0,10,5020,job
pytorch_mlp_cifar10|4c4e6778_20260825_021431,1.0,1,5020,job
pytorch_resnet_cifar10_amp_ext|a0c58ed2_20260420_203152,1.0,5,5020,job
pytorch_resnet_cifar10_amp|7184c09f_20260825_073235,1.0,1,5020,job
pytorch_resnet_cifar10_amp|7e69c6dd_20260825_021041,1.0,1,5020,job
pytorch_resnet_cifar10_amp|8ab3bfd2_20260825_020754,1.0,1,5020,job
pytorch_resnet_cifar10_amp|fcd1f0dc_20260825_073317,1.0,1,5020,job
pytorch_resnet_cifar10|1c3ed317_20260825_020430,1.0,1,5020,job
pytorch_resnet_cifar10|30653101_20260412_231132,1.0,3,5020,job
pytorch_training|2a94287a_20260413_032802,1.0,1,5020,job
resnet_fp32|resnet_fp32_d1d694,1.0,1,5020,job
symgemm_L0_fwd1_rep2|3c32c629_20260802_204034,1.0,10,5020,job
symgemm_L3_graddiscard_rep1|f12dea2b_20260802_182955,0.9,10,5020,job
symgemm_L3_graddiscard_rep4|7a0468e5_20260802_234229,0.9,10,5020,job
symgemm_L4_sgdfused_m8192_rep1|e3f3bb2f_20260802_184108,1.0,10,5020,job
symgemm_L5_adam_rep2|498da780_20260802_202923,1.0,10,5020,job
symgemm_decode_g256_rep1|37d9b353_20260803_004828,0.9,10,5020,job
training_dual_gpu_dp|training_dual_gpu_dp_gpu0_e63285,1.0,1,5020,job
training_single_gpu|training_single_gpu_gpu0_4f9586,0.0,1,5020,job
training_single_gpu|training_single_gpu_gpu1_a2ce5b,0.0,1,5020,job
whitebox_diluted_3b_N1_1h|814de13f_20260728_005931,0.9,10,5020,job
whitebox_diluted_N10|d7e25a80_20260725_203405,1.0,10,5020,job
whitebox_inference_3b_1h|ac7b2aaa_20260727_205044,0.9,10,5020,job
whitebox_lora_1b_N1_1h|861a8dfb_20260727_173343,1.0,10,5020,job
whitebox_lora_3b_N1_1h|070267f7_20260727_194926,1.0,10,5020,job
whitebox_lora_7b_N100_1h|53c015c3_20260727_162214,1.0,10,5020,job
whitebox_lora_7b_N1_1h|d26abcf1_20260727_110823,1.0,10,5020,job
whitebox_lora_7b_N50_1h|f9ff4b5d_20260727_152145,1.0,10,5020,job
whitebox_lora_7b_pilot_N8|a2326a19_20260726_130940,1.0,10,5020,job
whitebox_lora_N20|b5e22ab8_20260725_212628,1.0,10,5020,job
width_sweep_dp|width_sweep_dp_gpu0_a80bfa,1.0,1,5020,job
adversarial_E_memory_minimal|7b692854_20260412_053508,1.0,10,5021,job
adversarial_E_memory_minimal|bd61daeb_20260412_223016,1.0,10,5021,job
adversarial_F_interleave_30|a1e40da7_20260825_041236,1.0,10,5021,job
adversarial_F_interleave_30|df47671a_20260825_041800,1.0,10,5021,job
adversarial_F_interleave_50|13089340_20260825_043935,1.0,10,5021,job
adversarial_F_interleave_50|9b9ece1a_20260825_043411,1.0,10,5021,job
adversarial_I_stochastic_30|1319ffe7_20260726_002804,1.0,10,5021,job
adversarial_J_pid_75|4b39fbdf_20260825_060033,1.0,10,5021,job
adversarial_J_pid_75|cf944e31_20260412_230551,1.0,1,5021,job
adversarial_J_pid_75|ddd52b74_20260825_055509,1.0,10,5021,job
adversarial_J_pid_75|e3f49bde_20260412_223016,1.0,10,5021,job
adversarial_K_online_learning|901b510d_20260825_061120,1.0,10,5021,job
adversarial_K_online_learning|cff6d675_20260825_061644,1.0,10,5021,job
adversarial_L_ddp_10|a3adf2258b52_20260412_063635,1.0,80,5021,job
adversarial_L_ddp_5|a9a551652c04_20260412_235905,1.0,80,5021,job
adversarial_L_diluted_10|03656a60_20260825_065954,1.0,10,5021,job
adversarial_L_diluted_10|2c305d90_20260725_232752,1.0,10,5021,job
adversarial_L_diluted_10|9712fcda_20260825_065431,1.0,10,5021,job
adversarial_L_diluted_20|2a9e51e9_20260725_235723,1.0,10,5021,job
adversarial_L_diluted_20|c1b0e51f_20260825_071606,1.0,10,5021,job
adversarial_L_diluted_2|0e8e28c2_20260825_062208,1.0,10,5021,job
adversarial_L_diluted_5|2471d189_20260412_231132,1.0,10,5021,job
adversarial_L_diluted_5|29aaeb3c_20260825_064907,1.0,10,5021,job
adversarial_training|0ff8862b_20260413_033352,1.0,1,5021,job
adversarial_training|b1c5e184_20260413_033330,1.0,1,5021,job
bert_finetune|d969416f_20260413_032846,1.0,1,5021,job
bert_sst2_amp_ext|cb252747_20260420_204010,1.0,1,5021,job
bert_sst2|906cb48d_20260825_021650,1.0,1,5021,job
cufft_benchmark|2cf468dc_20260421_013631,1.0,10,5021,job
cufft_benchmark|7eb3b0fd_20260420_000038,1.0,10,5021,job
ddp_resnet50_cifar10|3477d94c3a9e_20260412_060843,1.0,80,5021,job
ddp_resnet50_cifar10|c83757ac5731_20260412_230440,1.0,80,5021,job
fsdp_30b_nvlink|cb97612d27e1_20260412_074412,1.0,10,5021,job
fsdp_7b_nvlink|755f005b3557_20260412_070444,1.0,80,5021,job
gpt2_wikitext2_amp|62c86ac7_20260412_222753,1.0,2,5021,job
gpt2_wikitext2|60a1ee17_20260825_022027,1.0,2,5021,job
gpt2_wikitext2|917b93fb_20260412_224117,1.0,3,5021,job
idle|964c62f7_20260420_194932,1.0,7,5021,job
idle|f26e1461_20260419_233413,1.0,7,5021,job
llm_infer_deepseek_v3_tp8|acb00ac39728_20260419_002312,1.0,30,5021,job
llm_infer_deepseek_v3_tp8|f41d4d3c1247_20260419_014514,0.9,80,5021,job
llm_infer_mistral_7b_q4|0546326b_20260420_015345,1.0,1,5021,job
llm_infer_mistral_7b_q4|1039bea2_20260825_074800,1.0,10,5021,job
llm_infer_mixtral_8x7b|a79f0a84_20260419_040511,1.0,10,5021,job
llm_infer_phi3_mini|3bce5480_20260420_210836,1.0,10,5021,job
llm_infer_phi3_mini|52a2bd28_20260420_210319,1.0,10,5021,job
llm_infer_qwen25_14b_fp16|085bd1c8_20260420_000301,1.0,10,5021,job
llm_infer_qwen25_14b_fp16|1eda1bef_20260824_213225,1.0,10,5021,job
llm_infer_qwen25_14b_fp16|9bdd69d7_20260420_233533,1.0,10,5021,job
llm_infer_qwen25_32b_fp16|08c0cbfe_20260420_001804,1.0,10,5021,job
llm_infer_qwen25_32b_fp16|949b75e6_20260419_215643,1.0,10,5021,job
llm_infer_qwen25_32b_fp16|a14ebdea_20260824_215053,1.0,10,5021,job
llm_infer_qwen25_32b_fp16|cbe6294b_20260824_215701,1.0,10,5021,job
llm_infer_qwen25_3b_bs16|3d9be7b5_20260419_033318,1.0,10,5021,job
llm_infer_qwen25_3b_bs4|acde3618_20260419_221540,0.9,10,5021,job
llm_infer_qwen25_3b|59a892fe_20260419_020238,1.0,10,5021,job
llm_infer_qwen25_3b|7de76a76_20260420_211352,1.0,10,5021,job
llm_infer_qwen25_3b|f8a46936_20260420_211909,1.0,10,5021,job
llm_infer_qwen25_72b_fp16|aaa06495_20260421_002643,1.0,10,5021,job
llm_infer_qwen25_72b_fp8|78a77a8b_20260420_235909,1.0,10,5021,job
llm_infer_qwen25_72b_tp2|11ae41c37687_20260419_045923,1.0,20,5021,job
llm_infer_qwen25_7b_fp16|4052c194_20260824_200842,1.0,10,5021,job
llm_infer_qwen25_7b_fp16|4f69bded_20260824_200743,1.0,1,5021,job
llm_infer_qwen25_7b_fp16|febf963c_20260419_205933,1.0,1,5021,job
llm_infer_sdxl|f3c09865_20260419_025108,0.9,10,5021,job
llm_infer_tinyllama_bs8|75a3d2cd_20260419_215432,1.0,10,5021,job
llm_infer_tinyllama_bs8|ecdf6ee5_20260420_220215,1.0,10,5021,job
llm_infer_tinyllama_bs8|efe8ddc5_20260419_021922,0.9,10,5021,job
llm_infer_tinyllama_seq4096|026a1f9a_20260420_221753,1.0,10,5021,job
llm_infer_tinyllama_seq4096|eac7968c_20260419_224733,1.0,10,5021,job
llm_infer_tinyllama_seq4096|ff9add28_20260419_224220,1.0,10,5021,job
llm_infer_vit_l_bs64|27cbf4a5_20260419_231919,1.0,10,5021,job
llm_infer_vit_l_bs64|5e01a928_20260419_034907,1.0,10,5021,job
llm_infer_vit_l_bs64|7be29623_20260420_224924,1.0,10,5021,job
llm_train_mistral_7b_lora|408384ba_20260419_232329,1.0,10,5021,job
llm_train_mistral_7b_lora|e954b9ae_20260824_231951,1.0,10,5021,job
llm_train_qwen25_3b_lora|e8114b07_20260419_225441,1.0,10,5021,job
llm_train_smollm2_1p7b_lora|19738386_20260419_223307,1.0,10,5021,job
mining_ethash_proxy|304ec693_20260420_003055,1.0,10,5021,job
mining_ethash_proxy|59292457_20260420_001044,1.0,10,5021,job
mining_ethash_proxy|fad55191_20260421_015646,1.0,10,5021,job
modern_inference|6ce8e009_20260413_033057,1.0,1,5021,job
nbody_sim|6c13c5ae_20260825_030429,1.0,10,5021,job
nbody_sim|b9568c1a_20260413_033202,1.0,1,5021,job
nbody_sim|e90ecd1d_20260825_031452,1.0,10,5021,job
nbody_sim|nbody_sim_66a459,1.0,1,5021,job
nvlink_bandwidth|nvlink_bandwidth_gpu1_b97b50,1.0,1,5021,job
nvlink_latency|nvlink_latency_gpu1_9a8612,1.0,1,5021,job
nvlink_p2p|7e14f65e_20260413_033435,1.0,1,5021,job
nvlink_p2p|858acb89_20260413_033414,1.0,1,5021,job
nvlink_p2p|927418b1_20260413_033435,1.0,1,5021,job
ppo_rlhf_r8_rep2|4735a4fb_20260804_171221,1.0,10,5021,job
ppo_rlhf_r8_rep3|5a1e4c08_20260804_173443,1.0,10,5021,job
pytorch_mlp_cifar10_ext|22ac55c7_20260420_203325,1.0,10,5021,job
pytorch_mlp_cifar10|22fad3bd_20260825_021517,1.0,1,5021,job
pytorch_mlp_cifar10|c7886665_20260412_222753,0.0,1,5021,job
pytorch_resnet_cifar10_amp_ext|a0c58ed2_20260420_203152,1.0,5,5021,job
pytorch_resnet_cifar10_amp|8ab3bfd2_20260825_020754,1.0,1,5021,job
pytorch_resnet_cifar10_amp|964987b7_20260825_021328,1.0,1,5021,job
pytorch_resnet_cifar10_amp|a2af05e4_20260825_020701,1.0,1,5021,job
pytorch_resnet_cifar10_amp|bc16a2c3_20260825_020856,1.0,1,5021,job
pytorch_resnet_cifar10|0de6fc56_20260825_020340,1.0,1,5021,job
rendering_proxy|307d16fe_20260825_032515,0.7,10,5021,job
resnet50_inference|0464d734_20260825_022250,0.0,10,5021,job
resnet50_inference|277c9073_20260825_023315,0.0,10,5021,job
resnet50_inference|d120b7ba_20260825_024340,0.0,10,5021,job
resnet50_inference|d45705f9_20260412_231705,0.0,10,5021,job
resnet50_inference|ee8f3e1f_20260412_224117,0.0,10,5021,job
resnet50_inference|f8907ec1_20260413_032952,0.0,1,5021,job
symgemm_L1_fwd3_rep1|9c7b9bc7_20260802_175625,1.0,10,5021,job
symgemm_L1_fwd3_rep3|956006bf_20260802_221307,1.0,10,5021,job
symgemm_L5_adam_rep4|b36d56ef_20260802_232008,1.0,10,5021,job
symgemm_ppo_fused_r32_rep3|6b1c2a3b_20260803_014427,1.0,10,5021,job
training_single_gpu|training_single_gpu_gpu0_199317,1.0,1,5021,job
whitebox_diluted_1b_N1_1h|e9c0ff07_20260727_235850,1.0,10,5021,job
whitebox_diluted_N10|8891b439_20260725_211051,1.0,10,5021,job
whitebox_diluted_N20|2b6c90aa_20260725_200743,1.0,10,5021,job
whitebox_diluted_N20|6305ed40_20260725_204431,1.0,10,5021,job
whitebox_diluted_N20|d8b176f8_20260725_212116,1.0,10,5021,job
whitebox_diluted_N5|e9df56b8_20260725_202339,1.0,10,5021,job
whitebox_lora_1b_N1_1h|861a8dfb_20260727_173343,0.9,10,5021,job
whitebox_lora_7b_N100_1h|53c015c3_20260727_162214,0.9,10,5021,job
whitebox_lora_7b_N1_1h|d26abcf1_20260727_110823,1.0,10,5021,job
whitebox_lora_7b_pilot_N2|849422c3_20260726_114431,0.9,10,5021,job
whitebox_lora_7b_pilot_N3|083f6968_20260726_120119,1.0,10,5021,job
whitebox_lora_7b_pilot_N7|b7b290a9_20260726_125420,1.0,10,5021,job
whitebox_lora_7b_pilot_N8|a2326a19_20260726_130940,1.0,10,5021,job
whitebox_lora_N10|12837863_20260725_200230,1.0,10,5021,job
whitebox_lora_N5|5d8cb134_20260725_210538,1.0,10,5021,job
width_sweep_dp|width_sweep_dp_gpu0_a80bfa,1.0,1,5021,job
adversarial_F_interleave_30|314da66d_20260412_053508,1.0,1,5022,job
adversarial_F_interleave_50|468ad378_20260825_042847,1.0,10,5022,job
adversarial_F_interleave_50|972b5cb1_20260412_230551,1.0,1,5022,job
adversarial_G_clock_throttled|26e4120c_20260825_045023,1.0,10,5022,job
adversarial_H_mimicry_cufft|3d49af99_20260413_013919,1.0,10,5022,job
adversarial_H_mimicry_cufft|407d2529_20260825_052810,1.0,10,5022,job
adversarial_H_mimicry_cufft|983fad80_20260412_053508,1.0,1,5022,job
adversarial_H_mimicry_cufft|bf336e54_20260825_051722,1.0,10,5022,job
adversarial_H_mimicry_mining|88fd4004_20260825_050111,1.0,10,5022,job
adversarial_I_stochastic_30|3978f906_20260825_053334,1.0,10,5022,job
adversarial_J_pid_75|c205c1d2_20260413_014428,1.0,10,5022,job
adversarial_K_ddp_accum_8|036fb65cffea_20260413_002258,1.0,80,5022,job
adversarial_K_ddp|2b7d13785ecf_20260412_231725,1.0,80,5022,job
adversarial_K_online_learning|5e90b4fe_20260412_223541,1.0,10,5022,job
adversarial_L_ddp_5|7f7c7caec1c9_20260412_232441,1.0,80,5022,job
adversarial_L_diluted_10_mw8|453df7c0_20260726_170248,1.0,10,5022,job
adversarial_L_diluted_10|5904fb3d_20260412_223541,1.0,10,5022,job
adversarial_L_diluted_200_mw8|fd4fadc3_20260726_171819,1.0,10,5022,job
adversarial_L_diluted_20|951bef7b_20260825_072130,1.0,10,5022,job
adversarial_L_diluted_20|ee8eddb5_20260825_071042,1.0,10,5022,job
adversarial_L_diluted_2|9a292575_20260825_063255,1.0,10,5022,job
adversarial_training|33aa4cb4_20260413_033352,1.0,1,5022,job
batch_size_sweep_dp|batch_size_sweep_dp_gpu1_f04813,0.0,1,5022,job
bert_finetune|2a2a5f3e_20260413_032846,1.0,1,5022,job
bert_sst2_amp|dd87fb92_20260412_222753,1.0,1,5022,job
bert_sst2_ext|39b13cda_20260420_203906,1.0,3,5022,job
cufft_benchmark|38fd661e_20260419_235032,1.0,10,5022,job
cufft_benchmark|83e14a25_20260421_014638,1.0,10,5022,job
cufft_benchmark|fa1982fd_20260419_234026,1.0,10,5022,job
cufft_hpc|cufft_hpc_58ecd2,1.0,1,5022,job
ddp_resnet18_cifar10_amp|972309ed66bd_20260412_231156,1.0,80,5022,job
ddp_resnet18_cifar10|ce5c33bebcdd_20260412_060311,1.0,80,5022,job
fsdp_30b_adamw_nvlink|29f631dc5b8a_20260413_002943,1.0,80,5022,job
fsdp_70b_adamw|e53e253f883d_20260413_012859,1.0,6,5022,job
gpt2_finetune|eb4a005e_20260413_032908,1.0,1,5022,job
gpt2_wikitext2_amp|f2bd8e13_20260412_231705,1.0,2,5022,job
gpt2_wikitext2_ext|ab0d938a_20260420_203614,1.0,6,5022,job
idle|9689d8b0_20260413_032720,1.0,1,5022,job
idle|9d362947_20260419_233822,1.0,7,5022,job
idle|idle_9cb91e,1.0,1,5022,job
llm_infer_deepseek_v3_tp8|30d7ed7e6e81_20260419_013711,1.0,80,5022,job
llm_infer_deepseek_v3_tp8|acb00ac39728_20260419_002311,1.0,50,5022,job
llm_infer_mistral_7b_q4|1039bea2_20260825_074800,1.0,10,5022,job
llm_infer_mistral_7b_q4|793c412e_20260420_010538,1.0,10,5022,job
llm_infer_mistral_7b_q4|9e359ed7_20260825_003757,1.0,10,5022,job
llm_infer_mistral_7b_q4|c36eab64_20260419_220847,1.0,1,5022,job
llm_infer_mistral_7b_q4|d4a0ca97_20260419_215339,0.0,1,5022,job
llm_infer_mistral_7b_q4|e81dfe47_20260420_015946,1.0,10,5022,job
llm_infer_mixtral_8x7b|6d7f6e16_20260419_035827,1.0,10,5022,job
llm_infer_mixtral_8x7b|74ae4709_20260421_001937,1.0,10,5022,job
llm_infer_phi3_mini|cd6a5e78_20260419_212123,1.0,10,5022,job
llm_infer_phi3_mini|e7151e88_20260420_205129,1.0,10,5022,job
llm_infer_qwen25_14b_fp16|0467d4a3_20260824_212608,1.0,10,5022,job
llm_infer_qwen25_14b_fp16|085bd1c8_20260420_000301,1.0,10,5022,job
llm_infer_qwen25_14b_fp16|200c729c_20260419_235621,1.0,10,5022,job
llm_infer_qwen25_14b_fp16|85bf5790_20260419_205937,1.0,1,5022,job
llm_infer_qwen25_14b_fp16|a5960172_20260420_232931,1.0,10,5022,job
llm_infer_qwen25_32b_fp16|0e1acfb8_20260824_214418,1.0,10,5022,job
llm_infer_qwen25_32b_fp16|54f1bd71_20260419_205959,1.0,1,5022,job
llm_infer_qwen25_32b_fp16|949b75e6_20260419_215643,1.0,10,5022,job
llm_infer_qwen25_32b_fp16|dffbfb17_20260421_030111,0.9,10,5022,job
llm_infer_qwen25_3b_bs16|301efde2_20260419_225807,1.0,10,5022,job
llm_infer_qwen25_3b_bs4|27632d17_20260420_214020,1.0,10,5022,job
llm_infer_qwen25_3b_bs4|aa80c128_20260420_213501,1.0,10,5022,job
llm_infer_qwen25_3b|7de76a76_20260420_211352,1.0,10,5022,job
llm_infer_qwen25_3b|f8a46936_20260420_211909,1.0,10,5022,job
llm_infer_qwen25_72b_fp8|1949bd09_20260420_003236,0.8,10,5022,job
llm_infer_qwen25_72b_fp8|4bc4cd75_20260420_234536,0.9,10,5022,job
llm_infer_qwen25_72b_fp8|ad1ee08d_20260419_041746,1.0,10,5022,job
llm_infer_qwen25_72b_fp8|cd098693_20260420_004709,0.9,10,5022,job
llm_infer_qwen25_72b_tp2|173cf665d203_20260419_044435,1.0,10,5022,job
llm_infer_qwen25_7b_fp16|4052c194_20260824_200842,1.0,10,5022,job
llm_infer_qwen25_7b_fp16|8c50624a_20260824_211339,1.0,10,5022,job
llm_infer_qwen25_7b_fp16|fff7de88_20260419_205924,1.0,1,5022,job
llm_infer_sdxl|212903bb_20260420_223849,1.0,10,5022,job
llm_infer_sdxl|81d0af5a_20260419_030149,1.0,10,5022,job
llm_infer_sdxl|827523c5_20260420_223333,0.9,10,5022,job
llm_infer_tinyllama_bs8|00313478_20260419_215951,1.0,10,5022,job
llm_infer_tinyllama_bs8|43f9b961_20260420_221242,1.0,10,5022,job
llm_infer_tinyllama_bs8|bcad42c3_20260419_220507,1.0,10,5022,job
llm_infer_tinyllama_bs8|fd185e9d_20260420_220729,1.0,10,5022,job
llm_infer_tinyllama_seq4096|ac0a588a_20260419_031732,1.0,10,5022,job
llm_infer_vit_l_bs64|5e01a928_20260419_034907,1.0,10,5022,job
llm_train_mistral_7b_lora|8af16eaa_20260824_231421,1.0,10,5022,job
llm_train_mistral_7b_lora|e2b30e58_20260419_232842,1.0,10,5022,job
llm_train_phi3_mini_lora|0d707150_20260419_230604,1.0,10,5022,job
llm_train_phi3_mini_lora|4bf06f5e_20260824_225752,1.0,10,5022,job
llm_train_phi3_mini_lora|5fb0d553_20260824_225222,1.0,10,5022,job
llm_train_qwen25_1p5b_lora|a219bf6f_20260419_221705,1.0,10,5022,job
llm_train_qwen25_3b_lora|dfde664f_20260419_224329,0.9,10,5022,job
llm_train_smollm2_1p7b_lora|19738386_20260419_223307,1.0,10,5022,job
llm_train_smollm2_1p7b_lora|896b1640_20260824_223027,1.0,10,5022,job
modern_inference|5c76e8e5_20260413_033057,1.0,1,5022,job
nbody_sim|e828c825_20260825_025405,1.0,10,5022,job
nbody_sim|nbody_sim_66a459,1.0,1,5022,job
nbody_sim|nbody_sim_d50046,1.0,1,5022,job
nvlink_bandwidth|nvlink_bandwidth_gpu1_b97b50,1.0,1,5022,job
nvlink_latency|nvlink_latency_gpu0_1c6087,1.0,1,5022,job
nvlink_p2p|858acb89_20260413_033414,1.0,1,5022,job
ppo_rlhf_r32_rep1|2b37c1ae_20260804_170110,1.0,10,5022,job
ppo_rlhf_r8_rep3|5a1e4c08_20260804_173443,1.0,10,5022,job
pytorch_mlp_cifar10_ext|91abd671_20260420_204403,1.0,10,5022,job
pytorch_mlp_cifar10|22fad3bd_20260825_021517,1.0,1,5022,job
pytorch_mlp_cifar10|6726c8ff_20260825_021604,1.0,1,5022,job
pytorch_mlp_cifar10|743face9_20260412_231705,1.0,2,5022,job
pytorch_resnet_cifar10|1c3ed317_20260825_020430,1.0,1,5022,job
pytorch_resnet_cifar10|30653101_20260412_231132,1.0,3,5022,job
pytorch_training|2a94287a_20260413_032802,1.0,1,5022,job
resnet50_inference|d6707f42_20260413_033014,0.0,1,5022,job
resnet50_inference|ee8f3e1f_20260412_224117,0.9,10,5022,job
resnet_amp|resnet_amp_0c34ce,1.0,1,5022,job
resnet_amp|resnet_amp_cc435c,1.0,1,5022,job
scientific_hpc|b957a0bf_20260413_033246,1.0,1,5022,job
symgemm_L0_fwd1_rep2|3c32c629_20260802_204034,1.0,10,5022,job
symgemm_L3_graddiscard_rep1|f12dea2b_20260802_182955,0.9,10,5022,job
symgemm_L4_sgdfused_7b_rep1|d75e1ca4_20260802_212515,1.0,10,5022,job
symgemm_decode_g256_rep3|6e25438a_20260803_015538,1.0,10,5022,job
training_dual_gpu_dp|training_dual_gpu_dp_gpu0_e63285,1.0,1,5022,job
training_dual_gpu_dp|training_dual_gpu_dp_gpu1_d95db4,1.0,1,5022,job
whitebox_diluted_3b_N1_1h|814de13f_20260728_005931,0.9,10,5022,job
whitebox_diluted_N10|e6a6ba30_20260725_195717,1.0,10,5022,job
whitebox_diluted_N20|2b6c90aa_20260725_200743,1.0,10,5022,job
whitebox_inference_7b_rep3|62149f64_20260728_050902,0.8,10,5022,job
whitebox_inference_long|877db838_20260725_055129,1.0,10,5022,job
whitebox_lora_1b_N1_1h|861a8dfb_20260727_173343,0.5,10,5022,job
whitebox_lora_3b_N1_1h|070267f7_20260727_194926,0.9,10,5022,job
whitebox_lora_7b_N10_rep2|a1f5446a_20260728_040109,0.6,10,5022,job
whitebox_lora_7b_N1_1h|d26abcf1_20260727_110823,1.0,10,5022,job
whitebox_lora_7b_N3_1h|1291fbf0_20260727_132029,1.0,10,5022,job
whitebox_lora_7b_pilot_N2|849422c3_20260726_114431,0.9,10,5022,job
adversarial_E_memory_minimal|c443df01_20260825_035624,1.0,10,5023,job
adversarial_F_interleave_30|314da66d_20260412_053508,1.0,1,5023,job
adversarial_F_interleave_30|42e0d626_20260412_223016,1.0,10,5023,job
adversarial_F_interleave_50|46a73a4e_20260725_234614,1.0,10,5023,job
adversarial_F_interleave_50|82b69908_20260412_223016,1.0,10,5023,job
adversarial_G_clock_throttled|b38cd060_20260825_044459,1.0,10,5023,job
adversarial_G_clock_throttled|d38b3081_20260412_053508,1.0,10,5023,job
adversarial_G_clock_throttled|d64b14fc_20260825_045547,1.0,10,5023,job
adversarial_H_mimicry_cufft|983fad80_20260412_053508,1.0,1,5023,job
adversarial_H_mimicry_mining|840df611_20260825_050635,1.0,10,5023,job
adversarial_H_mimicry_mining|bedfd354_20260412_223016,1.0,10,5023,job
adversarial_I_stochastic_30|b5fea657_20260825_053857,1.0,10,5023,job
adversarial_J_pid_75|94ea2465_20260825_054945,1.0,10,5023,job
adversarial_J_pid_75|c205c1d2_20260413_014428,1.0,10,5023,job
adversarial_K_ddp_accum_8|73431dec5f44_20260412_234640,1.0,80,5023,job
adversarial_K_ddp|af5daab2a59a_20260412_062347,1.0,80,5023,job
adversarial_K_online_learning|da312bfa_20260412_054054,1.0,10,5023,job
adversarial_L_ddp_10|740abd236207_20260413_000621,0.975,80,5023,job
adversarial_L_ddp_stagger_5|2739e0598ddb_20260413_001154,0.8125,80,5023,job
adversarial_L_ddp_stagger_5|8e9728362385_20260412_064206,1.0,80,5023,job
adversarial_L_ddp_stagger_5|9018a40f5999_20260412_233540,1.0,80,5023,job
adversarial_L_diluted_10|2c305d90_20260725_232752,1.0,10,5023,job
adversarial_L_diluted_10|5904fb3d_20260412_223541,1.0,10,5023,job
adversarial_L_diluted_10|6ef8b233_20260412_231132,1.0,10,5023,job
adversarial_L_diluted_20|c1b0e51f_20260825_071606,1.0,10,5023,job
adversarial_L_diluted_20|c504ec15_20260726_002055,1.0,10,5023,job
adversarial_L_diluted_20|ee8eddb5_20260825_071042,1.0,10,5023,job
adversarial_L_diluted_5|2471d189_20260412_231132,1.0,10,5023,job
adversarial_training|b1c5e184_20260413_033330,0.0,1,5023,job
bert_sst2|0a64dc16_20260825_021827,1.0,1,5023,job
cufft_benchmark|15fa4bd9_20260413_033141,1.0,1,5023,job
cufft_benchmark|227faa64_20260413_033119,1.0,1,5023,job
cufft_benchmark|540552ce_20260824_234024,1.0,10,5023,job
cufft_benchmark|692a3d5e_20260412_224117,1.0,10,5023,job
cufft_benchmark|ff25783f_20260413_033141,1.0,1,5023,job
ddp_training|ddp_telemetry_gpu1,1.0,1,5023,job
fsdp_70b_adamw|e53e253f883d_20260413_012859,1.0,6,5023,job
fsdp_70b_nvlink|15cced21b9b1_20260413_012238,1.0,8,5023,job
gpt2_wikitext2_amp_ext|058cfbc9_20260420_204849,1.0,2,5023,job
gpt2_wikitext2_amp_ext|ec2b4d42_20260420_202719,0.6666666666666666,3,5023,job
gpt2_wikitext2_amp_ext|f609adef_20260420_203807,1.0,2,5023,job
gpt2_wikitext2_ext|7a20f073_20260420_204656,1.0,6,5023,job
gpt2_wikitext2|1f4b6ea6_20260412_231705,1.0,3,5023,job
gpt2_wikitext2|3a8eee76_20260825_022139,0.5,2,5023,job
gpt2_wikitext2|917b93fb_20260412_224117,0.6666666666666666,3,5023,job
idle|03110fa2_20260824_232519,1.0,7,5023,job
idle|3a7e56ce_20260412_223541,1.0,7,5023,job
idle|f63d327d_20260421_013426,1.0,7,5023,job
llm_infer_mistral_7b_q4|0f8555a9_20260825_003220,0.9,10,5023,job
llm_infer_mistral_7b_q4|143e0113_20260419_220838,1.0,1,5023,job
llm_infer_mistral_7b_q4|280943b7_20260421_011827,1.0,10,5023,job
llm_infer_mistral_7b_q4|7936d649_20260419_220948,0.5,2,5023,job
llm_infer_mistral_7b_q4|7dcec1a2_20260420_020500,0.9,10,5023,job
llm_infer_mistral_7b_q4|b8b0e618_20260420_005449,1.0,10,5023,job
llm_infer_mistral_7b_q4|bd933593_20260419_221051,1.0,1,5023,job
llm_infer_mistral_7b_q4|c36eab64_20260419_220847,1.0,1,5023,job
llm_infer_mistral_7b_q4|dc6bbdac_20260420_010008,1.0,10,5023,job
llm_infer_mixtral_8x7b|2136c735_20260421_001254,1.0,10,5023,job
llm_infer_mixtral_8x7b|6d7f6e16_20260419_035827,1.0,10,5023,job
llm_infer_phi3_mini|745171c6_20260419_015720,1.0,10,5023,job
llm_infer_phi3_mini|e7151e88_20260420_205129,1.0,10,5023,job
llm_infer_qwen25_14b_fp16|0467d4a3_20260824_212608,1.0,10,5023,job
llm_infer_qwen25_14b_fp16|1eda1bef_20260824_213225,1.0,10,5023,job
llm_infer_qwen25_14b_fp16|9bdd69d7_20260420_233533,1.0,10,5023,job
llm_infer_qwen25_14b_fp16|b9923a39_20260419_213654,1.0,10,5023,job
llm_infer_qwen25_32b_fp16|08c0cbfe_20260420_001804,1.0,10,5023,job
llm_infer_qwen25_32b_fp16|43218758_20260421_031401,1.0,10,5023,job
llm_infer_qwen25_32b_fp16|463349dc_20260420_000940,0.9,10,5023,job
llm_infer_qwen25_32b_fp16|bb94db96_20260419_205955,1.0,1,5023,job
llm_infer_qwen25_3b_bs4|16c726fc_20260419_222104,1.0,10,5023,job
llm_infer_qwen25_3b_bs4|32bdfeb6_20260419_024034,1.0,10,5023,job
llm_infer_qwen25_3b_bs4|dbfd03f1_20260419_023515,1.0,10,5023,job
llm_infer_qwen25_3b|b3849090_20260419_213727,1.0,10,5023,job
llm_infer_qwen25_3b|f8a46936_20260420_211909,1.0,10,5023,job
llm_infer_qwen25_72b_fp8|78a77a8b_20260420_235909,1.0,10,5023,job
llm_infer_qwen25_7b_fp16|4052c194_20260824_200842,1.0,10,5023,job
llm_infer_qwen25_7b_fp16|730da3ab_20260419_234250,1.0,10,5023,job
llm_infer_qwen25_7b_fp16|f70331c1_20260419_233641,1.0,10,5023,job
llm_infer_sdxl|827523c5_20260420_223333,1.0,10,5023,job
llm_infer_sdxl|adc8a3d2_20260419_222624,1.0,10,5023,job
llm_infer_tinyllama_bs8|ce7d83fd_20260419_022445,1.0,10,5023,job
llm_infer_vit_l_bs64|e895e0da_20260419_033836,0.9,10,5023,job
llm_infer_vit_l_bs64|fde5cf55_20260420_225435,1.0,10,5023,job
llm_train_qwen25_1p5b_lora|2a4e8583_20260419_221125,0.9,10,5023,job
llm_train_qwen25_3b_lora|46b96f38_20260419_224930,1.0,10,5023,job
llm_train_qwen25_3b_lora|66980709_20260824_223555,0.7,10,5023,job
llm_train_qwen25_3b_lora|dfde664f_20260419_224329,0.9,10,5023,job
llm_train_qwen25_3b_lora|e8114b07_20260419_225441,1.0,10,5023,job
llm_train_smollm2_1p7b_lora|19738386_20260419_223307,1.0,10,5023,job
mining_ethash_proxy|3cac048c_20260825_000110,1.0,10,5023,job
mining_ethash_proxy|5a291891_20260420_200144,1.0,10,5023,job
mining_ethash_proxy|c56e618e_20260412_224732,1.0,10,5023,job
modern_inference|5c76e8e5_20260413_033057,1.0,1,5023,job
nbody_sim|b9568c1a_20260413_033202,1.0,1,5023,job
nbody_sim|e90ecd1d_20260825_031452,1.0,10,5023,job
ppo_rlhf_r32_rep2|580ad642_20260804_172333,0.9,10,5023,job
ppo_rlhf_r8_rep3|5a1e4c08_20260804_173443,1.0,10,5023,job
pytorch_mlp_cifar10_ext|91abd671_20260420_204403,1.0,10,5023,job
pytorch_mlp_cifar10|c7886665_20260412_222753,0.0,1,5023,job
pytorch_resnet_cifar10_amp|7b05a6ae_20260825_021143,1.0,1,5023,job
pytorch_resnet_cifar10_amp|7e69c6dd_20260825_021041,1.0,1,5023,job
pytorch_resnet_cifar10_amp|8ab3bfd2_20260825_020754,1.0,1,5023,job
pytorch_resnet_cifar10_amp|964987b7_20260825_021328,1.0,1,5023,job
pytorch_resnet_cifar10_amp|a2af05e4_20260825_020701,1.0,1,5023,job
pytorch_resnet_cifar10_amp|fcd1f0dc_20260825_073317,1.0,1,5023,job
pytorch_resnet_cifar10_ext|76d6663a_20260420_203006,1.0,6,5023,job
pytorch_training|2a94287a_20260413_032802,1.0,1,5023,job
rendering_proxy|307d16fe_20260825_032515,1.0,10,5023,job
resnet50_inference|0464d734_20260825_022250,1.0,10,5023,job
resnet50_inference|d120b7ba_20260825_024340,1.0,10,5023,job
resnet_amp|resnet_amp_efa494,1.0,1,5023,job
resnet_fp32|resnet_fp32_d1d694,1.0,1,5023,job
symgemm_L1_fwd3_7b_rep1|1da12b31_20260802_215024,0.9,10,5023,job
symgemm_L1_fwd3_rep2|e04a3490_20260802_201813,1.0,10,5023,job
symgemm_L3_graddiscard_rep4|7a0468e5_20260802_234229,1.0,10,5023,job
symgemm_L5_adam_rep3|f1871cc2_20260802_222417,1.0,10,5023,job
symgemm_decode_g256_rep2|4fc9bf1b_20260803_012205,1.0,10,5023,job
symgemm_idle|06d5a273_20260802_173910,0.1,10,5023,job
symgemm_ppo_fused_r32_rep2|c6b8724c_20260803_011053,1.0,10,5023,job
training_dual_gpu_dp|training_dual_gpu_dp_gpu1_278acd,1.0,1,5023,job
training_single_gpu|training_single_gpu_gpu0_199317,1.0,1,5023,job
whitebox_diluted_N10|8891b439_20260725_211051,1.0,10,5023,job
whitebox_diluted_N20|d8b176f8_20260725_212116,1.0,10,5023,job
whitebox_inference_1b_matched|c6927996_20260728_061814,0.8,10,5023,job
whitebox_inference|f59e111e_20260725_194134,0.9,10,5023,job
whitebox_lora_3b_N1_1h|070267f7_20260727_194926,1.0,10,5023,job
whitebox_lora_7b_N3_1h|1291fbf0_20260727_132029,1.0,10,5023,job
whitebox_lora_7b_pilot_N7|b7b290a9_20260726_125420,1.0,10,5023,job
whitebox_lora_N20|7d319b8f_20260725_201255,1.0,10,5023,job
whitebox_lora_N5|5d8cb134_20260725_210538,1.0,10,5023,job
adversarial_E_memory_minimal|c443df01_20260825_035624,1.0,10,5024,job
adversarial_G_clock_throttled|8a017bab_20260412_223016,1.0,10,5024,job
adversarial_H_mimicry_cufft|3d49af99_20260413_013919,1.0,10,5024,job
adversarial_H_mimicry_mining|30dc1b59_20260412_053508,1.0,1,5024,job
adversarial_I_stochastic_30|0790698e_20260726_000437,1.0,10,5024,job
adversarial_I_stochastic_30|1319ffe7_20260726_002804,1.0,10,5024,job
adversarial_J_pid_75|94ea2465_20260825_054945,1.0,10,5024,job
adversarial_J_pid_75|c205c1d2_20260413_014428,1.0,10,5024,job
adversarial_J_pid_75|cf944e31_20260412_230551,1.0,1,5024,job
adversarial_K_ddp_accum_4|b28bb647b0ef_20260412_234110,1.0,80,5024,job
adversarial_K_ddp_accum_4|ccdbb46fc1a0_20260413_001726,1.0,80,5024,job
adversarial_K_ddp_accum_8|4e915a9d238b_20260412_065453,1.0,80,5024,job
adversarial_K_ddp|41b734487b5e_20260412_235331,1.0,80,5024,job
adversarial_L_ddp_10|740abd236207_20260413_000621,1.0,80,5024,job
adversarial_L_diluted_10|2c305d90_20260725_232752,1.0,10,5024,job
adversarial_L_diluted_10|8d5f2101_20260725_235123,1.0,10,5024,job
adversarial_L_diluted_200_mw8|a38a444f_20260726_174828,1.0,10,5024,job
adversarial_L_diluted_20|c1b0e51f_20260825_071606,1.0,10,5024,job
adversarial_L_diluted_20|c504ec15_20260726_002055,1.0,10,5024,job
adversarial_L_diluted_2|354119ef_20260412_223541,1.0,10,5024,job
adversarial_L_diluted_2|9a292575_20260825_063255,1.0,10,5024,job
adversarial_L_diluted_5|478eaec5_20260412_223541,1.0,10,5024,job
adversarial_L_diluted_5|5e0891fb_20260412_054054,1.0,10,5024,job
adversarial_training|33aa4cb4_20260413_033352,1.0,1,5024,job
bert_sst2_amp_ext|7d5929da_20260420_202928,1.0,1,5024,job
bert_sst2|4a0aab7a_20260825_021739,1.0,1,5024,job
cufft_benchmark|15fa4bd9_20260413_033141,1.0,1,5024,job
cufft_benchmark|38fd661e_20260419_235032,1.0,10,5024,job
ddp_resnet18_cifar10_amp|95f2a16cc1a5_20260412_234616,1.0,80,5024,job
ddp_resnet50_cifar10|9fc805ce081e_20260412_234039,1.0,80,5024,job
ddp_resnet50_cifar10|c83757ac5731_20260412_230440,1.0,80,5024,job
fsdp_13b_nvlink|cf8cfa835835_20260413_000312,1.0,80,5024,job
fsdp_70b_nvlink|c88e29e18a8a_20260413_010413,0.525,80,5024,job
fsdp_7b_nvlink|5de962c92de9_20260412_235456,1.0,80,5024,job
gpt2_finetune|eb4a005e_20260413_032908,1.0,1,5024,job
idle|395fbdc4_20260413_032720,1.0,1,5024,job
idle|964c62f7_20260420_194932,1.0,7,5024,job
idle|9d362947_20260419_233822,1.0,7,5024,job
idle|b3e73340_20260419_233617,1.0,7,5024,job
idle|f63d327d_20260421_013426,1.0,7,5024,job
idle|idle_9cb91e,1.0,1,5024,job
inference|inference_8fd998,0.0,1,5024,job
inference|inference_986d16,0.0,1,5024,job
llm_infer_deepseek_v3_tp8|f41d4d3c1247_20260419_014514,1.0,80,5024,job
llm_infer_mistral_7b_q4|1aa4e562_20260825_004332,1.0,10,5024,job
llm_infer_mistral_7b_q4|5841de91_20260419_210239,1.0,1,5024,job
llm_infer_mistral_7b_q4|7936d649_20260419_220948,0.0,2,5024,job
llm_infer_mistral_7b_q4|793c412e_20260420_010538,1.0,10,5024,job
llm_infer_mistral_7b_q4|afe01b8f_20260419_205857,1.0,1,5024,job
llm_infer_mistral_7b_q4|bd933593_20260419_221051,1.0,1,5024,job
llm_infer_mistral_7b_q4|e81dfe47_20260420_015946,1.0,10,5024,job
llm_infer_mixtral_8x7b|6d7f6e16_20260419_035827,1.0,10,5024,job
llm_infer_mixtral_8x7b|7c6d4b81_20260421_000537,0.9,10,5024,job
llm_infer_phi3_mini|52a2bd28_20260420_210319,1.0,10,5024,job
llm_infer_phi3_mini|e0bd0272_20260419_212652,1.0,10,5024,job
llm_infer_phi3_mini|e7320dff_20260420_205804,0.9,10,5024,job
llm_infer_qwen25_14b_fp16|085bd1c8_20260420_000301,1.0,10,5024,job
llm_infer_qwen25_14b_fp16|1eda1bef_20260824_213225,1.0,10,5024,job
llm_infer_qwen25_14b_fp16|875f3c6d_20260420_232314,1.0,10,5024,job
llm_infer_qwen25_14b_fp16|9bdd69d7_20260420_233533,1.0,10,5024,job
llm_infer_qwen25_14b_fp16|c1adb329_20260419_205942,1.0,1,5024,job
llm_infer_qwen25_14b_fp16|c2bcc1e0_20260419_213116,1.0,10,5024,job
llm_infer_qwen25_14b_fp16|e481b484_20260419_234859,1.0,10,5024,job
llm_infer_qwen25_32b_fp16|7efd8ad1_20260419_220234,1.0,10,5024,job
llm_infer_qwen25_3b_bs16|0918ee71_20260419_032245,1.0,10,5024,job
llm_infer_qwen25_3b_bs16|72bf234c_20260419_230326,1.0,10,5024,job
llm_infer_qwen25_3b_bs4|16c726fc_20260419_222104,1.0,10,5024,job
llm_infer_qwen25_3b_bs4|766c2eff_20260419_024551,1.0,10,5024,job
llm_infer_qwen25_3b_bs4|aa80c128_20260420_213501,1.0,10,5024,job
llm_infer_qwen25_3b_bs4|d16da8aa_20260420_212943,1.0,10,5024,job
llm_infer_qwen25_3b|b3849090_20260419_213727,1.0,10,5024,job
llm_infer_qwen25_3b|f36beab2_20260419_214818,1.0,10,5024,job
llm_infer_qwen25_72b_fp16|1d53cfd5_20260421_004034,1.0,10,5024,job
llm_infer_qwen25_72b_fp16|d793b310_20260421_003349,1.0,10,5024,job
llm_infer_qwen25_72b_fp8|78a77a8b_20260420_235909,1.0,10,5024,job
llm_infer_qwen25_72b_fp8|8ae2fbd4_20260420_004029,0.9,10,5024,job
llm_infer_qwen25_72b_fp8|ad1ee08d_20260419_041746,1.0,10,5024,job
llm_infer_qwen25_72b_fp8|cd098693_20260420_004709,0.9,10,5024,job
llm_infer_qwen25_7b_fp16|0088cce0_20260419_205928,1.0,1,5024,job
llm_infer_qwen25_7b_fp16|0c4a3bb2_20260824_212015,1.0,10,5024,job
llm_infer_qwen25_7b_fp16|abd7cc9c_20260420_230458,1.0,10,5024,job
llm_infer_sdxl|3761f92b_20260419_223705,0.0,10,5024,job
llm_infer_sdxl|81e16ec3_20260419_025634,0.8,10,5024,job
llm_infer_tinyllama_bs8|00313478_20260419_215951,1.0,10,5024,job
llm_infer_tinyllama_bs8|bcad42c3_20260419_220507,1.0,10,5024,job
llm_infer_tinyllama_bs8|ce7d83fd_20260419_022445,1.0,10,5024,job
llm_infer_tinyllama_bs8|ecdf6ee5_20260420_220215,1.0,10,5024,job
llm_infer_tinyllama_bs8|efe8ddc5_20260419_021922,1.0,10,5024,job
llm_infer_tinyllama_seq4096|0b0351ce_20260420_222819,1.0,10,5024,job
llm_infer_tinyllama_seq4096|eac7968c_20260419_224733,1.0,10,5024,job
llm_infer_tinyllama_seq4096|ff9add28_20260419_224220,1.0,10,5024,job
llm_infer_vit_l_bs64|5e01a928_20260419_034907,1.0,10,5024,job
llm_train_mistral_7b_lora|408384ba_20260419_232329,1.0,10,5024,job
llm_train_phi3_mini_lora|0d707150_20260419_230604,1.0,10,5024,job
llm_train_phi3_mini_lora|48da72bf_20260824_230320,1.0,10,5024,job
llm_train_qwen25_1p5b_lora|2a4e8583_20260419_221125,0.9,10,5024,job
llm_train_qwen25_1p5b_lora|4f537ca3_20260419_222216,1.0,10,5024,job
llm_train_qwen25_3b_lora|074568ba_20260824_224126,1.0,10,5024,job
llm_train_qwen25_3b_lora|e8114b07_20260419_225441,1.0,10,5024,job
llm_train_smollm2_1p7b_lora|bc185109_20260419_223818,1.0,10,5024,job
nbody_sim|6c13c5ae_20260825_030429,1.0,10,5024,job
nbody_sim|98b49f2f_20260412_224117,1.0,10,5024,job
nbody_sim|b9568c1a_20260413_033202,1.0,1,5024,job
nbody_sim|bf32f0fa_20260413_033224,1.0,1,5024,job
nbody_sim|e828c825_20260825_025405,1.0,10,5024,job
nvlink_latency|nvlink_latency_gpu0_1c6087,1.0,1,5024,job
ppo_rlhf_r32_rep1|2b37c1ae_20260804_170110,1.0,10,5024,job
pytorch_mlp_cifar10_ext|22ac55c7_20260420_203325,1.0,10,5024,job
pytorch_mlp_cifar10_ext|91abd671_20260420_204403,1.0,10,5024,job
pytorch_mlp_cifar10|2cd679aa_20260412_224117,1.0,2,5024,job
pytorch_resnet_cifar10_amp_ext|a0c58ed2_20260420_203152,1.0,5,5024,job
pytorch_resnet_cifar10|0d79ee94_20260825_005047,0.0,10,5024,job
pytorch_training|1540ec8b_20260413_032737,1.0,1,5024,job
rendering_proxy|5278c256_20260412_232321,1.0,10,5024,job
resnet50_inference|0464d734_20260825_022250,1.0,10,5024,job
resnet50_inference|f65b4403_20260413_033014,0.0,1,5024,job
resnet_amp|resnet_amp_0c34ce,1.0,1,5024,job
scientific_hpc|3cf03b97_20260413_033308,1.0,1,5024,job
symgemm_L3_graddiscard_rep1|f12dea2b_20260802_182955,0.7,10,5024,job
symgemm_L3_graddiscard_rep2|eaf8a014_20260802_205144,0.6,10,5024,job
symgemm_L3_graddiscard_rep4|7a0468e5_20260802_234229,0.9,10,5024,job
symgemm_L5_adam_rep2|498da780_20260802_202923,1.0,10,5024,job
training_single_gpu|training_single_gpu_gpu1_a2ce5b,0.0,1,5024,job
whitebox_diluted_N10|d7e25a80_20260725_203405,1.0,10,5024,job
whitebox_diluted_N5|a37b10ba_20260725_194651,1.0,10,5024,job
whitebox_diluted_N5|eaaa7663_20260725_210026,1.0,10,5024,job
whitebox_inference|3d92903b_20260725_201826,1.0,10,5024,job
whitebox_lora_7b_pilot_N2|849422c3_20260726_114431,1.0,10,5024,job
whitebox_lora_N10|c738d40d_20260725_203918,1.0,10,5024,job
whitebox_lora_N5|25cd8989_20260725_195205,1.0,10,5024,job
adversarial_E_memory_minimal|09b77236_20260412_230551,0.0,1,5025,job
adversarial_E_memory_minimal|72186530_20260825_040712,1.0,10,5025,job
adversarial_E_memory_minimal|7b692854_20260412_053508,1.0,10,5025,job
adversarial_E_memory_minimal|c443df01_20260825_035624,1.0,10,5025,job
adversarial_F_interleave_50|46a73a4e_20260725_234614,1.0,10,5025,job
adversarial_F_interleave_50|82b69908_20260412_223016,1.0,10,5025,job
adversarial_F_interleave_50|9b9ece1a_20260825_043411,1.0,10,5025,job
adversarial_F_interleave_50|bc02cbc2_20260726_000947,1.0,10,5025,job
adversarial_F_interleave_50|e70f6fc4_20260412_053508,1.0,10,5025,job
adversarial_G_clock_throttled|4471bfa7_20260412_230551,1.0,1,5025,job
adversarial_G_clock_throttled|8a017bab_20260412_223016,1.0,10,5025,job
adversarial_H_mimicry_mining|5ac32145_20260825_051158,1.0,10,5025,job
adversarial_H_mimicry_mining|840df611_20260825_050635,1.0,10,5025,job
adversarial_I_stochastic_30|1319ffe7_20260726_002804,1.0,10,5025,job
adversarial_I_stochastic_30|b5fea657_20260825_053857,1.0,10,5025,job
adversarial_J_pid_75|4b39fbdf_20260825_060033,1.0,10,5025,job
adversarial_J_pid_75|94ea2465_20260825_054945,1.0,10,5025,job
adversarial_K_ddp_accum_4|b28bb647b0ef_20260412_234110,1.0,80,5025,job
adversarial_K_ddp_accum_8|4e915a9d238b_20260412_065453,1.0,80,5025,job
adversarial_K_ddp|41b734487b5e_20260412_235331,1.0,80,5025,job
adversarial_L_ddp_10|4f087fae7c56_20260412_233011,1.0,80,5025,job
adversarial_L_ddp_5|7f7c7caec1c9_20260412_232441,1.0,80,5025,job
adversarial_L_diluted_10|2c305d90_20260725_232752,1.0,10,5025,job
adversarial_L_diluted_10|512934b1_20260412_054054,1.0,10,5025,job
adversarial_L_diluted_10|d4cc031f_20260726_001456,1.0,10,5025,job
adversarial_L_diluted_20|1746ff55_20260412_054054,1.0,10,5025,job
adversarial_L_diluted_20|951bef7b_20260825_072130,1.0,10,5025,job
adversarial_L_diluted_20|c1b0e51f_20260825_071606,1.0,10,5025,job
adversarial_L_diluted_2|316523f7_20260412_231132,1.0,10,5025,job
adversarial_L_diluted_5|478eaec5_20260412_223541,1.0,10,5025,job
adversarial_L_diluted_5|8f922c0f_20260825_064343,1.0,10,5025,job
adversarial_training|33aa4cb4_20260413_033352,1.0,1,5025,job
batch_size_sweep_dp|batch_size_sweep_dp_gpu0_2c05fa,1.0,1,5025,job
bert_finetune|9311265c_20260413_032824,0.0,1,5025,job
bert_sst2_amp|49d3ba57_20260412_224117,1.0,1,5025,job
bert_sst2|0a64dc16_20260825_021827,1.0,1,5025,job
bert_sst2|906cb48d_20260825_021650,1.0,1,5025,job
cufft_benchmark|2cf468dc_20260421_013631,1.0,10,5025,job
cufft_benchmark|38fd661e_20260419_235032,1.0,10,5025,job
cufft_benchmark|83e14a25_20260421_014638,1.0,10,5025,job
cufft_benchmark|f97558fa_20260412_231705,1.0,10,5025,job
cufft_benchmark|ff25783f_20260413_033141,1.0,1,5025,job
ddp_resnet50_cifar10|9fc805ce081e_20260412_234039,1.0,80,5025,job
fsdp_30b_nvlink|8726f6620517_20260413_001627,1.0,80,5025,job
fsdp_30b_nvlink|cb97612d27e1_20260412_074412,1.0,10,5025,job
fsdp_30b_nvlink|cb97612d27e1_20260412_074413,1.0,70,5025,job
fsdp_70b_nvlink|3e8e00c5f514_20260413_010753,1.0,80,5025,job
fsdp_70b_nvlink|c88e29e18a8a_20260413_010413,0.9625,80,5025,job
fsdp_7b_nvlink|755f005b3557_20260412_070444,1.0,80,5025,job
gpt2_finetune|f22ba689_20260413_032930,0.0,1,5025,job
gpt2_wikitext2_amp|62c86ac7_20260412_222753,1.0,2,5025,job
idle|3a7e56ce_20260412_223541,1.0,7,5025,job
idle|9883933c_20260420_201152,1.0,7,5025,job
llm_infer_mistral_7b_q4|0e400173_20260419_215405,1.0,1,5025,job
llm_infer_mistral_7b_q4|0f8555a9_20260825_003220,0.1,10,5025,job
llm_infer_mistral_7b_q4|143e0113_20260419_220838,1.0,1,5025,job
llm_infer_mistral_7b_q4|7dcec1a2_20260420_020500,0.9,10,5025,job
llm_infer_mistral_7b_q4|8bb0be41_20260420_015335,1.0,1,5025,job
llm_infer_mistral_7b_q4|bd933593_20260419_221051,1.0,1,5025,job
llm_infer_mistral_7b_q4|c36eab64_20260419_220847,1.0,1,5025,job
llm_infer_mistral_7b_q4|e81dfe47_20260420_015946,0.9,10,5025,job
llm_infer_mixtral_8x7b|2136c735_20260421_001254,1.0,10,5025,job
llm_infer_mixtral_8x7b|74ae4709_20260421_001937,1.0,10,5025,job
llm_infer_phi3_mini|745171c6_20260419_015720,1.0,10,5025,job
llm_infer_phi3_mini|cd6a5e78_20260419_212123,1.0,10,5025,job
llm_infer_qwen25_14b_fp16|0467d4a3_20260824_212608,1.0,10,5025,job
llm_infer_qwen25_14b_fp16|1eda1bef_20260824_213225,1.0,10,5025,job
llm_infer_qwen25_14b_fp16|200c729c_20260419_235621,1.0,10,5025,job
llm_infer_qwen25_14b_fp16|2e76122c_20260419_212144,1.0,10,5025,job
llm_infer_qwen25_14b_fp16|c1adb329_20260419_205942,1.0,1,5025,job
llm_infer_qwen25_32b_fp16|50c83347_20260421_030757,1.0,10,5025,job
llm_infer_qwen25_32b_fp16|dffbfb17_20260421_030111,1.0,10,5025,job
llm_infer_qwen25_3b_bs4|27632d17_20260420_214020,1.0,10,5025,job
llm_infer_qwen25_3b_bs4|aa80c128_20260420_213501,1.0,10,5025,job
llm_infer_qwen25_3b_bs4|d16da8aa_20260420_212943,1.0,10,5025,job
llm_infer_sdxl|212903bb_20260420_223849,1.0,10,5025,job
llm_infer_sdxl|43c64a98_20260420_224406,1.0,10,5025,job
llm_infer_tinyllama_bs8|0c587cbd_20260419_022959,1.0,10,5025,job
llm_infer_tinyllama_bs8|efe8ddc5_20260419_021922,0.9,10,5025,job
llm_infer_tinyllama_seq4096|026a1f9a_20260420_221753,1.0,10,5025,job
llm_infer_tinyllama_seq4096|ac0a588a_20260419_031732,1.0,10,5025,job
llm_infer_tinyllama_seq4096|bf1e9e48_20260419_030704,1.0,10,5025,job
llm_infer_tinyllama_seq4096|eac7968c_20260419_224733,1.0,10,5025,job
llm_infer_vit_l_bs64|fde5cf55_20260420_225435,1.0,10,5025,job
llm_train_mistral_7b_lora|b31642c6_20260419_231627,0.8,10,5025,job
llm_train_mistral_7b_lora|e2b30e58_20260419_232842,1.0,10,5025,job
llm_train_phi3_mini_lora|38657ab0_20260419_231116,1.0,10,5025,job
llm_train_qwen25_1p5b_lora|8a368ac5_20260824_220307,1.0,10,5025,job
mining_ethash_proxy|3cac048c_20260825_000110,1.0,10,5025,job
mining_ethash_proxy|5a291891_20260420_200144,1.0,10,5025,job
mining_proxy|mining_proxy_a7ed85,0.0,1,5025,job
nbody_sim|b9568c1a_20260413_033202,1.0,1,5025,job
nvlink_bandwidth|nvlink_bandwidth_gpu0_ef7777,0.0,1,5025,job
nvlink_bandwidth|nvlink_bandwidth_gpu1_b97b50,1.0,1,5025,job
nvlink_latency|nvlink_latency_gpu1_3ab445,1.0,1,5025,job
ppo_rlhf_r8_rep1|6394bf01_20260804_164958,1.0,10,5025,job
pytorch_mlp_cifar10_ext|91abd671_20260420_204403,1.0,10,5025,job
pytorch_mlp_cifar10|2cd679aa_20260412_224117,1.0,2,5025,job
pytorch_mlp_cifar10|4c4e6778_20260825_021431,1.0,1,5025,job
pytorch_mlp_cifar10|743face9_20260412_231705,1.0,2,5025,job
pytorch_resnet_cifar10_amp|09c94605_20260412_222753,1.0,2,5025,job
pytorch_resnet_cifar10_amp|5543e12f_20260825_020949,1.0,1,5025,job
pytorch_resnet_cifar10_ext|41c19de5_20260420_204048,1.0,5,5025,job
pytorch_resnet_cifar10_ext|d18ec4ea_20260421_011036,1.0,5,5025,job
pytorch_resnet_cifar10|1c3ed317_20260825_020430,1.0,1,5025,job
pytorch_resnet_cifar10|30653101_20260412_231132,1.0,3,5025,job
pytorch_training|1b83c94e_20260413_032802,1.0,1,5025,job
rendering_proxy|307d16fe_20260825_032515,1.0,10,5025,job
rendering_proxy|5278c256_20260412_232321,1.0,10,5025,job
resnet50_inference|d6707f42_20260413_033014,0.0,1,5025,job
symgemm_L1_fwd3_m8192_rep1|128a6c86_20260802_185218,0.1,10,5025,job
symgemm_L1_fwd3_m8192_rep2|e044c3fe_20260802_211404,0.2,10,5025,job
symgemm_L5_adam_rep1|24f173d4_20260802_180735,1.0,10,5025,job
symgemm_idle|06d5a273_20260802_173910,0.0,10,5025,job
symgemm_ppo_fused_r32_rep2|c6b8724c_20260803_011053,1.0,10,5025,job
symgemm_ppo_fused_r8_rep1|3a9327e2_20260803_002606,1.0,10,5025,job
training_dual_gpu_dp|multi_gpu_telemetry_gpu0,1.0,2,5025,job
training_dual_gpu_dp|training_dual_gpu_dp_gpu0_1c7245,0.0,1,5025,job
training_dual_gpu_dp|training_dual_gpu_dp_gpu0_e63285,1.0,1,5025,job
training_single_gpu|training_single_gpu_gpu1_a2ce5b,0.0,1,5025,job
whitebox_diluted_N5|a37b10ba_20260725_194651,1.0,10,5025,job
whitebox_diluted_N5|eaaa7663_20260725_210026,1.0,10,5025,job
whitebox_inference|3d92903b_20260725_201826,1.0,10,5025,job
whitebox_lora_1b_N1_1h|861a8dfb_20260727_173343,0.9,10,5025,job
whitebox_lora_3b_N1_rep2|71e45f69_20260728_030033,1.0,10,5025,job
whitebox_lora_7b_long|98ae0ecb_20260725_114106,1.0,10,5025,job
whitebox_lora_7b_pilot_N2|849422c3_20260726_114431,0.9,10,5025,job
whitebox_lora_7b_pilot_N6|13c5d8f6_20260726_123856,1.0,10,5025,job
whitebox_lora_N20|7d319b8f_20260725_201255,1.0,10,5025,job
whitebox_lora_N5|25cd8989_20260725_195205,1.0,10,5025,job
adversarial_E_memory_minimal|72186530_20260825_040712,1.0,10,5026,job
adversarial_E_memory_minimal|7b692854_20260412_053508,1.0,10,5026,job
adversarial_F_interleave_30|314da66d_20260412_053508,1.0,1,5026,job
adversarial_F_interleave_30|a1e40da7_20260825_041236,1.0,10,5026,job
adversarial_F_interleave_30|df47671a_20260825_041800,1.0,10,5026,job
adversarial_F_interleave_30|ff338fa1_20260412_230551,1.0,10,5026,job
adversarial_H_mimicry_cufft|bf336e54_20260825_051722,1.0,10,5026,job
adversarial_H_mimicry_mining|5ac32145_20260825_051158,1.0,10,5026,job
adversarial_H_mimicry_mining|bf6e3698_20260413_011721,1.0,10,5026,job
adversarial_I_stochastic_30|5e185d96_20260412_053508,1.0,10,5026,job
adversarial_J_pid_75|94ea2465_20260825_054945,1.0,10,5026,job
adversarial_J_pid_75|c205c1d2_20260413_014428,1.0,10,5026,job
adversarial_J_pid_75|e3f49bde_20260412_223016,1.0,10,5026,job
adversarial_K_ddp|2b7d13785ecf_20260412_231725,1.0,80,5026,job
adversarial_K_ddp|41b734487b5e_20260412_235331,1.0,80,5026,job
adversarial_K_online_learning|1468f533_20260412_231132,1.0,10,5026,job
adversarial_L_ddp_5|eb1c85843b4a_20260412_062919,1.0,80,5026,job
adversarial_L_diluted_10|5904fb3d_20260412_223541,1.0,10,5026,job
adversarial_L_diluted_10|7a3fb3e9_20260825_070518,1.0,10,5026,job
adversarial_L_diluted_10|8d5f2101_20260725_235123,1.0,10,5026,job
adversarial_L_diluted_200_mw8|fd4fadc3_20260726_171819,1.0,10,5026,job
adversarial_L_diluted_20|405a7452_20260412_223541,1.0,10,5026,job
adversarial_L_diluted_20|c504ec15_20260726_002055,1.0,10,5026,job
adversarial_L_diluted_2|0e8e28c2_20260825_062208,1.0,10,5026,job
adversarial_L_diluted_2|316523f7_20260412_231132,1.0,10,5026,job
adversarial_L_diluted_2|463541b6_20260825_062731,1.0,10,5026,job
adversarial_training|33aa4cb4_20260413_033352,1.0,1,5026,job
batch_size_sweep_dp|batch_size_sweep_dp_gpu1_f04813,1.0,1,5026,job
bert_sst2_amp_ext|550d0003_20260420_205051,1.0,1,5026,job
bert_sst2|4a0aab7a_20260825_021739,1.0,1,5026,job
bert_sst2|675c6c84_20260412_222753,1.0,2,5026,job
cufft_benchmark|38fd661e_20260419_235032,1.0,10,5026,job
cufft_benchmark|540552ce_20260824_234024,1.0,10,5026,job
ddp_resnet18_cifar10_amp|972309ed66bd_20260412_231156,1.0,80,5026,job
ddp_resnet50_cifar10|9fc805ce081e_20260412_234039,1.0,80,5026,job
ddp_resnet50_cifar10|c83757ac5731_20260412_230440,1.0,80,5026,job
ddp_training|ddp_telemetry_gpu0,1.0,1,5026,job
ddp_training|ddp_telemetry_gpu1,1.0,1,5026,job
fsdp_30b_adamw_nvlink|29f631dc5b8a_20260413_002943,1.0,80,5026,job
fsdp_30b_nvlink|2f237772ccc3_20260413_004957,1.0,80,5026,job
fsdp_30b_nvlink|cb97612d27e1_20260412_074412,1.0,10,5026,job
fsdp_70b_adamw|e53e253f883d_20260413_012900,1.0,2,5026,job
fsdp_70b_nvlink|3e8e00c5f514_20260413_010753,1.0,80,5026,job
fsdp_70b_nvlink|c88e29e18a8a_20260413_010413,1.0,80,5026,job
fsdp_70b_sgd_momentum|465819c33b0c_20260413_012319,1.0,80,5026,job
fsdp_7b_nvlink|a2f8d14a4ed2_20260413_003114,1.0,80,5026,job
gpt2_wikitext2_amp|62c86ac7_20260412_222753,1.0,2,5026,job
gpt2_wikitext2_ext|ab0d938a_20260420_203614,1.0,6,5026,job
gpt2_wikitext2|3a8eee76_20260825_022139,0.5,2,5026,job
gpt2_wikitext2|60a1ee17_20260825_022027,0.5,2,5026,job
idle|03110fa2_20260824_232519,1.0,7,5026,job
idle|idle_e3e53d,1.0,1,5026,job
llm_infer_deepseek_v3_tp8|acb00ac39728_20260419_002312,1.0,30,5026,job
llm_infer_deepseek_v3_tp8|f41d4d3c1247_20260419_014514,0.9,80,5026,job
llm_infer_mistral_7b_q4|280943b7_20260421_011827,1.0,10,5026,job
llm_infer_mistral_7b_q4|5841de91_20260419_210239,1.0,1,5026,job
llm_infer_mistral_7b_q4|793c412e_20260420_010538,1.0,10,5026,job
llm_infer_mistral_7b_q4|9e359ed7_20260825_003757,1.0,10,5026,job
llm_infer_mixtral_8x7b|7c6d4b81_20260421_000537,1.0,10,5026,job
llm_infer_phi3_mini|3bce5480_20260420_210836,1.0,10,5026,job
llm_infer_phi3_mini|52a2bd28_20260420_210319,1.0,10,5026,job
llm_infer_phi3_mini|e7151e88_20260420_205129,1.0,10,5026,job
llm_infer_phi3_mini|e7320dff_20260420_205804,0.9,10,5026,job
llm_infer_qwen25_14b_fp16|1eda1bef_20260824_213225,1.0,10,5026,job
llm_infer_qwen25_14b_fp16|85bf5790_20260419_205937,1.0,1,5026,job
llm_infer_qwen25_32b_fp16|08c0cbfe_20260420_001804,1.0,10,5026,job
llm_infer_qwen25_3b_bs16|22ecde82_20260419_032802,1.0,10,5026,job
llm_infer_qwen25_3b_bs4|a3bb4757_20260419_221022,1.0,10,5026,job
llm_infer_qwen25_3b_bs4|aa80c128_20260420_213501,1.0,10,5026,job
llm_infer_qwen25_3b|59a892fe_20260419_020238,1.0,10,5026,job
llm_infer_qwen25_3b|f8a46936_20260420_211909,1.0,10,5026,job
llm_infer_qwen25_72b_fp16|d793b310_20260421_003349,1.0,10,5026,job
llm_infer_qwen25_72b_fp8|36625af8_20260420_235243,1.0,10,5026,job
llm_infer_qwen25_72b_fp8|6ee178e0_20260419_043033,1.0,10,5026,job
llm_infer_qwen25_72b_fp8|b39fa450_20260419_042425,1.0,10,5026,job
llm_infer_qwen25_7b_fp16|61bf5366_20260420_231727,1.0,10,5026,job
llm_infer_qwen25_7b_fp16|f6638e51_20260419_211613,1.0,10,5026,job
llm_infer_sdxl|81e16ec3_20260419_025634,0.9,10,5026,job
llm_infer_tinyllama_bs8|43f9b961_20260420_221242,1.0,10,5026,job
llm_infer_tinyllama_bs8|efe8ddc5_20260419_021922,0.9,10,5026,job
llm_train_mistral_7b_lora|8af16eaa_20260824_231421,1.0,10,5026,job
llm_train_mistral_7b_lora|e2b30e58_20260419_232842,1.0,10,5026,job
llm_train_mistral_7b_lora|e954b9ae_20260824_231951,1.0,10,5026,job
llm_train_phi3_mini_lora|0d707150_20260419_230604,1.0,10,5026,job
llm_train_qwen25_3b_lora|66980709_20260824_223555,1.0,10,5026,job
llm_train_qwen25_3b_lora|e8114b07_20260419_225441,1.0,10,5026,job
llm_train_smollm2_1p7b_lora|19738386_20260419_223307,1.0,10,5026,job
mining_ethash_proxy|c56e618e_20260412_224732,1.0,10,5026,job
mining_ethash_proxy|fad55191_20260421_015646,1.0,10,5026,job
modern_inference|165eedde_20260413_033036,1.0,1,5026,job
nbody_sim|4bf2dc52_20260412_231705,1.0,10,5026,job
nbody_sim|nbody_sim_66a459,1.0,1,5026,job
nvlink_latency|nvlink_latency_gpu1_3ab445,1.0,1,5026,job
ppo_rlhf_r8_rep2|4735a4fb_20260804_171221,1.0,10,5026,job
pytorch_mlp_cifar10|743face9_20260412_231705,1.0,2,5026,job
pytorch_mlp_cifar10|c7886665_20260412_222753,0.0,1,5026,job
pytorch_resnet_cifar10_amp_ext|0e16abc8_20260420_204227,1.0,5,5026,job
pytorch_resnet_cifar10_amp_ext|912880ba_20260421_011212,1.0,5,5026,job
pytorch_resnet_cifar10_amp|73475ab0_20260412_231132,1.0,4,5026,job
pytorch_resnet_cifar10_amp|7e69c6dd_20260825_021041,1.0,1,5026,job
pytorch_resnet_cifar10_amp|8ab3bfd2_20260825_020754,1.0,1,5026,job
pytorch_resnet_cifar10_amp|a2af05e4_20260825_020701,1.0,1,5026,job
pytorch_resnet_cifar10_ext|41c19de5_20260420_204048,1.0,5,5026,job
pytorch_resnet_cifar10|71c3cb1a_20260825_020519,1.0,1,5026,job
pytorch_resnet_cifar10|94104fc8_20260412_223541,0.5,2,5026,job
pytorch_training|2a94287a_20260413_032802,1.0,1,5026,job
rendering_proxy|307d16fe_20260825_032515,0.9,10,5026,job
resnet50_inference|0464d734_20260825_022250,1.0,10,5026,job
resnet50_inference|d6707f42_20260413_033014,0.0,1,5026,job
symgemm_L0_fwd1_rep2|3c32c629_20260802_204034,1.0,10,5026,job
symgemm_L1_fwd3_m8192_rep2|e044c3fe_20260802_211404,1.0,10,5026,job
symgemm_L1_fwd3_rep1|9c7b9bc7_20260802_175625,1.0,10,5026,job
symgemm_L4_sgdfused_long1b_rep1|e77f32f2_20260803_062646,0.8,10,5026,job
symgemm_L4_sgdfused_rep2|a86d6744_20260802_200703,1.0,10,5026,job
symgemm_L5_adam_rep1|24f173d4_20260802_180735,1.0,10,5026,job
symgemm_decode_g256_rep1|37d9b353_20260803_004828,0.0,10,5026,job
symgemm_ppo_fused_r32_rep1|52af0173_20260803_003717,1.0,10,5026,job
symgemm_ppo_fused_r32_rep3|6b1c2a3b_20260803_014427,1.0,10,5026,job
training_dual_gpu_dp|multi_gpu_telemetry_gpu1,1.0,2,5026,job
training_single_gpu|training_single_gpu_gpu0_4f9586,1.0,1,5026,job
training_single_gpu|training_single_gpu_gpu1_552ff1,0.0,1,5026,job
whitebox_diluted_7b_N10_1h|f65c515b_20260727_121946,0.9,10,5026,job
whitebox_diluted_N20|d8b176f8_20260725_212116,1.0,10,5026,job
whitebox_inference_3b_1h|ac7b2aaa_20260727_205044,0.0,10,5026,job
whitebox_lora_7b_N1_1h|d26abcf1_20260727_110823,0.9,10,5026,job
whitebox_lora_7b_N50_1h|f9ff4b5d_20260727_152145,1.0,10,5026,job
whitebox_lora_N10|12837863_20260725_200230,1.0,10,5026,job
whitebox_lora_N5|25cd8989_20260725_195205,1.0,10,5026,job
whitebox_lora_N5|de90ed7d_20260725_202852,1.0,10,5026,job
whitebox_oracle|ba2654c8_20260725_224635,1.0,10,5026,job
adversarial_F_interleave_30|314da66d_20260412_053508,1.0,1,5027,job
adversarial_F_interleave_30|df47671a_20260825_041800,1.0,10,5027,job
adversarial_G_clock_throttled|26e4120c_20260825_045023,1.0,10,5027,job
adversarial_G_clock_throttled|4471bfa7_20260412_230551,1.0,1,5027,job
adversarial_G_clock_throttled|8a017bab_20260412_223016,1.0,10,5027,job
adversarial_G_clock_throttled|b38cd060_20260825_044459,1.0,10,5027,job
adversarial_H_mimicry_mining|bf6e3698_20260413_011721,1.0,10,5027,job
adversarial_I_stochastic_30|15190e45_20260725_234104,1.0,10,5027,job
adversarial_K_ddp_accum_4|b28bb647b0ef_20260412_234110,1.0,80,5027,job
adversarial_K_ddp_accum_8|73431dec5f44_20260412_234640,1.0,80,5027,job
adversarial_K_ddp|2b7d13785ecf_20260412_231725,1.0,80,5027,job
adversarial_K_online_learning|1468f533_20260412_231132,1.0,10,5027,job
adversarial_K_online_learning|5e90b4fe_20260412_223541,1.0,10,5027,job
adversarial_L_ddp_10|4f087fae7c56_20260412_233011,1.0,80,5027,job
adversarial_L_ddp_10|740abd236207_20260413_000621,1.0,80,5027,job
adversarial_L_ddp_5|7f7c7caec1c9_20260412_232441,0.9875,80,5027,job
adversarial_L_ddp_5|a9a551652c04_20260412_235905,1.0,80,5027,job
adversarial_L_diluted_10_mw8|51a40fcc_20260726_171309,1.0,10,5027,job
adversarial_L_diluted_10|5904fb3d_20260412_223541,1.0,10,5027,job
adversarial_L_diluted_10|7a3fb3e9_20260825_070518,1.0,10,5027,job
adversarial_L_diluted_200_mw8|a38a444f_20260726_174828,1.0,10,5027,job
adversarial_L_diluted_20|2a9e51e9_20260725_235723,1.0,10,5027,job
adversarial_L_diluted_20|405a7452_20260412_223541,1.0,10,5027,job
adversarial_L_diluted_20|951bef7b_20260825_072130,1.0,10,5027,job
adversarial_L_diluted_20|c1b0e51f_20260825_071606,1.0,10,5027,job
adversarial_L_diluted_2|316523f7_20260412_231132,1.0,10,5027,job
adversarial_L_diluted_5|05e951a9_20260825_063819,1.0,10,5027,job
adversarial_L_diluted_5|2471d189_20260412_231132,1.0,10,5027,job
adversarial_L_diluted_5|29aaeb3c_20260825_064907,1.0,10,5027,job
bert_sst2_amp|e682e23c_20260412_231705,1.0,1,5027,job
bert_sst2_ext|39b13cda_20260420_203906,1.0,3,5027,job
bert_sst2_ext|49545bf6_20260420_204947,1.0,3,5027,job
bert_sst2_ext|d1b7b9e7_20260420_202822,1.0,3,5027,job
cufft_benchmark|15fa4bd9_20260413_033141,1.0,1,5027,job
cufft_benchmark|540552ce_20260824_234024,1.0,10,5027,job
cufft_benchmark|7eb3b0fd_20260420_000038,1.0,10,5027,job
cufft_benchmark|fa1982fd_20260419_234026,1.0,10,5027,job
cufft_hpc|cufft_hpc_e7ea4b,1.0,1,5027,job
ddp_resnet18_cifar10_amp|452a0a67a4fb_20260412_061559,1.0,80,5027,job
ddp_resnet50_cifar10|3477d94c3a9e_20260412_060843,1.0,80,5027,job
ddp_resnet50_cifar10|c83757ac5731_20260412_230440,1.0,80,5027,job
fsdp_30b_nvlink|cb97612d27e1_20260412_074413,1.0,70,5027,job
fsdp_70b_adamw|e53e253f883d_20260413_012859,0.8333333333333334,6,5027,job
gpt2_finetune|f22ba689_20260413_032930,1.0,1,5027,job
gpt2_wikitext2_ext|7a20f073_20260420_204656,1.0,6,5027,job
idle|964c62f7_20260420_194932,1.0,7,5027,job
llm_infer_deepseek_v3_tp8|acb00ac39728_20260419_002312,0.4,30,5027,job
llm_infer_deepseek_v3_tp8|f41d4d3c1247_20260419_014514,1.0,80,5027,job
llm_infer_mistral_7b_q4|0546326b_20260420_015345,1.0,1,5027,job
llm_infer_mistral_7b_q4|0f8555a9_20260825_003220,0.9,10,5027,job
llm_infer_mistral_7b_q4|53e3e332_20260419_210248,1.0,1,5027,job
llm_infer_mistral_7b_q4|85d8feff_20260419_215354,1.0,1,5027,job
llm_infer_mistral_7b_q4|960c6bbd_20260421_012347,1.0,10,5027,job
llm_infer_mistral_7b_q4|b0506bd3_20260419_205916,1.0,1,5027,job
llm_infer_mistral_7b_q4|e81dfe47_20260420_015946,1.0,10,5027,job
llm_infer_mixtral_8x7b|6d7f6e16_20260419_035827,1.0,10,5027,job
llm_infer_mixtral_8x7b|74ae4709_20260421_001937,1.0,10,5027,job
llm_infer_phi3_mini|745171c6_20260419_015720,1.0,10,5027,job
llm_infer_phi3_mini|e7320dff_20260420_205804,0.9,10,5027,job
llm_infer_qwen25_14b_fp16|a5960172_20260420_232931,1.0,10,5027,job
llm_infer_qwen25_14b_fp16|e481b484_20260419_234859,1.0,10,5027,job
llm_infer_qwen25_32b_fp16|097ee7e4_20260420_002519,1.0,10,5027,job
llm_infer_qwen25_32b_fp16|d008e2dd_20260419_205950,1.0,1,5027,job
llm_infer_qwen25_3b_bs16|ee6ca6af_20260420_214537,1.0,10,5027,job
llm_infer_qwen25_3b|f8a46936_20260420_211909,1.0,10,5027,job
llm_infer_qwen25_72b_fp16|d793b310_20260421_003349,1.0,10,5027,job
llm_infer_qwen25_72b_fp8|b39fa450_20260419_042425,1.0,10,5027,job
llm_infer_qwen25_7b_fp16|4052c194_20260824_200842,1.0,10,5027,job
llm_infer_qwen25_7b_fp16|5ff414f8_20260419_211038,1.0,10,5027,job
llm_infer_qwen25_7b_fp16|87b75337_20260824_200626,1.0,2,5027,job
llm_infer_qwen25_7b_fp16|abd7cc9c_20260420_230458,1.0,10,5027,job
llm_infer_qwen25_7b_fp16|c98d90af_20260420_231133,1.0,10,5027,job
llm_infer_sdxl|5477dea8_20260419_223149,0.9,10,5027,job
llm_infer_sdxl|81d0af5a_20260419_030149,0.0,10,5027,job
llm_infer_sdxl|f3c09865_20260419_025108,0.0,10,5027,job
llm_infer_tinyllama_bs8|0c587cbd_20260419_022959,1.0,10,5027,job
llm_infer_tinyllama_bs8|ce7d83fd_20260419_022445,1.0,10,5027,job
llm_infer_tinyllama_seq4096|72177ae6_20260419_031218,1.0,10,5027,job
llm_infer_vit_l_bs64|fde5cf55_20260420_225435,1.0,10,5027,job
llm_train_mistral_7b_lora|b31642c6_20260419_231627,0.7,10,5027,job
llm_train_mistral_7b_lora|f79dbad9_20260824_230849,1.0,10,5027,job
llm_train_phi3_mini_lora|61242a7d_20260419_225953,0.8,10,5027,job
llm_train_qwen25_3b_lora|46b96f38_20260419_224930,1.0,10,5027,job
llm_train_qwen25_3b_lora|66980709_20260824_223555,1.0,10,5027,job
llm_train_smollm2_1p7b_lora|19738386_20260419_223307,1.0,10,5027,job
mining_ethash_proxy|304ec693_20260420_003055,1.0,10,5027,job
mining_ethash_proxy|417dd7cd_20260420_002049,1.0,10,5027,job
mining_ethash_proxy|59292457_20260420_001044,1.0,10,5027,job
mining_ethash_proxy|8c86200c_20260412_232321,1.0,10,5027,job
modern_inference|5c76e8e5_20260413_033057,1.0,1,5027,job
nbody_sim|4bf2dc52_20260412_231705,1.0,10,5027,job
nbody_sim|98b49f2f_20260412_224117,1.0,10,5027,job
nbody_sim|b9568c1a_20260413_033202,1.0,1,5027,job
nbody_sim|bcbaef15_20260413_033224,1.0,1,5027,job
nbody_sim|nbody_sim_66a459,1.0,1,5027,job
nvlink_latency|nvlink_latency_gpu0_1c6087,1.0,1,5027,job
nvlink_latency|nvlink_latency_gpu1_3ab445,1.0,1,5027,job
nvlink_p2p|858acb89_20260413_033414,1.0,1,5027,job
pytorch_mlp_cifar10|2cd679aa_20260412_224117,1.0,2,5027,job
pytorch_mlp_cifar10|743face9_20260412_231705,1.0,2,5027,job
pytorch_resnet_cifar10_amp_ext|0e16abc8_20260420_204227,1.0,5,5027,job
pytorch_resnet_cifar10_amp|09c94605_20260412_222753,1.0,2,5027,job
pytorch_resnet_cifar10_amp|73475ab0_20260412_231132,1.0,4,5027,job
pytorch_resnet_cifar10_ext|76d6663a_20260420_203006,1.0,6,5027,job
pytorch_resnet_cifar10|0d79ee94_20260825_005047,0.0,10,5027,job
pytorch_resnet_cifar10|1c3ed317_20260825_020430,1.0,1,5027,job
rendering_proxy|5278c256_20260412_232321,0.9,10,5027,job
rendering_proxy|c76a250c_20260412_224732,0.9,10,5027,job
resnet50_inference|ee8f3e1f_20260412_224117,0.0,10,5027,job
resnet50_inference|f65b4403_20260413_033014,0.0,1,5027,job
scientific_hpc|2369d03f_20260413_033308,1.0,1,5027,job
symgemm_L1_fwd3_rep3|956006bf_20260802_221307,1.0,10,5027,job
symgemm_L1_fwd3_rep4|cbddae2b_20260802_230858,1.0,10,5027,job
symgemm_L4_sgdfused_m8192_rep1|e3f3bb2f_20260802_184108,1.0,10,5027,job
symgemm_L4_sgdfused_m8192_rep2|b0c570a7_20260802_210254,1.0,10,5027,job
symgemm_L4_sgdfused_short7b_rep1|2f4f2eb2_20260803_072657,1.0,10,5027,job
symgemm_L5_adam_rep1|24f173d4_20260802_180735,1.0,10,5027,job
symgemm_L5_adam_rep2|498da780_20260802_202923,1.0,10,5027,job
symgemm_L5_adam_rep3|f1871cc2_20260802_222417,1.0,10,5027,job
symgemm_decode_g256_rep2|4fc9bf1b_20260803_012205,1.0,10,5027,job
symgemm_ppo_fused_r32_rep1|52af0173_20260803_003717,1.0,10,5027,job
symgemm_ppo_fused_r8_rep3|be11f759_20260803_013316,1.0,10,5027,job
training_single_gpu|training_single_gpu_gpu0_4f9586,1.0,1,5027,job
whitebox_diluted_7b_N1_1h|5df04b7a_20260727_183421,1.0,10,5027,job
whitebox_diluted_N10|d7e25a80_20260725_203405,1.0,10,5027,job
whitebox_diluted_N10|e6a6ba30_20260725_195717,1.0,10,5027,job
whitebox_inference_7b_1h|4bf42831_20260727_095532,0.9,10,5027,job
whitebox_lora_7b_pilot_N2|849422c3_20260726_114431,1.0,10,5027,job
whitebox_lora_N20|fa5f7994_20260725_204944,1.0,10,5027,job
whitebox_oracle|dfb4b131_20260725_230325,1.0,10,5027,job
adversarial_F_interleave_50|13089340_20260825_043935,1.0,10,5028,job
adversarial_F_interleave_50|468ad378_20260825_042847,1.0,10,5028,job
adversarial_F_interleave_50|46a73a4e_20260725_234614,1.0,10,5028,job
adversarial_F_interleave_50|9b9ece1a_20260825_043411,1.0,10,5028,job
adversarial_H_mimicry_cufft|49dbd077_20260412_223016,1.0,10,5028,job
adversarial_H_mimicry_cufft|8a52b6f9_20260825_052246,0.4,10,5028,job
adversarial_H_mimicry_cufft|983fad80_20260412_053508,1.0,1,5028,job
adversarial_H_mimicry_mining|840df611_20260825_050635,1.0,10,5028,job
adversarial_H_mimicry_mining|88fd4004_20260825_050111,1.0,10,5028,job
adversarial_H_mimicry_mining|bedfd354_20260412_223016,1.0,10,5028,job
adversarial_J_pid_75|6aa98cf6_20260412_053508,1.0,1,5028,job
adversarial_J_pid_75|cf944e31_20260412_230551,1.0,1,5028,job
adversarial_K_ddp_accum_8|036fb65cffea_20260413_002258,1.0,80,5028,job
adversarial_K_ddp_accum_8|4e915a9d238b_20260412_065453,1.0,80,5028,job
adversarial_K_online_learning|5e90b4fe_20260412_223541,1.0,10,5028,job
adversarial_L_ddp_10|740abd236207_20260413_000621,1.0,80,5028,job
adversarial_L_ddp_5|eb1c85843b4a_20260412_062919,1.0,80,5028,job
adversarial_L_diluted_10_mw8|2a0a1abb_20260726_170758,1.0,10,5028,job
adversarial_L_diluted_10|5904fb3d_20260412_223541,1.0,10,5028,job
adversarial_L_diluted_200_mw8|a38a444f_20260726_174828,1.0,10,5028,job
adversarial_L_diluted_200_mw8|fd4fadc3_20260726_171819,1.0,10,5028,job
adversarial_L_diluted_20|951bef7b_20260825_072130,1.0,10,5028,job
adversarial_L_diluted_20|c1b0e51f_20260825_071606,1.0,10,5028,job
adversarial_L_diluted_20|c504ec15_20260726_002055,1.0,10,5028,job
adversarial_L_diluted_2|07fb94ee_20260412_054054,1.0,10,5028,job
adversarial_L_diluted_2|9a292575_20260825_063255,1.0,10,5028,job
adversarial_training|33aa4cb4_20260413_033352,1.0,1,5028,job
adversarial_training|b1c5e184_20260413_033330,0.0,1,5028,job
batch_size_sweep_dp|batch_size_sweep_dp_gpu0_2c05fa,1.0,1,5028,job
bert_sst2|0a64dc16_20260825_021827,1.0,1,5028,job
cufft_benchmark|fa1982fd_20260419_234026,1.0,10,5028,job
ddp_resnet18_cifar10|ce5c33bebcdd_20260412_060311,1.0,80,5028,job
ddp_resnet50_cifar10|3477d94c3a9e_20260412_060843,1.0,80,5028,job
ddp_resnet50_cifar10|c83757ac5731_20260412_230440,1.0,80,5028,job
fsdp_13b_nvlink|0b39d5a9bdb4_20260413_003641,1.0,80,5028,job
fsdp_30b_adamw_nvlink|29f631dc5b8a_20260413_002943,1.0,80,5028,job
fsdp_30b_nvlink|cb97612d27e1_20260412_074413,1.0,70,5028,job
fsdp_70b_nvlink|15cced21b9b1_20260413_012238,1.0,8,5028,job
fsdp_70b_seq512_nvlink|78349b23d251_20260413_013913,0.975,80,5028,job
gpt2_finetune|cfe318c2_20260413_032930,0.0,1,5028,job
gpt2_wikitext2_amp_ext|058cfbc9_20260420_204849,1.0,2,5028,job
gpt2_wikitext2_amp_ext|f609adef_20260420_203807,1.0,2,5028,job
gpt2_wikitext2|60a1ee17_20260825_022027,1.0,2,5028,job
gpt2_wikitext2|917b93fb_20260412_224117,1.0,3,5028,job
idle|3a7e56ce_20260412_223541,1.0,7,5028,job
idle|9d362947_20260419_233822,1.0,7,5028,job
idle|9eb24edf_20260824_171857,1.0,7,5028,job
idle|bda38c7a_20260412_231132,1.0,7,5028,job
idle|idle_96fcac,1.0,1,5028,job
idle|idle_e3e53d,1.0,1,5028,job
inference|inference_8fd998,1.0,1,5028,job
inference|inference_986d16,1.0,1,5028,job
llm_infer_deepseek_v3_tp8|acb00ac39728_20260419_002311,0.4,50,5028,job
llm_infer_deepseek_v3_tp8|acb00ac39728_20260419_002312,0.4,30,5028,job
llm_infer_deepseek_v3_tp8|f41d4d3c1247_20260419_014514,1.0,80,5028,job
llm_infer_mistral_7b_q4|0e400173_20260419_215405,1.0,1,5028,job
llm_infer_mistral_7b_q4|0f8555a9_20260825_003220,1.0,10,5028,job
llm_infer_mistral_7b_q4|199b8710_20260825_074125,0.9,10,5028,job
llm_infer_mistral_7b_q4|2ec733be_20260419_221039,1.0,1,5028,job
llm_infer_mistral_7b_q4|53e3e332_20260419_210248,1.0,1,5028,job
llm_infer_mistral_7b_q4|b0506bd3_20260419_205916,1.0,1,5028,job
llm_infer_mistral_7b_q4|c36eab64_20260419_220847,1.0,1,5028,job
llm_infer_mistral_7b_q4|ce7f27f7_20260825_075353,1.0,10,5028,job
llm_infer_mistral_7b_q4|d52344f3_20260419_220856,1.0,1,5028,job
llm_infer_phi3_mini|aafcc35f_20260419_015203,1.0,10,5028,job
llm_infer_qwen25_14b_fp16|875f3c6d_20260420_232314,1.0,10,5028,job
llm_infer_qwen25_14b_fp16|c1adb329_20260419_205942,1.0,1,5028,job
llm_infer_qwen25_14b_fp16|c2bcc1e0_20260419_213116,1.0,10,5028,job
llm_infer_qwen25_32b_fp16|463349dc_20260420_000940,1.0,10,5028,job
llm_infer_qwen25_32b_fp16|54f1bd71_20260419_205959,1.0,1,5028,job
llm_infer_qwen25_3b_bs16|0918ee71_20260419_032245,1.0,10,5028,job
llm_infer_qwen25_3b_bs4|27632d17_20260420_214020,1.0,10,5028,job
llm_infer_qwen25_3b_bs4|aa80c128_20260420_213501,1.0,10,5028,job
llm_infer_qwen25_3b_bs4|dbfd03f1_20260419_023515,1.0,10,5028,job
llm_infer_qwen25_3b|1fd463ca_20260419_021328,1.0,10,5028,job
llm_infer_qwen25_3b|59a892fe_20260419_020238,1.0,10,5028,job
llm_infer_qwen25_3b|b3849090_20260419_213727,1.0,10,5028,job
llm_infer_qwen25_72b_tp2|11ae41c37687_20260419_045923,1.0,20,5028,job
llm_infer_qwen25_7b_fp16|4052c194_20260824_200842,1.0,10,5028,job
llm_infer_qwen25_7b_fp16|a694acd9_20260419_210256,0.8,10,5028,job
llm_infer_qwen25_7b_fp16|c98d90af_20260420_231133,1.0,10,5028,job
llm_infer_qwen25_7b_fp16|f70331c1_20260419_233641,1.0,10,5028,job
llm_infer_sdxl|43c64a98_20260420_224406,0.0,10,5028,job
llm_infer_tinyllama_seq4096|0b0351ce_20260420_222819,1.0,10,5028,job
llm_infer_tinyllama_seq4096|25a7da9a_20260419_225251,1.0,10,5028,job
llm_infer_tinyllama_seq4096|72177ae6_20260419_031218,1.0,10,5028,job
llm_infer_tinyllama_seq4096|ac0a588a_20260419_031732,1.0,10,5028,job
llm_infer_tinyllama_seq4096|eac7968c_20260419_224733,1.0,10,5028,job
llm_infer_vit_l_bs64|27cbf4a5_20260419_231919,1.0,10,5028,job
llm_infer_vit_l_bs64|38e37d2f_20260419_034355,1.0,10,5028,job
llm_infer_vit_l_bs64|7bf48cb7_20260419_231402,1.0,10,5028,job
llm_infer_vit_l_bs64|fde5cf55_20260420_225435,1.0,10,5028,job
llm_train_phi3_mini_lora|5fb0d553_20260824_225222,1.0,10,5028,job
llm_train_qwen25_1p5b_lora|2a4e8583_20260419_221125,0.9,10,5028,job
llm_train_smollm2_1p7b_lora|19738386_20260419_223307,1.0,10,5028,job
modern_inference|5c76e8e5_20260413_033057,1.0,1,5028,job
nbody_sim|b9568c1a_20260413_033202,1.0,1,5028,job
nbody_sim|bcbaef15_20260413_033224,1.0,1,5028,job
nvlink_bandwidth|nvlink_bandwidth_gpu0_0eb88f,0.0,1,5028,job
nvlink_bandwidth|nvlink_bandwidth_gpu1_b97b50,0.0,1,5028,job
nvlink_latency|nvlink_latency_gpu0_1c6087,1.0,1,5028,job
nvlink_p2p|858acb89_20260413_033414,1.0,1,5028,job
ppo_rlhf_r32_rep3|9c5afa29_20260804_174554,1.0,10,5028,job
pytorch_mlp_cifar10_ext|91abd671_20260420_204403,1.0,10,5028,job
pytorch_resnet_cifar10_amp_ext|0e16abc8_20260420_204227,1.0,5,5028,job
pytorch_resnet_cifar10_amp|29320233_20260825_073152,1.0,1,5028,job
pytorch_resnet_cifar10_amp|a2af05e4_20260825_020701,1.0,1,5028,job
pytorch_resnet_cifar10|71c3cb1a_20260825_020519,1.0,1,5028,job
pytorch_training|1b83c94e_20260413_032802,1.0,1,5028,job
rendering_proxy|8aeaf443_20260825_033538,1.0,10,5028,job
rendering_proxy|c76a250c_20260412_224732,1.0,10,5028,job
resnet50_inference|ee8f3e1f_20260412_224117,0.9,10,5028,job
resnet50_inference|f65b4403_20260413_033014,1.0,1,5028,job
resnet50_inference|f8907ec1_20260413_032952,0.0,1,5028,job
symgemm_L4_sgdfused_m8192_rep1|e3f3bb2f_20260802_184108,1.0,10,5028,job
symgemm_L4_sgdfused_rep1|dbbf7955_20260802_174515,1.0,10,5028,job
symgemm_L4_sgdfused_rep4|8f5f5e11_20260802_225748,1.0,10,5028,job
symgemm_decode_g256_rep2|4fc9bf1b_20260803_012205,1.0,10,5028,job
training_dual_gpu_dp|training_dual_gpu_dp_gpu0_e63285,1.0,1,5028,job
whitebox_diluted_1b_N1_1h|e9c0ff07_20260727_235850,1.0,10,5028,job
whitebox_diluted_3b_N1_1h|814de13f_20260728_005931,0.9,10,5028,job
whitebox_diluted_N5|a37b10ba_20260725_194651,1.0,10,5028,job
whitebox_diluted_N5|eaaa7663_20260725_210026,1.0,10,5028,job
whitebox_inference|2c3fb377_20260725_205514,0.9,10,5028,job
whitebox_lora_7b_N1_1h|d26abcf1_20260727_110823,1.0,10,5028,job
whitebox_lora_7b_N500_long|43be1ab2_20260726_203116,1.0,10,5028,job
whitebox_lora_7b_pilot_N2|849422c3_20260726_114431,0.9,10,5028,job
whitebox_lora_7b_pilot_N5|8d4c0881_20260726_121646,1.0,10,5028,job
whitebox_lora_N10|c738d40d_20260725_203918,1.0,10,5028,job
whitebox_lora_N20|b5e22ab8_20260725_212628,1.0,10,5028,job
adversarial_F_interleave_30|7edc637e_20260825_042324,1.0,10,5029,job
adversarial_F_interleave_50|468ad378_20260825_042847,1.0,10,5029,job
adversarial_F_interleave_50|46a73a4e_20260725_234614,1.0,10,5029,job
adversarial_G_clock_throttled|4471bfa7_20260412_230551,1.0,1,5029,job
adversarial_H_mimicry_cufft|8a52b6f9_20260825_052246,1.0,10,5029,job
adversarial_H_mimicry_mining|30dc1b59_20260412_053508,1.0,1,5029,job
adversarial_H_mimicry_mining|5ac32145_20260825_051158,1.0,10,5029,job
adversarial_I_stochastic_30|15190e45_20260725_234104,1.0,10,5029,job
adversarial_I_stochastic_30|650fb51f_20260412_223016,1.0,10,5029,job
adversarial_I_stochastic_30|d13c6696_20260825_054421,1.0,10,5029,job
adversarial_J_pid_75|cf944e31_20260412_230551,1.0,1,5029,job
adversarial_J_pid_75|e3f49bde_20260412_223016,1.0,10,5029,job
adversarial_K_ddp_accum_4|6e24c995c923_20260412_064737,1.0,80,5029,job
adversarial_K_ddp_accum_4|b28bb647b0ef_20260412_234110,1.0,80,5029,job
adversarial_L_diluted_10_mw8|453df7c0_20260726_170248,1.0,10,5029,job
adversarial_L_diluted_10|2c305d90_20260725_232752,1.0,10,5029,job
adversarial_L_diluted_20|c504ec15_20260726_002055,1.0,10,5029,job
adversarial_L_diluted_2|354119ef_20260412_223541,1.0,10,5029,job
adversarial_L_diluted_2|9a292575_20260825_063255,1.0,10,5029,job
batch_size_sweep_dp|batch_size_sweep_dp_gpu1_f04813,1.0,1,5029,job
bert_sst2_amp|e682e23c_20260412_231705,1.0,1,5029,job
cufft_benchmark|227faa64_20260413_033119,1.0,1,5029,job
ddp_resnet18_cifar10|a76b540db268_20260412_233502,1.0,80,5029,job
ddp_resnet50_cifar10|c83757ac5731_20260412_230440,1.0,80,5029,job
fsdp_70b_nvlink|15cced21b9b1_20260413_012238,1.0,8,5029,job
fsdp_70b_nvlink|a7ff05fcabd2_20260413_003024,1.0,8,5029,job
fsdp_70b_nvlink|c88e29e18a8a_20260413_010413,1.0,80,5029,job
gpt2_finetune|cfe318c2_20260413_032930,0.0,1,5029,job
gpt2_finetune|f22ba689_20260413_032930,1.0,1,5029,job
gpt2_wikitext2_amp|025c9b24_20260412_224117,1.0,1,5029,job
idle|03110fa2_20260824_232519,1.0,7,5029,job
idle|964c62f7_20260420_194932,1.0,7,5029,job
idle|9689d8b0_20260413_032720,1.0,1,5029,job
idle|b37a89ff_20260824_180358,1.0,7,5029,job
llm_infer_mistral_7b_q4|0f8555a9_20260825_003220,1.0,10,5029,job
llm_infer_mistral_7b_q4|1aa4e562_20260825_004332,0.9,10,5029,job
llm_infer_mistral_7b_q4|53e3e332_20260419_210248,1.0,1,5029,job
llm_infer_mistral_7b_q4|7936d649_20260419_220948,0.0,2,5029,job
llm_infer_mistral_7b_q4|960c6bbd_20260421_012347,1.0,10,5029,job
llm_infer_mistral_7b_q4|afe01b8f_20260419_205857,1.0,1,5029,job
llm_infer_mistral_7b_q4|d4a0ca97_20260419_215339,1.0,1,5029,job
llm_infer_mistral_7b_q4|e81dfe47_20260420_015946,1.0,10,5029,job
llm_infer_mixtral_8x7b|2136c735_20260421_001254,1.0,10,5029,job
llm_infer_mixtral_8x7b|a79f0a84_20260419_040511,1.0,10,5029,job
llm_infer_phi3_mini|4d756fdb_20260419_014632,1.0,10,5029,job
llm_infer_phi3_mini|aafcc35f_20260419_015203,1.0,10,5029,job
llm_infer_qwen25_14b_fp16|9bdd69d7_20260420_233533,1.0,10,5029,job
llm_infer_qwen25_14b_fp16|a5960172_20260420_232931,1.0,10,5029,job
llm_infer_qwen25_32b_fp16|097ee7e4_20260420_002519,1.0,10,5029,job
llm_infer_qwen25_32b_fp16|50c83347_20260421_030757,1.0,10,5029,job
llm_infer_qwen25_32b_fp16|54f1bd71_20260419_205959,1.0,1,5029,job
llm_infer_qwen25_3b_bs16|22ecde82_20260419_032802,1.0,10,5029,job
llm_infer_qwen25_3b_bs16|72bf234c_20260419_230326,0.8,10,5029,job
llm_infer_qwen25_3b_bs4|27632d17_20260420_214020,1.0,10,5029,job
llm_infer_qwen25_3b_bs4|32bdfeb6_20260419_024034,1.0,10,5029,job
llm_infer_qwen25_3b_bs4|a3bb4757_20260419_221022,1.0,10,5029,job
llm_infer_qwen25_3b|1fd463ca_20260419_021328,1.0,10,5029,job
llm_infer_qwen25_72b_fp8|78a77a8b_20260420_235909,1.0,10,5029,job
llm_infer_qwen25_72b_tp2|173cf665d203_20260419_044434,1.0,10,5029,job
llm_infer_qwen25_7b_fp16|61bf5366_20260420_231727,1.0,10,5029,job
llm_infer_qwen25_7b_fp16|730da3ab_20260419_234250,1.0,10,5029,job
llm_infer_qwen25_7b_fp16|87b75337_20260824_200626,1.0,2,5029,job
llm_infer_qwen25_7b_fp16|abd7cc9c_20260420_230458,1.0,10,5029,job
llm_infer_sdxl|827523c5_20260420_223333,1.0,10,5029,job
llm_infer_tinyllama_bs8|43f9b961_20260420_221242,1.0,10,5029,job
llm_infer_tinyllama_bs8|ce7d83fd_20260419_022445,1.0,10,5029,job
llm_infer_vit_l_bs64|38e37d2f_20260419_034355,1.0,10,5029,job
llm_infer_vit_l_bs64|7be29623_20260420_224924,1.0,10,5029,job
llm_train_mistral_7b_lora|408384ba_20260419_232329,1.0,10,5029,job
llm_train_mistral_7b_lora|e954b9ae_20260824_231951,1.0,10,5029,job
llm_train_phi3_mini_lora|38657ab0_20260419_231116,1.0,10,5029,job
llm_train_phi3_mini_lora|48da72bf_20260824_230320,1.0,10,5029,job
llm_train_phi3_mini_lora|4bf06f5e_20260824_225752,1.0,10,5029,job
llm_train_phi3_mini_lora|61242a7d_20260419_225953,0.9,10,5029,job
llm_train_qwen25_1p5b_lora|a219bf6f_20260419_221705,1.0,10,5029,job
llm_train_smollm2_1p7b_lora|2958dde3_20260824_221932,0.4,10,5029,job
llm_train_smollm2_1p7b_lora|4124c198_20260824_222500,0.7,10,5029,job
llm_train_smollm2_1p7b_lora|896b1640_20260824_223027,0.8,10,5029,job
llm_train_smollm2_1p7b_lora|bc185109_20260419_223818,0.9,10,5029,job
mining_ethash_proxy|417dd7cd_20260420_002049,1.0,10,5029,job
mining_ethash_proxy|b5c42733_20260825_002157,1.0,10,5029,job
mining_ethash_proxy|c56e618e_20260412_224732,1.0,10,5029,job
mlp_training|mlp_training_c52a21,1.0,1,5029,job
modern_inference|6ce8e009_20260413_033057,1.0,1,5029,job
nbody_sim|4bf2dc52_20260412_231705,1.0,10,5029,job
nbody_sim|98b49f2f_20260412_224117,1.0,10,5029,job
nbody_sim|b9568c1a_20260413_033202,1.0,1,5029,job
nbody_sim|nbody_sim_66a459,1.0,1,5029,job
nbody_sim|nbody_sim_c0054d,1.0,1,5029,job
nvlink_bandwidth|nvlink_bandwidth_gpu1_30ea2a,0.0,1,5029,job
nvlink_bandwidth|nvlink_bandwidth_gpu1_b97b50,1.0,1,5029,job
nvlink_latency|nvlink_latency_gpu0_1c6087,0.0,1,5029,job
nvlink_latency|nvlink_latency_gpu1_3ab445,1.0,1,5029,job
nvlink_latency|nvlink_latency_gpu1_9a8612,1.0,1,5029,job
nvlink_p2p|858acb89_20260413_033414,1.0,1,5029,job
ppo_rlhf_r32_rep1|2b37c1ae_20260804_170110,1.0,10,5029,job
ppo_rlhf_r8_rep1|6394bf01_20260804_164958,1.0,10,5029,job
pytorch_mlp_cifar10_ext|91abd671_20260420_204403,1.0,10,5029,job
pytorch_mlp_cifar10|22fad3bd_20260825_021517,1.0,1,5029,job
pytorch_resnet_cifar10_amp|29320233_20260825_073152,1.0,1,5029,job
pytorch_resnet_cifar10_amp|f1be0dfb_20260825_020609,1.0,1,5029,job
pytorch_resnet_cifar10_ext|d18ec4ea_20260421_011036,1.0,5,5029,job
pytorch_resnet_cifar10|0d79ee94_20260825_005047,0.0,10,5029,job
pytorch_resnet_cifar10|94104fc8_20260412_223541,1.0,2,5029,job
rendering_proxy|307d16fe_20260825_032515,1.0,10,5029,job
rendering_proxy|5278c256_20260412_232321,0.9,10,5029,job
rendering_proxy|8aeaf443_20260825_033538,1.0,10,5029,job
rendering|rendering_33f139,0.0,1,5029,job
resnet50_inference|0464d734_20260825_022250,0.0,10,5029,job
resnet50_inference|277c9073_20260825_023315,0.0,10,5029,job
resnet50_inference|d45705f9_20260412_231705,0.0,10,5029,job
resnet_fp32|resnet_fp32_f7ebcf,1.0,1,5029,job
symgemm_L4_sgdfused_m8192_rep1|e3f3bb2f_20260802_184108,0.9,10,5029,job
symgemm_L4_sgdfused_m8192_rep2|b0c570a7_20260802_210254,0.9,10,5029,job
symgemm_L4_sgdfused_rep4|8f5f5e11_20260802_225748,0.4,10,5029,job
symgemm_L5_adam_rep1|24f173d4_20260802_180735,1.0,10,5029,job
symgemm_ppo_fused_r8_rep2|ab3e57f5_20260803_005942,1.0,10,5029,job
training_dual_gpu_dp|multi_gpu_telemetry_gpu0,0.5,2,5029,job
training_dual_gpu_dp|training_dual_gpu_dp_gpu0_e63285,1.0,1,5029,job
training_dual_gpu_dp|training_dual_gpu_dp_gpu1_278acd,1.0,1,5029,job
training_single_gpu|training_single_gpu_gpu1_a2ce5b,0.0,1,5029,job
whitebox_diluted_N20|6305ed40_20260725_204431,1.0,10,5029,job
whitebox_diluted_N20|d8b176f8_20260725_212116,1.0,10,5029,job
whitebox_diluted_N5|e9df56b8_20260725_202339,1.0,10,5029,job
whitebox_lora_7b_pilot_N5|8d4c0881_20260726_121646,1.0,10,5029,job
whitebox_lora_7b_pilot_N6|13c5d8f6_20260726_123856,1.0,10,5029,job
whitebox_lora_N10_long|58e5a6e6_20260724_215116,1.0,10,5029,job
whitebox_lora_N10|c738d40d_20260725_203918,1.0,10,5029,job
whitebox_lora_N5|25cd8989_20260725_195205,1.0,10,5029,job
whitebox_oracle|75298cf9_20260725_225503,1.0,10,5029,job
adversarial_F_interleave_30|a1e40da7_20260825_041236,1.0,10,5030,job
adversarial_G_clock_throttled|d64b14fc_20260825_045547,1.0,10,5030,job
adversarial_H_mimicry_cufft|983fad80_20260412_053508,1.0,1,5030,job
adversarial_H_mimicry_mining|bf6e3698_20260413_011721,1.0,10,5030,job
adversarial_I_stochastic_30|3978f906_20260825_053334,1.0,10,5030,job
adversarial_J_pid_75|cf944e31_20260412_230551,1.0,1,5030,job
adversarial_K_ddp_accum_4|ccdbb46fc1a0_20260413_001726,1.0,80,5030,job
adversarial_K_ddp|41b734487b5e_20260412_235331,1.0,80,5030,job
adversarial_L_diluted_200_mw8|fd4fadc3_20260726_171819,1.0,10,5030,job
adversarial_L_diluted_20|25326617_20260725_233354,1.0,10,5030,job
adversarial_L_diluted_20|2a9e51e9_20260725_235723,1.0,10,5030,job
adversarial_L_diluted_20|c504ec15_20260726_002055,1.0,10,5030,job
adversarial_L_diluted_2|07fb94ee_20260412_054054,1.0,10,5030,job
adversarial_L_diluted_2|463541b6_20260825_062731,1.0,10,5030,job
adversarial_L_diluted_2|9a292575_20260825_063255,1.0,10,5030,job
adversarial_L_diluted_5|478eaec5_20260412_223541,1.0,10,5030,job
adversarial_L_diluted_5|5e0891fb_20260412_054054,1.0,10,5030,job
adversarial_training|0ff8862b_20260413_033352,1.0,1,5030,job
adversarial_training|b1c5e184_20260413_033330,0.0,1,5030,job
batch_size_sweep_dp|batch_size_sweep_dp_gpu0_2c05fa,1.0,1,5030,job
bert_finetune|d969416f_20260413_032846,1.0,1,5030,job
bert_sst2|30b0dab5_20260412_231705,1.0,1,5030,job
cufft_benchmark|2cf468dc_20260421_013631,1.0,10,5030,job
cufft_benchmark|540552ce_20260824_234024,1.0,10,5030,job
cufft_benchmark|692a3d5e_20260412_224117,1.0,10,5030,job
cufft_benchmark|7eb3b0fd_20260420_000038,1.0,10,5030,job
cufft_benchmark|a3a1b5b0_20260420_195136,1.0,10,5030,job
cufft_hpc|cufft_hpc_58ecd2,1.0,1,5030,job
cufft_hpc|cufft_hpc_c78372,1.0,1,5030,job
ddp_resnet18_cifar10_amp|95f2a16cc1a5_20260412_234616,1.0,80,5030,job
ddp_resnet18_cifar10|a76b540db268_20260412_233502,1.0,80,5030,job
ddp_training|ddp_telemetry_gpu0,1.0,1,5030,job
fsdp_70b_nvlink|a7ff05fcabd2_20260413_003024,1.0,8,5030,job
gpt2_wikitext2_amp_ext|ec2b4d42_20260420_202719,0.6666666666666666,3,5030,job
gpt2_wikitext2_ext|7a20f073_20260420_204656,1.0,6,5030,job
gpt2_wikitext2_ext|daa304a2_20260421_011634,1.0,6,5030,job
gpt2_wikitext2|1f4b6ea6_20260412_231705,1.0,3,5030,job
idle|3a7e56ce_20260412_223541,1.0,7,5030,job
idle|964c62f7_20260420_194932,1.0,7,5030,job
idle|b37a89ff_20260824_180358,1.0,7,5030,job
idle|idle_96fcac,1.0,1,5030,job
idle|idle_9cb91e,1.0,1,5030,job
inference|inference_c1b4c6,1.0,1,5030,job
llm_infer_deepseek_v3_tp8|f41d4d3c1247_20260419_014514,0.9,80,5030,job
llm_infer_mistral_7b_q4|0e400173_20260419_215405,1.0,1,5030,job
llm_infer_mistral_7b_q4|199b8710_20260825_074125,0.9,10,5030,job
llm_infer_mistral_7b_q4|24353de9_20260420_015430,1.0,10,5030,job
llm_infer_mistral_7b_q4|53e3e332_20260419_210248,1.0,1,5030,job
llm_infer_mistral_7b_q4|bd933593_20260419_221051,1.0,1,5030,job
llm_infer_mistral_7b_q4|c36eab64_20260419_220847,1.0,1,5030,job
llm_infer_mistral_7b_q4|ce7f27f7_20260825_075353,1.0,10,5030,job
llm_infer_phi3_mini|4d756fdb_20260419_014632,1.0,10,5030,job
llm_infer_qwen25_14b_fp16|200c729c_20260419_235621,1.0,10,5030,job
llm_infer_qwen25_14b_fp16|2e76122c_20260419_212144,0.5,10,5030,job
llm_infer_qwen25_14b_fp16|98601a67_20260824_213822,1.0,10,5030,job
llm_infer_qwen25_14b_fp16|c2bcc1e0_20260419_213116,1.0,10,5030,job
llm_infer_qwen25_32b_fp16|08c0cbfe_20260420_001804,1.0,10,5030,job
llm_infer_qwen25_32b_fp16|097ee7e4_20260420_002519,1.0,10,5030,job
llm_infer_qwen25_32b_fp16|50c83347_20260421_030757,1.0,10,5030,job
llm_infer_qwen25_32b_fp16|bb94db96_20260419_205955,1.0,1,5030,job
llm_infer_qwen25_3b_bs16|3d9be7b5_20260419_033318,1.0,10,5030,job
llm_infer_qwen25_3b_bs16|ee6ca6af_20260420_214537,1.0,10,5030,job
llm_infer_qwen25_3b_bs4|acde3618_20260419_221540,1.0,10,5030,job
llm_infer_qwen25_3b_bs4|d16da8aa_20260420_212943,1.0,10,5030,job
llm_infer_qwen25_3b|f36beab2_20260419_214818,1.0,10,5030,job
llm_infer_qwen25_72b_fp16|aaa06495_20260421_002643,1.0,10,5030,job
llm_infer_qwen25_72b_tp2|11ae41c37687_20260419_045923,1.0,20,5030,job
llm_infer_qwen25_72b_tp2|173cf665d203_20260419_044434,0.9,10,5030,job
llm_infer_qwen25_72b_tp2|173cf665d203_20260419_044435,1.0,10,5030,job
llm_infer_qwen25_7b_fp16|4f69bded_20260824_200743,1.0,1,5030,job
llm_infer_qwen25_7b_fp16|a694acd9_20260419_210256,0.8,10,5030,job
llm_infer_sdxl|5477dea8_20260419_223149,0.9,10,5030,job
llm_infer_sdxl|81e16ec3_20260419_025634,0.9,10,5030,job
llm_infer_tinyllama_bs8|75a3d2cd_20260419_215432,1.0,10,5030,job
llm_infer_tinyllama_bs8|bcad42c3_20260419_220507,1.0,10,5030,job
llm_infer_tinyllama_bs8|ce7d83fd_20260419_022445,1.0,10,5030,job
llm_infer_tinyllama_bs8|efe8ddc5_20260419_021922,0.9,10,5030,job
llm_infer_tinyllama_seq4096|72177ae6_20260419_031218,1.0,10,5030,job
llm_infer_tinyllama_seq4096|bf1e9e48_20260419_030704,1.0,10,5030,job
llm_infer_tinyllama_seq4096|eac7968c_20260419_224733,1.0,10,5030,job
llm_infer_vit_l_bs64|5e01a928_20260419_034907,1.0,10,5030,job
llm_infer_vit_l_bs64|fde5cf55_20260420_225435,1.0,10,5030,job
llm_train_qwen25_1p5b_lora|2a4e8583_20260419_221125,0.9,10,5030,job
llm_train_qwen25_1p5b_lora|8a368ac5_20260824_220307,1.0,10,5030,job
llm_train_qwen25_1p5b_lora|f2ab89f9_20260824_221404,1.0,10,5030,job
mining_ethash_proxy|b6f2e520_20260825_001133,1.0,10,5030,job
nbody_sim|bf32f0fa_20260413_033224,1.0,1,5030,job
nvlink_bandwidth|nvlink_bandwidth_gpu1_b97b50,1.0,1,5030,job
nvlink_p2p|7e14f65e_20260413_033435,1.0,1,5030,job
nvlink_p2p|858acb89_20260413_033414,1.0,1,5030,job
pytorch_mlp_cifar10_ext|91abd671_20260420_204403,1.0,10,5030,job
pytorch_mlp_cifar10|743face9_20260412_231705,1.0,2,5030,job
pytorch_resnet_cifar10_amp_ext|912880ba_20260421_011212,1.0,5,5030,job
pytorch_resnet_cifar10_ext|76d6663a_20260420_203006,1.0,6,5030,job
pytorch_resnet_cifar10|71c3cb1a_20260825_020519,1.0,1,5030,job
pytorch_training|1b83c94e_20260413_032802,1.0,1,5030,job
rendering_proxy|307d16fe_20260825_032515,1.0,10,5030,job
rendering|rendering_33f139,0.0,1,5030,job
resnet50_inference|0464d734_20260825_022250,0.0,10,5030,job
resnet50_inference|277c9073_20260825_023315,0.0,10,5030,job
resnet50_inference|d120b7ba_20260825_024340,0.0,10,5030,job
resnet50_inference|ee8f3e1f_20260412_224117,0.8,10,5030,job
resnet_amp|resnet_amp_efa494,1.0,1,5030,job
scientific_hpc|2369d03f_20260413_033308,1.0,1,5030,job
scientific_hpc|b957a0bf_20260413_033246,1.0,1,5030,job
symgemm_L1_fwd3_m8192_rep1|128a6c86_20260802_185218,1.0,10,5030,job
symgemm_L3_graddiscard_rep1|f12dea2b_20260802_182955,0.9,10,5030,job
symgemm_L3_graddiscard_rep4|7a0468e5_20260802_234229,1.0,10,5030,job
symgemm_L4_sgdfused_long1b_rep1|e77f32f2_20260803_062646,0.7,10,5030,job
symgemm_L4_sgdfused_m8192_rep2|b0c570a7_20260802_210254,1.0,10,5030,job
symgemm_L4_sgdfused_rep4|8f5f5e11_20260802_225748,0.9,10,5030,job
symgemm_L5_adam_rep1|24f173d4_20260802_180735,1.0,10,5030,job
symgemm_L5_adam_rep2|498da780_20260802_202923,1.0,10,5030,job
symgemm_decode_g256_rep2|4fc9bf1b_20260803_012205,1.0,10,5030,job
symgemm_ppo_fused_r32_rep3|6b1c2a3b_20260803_014427,1.0,10,5030,job
training_dual_gpu_dp|training_dual_gpu_dp_gpu0_1c7245,1.0,1,5030,job
training_dual_gpu_dp|training_dual_gpu_dp_gpu1_278acd,1.0,1,5030,job
training_single_gpu|training_single_gpu_gpu1_a2ce5b,0.0,1,5030,job
whitebox_diluted_N10|8891b439_20260725_211051,1.0,10,5030,job
whitebox_diluted_N10|d7e25a80_20260725_203405,1.0,10,5030,job
whitebox_diluted_N20|2b6c90aa_20260725_200743,1.0,10,5030,job
whitebox_inference_7b_1h|4bf42831_20260727_095532,0.8,10,5030,job
whitebox_inference_long|877db838_20260725_055129,0.9,10,5030,job
whitebox_inference|2c3fb377_20260725_205514,0.9,10,5030,job
whitebox_lora_7b_N50_1h|f9ff4b5d_20260727_152145,1.0,10,5030,job
whitebox_lora_7b_pilot_N3|083f6968_20260726_120119,1.0,10,5030,job
whitebox_lora_N10|00ea9b4c_20260725_211603,1.0,10,5030,job
whitebox_lora_N5|5d8cb134_20260725_210538,1.0,10,5030,job
whitebox_lora_N5|de90ed7d_20260725_202852,1.0,10,5030,job
width_sweep_dp|width_sweep_dp_gpu1_cd4011,1.0,1,5030,job
adversarial_E_memory_minimal|09b77236_20260412_230551,1.0,1,5031,job
adversarial_E_memory_minimal|7b692854_20260412_053508,1.0,10,5031,job
adversarial_F_interleave_50|4cde77c0_20260726_003313,1.0,10,5031,job
adversarial_F_interleave_50|bc02cbc2_20260726_000947,1.0,10,5031,job
adversarial_F_interleave_50|e70f6fc4_20260412_053508,1.0,10,5031,job
adversarial_G_clock_throttled|d38b3081_20260412_053508,1.0,10,5031,job
adversarial_H_mimicry_cufft|8a52b6f9_20260825_052246,1.0,10,5031,job
adversarial_H_mimicry_mining|26c55d63_20260412_230551,1.0,10,5031,job
adversarial_H_mimicry_mining|5ac32145_20260825_051158,1.0,10,5031,job
adversarial_I_stochastic_30|1319ffe7_20260726_002804,1.0,10,5031,job
adversarial_I_stochastic_30|15190e45_20260725_234104,1.0,10,5031,job
adversarial_J_pid_75|6aa98cf6_20260412_053508,1.0,1,5031,job
adversarial_J_pid_75|cf944e31_20260412_230551,1.0,1,5031,job
adversarial_K_online_learning|1468f533_20260412_231132,1.0,10,5031,job
adversarial_K_online_learning|5e90b4fe_20260412_223541,1.0,10,5031,job
adversarial_L_diluted_10|512934b1_20260412_054054,1.0,10,5031,job
adversarial_L_diluted_200_mw8|fd4fadc3_20260726_171819,1.0,10,5031,job
adversarial_L_diluted_20|1746ff55_20260412_054054,1.0,10,5031,job
adversarial_L_diluted_20|2a9e51e9_20260725_235723,1.0,10,5031,job
adversarial_L_diluted_2|07fb94ee_20260412_054054,1.0,10,5031,job
adversarial_L_diluted_2|9a292575_20260825_063255,1.0,10,5031,job
adversarial_training|0ff8862b_20260413_033352,1.0,1,5031,job
adversarial_training|b1c5e184_20260413_033330,0.0,1,5031,job
bert_finetune|9311265c_20260413_032824,0.0,1,5031,job
bert_finetune|d969416f_20260413_032846,1.0,1,5031,job
bert_sst2_amp|dd87fb92_20260412_222753,1.0,1,5031,job
bert_sst2_ext|49545bf6_20260420_204947,1.0,3,5031,job
cufft_benchmark|2cf468dc_20260421_013631,1.0,10,5031,job
cufft_benchmark|a3a1b5b0_20260420_195136,1.0,10,5031,job
cufft_benchmark|fa1982fd_20260419_234026,1.0,10,5031,job
ddp_resnet18_cifar10_amp|972309ed66bd_20260412_231156,1.0,80,5031,job
fsdp_30b_nvlink|cb97612d27e1_20260412_074412,1.0,10,5031,job
fsdp_70b_adamw|e53e253f883d_20260413_012859,1.0,6,5031,job
fsdp_70b_nvlink|a7ff05fcabd2_20260413_003024,1.0,8,5031,job
fsdp_70b_seq512_nvlink|78349b23d251_20260413_013913,1.0,80,5031,job
gpt2_finetune|eb4a005e_20260413_032908,1.0,1,5031,job
gpt2_wikitext2_ext|ab0d938a_20260420_203614,1.0,6,5031,job
idle|5edd7d6c_20260413_032703,1.0,1,5031,job
idle|9689d8b0_20260413_032720,1.0,1,5031,job
idle|9883933c_20260420_201152,1.0,7,5031,job
inference|inference_c1b4c6,1.0,1,5031,job
llm_infer_deepseek_v3_tp8|30d7ed7e6e81_20260419_013711,1.0,80,5031,job
llm_infer_mistral_7b_q4|0e400173_20260419_215405,1.0,1,5031,job
llm_infer_mistral_7b_q4|53e3e332_20260419_210248,1.0,1,5031,job
llm_infer_mistral_7b_q4|5841de91_20260419_210239,1.0,1,5031,job
llm_infer_mistral_7b_q4|7936d649_20260419_220948,0.5,2,5031,job
llm_infer_mistral_7b_q4|793c412e_20260420_010538,1.0,10,5031,job
llm_infer_mistral_7b_q4|85d8feff_20260419_215354,0.0,1,5031,job
llm_infer_mistral_7b_q4|9e359ed7_20260825_003757,1.0,10,5031,job
llm_infer_mistral_7b_q4|b0506bd3_20260419_205916,1.0,1,5031,job
llm_infer_mistral_7b_q4|d4a0ca97_20260419_215339,0.0,1,5031,job
llm_infer_phi3_mini|cd6a5e78_20260419_212123,1.0,10,5031,job
llm_infer_phi3_mini|e0bd0272_20260419_212652,1.0,10,5031,job
llm_infer_qwen25_14b_fp16|85bf5790_20260419_205937,1.0,1,5031,job
llm_infer_qwen25_14b_fp16|98601a67_20260824_213822,1.0,10,5031,job
llm_infer_qwen25_14b_fp16|a5960172_20260420_232931,1.0,10,5031,job
llm_infer_qwen25_32b_fp16|54f1bd71_20260419_205959,1.0,1,5031,job
llm_infer_qwen25_32b_fp16|bb94db96_20260419_205955,1.0,1,5031,job
llm_infer_qwen25_32b_fp16|c89b4098_20260419_214232,1.0,10,5031,job
llm_infer_qwen25_32b_fp16|dffbfb17_20260421_030111,0.9,10,5031,job
llm_infer_qwen25_3b_bs16|301efde2_20260419_225807,1.0,10,5031,job
llm_infer_qwen25_3b_bs16|72bf234c_20260419_230326,1.0,10,5031,job
llm_infer_qwen25_3b|59a892fe_20260419_020238,1.0,10,5031,job
llm_infer_qwen25_3b|7de76a76_20260420_211352,1.0,10,5031,job
llm_infer_qwen25_3b|f36beab2_20260419_214818,1.0,10,5031,job
llm_infer_qwen25_72b_fp16|1d53cfd5_20260421_004034,1.0,10,5031,job
llm_infer_qwen25_72b_fp8|36625af8_20260420_235243,1.0,10,5031,job
llm_infer_qwen25_72b_tp2|173cf665d203_20260419_044434,1.0,10,5031,job
llm_infer_qwen25_7b_fp16|0088cce0_20260419_205928,1.0,1,5031,job
llm_infer_qwen25_7b_fp16|58527b11_20260419_232945,0.9,10,5031,job
llm_infer_qwen25_7b_fp16|a694acd9_20260419_210256,0.8,10,5031,job
llm_infer_qwen25_7b_fp16|c98d90af_20260420_231133,1.0,10,5031,job
llm_infer_sdxl|81d0af5a_20260419_030149,1.0,10,5031,job
llm_infer_tinyllama_bs8|75a3d2cd_20260419_215432,1.0,10,5031,job
llm_infer_tinyllama_bs8|ecdf6ee5_20260420_220215,1.0,10,5031,job
llm_infer_tinyllama_bs8|fd185e9d_20260420_220729,1.0,10,5031,job
llm_infer_vit_l_bs64|7be29623_20260420_224924,1.0,10,5031,job
llm_train_mistral_7b_lora|408384ba_20260419_232329,1.0,10,5031,job
llm_train_phi3_mini_lora|48da72bf_20260824_230320,1.0,10,5031,job
llm_train_qwen25_3b_lora|074568ba_20260824_224126,1.0,10,5031,job
llm_train_smollm2_1p7b_lora|2958dde3_20260824_221932,1.0,10,5031,job
mining_ethash_proxy|304ec693_20260420_003055,1.0,10,5031,job
mining_ethash_proxy|5a291891_20260420_200144,1.0,10,5031,job
mining_ethash_proxy|8c86200c_20260412_232321,1.0,10,5031,job
mining_ethash_proxy|c56e618e_20260412_224732,1.0,10,5031,job
mining_proxy|mining_proxy_a7ed85,0.0,1,5031,job
modern_inference|165eedde_20260413_033036,1.0,1,5031,job
nbody_sim|e90ecd1d_20260825_031452,1.0,10,5031,job
nbody_sim|nbody_sim_66a459,1.0,1,5031,job
nbody_sim|nbody_sim_d50046,1.0,1,5031,job
nvlink_latency|nvlink_latency_gpu0_1c6087,0.0,1,5031,job
nvlink_latency|nvlink_latency_gpu1_9a8612,0.0,1,5031,job
ppo_rlhf_r32_rep2|580ad642_20260804_172333,1.0,10,5031,job
ppo_rlhf_r8_rep3|5a1e4c08_20260804_173443,1.0,10,5031,job
pytorch_mlp_cifar10_ext|22ac55c7_20260420_203325,1.0,10,5031,job
pytorch_mlp_cifar10|22fad3bd_20260825_021517,1.0,1,5031,job
pytorch_resnet_cifar10_amp|1f7efb5a_20260825_021236,1.0,1,5031,job
pytorch_resnet_cifar10_amp|29320233_20260825_073152,1.0,1,5031,job
pytorch_resnet_cifar10_amp|5543e12f_20260825_020949,1.0,1,5031,job
pytorch_resnet_cifar10_ext|76d6663a_20260420_203006,1.0,6,5031,job
pytorch_resnet_cifar10_ext|d18ec4ea_20260421_011036,1.0,5,5031,job
pytorch_resnet_cifar10|94104fc8_20260412_223541,1.0,2,5031,job
rendering_proxy|307d16fe_20260825_032515,1.0,10,5031,job
rendering_proxy|c76a250c_20260412_224732,0.9,10,5031,job
resnet50_inference|0464d734_20260825_022250,0.0,10,5031,job
resnet50_inference|d120b7ba_20260825_024340,0.0,10,5031,job
resnet50_inference|d6707f42_20260413_033014,0.0,1,5031,job
resnet50_inference|ee8f3e1f_20260412_224117,0.1,10,5031,job
resnet_amp|resnet_amp_cc435c,1.0,1,5031,job
resnet_amp|resnet_amp_efa494,1.0,1,5031,job
resnet_fp32|resnet_fp32_b4973a,1.0,1,5031,job
scientific_hpc|3cf03b97_20260413_033308,1.0,1,5031,job
symgemm_L1_fwd3_7b_rep1|1da12b31_20260802_215024,0.9,10,5031,job
symgemm_L4_sgdfused_rep4|8f5f5e11_20260802_225748,0.8,10,5031,job
symgemm_decode_g256_rep1|37d9b353_20260803_004828,0.9,10,5031,job
symgemm_idle|06d5a273_20260802_173910,0.0,10,5031,job
training_dual_gpu_dp|multi_gpu_telemetry_gpu1,1.0,2,5031,job
training_dual_gpu_dp|training_dual_gpu_dp_gpu0_1c7245,0.0,1,5031,job
training_single_gpu|training_single_gpu_gpu0_199317,1.0,1,5031,job
training_single_gpu|training_single_gpu_gpu1_a2ce5b,0.0,1,5031,job
whitebox_diluted_7b_N1_1h|5df04b7a_20260727_183421,0.9,10,5031,job
whitebox_inference_1b_matched|c6927996_20260728_061814,0.8,10,5031,job
whitebox_inference_7b_rep3|62149f64_20260728_050902,0.8,10,5031,job
whitebox_lora_7b_N10_rep2|a1f5446a_20260728_040109,1.0,10,5031,job
whitebox_lora_7b_N1_1h|d26abcf1_20260727_110823,0.9,10,5031,job
whitebox_lora_N10|12837863_20260725_200230,1.0,10,5031,job
whitebox_lora_N5|de90ed7d_20260725_202852,1.0,10,5031,job
whitebox_oracle_7b_long|dd20b782_20260726_181838,0.9,10,5031,job
width_sweep_dp|width_sweep_dp_gpu0_a80bfa,1.0,1,5031,job
width_sweep_dp|width_sweep_dp_gpu1_cd4011,1.0,1,5031,job
adversarial_E_memory_minimal|09b77236_20260412_230551,0.0,1,5032,job
adversarial_E_memory_minimal|7b692854_20260412_053508,1.0,10,5032,job
adversarial_E_memory_minimal|f5727cea_20260825_040148,1.0,10,5032,job
adversarial_F_interleave_30|ff338fa1_20260412_230551,1.0,10,5032,job
adversarial_F_interleave_50|82b69908_20260412_223016,1.0,10,5032,job
adversarial_F_interleave_50|9b9ece1a_20260825_043411,1.0,10,5032,job
adversarial_G_clock_throttled|4471bfa7_20260412_230551,1.0,1,5032,job
adversarial_H_mimicry_cufft|bf336e54_20260825_051722,1.0,10,5032,job
adversarial_H_mimicry_mining|bedfd354_20260412_223016,1.0,10,5032,job
adversarial_I_stochastic_30|15190e45_20260725_234104,1.0,10,5032,job
adversarial_J_pid_75|6aa98cf6_20260412_053508,1.0,1,5032,job
adversarial_J_pid_75|94ea2465_20260825_054945,1.0,10,5032,job
adversarial_K_ddp_accum_8|036fb65cffea_20260413_002258,1.0,80,5032,job
adversarial_K_ddp_accum_8|4e915a9d238b_20260412_065453,1.0,80,5032,job
adversarial_L_ddp_5|7f7c7caec1c9_20260412_232441,1.0,80,5032,job
adversarial_L_diluted_10|6ef8b233_20260412_231132,1.0,10,5032,job
adversarial_L_diluted_10|7a3fb3e9_20260825_070518,1.0,10,5032,job
adversarial_L_diluted_10|8d5f2101_20260725_235123,1.0,10,5032,job
adversarial_L_diluted_10|9712fcda_20260825_065431,1.0,10,5032,job
adversarial_L_diluted_20|951bef7b_20260825_072130,1.0,10,5032,job
adversarial_L_diluted_5|5e0891fb_20260412_054054,1.0,10,5032,job
batch_size_sweep_dp|batch_size_sweep_dp_gpu1_f04813,0.0,1,5032,job
bert_sst2_amp_ext|cb252747_20260420_204010,1.0,1,5032,job
bert_sst2|4a0aab7a_20260825_021739,1.0,1,5032,job
cufft_benchmark|38fd661e_20260419_235032,1.0,10,5032,job
cufft_benchmark|7eb3b0fd_20260420_000038,1.0,10,5032,job
cufft_benchmark|a3a1b5b0_20260420_195136,1.0,10,5032,job
cufft_hpc|cufft_hpc_58ecd2,1.0,1,5032,job
ddp_resnet18_cifar10|b6ee4dbc9fc2_20260412_225907,1.0,80,5032,job
ddp_resnet18_cifar10|ce5c33bebcdd_20260412_060311,1.0,80,5032,job
ddp_resnet50_cifar10|3477d94c3a9e_20260412_060843,1.0,80,5032,job
ddp_resnet50_cifar10|9fc805ce081e_20260412_234039,1.0,80,5032,job
ddp_training|ddp_telemetry_gpu1,1.0,1,5032,job
fsdp_13b_nvlink|cf8cfa835835_20260413_000312,1.0,80,5032,job
fsdp_30b_nvlink|8726f6620517_20260413_001627,1.0,80,5032,job
fsdp_30b_nvlink|cb97612d27e1_20260412_074413,1.0,70,5032,job
fsdp_70b_nvlink|a7ff05fcabd2_20260413_003024,1.0,8,5032,job
fsdp_70b_seq512_nvlink|78349b23d251_20260413_013913,1.0,80,5032,job
gpt2_wikitext2_amp_ext|058cfbc9_20260420_204849,1.0,2,5032,job
idle|3a7e56ce_20260412_223541,1.0,7,5032,job
idle|b37a89ff_20260824_180358,1.0,7,5032,job
idle|b3e73340_20260419_233617,1.0,7,5032,job
idle|bda38c7a_20260412_231132,1.0,7,5032,job
idle|dd455a95_20260824_171422,1.0,7,5032,job
idle|idle_96fcac,1.0,1,5032,job
idle|idle_e3e53d,1.0,1,5032,job
llm_infer_deepseek_v3_tp8|30d7ed7e6e81_20260419_013711,0.9875,80,5032,job
llm_infer_mistral_7b_q4|0e400173_20260419_215405,1.0,1,5032,job
llm_infer_mistral_7b_q4|1039bea2_20260825_074800,1.0,10,5032,job
llm_infer_mistral_7b_q4|199b8710_20260825_074125,1.0,10,5032,job
llm_infer_mistral_7b_q4|7dcec1a2_20260420_020500,1.0,10,5032,job
llm_infer_mistral_7b_q4|960c6bbd_20260421_012347,1.0,10,5032,job
llm_infer_mistral_7b_q4|9e359ed7_20260825_003757,1.0,10,5032,job
llm_infer_mistral_7b_q4|afe01b8f_20260419_205857,1.0,1,5032,job
llm_infer_mistral_7b_q4|b0506bd3_20260419_205916,1.0,1,5032,job
llm_infer_mistral_7b_q4|ce7f27f7_20260825_075353,1.0,10,5032,job
llm_infer_mistral_7b_q4|eff20385_20260419_205907,1.0,1,5032,job
llm_infer_mixtral_8x7b|6d7f6e16_20260419_035827,1.0,10,5032,job
llm_infer_phi3_mini|52a2bd28_20260420_210319,1.0,10,5032,job
llm_infer_qwen25_14b_fp16|0467d4a3_20260824_212608,1.0,10,5032,job
llm_infer_qwen25_14b_fp16|2e76122c_20260419_212144,0.9,10,5032,job
llm_infer_qwen25_14b_fp16|a5960172_20260420_232931,1.0,10,5032,job
llm_infer_qwen25_14b_fp16|c2bcc1e0_20260419_213116,1.0,10,5032,job
llm_infer_qwen25_32b_fp16|08c0cbfe_20260420_001804,1.0,10,5032,job
llm_infer_qwen25_32b_fp16|cbe6294b_20260824_215701,1.0,10,5032,job
llm_infer_qwen25_3b_bs16|72bf234c_20260419_230326,1.0,10,5032,job
llm_infer_qwen25_3b_bs4|16c726fc_20260419_222104,1.0,10,5032,job
llm_infer_qwen25_3b_bs4|766c2eff_20260419_024551,1.0,10,5032,job
llm_infer_qwen25_3b_bs4|dbfd03f1_20260419_023515,1.0,10,5032,job
llm_infer_qwen25_3b|59a892fe_20260419_020238,1.0,10,5032,job
llm_infer_qwen25_3b|7de76a76_20260420_211352,1.0,10,5032,job
llm_infer_qwen25_72b_fp16|1d53cfd5_20260421_004034,1.0,10,5032,job
llm_infer_qwen25_72b_fp8|4bc4cd75_20260420_234536,1.0,10,5032,job
llm_infer_qwen25_72b_fp8|6ee178e0_20260419_043033,1.0,10,5032,job
llm_infer_qwen25_72b_fp8|8ae2fbd4_20260420_004029,1.0,10,5032,job
llm_infer_qwen25_72b_tp2|d667bcd68796_20260419_045202,1.0,20,5032,job
llm_infer_qwen25_7b_fp16|0c4a3bb2_20260824_212015,1.0,10,5032,job
llm_infer_qwen25_7b_fp16|730da3ab_20260419_234250,1.0,10,5032,job
llm_infer_qwen25_7b_fp16|c98d90af_20260420_231133,1.0,10,5032,job
llm_infer_tinyllama_bs8|ecdf6ee5_20260420_220215,1.0,10,5032,job
llm_infer_tinyllama_seq4096|25a7da9a_20260419_225251,1.0,10,5032,job
llm_infer_tinyllama_seq4096|367c872f_20260420_222307,1.0,10,5032,job
llm_infer_vit_l_bs64|5e01a928_20260419_034907,1.0,10,5032,job
llm_infer_vit_l_bs64|7bf48cb7_20260419_231402,1.0,10,5032,job
llm_train_mistral_7b_lora|408384ba_20260419_232329,1.0,10,5032,job
llm_train_mistral_7b_lora|e2b30e58_20260419_232842,1.0,10,5032,job
llm_train_phi3_mini_lora|5fb0d553_20260824_225222,1.0,10,5032,job
llm_train_qwen25_1p5b_lora|4f537ca3_20260419_222216,1.0,10,5032,job
llm_train_qwen25_1p5b_lora|f2ab89f9_20260824_221404,1.0,10,5032,job
llm_train_qwen25_3b_lora|46b96f38_20260419_224930,1.0,10,5032,job
mining_ethash_proxy|304ec693_20260420_003055,1.0,10,5032,job
mining_ethash_proxy|417dd7cd_20260420_002049,1.0,10,5032,job
mining_ethash_proxy|8c86200c_20260412_232321,1.0,10,5032,job
mining_ethash_proxy|b6f2e520_20260825_001133,1.0,10,5032,job
nbody_sim|b9568c1a_20260413_033202,1.0,1,5032,job
nbody_sim|e828c825_20260825_025405,1.0,10,5032,job
nvlink_p2p|7e14f65e_20260413_033435,1.0,1,5032,job
ppo_rlhf_r8_rep3|5a1e4c08_20260804_173443,1.0,10,5032,job
pytorch_mlp_cifar10|22fad3bd_20260825_021517,1.0,1,5032,job
pytorch_mlp_cifar10|2cd679aa_20260412_224117,1.0,2,5032,job
pytorch_mlp_cifar10|c7886665_20260412_222753,0.0,1,5032,job
pytorch_resnet_cifar10_amp_ext|0e16abc8_20260420_204227,1.0,5,5032,job
pytorch_resnet_cifar10_amp|29320233_20260825_073152,1.0,1,5032,job
pytorch_resnet_cifar10_amp|7184c09f_20260825_073235,1.0,1,5032,job
pytorch_resnet_cifar10_amp|7b05a6ae_20260825_021143,1.0,1,5032,job
pytorch_resnet_cifar10_amp|a2af05e4_20260825_020701,1.0,1,5032,job
pytorch_resnet_cifar10|71c3cb1a_20260825_020519,1.0,1,5032,job
pytorch_resnet_cifar10|94104fc8_20260412_223541,1.0,2,5032,job
rendering_proxy|5278c256_20260412_232321,1.0,10,5032,job
resnet50_inference|d120b7ba_20260825_024340,1.0,10,5032,job
symgemm_L0_fwd1_rep2|3c32c629_20260802_204034,1.0,10,5032,job
symgemm_L4_sgdfused_m8192_rep2|b0c570a7_20260802_210254,1.0,10,5032,job
symgemm_L4_sgdfused_rep2|a86d6744_20260802_200703,1.0,10,5032,job
symgemm_idle|06d5a273_20260802_173910,0.0,10,5032,job
symgemm_ppo_fused_r8_rep1|3a9327e2_20260803_002606,1.0,10,5032,job
symgemm_ppo_fused_r8_rep3|be11f759_20260803_013316,1.0,10,5032,job
training_dual_gpu_dp|multi_gpu_telemetry_gpu0,1.0,2,5032,job
training_single_gpu|training_single_gpu_gpu0_4f9586,1.0,1,5032,job
training_single_gpu|training_single_gpu_gpu1_a2ce5b,0.0,1,5032,job
whitebox_diluted_7b_N10_1h|f65c515b_20260727_121946,0.9,10,5032,job
whitebox_diluted_7b_N1_1h|5df04b7a_20260727_183421,0.9,10,5032,job
whitebox_diluted_N5|e9df56b8_20260725_202339,1.0,10,5032,job
whitebox_inference_3b_1h|ac7b2aaa_20260727_205044,0.0,10,5032,job
whitebox_lora_7b_N500_long|43be1ab2_20260726_203116,1.0,10,5032,job
whitebox_lora_7b_long|98ae0ecb_20260725_114106,1.0,10,5032,job
whitebox_lora_N10|c738d40d_20260725_203918,1.0,10,5032,job
whitebox_lora_N5|5d8cb134_20260725_210538,1.0,10,5032,job
whitebox_oracle|75298cf9_20260725_225503,1.0,10,5032,job
whitebox_oracle|ba2654c8_20260725_224635,1.0,10,5032,job
width_sweep_dp|width_sweep_dp_gpu0_a80bfa,1.0,1,5032,job
adversarial_E_memory_minimal|72186530_20260825_040712,1.0,10,5033,job
adversarial_F_interleave_30|7edc637e_20260825_042324,1.0,10,5033,job
adversarial_F_interleave_30|ff338fa1_20260412_230551,1.0,10,5033,job
adversarial_F_interleave_50|468ad378_20260825_042847,1.0,10,5033,job
adversarial_F_interleave_50|46a73a4e_20260725_234614,1.0,10,5033,job
adversarial_F_interleave_50|4cde77c0_20260726_003313,1.0,10,5033,job
adversarial_F_interleave_50|e70f6fc4_20260412_053508,1.0,10,5033,job
adversarial_H_mimicry_cufft|3d49af99_20260413_013919,1.0,10,5033,job
adversarial_H_mimicry_mining|26c55d63_20260412_230551,1.0,10,5033,job
adversarial_H_mimicry_mining|30dc1b59_20260412_053508,1.0,1,5033,job
adversarial_H_mimicry_mining|840df611_20260825_050635,1.0,10,5033,job
adversarial_H_mimicry_mining|bf6e3698_20260413_011721,1.0,10,5033,job
adversarial_I_stochastic_30|1319ffe7_20260726_002804,1.0,10,5033,job
adversarial_I_stochastic_30|18b857be_20260412_230551,1.0,1,5033,job
adversarial_I_stochastic_30|b5fea657_20260825_053857,1.0,10,5033,job
adversarial_J_pid_75|c205c1d2_20260413_014428,1.0,10,5033,job
adversarial_K_online_learning|3ca87735_20260825_060556,1.0,10,5033,job
adversarial_L_ddp_stagger_5|9018a40f5999_20260412_233540,1.0,80,5033,job
adversarial_L_diluted_10_mw8|2a0a1abb_20260726_170758,1.0,10,5033,job
adversarial_L_diluted_10|2c305d90_20260725_232752,1.0,10,5033,job
adversarial_L_diluted_10|9712fcda_20260825_065431,1.0,10,5033,job
adversarial_L_diluted_20|ee8eddb5_20260825_071042,1.0,10,5033,job
adversarial_L_diluted_5|05e951a9_20260825_063819,1.0,10,5033,job
adversarial_L_diluted_5|478eaec5_20260412_223541,1.0,10,5033,job
adversarial_training|0ff8862b_20260413_033352,1.0,1,5033,job
adversarial_training|b1c5e184_20260413_033330,0.0,1,5033,job
bert_finetune|2a2a5f3e_20260413_032846,1.0,1,5033,job
bert_sst2|19873577_20260412_224117,1.0,1,5033,job
bert_sst2|675c6c84_20260412_222753,1.0,2,5033,job
bert_sst2|906cb48d_20260825_021650,1.0,1,5033,job
cufft_benchmark|2cf468dc_20260421_013631,1.0,10,5033,job
cufft_benchmark|4bfa16e2_20260824_235047,1.0,10,5033,job
cufft_benchmark|7529bef2_20260824_233001,1.0,10,5033,job
cufft_benchmark|83e14a25_20260421_014638,1.0,10,5033,job
cufft_benchmark|a3a1b5b0_20260420_195136,1.0,10,5033,job
ddp_resnet18_cifar10|b6ee4dbc9fc2_20260412_225907,1.0,80,5033,job
fsdp_30b_nvlink|165add02433c_20260412_071335,1.0,8,5033,job
fsdp_30b_nvlink|2f237772ccc3_20260413_004957,0.9125,80,5033,job
fsdp_30b_nvlink|cb97612d27e1_20260412_074412,1.0,10,5033,job
fsdp_70b_adamw|e53e253f883d_20260413_012900,1.0,2,5033,job
fsdp_70b_nvlink|15cced21b9b1_20260413_012238,1.0,8,5033,job
fsdp_70b_nvlink|3e8e00c5f514_20260413_010753,1.0,80,5033,job
fsdp_70b_nvlink|c632fe2971fa_20260412_071411,1.0,8,5033,job
fsdp_70b_nvlink|c88e29e18a8a_20260413_010413,0.75,80,5033,job
fsdp_7b_nvlink|a2f8d14a4ed2_20260413_003114,0.975,80,5033,job
gpt2_finetune|eb4a005e_20260413_032908,1.0,1,5033,job
gpt2_wikitext2_amp_ext|ec2b4d42_20260420_202719,0.6666666666666666,3,5033,job
gpt2_wikitext2_ext|ab0d938a_20260420_203614,1.0,6,5033,job
gpt2_wikitext2|13f0dd2f_20260825_021915,1.0,2,5033,job
idle|03110fa2_20260824_232519,1.0,7,5033,job
idle|3a7e56ce_20260412_223541,1.0,7,5033,job
idle|9883933c_20260420_201152,1.0,7,5033,job
idle|f26e1461_20260419_233413,1.0,7,5033,job
idle|f63d327d_20260421_013426,1.0,7,5033,job
inference|inference_8fd998,1.0,1,5033,job
llm_infer_mistral_7b_q4|0546326b_20260420_015345,1.0,1,5033,job
llm_infer_mistral_7b_q4|177996c6_20260421_012908,0.9,10,5033,job
llm_infer_mistral_7b_q4|1aa4e562_20260825_004332,1.0,10,5033,job
llm_infer_mistral_7b_q4|280943b7_20260421_011827,1.0,10,5033,job
llm_infer_mistral_7b_q4|7dcec1a2_20260420_020500,0.9,10,5033,job
llm_infer_mistral_7b_q4|85d8feff_20260419_215354,1.0,1,5033,job
llm_infer_mistral_7b_q4|afe01b8f_20260419_205857,1.0,1,5033,job
llm_infer_mistral_7b_q4|b0506bd3_20260419_205916,1.0,1,5033,job
llm_infer_mistral_7b_q4|c36eab64_20260419_220847,1.0,1,5033,job
llm_infer_mistral_7b_q4|d52344f3_20260419_220856,1.0,1,5033,job
llm_infer_mixtral_8x7b|6d7f6e16_20260419_035827,1.0,10,5033,job
llm_infer_phi3_mini|52a2bd28_20260420_210319,1.0,10,5033,job
llm_infer_phi3_mini|aafcc35f_20260419_015203,1.0,10,5033,job
llm_infer_phi3_mini|e7151e88_20260420_205129,1.0,10,5033,job
llm_infer_phi3_mini|e7320dff_20260420_205804,0.9,10,5033,job
llm_infer_qwen25_14b_fp16|62b1513a_20260419_205946,1.0,1,5033,job
llm_infer_qwen25_32b_fp16|463349dc_20260420_000940,1.0,10,5033,job
llm_infer_qwen25_32b_fp16|54f1bd71_20260419_205959,1.0,1,5033,job
llm_infer_qwen25_32b_fp16|949b75e6_20260419_215643,1.0,10,5033,job
llm_infer_qwen25_32b_fp16|bb94db96_20260419_205955,1.0,1,5033,job
llm_infer_qwen25_3b_bs16|45cf0574_20260419_230842,1.0,10,5033,job
llm_infer_qwen25_3b_bs16|dfe991b8_20260420_215605,1.0,10,5033,job
llm_infer_qwen25_3b|59a892fe_20260419_020238,1.0,10,5033,job
llm_infer_qwen25_3b|f36beab2_20260419_214818,1.0,10,5033,job
llm_infer_qwen25_72b_fp8|b39fa450_20260419_042425,1.0,10,5033,job
llm_infer_qwen25_7b_fp16|4052c194_20260824_200842,1.0,10,5033,job
llm_infer_sdxl|81e16ec3_20260419_025634,1.0,10,5033,job
llm_infer_tinyllama_bs8|0c587cbd_20260419_022959,1.0,10,5033,job
llm_infer_tinyllama_bs8|efe8ddc5_20260419_021922,0.9,10,5033,job
llm_infer_tinyllama_seq4096|eac7968c_20260419_224733,1.0,10,5033,job
llm_infer_vit_l_bs64|38e37d2f_20260419_034355,1.0,10,5033,job
llm_train_phi3_mini_lora|38657ab0_20260419_231116,1.0,10,5033,job
llm_train_phi3_mini_lora|5fb0d553_20260824_225222,1.0,10,5033,job
llm_train_phi3_mini_lora|61242a7d_20260419_225953,1.0,10,5033,job
llm_train_qwen25_1p5b_lora|8a368ac5_20260824_220307,1.0,10,5033,job
llm_train_qwen25_1p5b_lora|e0c86e62_20260824_220836,1.0,10,5033,job
llm_train_qwen25_3b_lora|66980709_20260824_223555,1.0,10,5033,job
llm_train_smollm2_1p7b_lora|896b1640_20260824_223027,1.0,10,5033,job
mining_ethash_proxy|59292457_20260420_001044,1.0,10,5033,job
mining_ethash_proxy|c56e618e_20260412_224732,1.0,10,5033,job
nbody_sim|bf32f0fa_20260413_033224,1.0,1,5033,job
nbody_sim|nbody_sim_d50046,1.0,1,5033,job
nvlink_latency|nvlink_latency_gpu0_5aa1ba,1.0,1,5033,job
ppo_rlhf_r32_rep1|2b37c1ae_20260804_170110,1.0,10,5033,job
pytorch_mlp_cifar10|c7886665_20260412_222753,0.0,1,5033,job
pytorch_resnet_cifar10_amp|1f7efb5a_20260825_021236,1.0,1,5033,job
pytorch_resnet_cifar10_amp|964987b7_20260825_021328,1.0,1,5033,job
pytorch_resnet_cifar10_amp|a2af05e4_20260825_020701,1.0,1,5033,job
pytorch_resnet_cifar10_amp|e9662cc3_20260412_223541,1.0,3,5033,job
pytorch_resnet_cifar10|0de6fc56_20260825_020340,1.0,1,5033,job
pytorch_resnet_cifar10|1c3ed317_20260825_020430,1.0,1,5033,job
rendering|rendering_33f139,0.0,1,5033,job
resnet50_inference|0464d734_20260825_022250,1.0,10,5033,job
resnet_fp32|resnet_fp32_d1d694,1.0,1,5033,job
resnet_fp32|resnet_fp32_f7ebcf,1.0,1,5033,job
symgemm_L0_fwd1_rep1|7e021360_20260802_181845,1.0,10,5033,job
symgemm_L0_fwd1_rep2|3c32c629_20260802_204034,1.0,10,5033,job
symgemm_L0_fwd1_rep3|0ad604b3_20260802_223527,1.0,10,5033,job
symgemm_L3_graddiscard_rep3|3abcefec_20260802_224637,1.0,10,5033,job
symgemm_L4_sgdfused_long1b_rep1|e77f32f2_20260803_062646,0.8,10,5033,job
symgemm_L4_sgdfused_rep2|a86d6744_20260802_200703,1.0,10,5033,job
symgemm_L4_sgdfused_rep3|719fe5b8_20260802_220158,0.8,10,5033,job
symgemm_L5_adam_rep2|498da780_20260802_202923,1.0,10,5033,job
symgemm_ppo_fused_r8_rep1|3a9327e2_20260803_002606,1.0,10,5033,job
symgemm_ppo_fused_r8_rep2|ab3e57f5_20260803_005942,1.0,10,5033,job
training_dual_gpu_dp|training_dual_gpu_dp_gpu0_e63285,1.0,1,5033,job
whitebox_diluted_1b_N1_1h|e9c0ff07_20260727_235850,1.0,10,5033,job
whitebox_diluted_7b_N1_1h|5df04b7a_20260727_183421,1.0,10,5033,job
whitebox_inference_1b_matched|c6927996_20260728_061814,0.8,10,5033,job
whitebox_inference_3b_1h|ac7b2aaa_20260727_205044,0.9,10,5033,job
whitebox_inference_7b_2h|2c53509d_20260727_215058,0.9,10,5033,job
whitebox_lora_7b_N500_long|43be1ab2_20260726_203116,1.0,10,5033,job
whitebox_lora_N10_long|58e5a6e6_20260724_215116,1.0,10,5033,job
whitebox_oracle|ba2654c8_20260725_224635,1.0,10,5033,job
width_sweep_dp|width_sweep_dp_gpu1_cd4011,1.0,1,5033,job
adversarial_F_interleave_30|a1e40da7_20260825_041236,1.0,10,5034,job
adversarial_F_interleave_30|df47671a_20260825_041800,1.0,10,5034,job
adversarial_F_interleave_50|972b5cb1_20260412_230551,1.0,1,5034,job
adversarial_G_clock_throttled|d38b3081_20260412_053508,1.0,10,5034,job
adversarial_H_mimicry_mining|26c55d63_20260412_230551,1.0,10,5034,job
adversarial_H_mimicry_mining|88fd4004_20260825_050111,1.0,10,5034,job
adversarial_I_stochastic_30|0790698e_20260726_000437,0.9,10,5034,job
adversarial_J_pid_75|ddd52b74_20260825_055509,1.0,10,5034,job
adversarial_L_ddp_10|4f087fae7c56_20260412_233011,1.0,80,5034,job
adversarial_L_ddp_5|a9a551652c04_20260412_235905,1.0,80,5034,job
adversarial_L_ddp_stagger_5|8e9728362385_20260412_064206,1.0,80,5034,job
adversarial_L_diluted_10|03656a60_20260825_065954,1.0,10,5034,job
adversarial_L_diluted_20|405a7452_20260412_223541,1.0,10,5034,job
adversarial_L_diluted_20|ee8eddb5_20260825_071042,1.0,10,5034,job
adversarial_L_diluted_2|0e8e28c2_20260825_062208,1.0,10,5034,job
adversarial_L_diluted_2|316523f7_20260412_231132,1.0,10,5034,job
adversarial_L_diluted_5|2471d189_20260412_231132,1.0,10,5034,job
bert_sst2_amp|49d3ba57_20260412_224117,1.0,1,5034,job
bert_sst2|19873577_20260412_224117,1.0,1,5034,job
cufft_benchmark|f97558fa_20260412_231705,1.0,10,5034,job
fsdp_13b_nvlink|0b39d5a9bdb4_20260413_003641,1.0,80,5034,job
fsdp_13b_nvlink|943b54f5deb5_20260412_071300,1.0,80,5034,job
fsdp_70b_nvlink|15cced21b9b1_20260413_012238,1.0,8,5034,job
fsdp_70b_seq512_nvlink|78349b23d251_20260413_013913,1.0,80,5034,job
gpt2_finetune|f22ba689_20260413_032930,1.0,1,5034,job
gpt2_wikitext2_amp_ext|058cfbc9_20260420_204849,0.5,2,5034,job
gpt2_wikitext2_amp_ext|ec2b4d42_20260420_202719,0.3333333333333333,3,5034,job
gpt2_wikitext2_amp_ext|f609adef_20260420_203807,1.0,2,5034,job
gpt2_wikitext2_ext|7a20f073_20260420_204656,1.0,6,5034,job
gpt2_wikitext2|3a8eee76_20260825_022139,1.0,2,5034,job
gpt2_wikitext2|60a1ee17_20260825_022027,1.0,2,5034,job
idle|5edd7d6c_20260413_032703,1.0,1,5034,job
idle|9689d8b0_20260413_032720,1.0,1,5034,job
idle|9c0d0d21_20260824_232740,1.0,7,5034,job
idle|idle_e3e53d,1.0,1,5034,job
llm_infer_mistral_7b_q4|0f8555a9_20260825_003220,1.0,10,5034,job
llm_infer_mistral_7b_q4|199b8710_20260825_074125,1.0,10,5034,job
llm_infer_mistral_7b_q4|24353de9_20260420_015430,0.9,10,5034,job
llm_infer_mistral_7b_q4|280943b7_20260421_011827,1.0,10,5034,job
llm_infer_mistral_7b_q4|5841de91_20260419_210239,1.0,1,5034,job
llm_infer_mistral_7b_q4|7936d649_20260419_220948,0.0,2,5034,job
llm_infer_mistral_7b_q4|793c412e_20260420_010538,1.0,10,5034,job
llm_infer_mistral_7b_q4|9e359ed7_20260825_003757,1.0,10,5034,job
llm_infer_mistral_7b_q4|b8b0e618_20260420_005449,1.0,10,5034,job
llm_infer_mistral_7b_q4|e81dfe47_20260420_015946,1.0,10,5034,job
llm_infer_mixtral_8x7b|74ae4709_20260421_001937,1.0,10,5034,job
llm_infer_phi3_mini|4d756fdb_20260419_014632,1.0,10,5034,job
llm_infer_qwen25_14b_fp16|0467d4a3_20260824_212608,1.0,10,5034,job
llm_infer_qwen25_14b_fp16|85bf5790_20260419_205937,1.0,1,5034,job
llm_infer_qwen25_14b_fp16|c2bcc1e0_20260419_213116,1.0,10,5034,job
llm_infer_qwen25_32b_fp16|c89b4098_20260419_214232,0.7,10,5034,job
llm_infer_qwen25_32b_fp16|dffbfb17_20260421_030111,0.9,10,5034,job
llm_infer_qwen25_3b_bs16|dfe991b8_20260420_215605,1.0,10,5034,job
llm_infer_qwen25_3b_bs4|16c726fc_20260419_222104,1.0,10,5034,job
llm_infer_qwen25_3b_bs4|aa80c128_20260420_213501,1.0,10,5034,job
llm_infer_qwen25_3b|372a1387_20260420_212426,1.0,10,5034,job
llm_infer_qwen25_3b|df5ce46a_20260419_020809,1.0,10,5034,job
llm_infer_qwen25_72b_fp16|d793b310_20260421_003349,1.0,10,5034,job
llm_infer_qwen25_72b_fp8|36625af8_20260420_235243,1.0,10,5034,job
llm_infer_qwen25_72b_fp8|4bc4cd75_20260420_234536,0.9,10,5034,job
llm_infer_qwen25_72b_fp8|78a77a8b_20260420_235909,1.0,10,5034,job
llm_infer_qwen25_72b_tp2|11ae41c37687_20260419_045923,1.0,20,5034,job
llm_infer_qwen25_7b_fp16|abd7cc9c_20260420_230458,1.0,10,5034,job
llm_infer_sdxl|3761f92b_20260419_223705,0.9,10,5034,job
llm_infer_sdxl|81d0af5a_20260419_030149,0.0,10,5034,job
llm_infer_sdxl|827523c5_20260420_223333,1.0,10,5034,job
llm_infer_sdxl|f3c09865_20260419_025108,0.0,10,5034,job
llm_infer_tinyllama_bs8|00313478_20260419_215951,1.0,10,5034,job
llm_infer_tinyllama_bs8|ecdf6ee5_20260420_220215,1.0,10,5034,job
llm_infer_tinyllama_bs8|efe8ddc5_20260419_021922,0.9,10,5034,job
llm_infer_tinyllama_seq4096|ac0a588a_20260419_031732,1.0,10,5034,job
llm_infer_vit_l_bs64|7be29623_20260420_224924,1.0,10,5034,job
llm_train_mistral_7b_lora|e2b30e58_20260419_232842,1.0,10,5034,job
llm_train_phi3_mini_lora|5fb0d553_20260824_225222,1.0,10,5034,job
llm_train_qwen25_1p5b_lora|2a4e8583_20260419_221125,0.9,10,5034,job
llm_train_qwen25_1p5b_lora|e0c86e62_20260824_220836,1.0,10,5034,job
llm_train_qwen25_1p5b_lora|f2ab89f9_20260824_221404,1.0,10,5034,job
mining_ethash_proxy|3cac048c_20260825_000110,1.0,10,5034,job
mining_ethash_proxy|59292457_20260420_001044,1.0,10,5034,job
mining_ethash_proxy|814335b9_20260421_020654,1.0,10,5034,job
mining_ethash_proxy|b5c42733_20260825_002157,1.0,10,5034,job
mining_ethash_proxy|fad55191_20260421_015646,0.9,10,5034,job
modern_inference|165eedde_20260413_033036,1.0,1,5034,job
nbody_sim|6c13c5ae_20260825_030429,1.0,10,5034,job
nbody_sim|bf32f0fa_20260413_033224,1.0,1,5034,job
nbody_sim|nbody_sim_c0054d,1.0,1,5034,job
nvlink_latency|nvlink_latency_gpu1_3ab445,1.0,1,5034,job
ppo_rlhf_r8_rep2|4735a4fb_20260804_171221,1.0,10,5034,job
ppo_rlhf_r8_rep3|5a1e4c08_20260804_173443,1.0,10,5034,job
pytorch_mlp_cifar10|2cd679aa_20260412_224117,1.0,2,5034,job
pytorch_resnet_cifar10_amp|7184c09f_20260825_073235,1.0,1,5034,job
pytorch_resnet_cifar10_amp|8ab3bfd2_20260825_020754,1.0,1,5034,job
pytorch_resnet_cifar10_amp|e9662cc3_20260412_223541,1.0,3,5034,job
pytorch_resnet_cifar10_amp|fcd1f0dc_20260825_073317,1.0,1,5034,job
pytorch_resnet_cifar10|0d79ee94_20260825_005047,0.0,10,5034,job
pytorch_resnet_cifar10|30653101_20260412_231132,1.0,3,5034,job
pytorch_resnet_cifar10|71c3cb1a_20260825_020519,1.0,1,5034,job
rendering_proxy|307d16fe_20260825_032515,1.0,10,5034,job
rendering_proxy|5278c256_20260412_232321,1.0,10,5034,job
rendering|rendering_33f139,0.0,1,5034,job
resnet50_inference|0464d734_20260825_022250,1.0,10,5034,job
resnet50_inference|277c9073_20260825_023315,1.0,10,5034,job
resnet50_inference|ee8f3e1f_20260412_224117,0.9,10,5034,job
resnet_amp|resnet_amp_efa494,1.0,1,5034,job
resnet_fp32|resnet_fp32_f7ebcf,1.0,1,5034,job
symgemm_L1_fwd3_rep4|cbddae2b_20260802_230858,1.0,10,5034,job
symgemm_L3_graddiscard_rep1|f12dea2b_20260802_182955,0.0,10,5034,job
symgemm_L3_graddiscard_rep2|eaf8a014_20260802_205144,0.0,10,5034,job
symgemm_L4_sgdfused_m8192_rep1|e3f3bb2f_20260802_184108,1.0,10,5034,job
symgemm_L4_sgdfused_m8192_rep2|b0c570a7_20260802_210254,0.9,10,5034,job
symgemm_L4_sgdfused_rep2|a86d6744_20260802_200703,1.0,10,5034,job
symgemm_L4_sgdfused_short7b_rep1|2f4f2eb2_20260803_072657,0.9,10,5034,job
symgemm_L5_adam_rep2|498da780_20260802_202923,1.0,10,5034,job
symgemm_decode_g256_rep1|37d9b353_20260803_004828,0.0,10,5034,job
symgemm_ppo_fused_r32_rep1|52af0173_20260803_003717,1.0,10,5034,job
symgemm_ppo_fused_r8_rep1|3a9327e2_20260803_002606,1.0,10,5034,job
training_dual_gpu_dp|training_dual_gpu_dp_gpu1_278acd,1.0,1,5034,job
training_dual_gpu_dp|training_dual_gpu_dp_gpu1_d95db4,1.0,1,5034,job
training_single_gpu|single_gpu_telemetry,1.0,1,5034,job
whitebox_diluted_7b_N1_1h|5df04b7a_20260727_183421,1.0,10,5034,job
whitebox_diluted_N20|2b6c90aa_20260725_200743,1.0,10,5034,job
whitebox_inference_3b_1h|ac7b2aaa_20260727_205044,0.9,10,5034,job
whitebox_inference|f59e111e_20260725_194134,1.0,10,5034,job
whitebox_lora_3b_N1_rep2|71e45f69_20260728_030033,1.0,10,5034,job
whitebox_lora_7b_long|98ae0ecb_20260725_114106,1.0,10,5034,job
whitebox_lora_7b_pilot_N7|b7b290a9_20260726_125420,1.0,10,5034,job
whitebox_lora_N10|00ea9b4c_20260725_211603,1.0,10,5034,job
whitebox_lora_N20|b5e22ab8_20260725_212628,1.0,10,5034,job
whitebox_lora_N20|fa5f7994_20260725_204944,1.0,10,5034,job
whitebox_oracle_7b_long|dd20b782_20260726_181838,1.0,10,5034,job
adversarial_E_memory_minimal|72186530_20260825_040712,1.0,10,5035,job
adversarial_F_interleave_30|42e0d626_20260412_223016,1.0,10,5035,job
adversarial_F_interleave_30|ff338fa1_20260412_230551,1.0,10,5035,job
adversarial_G_clock_throttled|d38b3081_20260412_053508,1.0,10,5035,job
adversarial_H_mimicry_mining|88fd4004_20260825_050111,1.0,10,5035,job
adversarial_I_stochastic_30|3978f906_20260825_053334,1.0,10,5035,job
adversarial_I_stochastic_30|650fb51f_20260412_223016,1.0,10,5035,job
adversarial_J_pid_75|cf944e31_20260412_230551,1.0,1,5035,job
adversarial_K_ddp_accum_8|73431dec5f44_20260412_234640,1.0,80,5035,job
adversarial_K_ddp|2b7d13785ecf_20260412_231725,1.0,80,5035,job
adversarial_K_online_learning|5e90b4fe_20260412_223541,1.0,10,5035,job
adversarial_L_ddp_10|a3adf2258b52_20260412_063635,1.0,80,5035,job
adversarial_L_ddp_stagger_5|2739e0598ddb_20260413_001154,1.0,80,5035,job
adversarial_L_ddp_stagger_5|8e9728362385_20260412_064206,1.0,80,5035,job
adversarial_L_diluted_10|7a3fb3e9_20260825_070518,1.0,10,5035,job
adversarial_L_diluted_10|9712fcda_20260825_065431,1.0,10,5035,job
adversarial_L_diluted_20|c504ec15_20260726_002055,1.0,10,5035,job
adversarial_L_diluted_2|316523f7_20260412_231132,1.0,10,5035,job
bert_sst2_amp_ext|7d5929da_20260420_202928,1.0,1,5035,job
bert_sst2_amp|49d3ba57_20260412_224117,1.0,1,5035,job
cufft_benchmark|83e14a25_20260421_014638,1.0,10,5035,job
cufft_benchmark|a3a1b5b0_20260420_195136,1.0,10,5035,job
ddp_resnet18_cifar10|b6ee4dbc9fc2_20260412_225907,1.0,80,5035,job
fsdp_70b_adamw|e53e253f883d_20260413_012859,1.0,6,5035,job
fsdp_70b_nvlink|3e8e00c5f514_20260413_010753,1.0,80,5035,job
fsdp_70b_nvlink|c632fe2971fa_20260412_071411,1.0,8,5035,job
gpt2_finetune|cfe318c2_20260413_032930,0.0,1,5035,job
gpt2_finetune|eb4a005e_20260413_032908,1.0,1,5035,job
gpt2_finetune|f22ba689_20260413_032930,0.0,1,5035,job
gpt2_wikitext2_ext|7a20f073_20260420_204656,1.0,6,5035,job
gpt2_wikitext2_ext|daa304a2_20260421_011634,1.0,6,5035,job
gpt2_wikitext2|1f4b6ea6_20260412_231705,1.0,3,5035,job
idle|395fbdc4_20260413_032720,1.0,1,5035,job
idle|9883933c_20260420_201152,1.0,7,5035,job
idle|dd455a95_20260824_171422,1.0,7,5035,job
idle|f26e1461_20260419_233413,1.0,7,5035,job
idle|idle_e3e53d,1.0,1,5035,job
llm_infer_mistral_7b_q4|0546326b_20260420_015345,1.0,1,5035,job
llm_infer_mistral_7b_q4|1039bea2_20260825_074800,1.0,10,5035,job
llm_infer_mistral_7b_q4|85d8feff_20260419_215354,1.0,1,5035,job
llm_infer_mistral_7b_q4|b0506bd3_20260419_205916,1.0,1,5035,job
llm_infer_mistral_7b_q4|bd933593_20260419_221051,1.0,1,5035,job
llm_infer_mistral_7b_q4|dbde8feb_20260419_210231,1.0,1,5035,job
llm_infer_mixtral_8x7b|6d7f6e16_20260419_035827,1.0,10,5035,job
llm_infer_mixtral_8x7b|a79f0a84_20260419_040511,1.0,10,5035,job
llm_infer_phi3_mini|d0a32c71_20260419_213210,1.0,10,5035,job
llm_infer_qwen25_14b_fp16|085bd1c8_20260420_000301,1.0,10,5035,job
llm_infer_qwen25_14b_fp16|2e76122c_20260419_212144,0.6,10,5035,job
llm_infer_qwen25_14b_fp16|85bf5790_20260419_205937,1.0,1,5035,job
llm_infer_qwen25_14b_fp16|a5960172_20260420_232931,1.0,10,5035,job
llm_infer_qwen25_14b_fp16|c2bcc1e0_20260419_213116,1.0,10,5035,job
llm_infer_qwen25_14b_fp16|e481b484_20260419_234859,1.0,10,5035,job
llm_infer_qwen25_32b_fp16|7efd8ad1_20260419_220234,1.0,10,5035,job
llm_infer_qwen25_32b_fp16|cbe6294b_20260824_215701,1.0,10,5035,job
llm_infer_qwen25_32b_fp16|d008e2dd_20260419_205950,1.0,1,5035,job
llm_infer_qwen25_32b_fp16|dffbfb17_20260421_030111,0.8,10,5035,job
llm_infer_qwen25_3b_bs16|22ecde82_20260419_032802,1.0,10,5035,job
llm_infer_qwen25_3b_bs16|dfe991b8_20260420_215605,1.0,10,5035,job
llm_infer_qwen25_3b_bs4|16c726fc_20260419_222104,1.0,10,5035,job
llm_infer_qwen25_72b_fp16|1d53cfd5_20260421_004034,1.0,10,5035,job
llm_infer_qwen25_72b_fp16|aaa06495_20260421_002643,1.0,10,5035,job
llm_infer_qwen25_72b_fp8|36625af8_20260420_235243,1.0,10,5035,job
llm_infer_qwen25_72b_fp8|8ae2fbd4_20260420_004029,0.9,10,5035,job
llm_infer_qwen25_72b_fp8|b39fa450_20260419_042425,1.0,10,5035,job
llm_infer_qwen25_72b_fp8|cd098693_20260420_004709,0.9,10,5035,job
llm_infer_qwen25_72b_tp2|173cf665d203_20260419_044435,0.9,10,5035,job
llm_infer_qwen25_7b_fp16|abd7cc9c_20260420_230458,0.9,10,5035,job
llm_infer_qwen25_7b_fp16|f6638e51_20260419_211613,1.0,10,5035,job
llm_infer_tinyllama_seq4096|026a1f9a_20260420_221753,1.0,10,5035,job
llm_infer_tinyllama_seq4096|72177ae6_20260419_031218,1.0,10,5035,job
llm_infer_tinyllama_seq4096|ac0a588a_20260419_031732,1.0,10,5035,job
llm_infer_vit_l_bs64|38e37d2f_20260419_034355,1.0,10,5035,job
llm_infer_vit_l_bs64|5e01a928_20260419_034907,1.0,10,5035,job
llm_infer_vit_l_bs64|fde5cf55_20260420_225435,1.0,10,5035,job
llm_train_mistral_7b_lora|8af16eaa_20260824_231421,1.0,10,5035,job
llm_train_mistral_7b_lora|e954b9ae_20260824_231951,1.0,10,5035,job
llm_train_phi3_mini_lora|38657ab0_20260419_231116,1.0,10,5035,job
llm_train_phi3_mini_lora|4bf06f5e_20260824_225752,1.0,10,5035,job
llm_train_qwen25_1p5b_lora|2a4e8583_20260419_221125,0.9,10,5035,job
llm_train_smollm2_1p7b_lora|2958dde3_20260824_221932,1.0,10,5035,job
mining_ethash_proxy|417dd7cd_20260420_002049,1.0,10,5035,job
mining_ethash_proxy|59292457_20260420_001044,1.0,10,5035,job
mining_ethash_proxy|814335b9_20260421_020654,1.0,10,5035,job
mining_ethash_proxy|8c86200c_20260412_232321,1.0,10,5035,job
mining_ethash_proxy|fad55191_20260421_015646,1.0,10,5035,job
nbody_sim|e90ecd1d_20260825_031452,1.0,10,5035,job
nvlink_bandwidth|nvlink_bandwidth_gpu0_0eb88f,1.0,1,5035,job
nvlink_latency|nvlink_latency_gpu0_1c6087,1.0,1,5035,job
nvlink_latency|nvlink_latency_gpu0_5aa1ba,0.0,1,5035,job
ppo_rlhf_r32_rep2|580ad642_20260804_172333,1.0,10,5035,job
ppo_rlhf_r8_rep3|5a1e4c08_20260804_173443,1.0,10,5035,job
pytorch_mlp_cifar10_ext|91abd671_20260420_204403,1.0,10,5035,job
pytorch_mlp_cifar10|c7886665_20260412_222753,0.0,1,5035,job
pytorch_resnet_cifar10_amp|7b05a6ae_20260825_021143,1.0,1,5035,job
pytorch_resnet_cifar10_amp|7e69c6dd_20260825_021041,1.0,1,5035,job
pytorch_resnet_cifar10_amp|e9662cc3_20260412_223541,1.0,3,5035,job
pytorch_resnet_cifar10_amp|f1be0dfb_20260825_020609,1.0,1,5035,job
pytorch_resnet_cifar10_ext|76d6663a_20260420_203006,1.0,6,5035,job
pytorch_resnet_cifar10|30653101_20260412_231132,1.0,3,5035,job
pytorch_training|1540ec8b_20260413_032737,1.0,1,5035,job
rendering_proxy|307d16fe_20260825_032515,1.0,10,5035,job
resnet50_inference|277c9073_20260825_023315,1.0,10,5035,job
resnet50_inference|f65b4403_20260413_033014,0.0,1,5035,job
resnet_fp32|resnet_fp32_b4973a,1.0,1,5035,job
scientific_hpc|2369d03f_20260413_033308,1.0,1,5035,job
scientific_hpc|3cf03b97_20260413_033308,1.0,1,5035,job
symgemm_L0_fwd1_rep1|7e021360_20260802_181845,1.0,10,5035,job
symgemm_L0_fwd1_rep3|0ad604b3_20260802_223527,1.0,10,5035,job
symgemm_L1_fwd3_m8192_rep2|e044c3fe_20260802_211404,0.8,10,5035,job
symgemm_L3_graddiscard_rep4|7a0468e5_20260802_234229,0.9,10,5035,job
symgemm_L4_sgdfused_7b_rep1|d75e1ca4_20260802_212515,1.0,10,5035,job
symgemm_L4_sgdfused_m8192_rep2|b0c570a7_20260802_210254,1.0,10,5035,job
symgemm_ppo_fused_r8_rep1|3a9327e2_20260803_002606,1.0,10,5035,job
symgemm_ppo_fused_r8_rep3|be11f759_20260803_013316,1.0,10,5035,job
training_dual_gpu_dp|training_dual_gpu_dp_gpu0_e63285,1.0,1,5035,job
training_single_gpu|single_gpu_telemetry,1.0,1,5035,job
training_single_gpu|training_single_gpu_gpu0_4f9586,0.0,1,5035,job
training_single_gpu|training_single_gpu_gpu1_a2ce5b,0.0,1,5035,job
whitebox_diluted_7b_N10_1h|f65c515b_20260727_121946,1.0,10,5035,job
whitebox_diluted_N10|e6a6ba30_20260725_195717,1.0,10,5035,job
whitebox_diluted_N20|6305ed40_20260725_204431,1.0,10,5035,job
whitebox_diluted_N20|d8b176f8_20260725_212116,1.0,10,5035,job
whitebox_lora_7b_N3_1h|1291fbf0_20260727_132029,1.0,10,5035,job
whitebox_lora_7b_N500_long|43be1ab2_20260726_203116,0.8,10,5035,job
whitebox_lora_7b_long|98ae0ecb_20260725_114106,0.9,10,5035,job
whitebox_lora_7b_pilot_N5|8d4c0881_20260726_121646,1.0,10,5035,job
whitebox_lora_7b_pilot_N7|b7b290a9_20260726_125420,1.0,10,5035,job
whitebox_lora_N10|c738d40d_20260725_203918,1.0,10,5035,job
whitebox_lora_N20|b5e22ab8_20260725_212628,1.0,10,5035,job
whitebox_lora_N5|25cd8989_20260725_195205,1.0,10,5035,job
adversarial_F_interleave_30|ff338fa1_20260412_230551,1.0,10,5036,job
adversarial_G_clock_throttled|8a017bab_20260412_223016,1.0,10,5036,job
adversarial_H_mimicry_mining|30dc1b59_20260412_053508,1.0,1,5036,job
adversarial_H_mimicry_mining|840df611_20260825_050635,1.0,10,5036,job
adversarial_I_stochastic_30|1319ffe7_20260726_002804,1.0,10,5036,job
adversarial_I_stochastic_30|15190e45_20260725_234104,0.9,10,5036,job
adversarial_K_ddp_accum_8|4e915a9d238b_20260412_065453,1.0,80,5036,job
adversarial_K_ddp_accum_8|73431dec5f44_20260412_234640,1.0,80,5036,job
adversarial_K_online_learning|3ca87735_20260825_060556,1.0,10,5036,job
adversarial_K_online_learning|da312bfa_20260412_054054,1.0,10,5036,job
adversarial_L_ddp_10|a3adf2258b52_20260412_063635,1.0,80,5036,job
adversarial_L_ddp_5|a9a551652c04_20260412_235905,1.0,80,5036,job
adversarial_L_ddp_stagger_5|8e9728362385_20260412_064206,1.0,80,5036,job
adversarial_L_diluted_10_mw8|453df7c0_20260726_170248,1.0,10,5036,job
adversarial_L_diluted_10|5904fb3d_20260412_223541,1.0,10,5036,job
adversarial_L_diluted_10|8d5f2101_20260725_235123,1.0,10,5036,job
adversarial_L_diluted_200_mw8|fd4fadc3_20260726_171819,1.0,10,5036,job
adversarial_L_diluted_20|1746ff55_20260412_054054,1.0,10,5036,job
adversarial_L_diluted_20|2a9e51e9_20260725_235723,1.0,10,5036,job
adversarial_L_diluted_20|405a7452_20260412_223541,1.0,10,5036,job
adversarial_L_diluted_20|c504ec15_20260726_002055,1.0,10,5036,job
adversarial_L_diluted_2|0e8e28c2_20260825_062208,1.0,10,5036,job
adversarial_L_diluted_5|5e0891fb_20260412_054054,1.0,10,5036,job
adversarial_training|b1c5e184_20260413_033330,0.0,1,5036,job
batch_size_sweep_dp|batch_size_sweep_dp_gpu0_2c05fa,0.0,1,5036,job
batch_size_sweep_dp|batch_size_sweep_dp_gpu1_f04813,0.0,1,5036,job
bert_finetune|d969416f_20260413_032846,1.0,1,5036,job
bert_sst2_amp_ext|7d5929da_20260420_202928,1.0,1,5036,job
bert_sst2_ext|49545bf6_20260420_204947,1.0,3,5036,job
bert_sst2|0a64dc16_20260825_021827,1.0,1,5036,job
bert_sst2|19873577_20260412_224117,1.0,1,5036,job
cufft_benchmark|7eb3b0fd_20260420_000038,1.0,10,5036,job
cufft_benchmark|fa1982fd_20260419_234026,1.0,10,5036,job
cufft_hpc|cufft_hpc_58ecd2,1.0,1,5036,job
ddp_resnet50_cifar10|9fc805ce081e_20260412_234039,1.0,80,5036,job
fsdp_30b_nvlink|2f237772ccc3_20260413_004957,1.0,80,5036,job
fsdp_70b_sgd_momentum|465819c33b0c_20260413_012319,1.0,80,5036,job
fsdp_7b_nvlink|a2f8d14a4ed2_20260413_003114,1.0,80,5036,job
gpt2_finetune|eb4a005e_20260413_032908,1.0,1,5036,job
gpt2_wikitext2_amp_ext|f609adef_20260420_203807,1.0,2,5036,job
gpt2_wikitext2_ext|daa304a2_20260421_011634,1.0,6,5036,job
idle|5edd7d6c_20260413_032703,1.0,1,5036,job
idle|9689d8b0_20260413_032720,1.0,1,5036,job
idle|b37a89ff_20260824_180358,1.0,7,5036,job
idle|d840e0b6_20260824_171640,1.0,7,5036,job
idle|dd455a95_20260824_171422,1.0,7,5036,job
idle|f63d327d_20260421_013426,1.0,7,5036,job
llm_infer_deepseek_v3_tp8|30d7ed7e6e81_20260419_013711,1.0,80,5036,job
llm_infer_mistral_7b_q4|0f8555a9_20260825_003220,1.0,10,5036,job
llm_infer_mistral_7b_q4|1039bea2_20260825_074800,1.0,10,5036,job
llm_infer_mistral_7b_q4|280943b7_20260421_011827,1.0,10,5036,job
llm_infer_mistral_7b_q4|5841de91_20260419_210239,1.0,1,5036,job
llm_infer_mistral_7b_q4|7936d649_20260419_220948,0.5,2,5036,job
llm_infer_mistral_7b_q4|c36eab64_20260419_220847,1.0,1,5036,job
llm_infer_mistral_7b_q4|eff20385_20260419_205907,1.0,1,5036,job
llm_infer_mixtral_8x7b|6d7f6e16_20260419_035827,1.0,10,5036,job
llm_infer_phi3_mini|745171c6_20260419_015720,1.0,10,5036,job
llm_infer_phi3_mini|e0bd0272_20260419_212652,1.0,10,5036,job
llm_infer_phi3_mini|e7320dff_20260420_205804,0.9,10,5036,job
llm_infer_qwen25_14b_fp16|85bf5790_20260419_205937,1.0,1,5036,job
llm_infer_qwen25_14b_fp16|98601a67_20260824_213822,1.0,10,5036,job
llm_infer_qwen25_32b_fp16|bb94db96_20260419_205955,1.0,1,5036,job
llm_infer_qwen25_32b_fp16|d008e2dd_20260419_205950,1.0,1,5036,job
llm_infer_qwen25_3b_bs4|32bdfeb6_20260419_024034,1.0,10,5036,job
llm_infer_qwen25_3b|59a892fe_20260419_020238,1.0,10,5036,job
llm_infer_qwen25_72b_fp8|1949bd09_20260420_003236,1.0,10,5036,job
llm_infer_qwen25_72b_fp8|4bc4cd75_20260420_234536,1.0,10,5036,job
llm_infer_qwen25_72b_fp8|78a77a8b_20260420_235909,1.0,10,5036,job
llm_infer_qwen25_72b_tp2|173cf665d203_20260419_044434,1.0,10,5036,job
llm_infer_qwen25_7b_fp16|0c4a3bb2_20260824_212015,1.0,10,5036,job
llm_infer_qwen25_7b_fp16|4052c194_20260824_200842,1.0,10,5036,job
llm_infer_qwen25_7b_fp16|4f69bded_20260824_200743,1.0,1,5036,job
llm_infer_qwen25_7b_fp16|730da3ab_20260419_234250,1.0,10,5036,job
llm_infer_sdxl|43c64a98_20260420_224406,1.0,10,5036,job
llm_infer_sdxl|5477dea8_20260419_223149,1.0,10,5036,job
llm_infer_sdxl|adc8a3d2_20260419_222624,1.0,10,5036,job
llm_infer_tinyllama_bs8|00313478_20260419_215951,1.0,10,5036,job
llm_infer_tinyllama_bs8|ce7d83fd_20260419_022445,1.0,10,5036,job
llm_infer_tinyllama_bs8|fd185e9d_20260420_220729,1.0,10,5036,job
llm_infer_tinyllama_seq4096|72177ae6_20260419_031218,1.0,10,5036,job
llm_infer_vit_l_bs64|5e01a928_20260419_034907,1.0,10,5036,job
llm_infer_vit_l_bs64|7be29623_20260420_224924,1.0,10,5036,job
llm_infer_vit_l_bs64|fde5cf55_20260420_225435,1.0,10,5036,job
llm_train_phi3_mini_lora|38657ab0_20260419_231116,1.0,10,5036,job
llm_train_phi3_mini_lora|5fb0d553_20260824_225222,1.0,10,5036,job
llm_train_qwen25_3b_lora|66980709_20260824_223555,0.9,10,5036,job
llm_train_qwen25_3b_lora|dd7204cf_20260824_224654,1.0,10,5036,job
llm_train_qwen25_3b_lora|dfde664f_20260419_224329,0.9,10,5036,job
llm_train_smollm2_1p7b_lora|4124c198_20260824_222500,1.0,10,5036,job
llm_train_smollm2_1p7b_lora|bc185109_20260419_223818,1.0,10,5036,job
mining_ethash_proxy|8c86200c_20260412_232321,1.0,10,5036,job
mining_ethash_proxy|b5c42733_20260825_002157,1.0,10,5036,job
mining_ethash_proxy|b6f2e520_20260825_001133,1.0,10,5036,job
modern_inference|165eedde_20260413_033036,1.0,1,5036,job
nbody_sim|6c13c5ae_20260825_030429,1.0,10,5036,job
nbody_sim|e90ecd1d_20260825_031452,1.0,10,5036,job
nvlink_bandwidth|nvlink_bandwidth_gpu1_30ea2a,0.0,1,5036,job
nvlink_bandwidth|nvlink_bandwidth_gpu1_b97b50,0.0,1,5036,job
nvlink_latency|nvlink_latency_gpu0_1c6087,1.0,1,5036,job
nvlink_p2p|927418b1_20260413_033435,1.0,1,5036,job
ppo_rlhf_r8_rep2|4735a4fb_20260804_171221,1.0,10,5036,job
pytorch_resnet_cifar10_amp_ext|0e16abc8_20260420_204227,1.0,5,5036,job
pytorch_resnet_cifar10_amp_ext|912880ba_20260421_011212,1.0,5,5036,job
pytorch_resnet_cifar10_amp|09c94605_20260412_222753,1.0,2,5036,job
pytorch_resnet_cifar10_amp|7184c09f_20260825_073235,1.0,1,5036,job
pytorch_resnet_cifar10_amp|73475ab0_20260412_231132,1.0,4,5036,job
pytorch_resnet_cifar10_amp|7b05a6ae_20260825_021143,1.0,1,5036,job
pytorch_resnet_cifar10_amp|f1be0dfb_20260825_020609,1.0,1,5036,job
pytorch_resnet_cifar10_amp|fcd1f0dc_20260825_073317,1.0,1,5036,job
pytorch_resnet_cifar10_ext|41c19de5_20260420_204048,1.0,5,5036,job
symgemm_L0_fwd1_rep1|7e021360_20260802_181845,1.0,10,5036,job
symgemm_L0_fwd1_rep4|03ed95b1_20260802_233118,1.0,10,5036,job
symgemm_L1_fwd3_rep1|9c7b9bc7_20260802_175625,1.0,10,5036,job
symgemm_L4_sgdfused_m8192_rep1|e3f3bb2f_20260802_184108,1.0,10,5036,job
symgemm_L4_sgdfused_rep2|a86d6744_20260802_200703,1.0,10,5036,job
symgemm_L5_adam_rep2|498da780_20260802_202923,1.0,10,5036,job
symgemm_decode_g256_rep3|6e25438a_20260803_015538,1.0,10,5036,job
whitebox_diluted_1b_N1_1h|e9c0ff07_20260727_235850,1.0,10,5036,job
whitebox_diluted_N10|8891b439_20260725_211051,1.0,10,5036,job
whitebox_diluted_N10|d7e25a80_20260725_203405,1.0,10,5036,job
whitebox_diluted_N5|a37b10ba_20260725_194651,1.0,10,5036,job
whitebox_diluted_N5|eaaa7663_20260725_210026,1.0,10,5036,job
whitebox_inference|f59e111e_20260725_194134,0.9,10,5036,job
whitebox_lora_3b_N1_rep2|71e45f69_20260728_030033,1.0,10,5036,job
whitebox_lora_7b_N3_1h|1291fbf0_20260727_132029,1.0,10,5036,job
whitebox_lora_7b_N500_long|43be1ab2_20260726_203116,0.9,10,5036,job
whitebox_lora_7b_pilot_N6|13c5d8f6_20260726_123856,1.0,10,5036,job
whitebox_lora_N10_long|58e5a6e6_20260724_215116,1.0,10,5036,job
whitebox_lora_N5|5d8cb134_20260725_210538,1.0,10,5036,job
whitebox_lora_N5|de90ed7d_20260725_202852,1.0,10,5036,job
adversarial_E_memory_minimal|09b77236_20260412_230551,0.0,1,5037,job
adversarial_E_memory_minimal|bd61daeb_20260412_223016,1.0,10,5037,job
adversarial_F_interleave_30|42e0d626_20260412_223016,1.0,10,5037,job
adversarial_G_clock_throttled|4471bfa7_20260412_230551,1.0,1,5037,job
adversarial_H_mimicry_mining|840df611_20260825_050635,1.0,10,5037,job
adversarial_H_mimicry_mining|88fd4004_20260825_050111,1.0,10,5037,job
adversarial_I_stochastic_30|18b857be_20260412_230551,1.0,1,5037,job
adversarial_I_stochastic_30|3978f906_20260825_053334,1.0,10,5037,job
adversarial_J_pid_75|94ea2465_20260825_054945,1.0,10,5037,job
adversarial_K_ddp_accum_8|4e915a9d238b_20260412_065453,1.0,80,5037,job
adversarial_K_ddp_accum_8|73431dec5f44_20260412_234640,1.0,80,5037,job
adversarial_K_online_learning|cff6d675_20260825_061644,1.0,10,5037,job
adversarial_L_diluted_10|7a3fb3e9_20260825_070518,1.0,10,5037,job
adversarial_L_diluted_200_mw8|fd4fadc3_20260726_171819,1.0,10,5037,job
adversarial_L_diluted_20|02cfd70b_20260412_231132,1.0,10,5037,job
adversarial_L_diluted_20|25326617_20260725_233354,1.0,10,5037,job
adversarial_L_diluted_20|405a7452_20260412_223541,1.0,10,5037,job
adversarial_L_diluted_20|ee8eddb5_20260825_071042,1.0,10,5037,job
adversarial_L_diluted_2|07fb94ee_20260412_054054,1.0,10,5037,job
adversarial_L_diluted_2|354119ef_20260412_223541,1.0,10,5037,job
batch_size_sweep_dp|batch_size_sweep_dp_gpu0_2c05fa,1.0,1,5037,job
bert_finetune|d969416f_20260413_032846,1.0,1,5037,job
bert_sst2_amp|49d3ba57_20260412_224117,1.0,1,5037,job
bert_sst2_ext|49545bf6_20260420_204947,0.3333333333333333,3,5037,job
bert_sst2_ext|d1b7b9e7_20260420_202822,0.6666666666666666,3,5037,job
bert_sst2|30b0dab5_20260412_231705,1.0,1,5037,job
bert_sst2|4a0aab7a_20260825_021739,1.0,1,5037,job
cufft_benchmark|227faa64_20260413_033119,1.0,1,5037,job
cufft_benchmark|38fd661e_20260419_235032,1.0,10,5037,job
cufft_benchmark|692a3d5e_20260412_224117,1.0,10,5037,job
ddp_resnet18_cifar10|a76b540db268_20260412_233502,1.0,80,5037,job
ddp_resnet50_cifar10|c83757ac5731_20260412_230440,1.0,80,5037,job
fsdp_30b_nvlink|8726f6620517_20260413_001627,1.0,80,5037,job
fsdp_30b_nvlink|cb97612d27e1_20260412_074412,1.0,10,5037,job
fsdp_70b_seq512_nvlink|78349b23d251_20260413_013913,1.0,80,5037,job
gpt2_finetune|eb4a005e_20260413_032908,1.0,1,5037,job
gpt2_wikitext2_ext|7a20f073_20260420_204656,1.0,6,5037,job
gpt2_wikitext2|13f0dd2f_20260825_021915,1.0,2,5037,job
gpt2_wikitext2|1f4b6ea6_20260412_231705,1.0,3,5037,job
gpt2_wikitext2|f1162cf3_20260412_222753,1.0,3,5037,job
idle|964c62f7_20260420_194932,1.0,7,5037,job
idle|9883933c_20260420_201152,1.0,7,5037,job
idle|9c0d0d21_20260824_232740,1.0,7,5037,job
idle|bda38c7a_20260412_231132,0.0,7,5037,job
idle|f26e1461_20260419_233413,1.0,7,5037,job
idle|idle_96fcac,1.0,1,5037,job
idle|idle_e3e53d,1.0,1,5037,job
inference|inference_8fd998,1.0,1,5037,job
llm_infer_deepseek_v3_tp8|acb00ac39728_20260419_002311,1.0,50,5037,job
llm_infer_deepseek_v3_tp8|f41d4d3c1247_20260419_014514,1.0,80,5037,job
llm_infer_mistral_7b_q4|0546326b_20260420_015345,1.0,1,5037,job
llm_infer_mistral_7b_q4|1aa4e562_20260825_004332,1.0,10,5037,job
llm_infer_mistral_7b_q4|24353de9_20260420_015430,1.0,10,5037,job
llm_infer_mistral_7b_q4|280943b7_20260421_011827,1.0,10,5037,job
llm_infer_mistral_7b_q4|53e3e332_20260419_210248,1.0,1,5037,job
llm_infer_mistral_7b_q4|793c412e_20260420_010538,1.0,10,5037,job
llm_infer_mistral_7b_q4|b0506bd3_20260419_205916,1.0,1,5037,job
llm_infer_mixtral_8x7b|6d7f6e16_20260419_035827,1.0,10,5037,job
llm_infer_phi3_mini|4d756fdb_20260419_014632,1.0,10,5037,job
llm_infer_qwen25_14b_fp16|200c729c_20260419_235621,1.0,10,5037,job
llm_infer_qwen25_14b_fp16|2e76122c_20260419_212144,0.7,10,5037,job
llm_infer_qwen25_14b_fp16|875f3c6d_20260420_232314,1.0,10,5037,job
llm_infer_qwen25_14b_fp16|98601a67_20260824_213822,1.0,10,5037,job
llm_infer_qwen25_14b_fp16|a5960172_20260420_232931,1.0,10,5037,job
llm_infer_qwen25_32b_fp16|463349dc_20260420_000940,1.0,10,5037,job
llm_infer_qwen25_32b_fp16|dffbfb17_20260421_030111,0.9,10,5037,job
llm_infer_qwen25_3b_bs16|dfe991b8_20260420_215605,1.0,10,5037,job
llm_infer_qwen25_3b|7de76a76_20260420_211352,1.0,10,5037,job
llm_infer_qwen25_3b|b3849090_20260419_213727,1.0,10,5037,job
llm_infer_qwen25_3b|f36beab2_20260419_214818,1.0,10,5037,job
llm_infer_qwen25_72b_fp16|d793b310_20260421_003349,1.0,10,5037,job
llm_infer_qwen25_72b_fp8|b39fa450_20260419_042425,1.0,10,5037,job
llm_infer_qwen25_72b_tp2|173cf665d203_20260419_044435,1.0,10,5037,job
llm_infer_qwen25_7b_fp16|5ff414f8_20260419_211038,1.0,10,5037,job
llm_infer_qwen25_7b_fp16|61bf5366_20260420_231727,1.0,10,5037,job
llm_infer_qwen25_7b_fp16|730da3ab_20260419_234250,1.0,10,5037,job
llm_infer_sdxl|212903bb_20260420_223849,1.0,10,5037,job
llm_infer_sdxl|3761f92b_20260419_223705,0.0,10,5037,job
llm_infer_sdxl|5477dea8_20260419_223149,0.0,10,5037,job
llm_infer_sdxl|81e16ec3_20260419_025634,1.0,10,5037,job
llm_infer_tinyllama_bs8|bcad42c3_20260419_220507,1.0,10,5037,job
llm_infer_tinyllama_bs8|ce7d83fd_20260419_022445,1.0,10,5037,job
llm_infer_tinyllama_seq4096|026a1f9a_20260420_221753,1.0,10,5037,job
llm_infer_tinyllama_seq4096|0b0351ce_20260420_222819,1.0,10,5037,job
llm_infer_tinyllama_seq4096|25a7da9a_20260419_225251,1.0,10,5037,job
llm_infer_tinyllama_seq4096|bf1e9e48_20260419_030704,1.0,10,5037,job
llm_infer_vit_l_bs64|38e37d2f_20260419_034355,1.0,10,5037,job
llm_infer_vit_l_bs64|7bf48cb7_20260419_231402,0.9,10,5037,job
llm_train_mistral_7b_lora|f79dbad9_20260824_230849,1.0,10,5037,job
llm_train_phi3_mini_lora|4bf06f5e_20260824_225752,1.0,10,5037,job
llm_train_phi3_mini_lora|61242a7d_20260419_225953,1.0,10,5037,job
llm_train_smollm2_1p7b_lora|ad1a6473_20260419_222727,1.0,10,5037,job
mining_ethash_proxy|3cac048c_20260825_000110,1.0,10,5037,job
mining_ethash_proxy|814335b9_20260421_020654,1.0,10,5037,job
mlp_training|mlp_training_c52a21,1.0,1,5037,job
nbody_sim|b9568c1a_20260413_033202,1.0,1,5037,job
nbody_sim|e90ecd1d_20260825_031452,1.0,10,5037,job
nvlink_latency|nvlink_latency_gpu0_5aa1ba,1.0,1,5037,job
nvlink_latency|nvlink_latency_gpu1_3ab445,1.0,1,5037,job
nvlink_latency|nvlink_latency_gpu1_9a8612,1.0,1,5037,job
nvlink_p2p|927418b1_20260413_033435,1.0,1,5037,job
ppo_rlhf_r32_rep3|9c5afa29_20260804_174554,1.0,10,5037,job
pytorch_mlp_cifar10|2cd679aa_20260412_224117,1.0,2,5037,job
pytorch_resnet_cifar10_amp_ext|a0c58ed2_20260420_203152,1.0,5,5037,job
pytorch_resnet_cifar10_amp|09c94605_20260412_222753,1.0,2,5037,job
pytorch_resnet_cifar10_amp|8ab3bfd2_20260825_020754,1.0,1,5037,job
pytorch_resnet_cifar10_amp|a2af05e4_20260825_020701,1.0,1,5037,job
pytorch_resnet_cifar10_ext|76d6663a_20260420_203006,1.0,6,5037,job
pytorch_resnet_cifar10|71c3cb1a_20260825_020519,1.0,1,5037,job
rendering_proxy|307d16fe_20260825_032515,0.7,10,5037,job
rendering_proxy|630b9e74_20260825_034601,0.9,10,5037,job
rendering_proxy|8aeaf443_20260825_033538,0.9,10,5037,job
resnet50_inference|d45705f9_20260412_231705,0.9,10,5037,job
resnet_amp|resnet_amp_cc435c,1.0,1,5037,job
symgemm_L1_fwd3_rep2|e04a3490_20260802_201813,1.0,10,5037,job
symgemm_L3_graddiscard_rep1|f12dea2b_20260802_182955,0.9,10,5037,job
symgemm_L4_sgdfused_long1b_rep1|e77f32f2_20260803_062646,0.7,10,5037,job
symgemm_L5_adam_rep1|24f173d4_20260802_180735,1.0,10,5037,job
symgemm_L5_adam_rep3|f1871cc2_20260802_222417,1.0,10,5037,job
symgemm_ppo_fused_r8_rep2|ab3e57f5_20260803_005942,1.0,10,5037,job
training_dual_gpu_dp|multi_gpu_telemetry_gpu1,1.0,2,5037,job
whitebox_diluted_1b_N1_1h|e9c0ff07_20260727_235850,1.0,10,5037,job
whitebox_diluted_3b_N1_1h|814de13f_20260728_005931,0.9,10,5037,job
whitebox_diluted_N20|6305ed40_20260725_204431,1.0,10,5037,job
whitebox_diluted_N5|e9df56b8_20260725_202339,1.0,10,5037,job
whitebox_inference|2c3fb377_20260725_205514,1.0,10,5037,job
whitebox_lora_7b_N50_1h|f9ff4b5d_20260727_152145,1.0,10,5037,job
whitebox_lora_N20|b5e22ab8_20260725_212628,1.0,10,5037,job
whitebox_lora_N5|5d8cb134_20260725_210538,1.0,10,5037,job
whitebox_oracle|75298cf9_20260725_225503,1.0,10,5037,job
adversarial_E_memory_minimal|09b77236_20260412_230551,0.0,1,5038,job
adversarial_E_memory_minimal|f5727cea_20260825_040148,1.0,10,5038,job
adversarial_F_interleave_50|468ad378_20260825_042847,1.0,10,5038,job
adversarial_F_interleave_50|972b5cb1_20260412_230551,1.0,1,5038,job
adversarial_F_interleave_50|bc02cbc2_20260726_000947,1.0,10,5038,job
adversarial_G_clock_throttled|b38cd060_20260825_044459,1.0,10,5038,job
adversarial_H_mimicry_cufft|ce9f5c9f_20260412_230551,1.0,1,5038,job
adversarial_H_mimicry_mining|88fd4004_20260825_050111,1.0,10,5038,job
adversarial_I_stochastic_30|1319ffe7_20260726_002804,1.0,10,5038,job
adversarial_I_stochastic_30|b5fea657_20260825_053857,1.0,10,5038,job
adversarial_J_pid_75|4b39fbdf_20260825_060033,1.0,10,5038,job
adversarial_J_pid_75|cf944e31_20260412_230551,1.0,1,5038,job
adversarial_J_pid_75|e3f49bde_20260412_223016,1.0,10,5038,job
adversarial_K_ddp_accum_4|b28bb647b0ef_20260412_234110,1.0,80,5038,job
adversarial_K_ddp|af5daab2a59a_20260412_062347,1.0,80,5038,job
adversarial_L_ddp_5|a9a551652c04_20260412_235905,1.0,80,5038,job
adversarial_L_diluted_10_mw8|453df7c0_20260726_170248,1.0,10,5038,job
adversarial_L_diluted_10|8d5f2101_20260725_235123,1.0,10,5038,job
adversarial_L_diluted_10|9712fcda_20260825_065431,1.0,10,5038,job
adversarial_L_diluted_20|25326617_20260725_233354,1.0,10,5038,job
adversarial_L_diluted_2|354119ef_20260412_223541,1.0,10,5038,job
adversarial_L_diluted_2|463541b6_20260825_062731,1.0,10,5038,job
batch_size_sweep_dp|batch_size_sweep_dp_gpu0_2c05fa,1.0,1,5038,job
bert_sst2_amp_ext|550d0003_20260420_205051,1.0,1,5038,job
bert_sst2_amp_ext|7d5929da_20260420_202928,1.0,1,5038,job
bert_sst2_amp|dd87fb92_20260412_222753,1.0,1,5038,job
bert_sst2|4a0aab7a_20260825_021739,1.0,1,5038,job
cufft_benchmark|4bfa16e2_20260824_235047,1.0,10,5038,job
cufft_benchmark|540552ce_20260824_234024,1.0,10,5038,job
ddp_resnet50_cifar10|c83757ac5731_20260412_230440,1.0,80,5038,job
ddp_training|ddp_telemetry_gpu1,1.0,1,5038,job
fsdp_13b_nvlink|943b54f5deb5_20260412_071300,1.0,80,5038,job
fsdp_30b_nvlink|2f237772ccc3_20260413_004957,1.0,80,5038,job
fsdp_70b_nvlink|3e8e00c5f514_20260413_010753,1.0,80,5038,job
fsdp_70b_nvlink|c632fe2971fa_20260412_071411,1.0,8,5038,job
gpt2_wikitext2_ext|ab0d938a_20260420_203614,1.0,6,5038,job
gpt2_wikitext2|3a8eee76_20260825_022139,1.0,2,5038,job
idle|b37a89ff_20260824_180358,1.0,7,5038,job
idle|bda38c7a_20260412_231132,1.0,7,5038,job
idle|dd455a95_20260824_171422,1.0,7,5038,job
inference|inference_8fd998,1.0,1,5038,job
llm_infer_deepseek_v3_tp8|30d7ed7e6e81_20260419_013711,0.9625,80,5038,job
llm_infer_deepseek_v3_tp8|acb00ac39728_20260419_002312,0.36666666666666664,30,5038,job
llm_infer_mistral_7b_q4|1039bea2_20260825_074800,1.0,10,5038,job
llm_infer_mistral_7b_q4|53e3e332_20260419_210248,1.0,1,5038,job
llm_infer_mistral_7b_q4|793c412e_20260420_010538,1.0,10,5038,job
llm_infer_mistral_7b_q4|7dcec1a2_20260420_020500,0.9,10,5038,job
llm_infer_mistral_7b_q4|afe01b8f_20260419_205857,1.0,1,5038,job
llm_infer_mistral_7b_q4|b8b0e618_20260420_005449,1.0,10,5038,job
llm_infer_mistral_7b_q4|ca02ad41_20260420_015354,1.0,1,5038,job
llm_infer_mistral_7b_q4|d52344f3_20260419_220856,1.0,1,5038,job
llm_infer_mistral_7b_q4|e81dfe47_20260420_015946,0.9,10,5038,job
llm_infer_mixtral_8x7b|6d7f6e16_20260419_035827,1.0,10,5038,job
llm_infer_mixtral_8x7b|74ae4709_20260421_001937,1.0,10,5038,job
llm_infer_mixtral_8x7b|a79f0a84_20260419_040511,1.0,10,5038,job
llm_infer_phi3_mini|4d756fdb_20260419_014632,1.0,10,5038,job
llm_infer_qwen25_14b_fp16|0467d4a3_20260824_212608,1.0,10,5038,job
llm_infer_qwen25_14b_fp16|2e76122c_20260419_212144,0.7,10,5038,job
llm_infer_qwen25_14b_fp16|85bf5790_20260419_205937,1.0,1,5038,job
llm_infer_qwen25_14b_fp16|98601a67_20260824_213822,1.0,10,5038,job
llm_infer_qwen25_14b_fp16|a5960172_20260420_232931,1.0,10,5038,job
llm_infer_qwen25_32b_fp16|949b75e6_20260419_215643,1.0,10,5038,job
llm_infer_qwen25_32b_fp16|a14ebdea_20260824_215053,1.0,10,5038,job
llm_infer_qwen25_3b_bs16|22ecde82_20260419_032802,1.0,10,5038,job
llm_infer_qwen25_3b_bs16|301efde2_20260419_225807,1.0,10,5038,job
llm_infer_qwen25_3b_bs4|27632d17_20260420_214020,1.0,10,5038,job
llm_infer_qwen25_3b_bs4|dbfd03f1_20260419_023515,1.0,10,5038,job
llm_infer_qwen25_3b|372a1387_20260420_212426,1.0,10,5038,job
llm_infer_qwen25_3b|df5ce46a_20260419_020809,1.0,10,5038,job
llm_infer_qwen25_3b|f36beab2_20260419_214818,1.0,10,5038,job
llm_infer_qwen25_72b_fp8|78a77a8b_20260420_235909,1.0,10,5038,job
llm_infer_qwen25_7b_fp16|4f69bded_20260824_200743,1.0,1,5038,job
llm_infer_qwen25_7b_fp16|87b75337_20260824_200626,1.0,2,5038,job
llm_infer_qwen25_7b_fp16|a694acd9_20260419_210256,0.6,10,5038,job
llm_infer_sdxl|81d0af5a_20260419_030149,1.0,10,5038,job
llm_infer_sdxl|827523c5_20260420_223333,1.0,10,5038,job
llm_infer_sdxl|adc8a3d2_20260419_222624,1.0,10,5038,job
llm_infer_tinyllama_bs8|0c587cbd_20260419_022959,1.0,10,5038,job
llm_infer_tinyllama_bs8|fd185e9d_20260420_220729,1.0,10,5038,job
llm_infer_tinyllama_seq4096|026a1f9a_20260420_221753,1.0,10,5038,job
llm_infer_tinyllama_seq4096|72177ae6_20260419_031218,1.0,10,5038,job
llm_infer_vit_l_bs64|e895e0da_20260419_033836,0.9,10,5038,job
llm_train_mistral_7b_lora|8af16eaa_20260824_231421,1.0,10,5038,job
llm_train_mistral_7b_lora|e954b9ae_20260824_231951,1.0,10,5038,job
llm_train_phi3_mini_lora|38657ab0_20260419_231116,1.0,10,5038,job
llm_train_qwen25_1p5b_lora|8a368ac5_20260824_220307,1.0,10,5038,job
llm_train_qwen25_3b_lora|66980709_20260824_223555,1.0,10,5038,job
llm_train_smollm2_1p7b_lora|19738386_20260419_223307,1.0,10,5038,job
llm_train_smollm2_1p7b_lora|bc185109_20260419_223818,1.0,10,5038,job
mining_ethash_proxy|304ec693_20260420_003055,1.0,10,5038,job
nbody_sim|b9568c1a_20260413_033202,1.0,1,5038,job
nvlink_bandwidth|nvlink_bandwidth_gpu0_0eb88f,1.0,1,5038,job
nvlink_latency|nvlink_latency_gpu1_3ab445,1.0,1,5038,job
nvlink_p2p|7e14f65e_20260413_033435,0.0,1,5038,job
ppo_rlhf_r32_rep3|9c5afa29_20260804_174554,1.0,10,5038,job
pytorch_mlp_cifar10_ext|22ac55c7_20260420_203325,1.0,10,5038,job
pytorch_mlp_cifar10|4c4e6778_20260825_021431,1.0,1,5038,job
pytorch_mlp_cifar10|c7886665_20260412_222753,0.0,1,5038,job
pytorch_resnet_cifar10_amp|e9662cc3_20260412_223541,1.0,3,5038,job
pytorch_resnet_cifar10_amp|fcd1f0dc_20260825_073317,1.0,1,5038,job
pytorch_resnet_cifar10|0d79ee94_20260825_005047,0.0,10,5038,job
pytorch_training|1540ec8b_20260413_032737,1.0,1,5038,job
pytorch_training|1b83c94e_20260413_032802,1.0,1,5038,job
pytorch_training|2a94287a_20260413_032802,1.0,1,5038,job
rendering_proxy|c76a250c_20260412_224732,1.0,10,5038,job
rendering|rendering_33f139,0.0,1,5038,job
symgemm_L1_fwd3_rep1|9c7b9bc7_20260802_175625,1.0,10,5038,job
symgemm_L1_fwd3_rep4|cbddae2b_20260802_230858,1.0,10,5038,job
symgemm_L3_graddiscard_rep3|3abcefec_20260802_224637,1.0,10,5038,job
symgemm_L3_graddiscard_rep4|7a0468e5_20260802_234229,1.0,10,5038,job
symgemm_L4_sgdfused_long1b_rep1|e77f32f2_20260803_062646,0.2,10,5038,job
symgemm_L5_adam_rep2|498da780_20260802_202923,1.0,10,5038,job
symgemm_L5_adam_rep3|f1871cc2_20260802_222417,1.0,10,5038,job
symgemm_decode_g256_rep2|4fc9bf1b_20260803_012205,0.9,10,5038,job
symgemm_idle|06d5a273_20260802_173910,0.3,10,5038,job
symgemm_ppo_fused_r32_rep2|c6b8724c_20260803_011053,1.0,10,5038,job
symgemm_ppo_fused_r32_rep3|6b1c2a3b_20260803_014427,1.0,10,5038,job
symgemm_ppo_fused_r8_rep2|ab3e57f5_20260803_005942,1.0,10,5038,job
training_single_gpu|training_single_gpu_gpu0_199317,1.0,1,5038,job
training_single_gpu|training_single_gpu_gpu0_4f9586,1.0,1,5038,job
whitebox_diluted_7b_N10_1h|f65c515b_20260727_121946,0.9,10,5038,job
whitebox_diluted_N10|8891b439_20260725_211051,1.0,10,5038,job
whitebox_inference_1b_matched|c6927996_20260728_061814,0.8,10,5038,job
whitebox_inference|3d92903b_20260725_201826,1.0,10,5038,job
whitebox_inference|f59e111e_20260725_194134,0.8,10,5038,job
whitebox_lora_3b_N1_rep2|71e45f69_20260728_030033,1.0,10,5038,job
whitebox_lora_7b_N1_1h|d26abcf1_20260727_110823,0.8,10,5038,job
whitebox_lora_7b_N50_1h|f9ff4b5d_20260727_152145,1.0,10,5038,job
whitebox_lora_7b_pilot_N7|b7b290a9_20260726_125420,1.0,10,5038,job
whitebox_lora_N10|12837863_20260725_200230,1.0,10,5038,job
adversarial_E_memory_minimal|09b77236_20260412_230551,1.0,1,5039,job
adversarial_E_memory_minimal|bd61daeb_20260412_223016,1.0,10,5039,job
adversarial_F_interleave_30|314da66d_20260412_053508,1.0,1,5039,job
adversarial_F_interleave_30|42e0d626_20260412_223016,1.0,10,5039,job
adversarial_F_interleave_30|7edc637e_20260825_042324,1.0,10,5039,job
adversarial_F_interleave_30|a1e40da7_20260825_041236,1.0,10,5039,job
adversarial_F_interleave_30|ff338fa1_20260412_230551,1.0,10,5039,job
adversarial_F_interleave_50|46a73a4e_20260725_234614,1.0,10,5039,job
adversarial_F_interleave_50|e70f6fc4_20260412_053508,1.0,10,5039,job
adversarial_G_clock_throttled|8a017bab_20260412_223016,1.0,10,5039,job
adversarial_H_mimicry_cufft|49dbd077_20260412_223016,1.0,10,5039,job
adversarial_H_mimicry_mining|840df611_20260825_050635,1.0,10,5039,job
adversarial_H_mimicry_mining|88fd4004_20260825_050111,1.0,10,5039,job
adversarial_I_stochastic_30|3978f906_20260825_053334,1.0,10,5039,job
adversarial_I_stochastic_30|5e185d96_20260412_053508,1.0,10,5039,job
adversarial_J_pid_75|6aa98cf6_20260412_053508,1.0,1,5039,job
adversarial_J_pid_75|c205c1d2_20260413_014428,0.9,10,5039,job
adversarial_K_ddp_accum_8|4e915a9d238b_20260412_065453,1.0,80,5039,job
adversarial_K_ddp|af5daab2a59a_20260412_062347,1.0,80,5039,job
adversarial_L_ddp_10|a3adf2258b52_20260412_063635,1.0,80,5039,job
adversarial_L_diluted_10|2c305d90_20260725_232752,1.0,10,5039,job
adversarial_L_diluted_10|d4cc031f_20260726_001456,1.0,10,5039,job
adversarial_L_diluted_2|0e8e28c2_20260825_062208,1.0,10,5039,job
adversarial_L_diluted_5|478eaec5_20260412_223541,1.0,10,5039,job
adversarial_L_diluted_5|5e0891fb_20260412_054054,1.0,10,5039,job
adversarial_training|33aa4cb4_20260413_033352,1.0,1,5039,job
bert_sst2_amp_ext|cb252747_20260420_204010,1.0,1,5039,job
bert_sst2|4a0aab7a_20260825_021739,1.0,1,5039,job
cufft_benchmark|540552ce_20260824_234024,1.0,10,5039,job
cufft_benchmark|ff25783f_20260413_033141,1.0,1,5039,job
ddp_resnet50_cifar10|c83757ac5731_20260412_230440,1.0,80,5039,job
fsdp_13b_nvlink|943b54f5deb5_20260412_071300,1.0,80,5039,job
fsdp_30b_nvlink|cb97612d27e1_20260412_074413,1.0,70,5039,job
fsdp_70b_nvlink|c88e29e18a8a_20260413_010413,0.9625,80,5039,job
fsdp_70b_seq512_nvlink|78349b23d251_20260413_013913,1.0,80,5039,job
fsdp_7b_nvlink|755f005b3557_20260412_070444,1.0,80,5039,job
idle|b3e73340_20260419_233617,1.0,7,5039,job
idle|bda38c7a_20260412_231132,0.8571428571428571,7,5039,job
idle|f63d327d_20260421_013426,1.0,7,5039,job
idle|idle_96fcac,1.0,1,5039,job
inference|inference_8fd998,0.0,1,5039,job
inference|inference_986d16,0.0,1,5039,job
llm_infer_deepseek_v3_tp8|f41d4d3c1247_20260419_014514,1.0,80,5039,job
llm_infer_mistral_7b_q4|0f8555a9_20260825_003220,1.0,10,5039,job
llm_infer_mistral_7b_q4|afe01b8f_20260419_205857,1.0,1,5039,job
llm_infer_mistral_7b_q4|b0506bd3_20260419_205916,1.0,1,5039,job
llm_infer_mistral_7b_q4|ce7f27f7_20260825_075353,1.0,10,5039,job
llm_infer_mistral_7b_q4|d4a0ca97_20260419_215339,0.0,1,5039,job
llm_infer_mistral_7b_q4|e81dfe47_20260420_015946,1.0,10,5039,job
llm_infer_mixtral_8x7b|a79f0a84_20260419_040511,1.0,10,5039,job
llm_infer_phi3_mini|3bce5480_20260420_210836,1.0,10,5039,job
llm_infer_phi3_mini|52a2bd28_20260420_210319,1.0,10,5039,job
llm_infer_phi3_mini|745171c6_20260419_015720,1.0,10,5039,job
llm_infer_phi3_mini|cd6a5e78_20260419_212123,1.0,10,5039,job
llm_infer_phi3_mini|d0a32c71_20260419_213210,1.0,10,5039,job
llm_infer_phi3_mini|e0bd0272_20260419_212652,1.0,10,5039,job
llm_infer_qwen25_14b_fp16|085bd1c8_20260420_000301,1.0,10,5039,job
llm_infer_qwen25_14b_fp16|1eda1bef_20260824_213225,1.0,10,5039,job
llm_infer_qwen25_14b_fp16|c2bcc1e0_20260419_213116,1.0,10,5039,job
llm_infer_qwen25_32b_fp16|0e1acfb8_20260824_214418,0.9,10,5039,job
llm_infer_qwen25_32b_fp16|463349dc_20260420_000940,1.0,10,5039,job
llm_infer_qwen25_32b_fp16|cbe6294b_20260824_215701,1.0,10,5039,job
llm_infer_qwen25_3b_bs4|32bdfeb6_20260419_024034,1.0,10,5039,job
llm_infer_qwen25_3b_bs4|a3bb4757_20260419_221022,1.0,10,5039,job
llm_infer_qwen25_3b_bs4|aa80c128_20260420_213501,1.0,10,5039,job
llm_infer_qwen25_3b_bs4|dbfd03f1_20260419_023515,1.0,10,5039,job
llm_infer_qwen25_3b|1fd463ca_20260419_021328,1.0,10,5039,job
llm_infer_qwen25_3b|7de76a76_20260420_211352,1.0,10,5039,job
llm_infer_qwen25_72b_fp16|aaa06495_20260421_002643,1.0,10,5039,job
llm_infer_qwen25_72b_fp16|d793b310_20260421_003349,1.0,10,5039,job
llm_infer_qwen25_72b_fp8|6ee178e0_20260419_043033,1.0,10,5039,job
llm_infer_qwen25_7b_fp16|4f69bded_20260824_200743,1.0,1,5039,job
llm_infer_qwen25_7b_fp16|58527b11_20260419_232945,0.9,10,5039,job
llm_infer_qwen25_7b_fp16|a694acd9_20260419_210256,0.8,10,5039,job
llm_infer_sdxl|212903bb_20260420_223849,0.0,10,5039,job
llm_infer_sdxl|43c64a98_20260420_224406,0.0,10,5039,job
llm_infer_sdxl|827523c5_20260420_223333,0.0,10,5039,job
llm_infer_tinyllama_bs8|00313478_20260419_215951,1.0,10,5039,job
llm_infer_tinyllama_bs8|bcad42c3_20260419_220507,1.0,10,5039,job
llm_infer_tinyllama_bs8|efe8ddc5_20260419_021922,0.9,10,5039,job
llm_infer_tinyllama_seq4096|0b0351ce_20260420_222819,1.0,10,5039,job
llm_infer_tinyllama_seq4096|eac7968c_20260419_224733,1.0,10,5039,job
llm_infer_vit_l_bs64|38e37d2f_20260419_034355,1.0,10,5039,job
llm_infer_vit_l_bs64|9c5aafb1_20260419_232432,1.0,10,5039,job
llm_train_mistral_7b_lora|8af16eaa_20260824_231421,1.0,10,5039,job
llm_train_mistral_7b_lora|f79dbad9_20260824_230849,1.0,10,5039,job
llm_train_phi3_mini_lora|5fb0d553_20260824_225222,1.0,10,5039,job
llm_train_qwen25_1p5b_lora|8a368ac5_20260824_220307,1.0,10,5039,job
llm_train_smollm2_1p7b_lora|bc185109_20260419_223818,1.0,10,5039,job
mining_ethash_proxy|814335b9_20260421_020654,1.0,10,5039,job
mlp_training|mlp_training_c52a21,1.0,1,5039,job
modern_inference|6ce8e009_20260413_033057,1.0,1,5039,job
nbody_sim|e90ecd1d_20260825_031452,1.0,10,5039,job
nvlink_bandwidth|nvlink_bandwidth_gpu0_0eb88f,1.0,1,5039,job
nvlink_bandwidth|nvlink_bandwidth_gpu0_ef7777,0.0,1,5039,job
nvlink_bandwidth|nvlink_bandwidth_gpu1_b97b50,1.0,1,5039,job
nvlink_latency|nvlink_latency_gpu0_1c6087,1.0,1,5039,job
nvlink_latency|nvlink_latency_gpu1_9a8612,0.0,1,5039,job
ppo_rlhf_r32_rep1|2b37c1ae_20260804_170110,1.0,10,5039,job
ppo_rlhf_r8_rep1|6394bf01_20260804_164958,1.0,10,5039,job
pytorch_mlp_cifar10|4c4e6778_20260825_021431,1.0,1,5039,job
pytorch_resnet_cifar10_amp|7e69c6dd_20260825_021041,1.0,1,5039,job
pytorch_resnet_cifar10_amp|a2af05e4_20260825_020701,1.0,1,5039,job
pytorch_resnet_cifar10_amp|bc16a2c3_20260825_020856,1.0,1,5039,job
pytorch_resnet_cifar10_amp|e9662cc3_20260412_223541,1.0,3,5039,job
pytorch_resnet_cifar10|1c3ed317_20260825_020430,1.0,1,5039,job
pytorch_training|2a94287a_20260413_032802,1.0,1,5039,job
resnet_amp|resnet_amp_efa494,1.0,1,5039,job
symgemm_L0_fwd1_rep2|3c32c629_20260802_204034,1.0,10,5039,job
symgemm_L1_fwd3_m8192_rep1|128a6c86_20260802_185218,1.0,10,5039,job
symgemm_L1_fwd3_rep2|e04a3490_20260802_201813,1.0,10,5039,job
symgemm_L1_fwd3_rep3|956006bf_20260802_221307,1.0,10,5039,job
symgemm_L3_graddiscard_rep4|7a0468e5_20260802_234229,0.9,10,5039,job
symgemm_L4_sgdfused_rep3|719fe5b8_20260802_220158,1.0,10,5039,job
symgemm_L5_adam_rep2|498da780_20260802_202923,1.0,10,5039,job
symgemm_L5_adam_rep4|b36d56ef_20260802_232008,1.0,10,5039,job
symgemm_ppo_fused_r8_rep2|ab3e57f5_20260803_005942,1.0,10,5039,job
training_dual_gpu_dp|multi_gpu_telemetry_gpu1,1.0,2,5039,job
training_dual_gpu_dp|training_dual_gpu_dp_gpu0_e63285,1.0,1,5039,job
whitebox_diluted_N20|2b6c90aa_20260725_200743,1.0,10,5039,job
whitebox_diluted_N20|6305ed40_20260725_204431,1.0,10,5039,job
whitebox_inference_7b_rep3|62149f64_20260728_050902,0.8,10,5039,job
whitebox_lora_1b_N1_1h|861a8dfb_20260727_173343,1.0,10,5039,job
whitebox_lora_7b_N1_1h|d26abcf1_20260727_110823,0.9,10,5039,job
whitebox_lora_7b_N3_1h|1291fbf0_20260727_132029,1.0,10,5039,job
whitebox_lora_7b_N500_long|43be1ab2_20260726_203116,0.9,10,5039,job
whitebox_lora_7b_pilot_N7|b7b290a9_20260726_125420,1.0,10,5039,job
whitebox_lora_N20|7d319b8f_20260725_201255,1.0,10,5039,job
whitebox_lora_N20|b5e22ab8_20260725_212628,1.0,10,5039,job
whitebox_lora_N5|de90ed7d_20260725_202852,0.9,10,5039,job
adversarial_F_interleave_30|42e0d626_20260412_223016,1.0,10,5040,job
adversarial_F_interleave_30|a1e40da7_20260825_041236,1.0,10,5040,job
adversarial_F_interleave_50|13089340_20260825_043935,1.0,10,5040,job
adversarial_H_mimicry_mining|26c55d63_20260412_230551,1.0,10,5040,job
adversarial_H_mimicry_mining|88fd4004_20260825_050111,1.0,10,5040,job
adversarial_H_mimicry_mining|bf6e3698_20260413_011721,1.0,10,5040,job
adversarial_I_stochastic_30|15190e45_20260725_234104,1.0,10,5040,job
adversarial_I_stochastic_30|650fb51f_20260412_223016,0.9,10,5040,job
adversarial_I_stochastic_30|b5fea657_20260825_053857,1.0,10,5040,job
adversarial_J_pid_75|ddd52b74_20260825_055509,1.0,10,5040,job
adversarial_J_pid_75|e3f49bde_20260412_223016,1.0,10,5040,job
adversarial_K_online_learning|cff6d675_20260825_061644,1.0,10,5040,job
adversarial_L_ddp_10|a3adf2258b52_20260412_063635,1.0,80,5040,job
adversarial_L_ddp_5|7f7c7caec1c9_20260412_232441,0.975,80,5040,job
adversarial_L_ddp_stagger_5|2739e0598ddb_20260413_001154,1.0,80,5040,job
adversarial_L_diluted_10_mw8|2a0a1abb_20260726_170758,1.0,10,5040,job
adversarial_L_diluted_10_mw8|453df7c0_20260726_170248,1.0,10,5040,job
adversarial_L_diluted_10|7a3fb3e9_20260825_070518,1.0,10,5040,job
adversarial_L_diluted_10|9712fcda_20260825_065431,1.0,10,5040,job
adversarial_L_diluted_10|d4cc031f_20260726_001456,1.0,10,5040,job
adversarial_L_diluted_20|02cfd70b_20260412_231132,1.0,10,5040,job
adversarial_L_diluted_20|1746ff55_20260412_054054,1.0,10,5040,job
adversarial_L_diluted_20|ee8eddb5_20260825_071042,1.0,10,5040,job
adversarial_L_diluted_2|0e8e28c2_20260825_062208,1.0,10,5040,job
adversarial_L_diluted_2|316523f7_20260412_231132,1.0,10,5040,job
adversarial_L_diluted_5|05e951a9_20260825_063819,1.0,10,5040,job
adversarial_L_diluted_5|29aaeb3c_20260825_064907,1.0,10,5040,job
adversarial_L_diluted_5|478eaec5_20260412_223541,1.0,10,5040,job
adversarial_training|33aa4cb4_20260413_033352,1.0,1,5040,job
bert_sst2_amp_ext|7d5929da_20260420_202928,1.0,1,5040,job
bert_sst2_ext|d1b7b9e7_20260420_202822,1.0,3,5040,job
bert_sst2|0a64dc16_20260825_021827,1.0,1,5040,job
bert_sst2|19873577_20260412_224117,1.0,1,5040,job
bert_sst2|675c6c84_20260412_222753,1.0,2,5040,job
cufft_benchmark|15fa4bd9_20260413_033141,1.0,1,5040,job
cufft_benchmark|38fd661e_20260419_235032,1.0,10,5040,job
cufft_benchmark|4bfa16e2_20260824_235047,1.0,10,5040,job
cufft_benchmark|7529bef2_20260824_233001,1.0,10,5040,job
cufft_benchmark|a3a1b5b0_20260420_195136,1.0,10,5040,job
cufft_hpc|cufft_hpc_58ecd2,1.0,1,5040,job
ddp_training|ddp_telemetry_gpu1,1.0,1,5040,job
fsdp_70b_seqlen512|27c89ff855c9_20260413_012837,0.5125,80,5040,job
gpt2_finetune|eb4a005e_20260413_032908,1.0,1,5040,job
gpt2_wikitext2_amp_ext|ec2b4d42_20260420_202719,0.3333333333333333,3,5040,job
gpt2_wikitext2_ext|daa304a2_20260421_011634,1.0,6,5040,job
gpt2_wikitext2|60a1ee17_20260825_022027,1.0,2,5040,job
idle|bda38c7a_20260412_231132,1.0,7,5040,job
idle|idle_9cb91e,1.0,1,5040,job
idle|idle_e3e53d,1.0,1,5040,job
llm_infer_deepseek_v3_tp8|30d7ed7e6e81_20260419_013711,1.0,80,5040,job
llm_infer_mistral_7b_q4|7dcec1a2_20260420_020500,1.0,10,5040,job
llm_infer_mistral_7b_q4|960c6bbd_20260421_012347,1.0,10,5040,job
llm_infer_mistral_7b_q4|9e359ed7_20260825_003757,1.0,10,5040,job
llm_infer_mistral_7b_q4|afe01b8f_20260419_205857,1.0,1,5040,job
llm_infer_mistral_7b_q4|ca02ad41_20260420_015354,1.0,1,5040,job
llm_infer_mistral_7b_q4|d4a0ca97_20260419_215339,0.0,1,5040,job
llm_infer_mistral_7b_q4|dc6bbdac_20260420_010008,1.0,10,5040,job
llm_infer_mixtral_8x7b|2136c735_20260421_001254,1.0,10,5040,job
llm_infer_mixtral_8x7b|a79f0a84_20260419_040511,1.0,10,5040,job
llm_infer_phi3_mini|e7151e88_20260420_205129,1.0,10,5040,job
llm_infer_qwen25_14b_fp16|0467d4a3_20260824_212608,1.0,10,5040,job
llm_infer_qwen25_14b_fp16|2e76122c_20260419_212144,0.6,10,5040,job
llm_infer_qwen25_14b_fp16|9bdd69d7_20260420_233533,1.0,10,5040,job
llm_infer_qwen25_14b_fp16|a5960172_20260420_232931,1.0,10,5040,job
llm_infer_qwen25_14b_fp16|e481b484_20260419_234859,1.0,10,5040,job
llm_infer_qwen25_32b_fp16|08c0cbfe_20260420_001804,1.0,10,5040,job
llm_infer_qwen25_32b_fp16|0e1acfb8_20260824_214418,1.0,10,5040,job
llm_infer_qwen25_32b_fp16|d008e2dd_20260419_205950,1.0,1,5040,job
llm_infer_qwen25_32b_fp16|dffbfb17_20260421_030111,1.0,10,5040,job
llm_infer_qwen25_3b_bs16|22ecde82_20260419_032802,1.0,10,5040,job
llm_infer_qwen25_3b_bs16|72bf234c_20260419_230326,1.0,10,5040,job
llm_infer_qwen25_3b|372a1387_20260420_212426,1.0,10,5040,job
llm_infer_qwen25_72b_tp2|173cf665d203_20260419_044434,1.0,10,5040,job
llm_infer_qwen25_7b_fp16|4f69bded_20260824_200743,1.0,1,5040,job
llm_infer_qwen25_7b_fp16|58527b11_20260419_232945,0.9,10,5040,job
llm_infer_qwen25_7b_fp16|5ff414f8_20260419_211038,1.0,10,5040,job
llm_infer_qwen25_7b_fp16|730da3ab_20260419_234250,1.0,10,5040,job
llm_infer_qwen25_7b_fp16|c98d90af_20260420_231133,1.0,10,5040,job
llm_infer_qwen25_7b_fp16|f6638e51_20260419_211613,1.0,10,5040,job
llm_infer_sdxl|212903bb_20260420_223849,1.0,10,5040,job
llm_infer_sdxl|81d0af5a_20260419_030149,1.0,10,5040,job
llm_infer_tinyllama_bs8|75a3d2cd_20260419_215432,0.9,10,5040,job
llm_infer_tinyllama_bs8|ecdf6ee5_20260420_220215,1.0,10,5040,job
llm_infer_vit_l_bs64|7bf48cb7_20260419_231402,0.9,10,5040,job
llm_train_mistral_7b_lora|b31642c6_20260419_231627,0.8,10,5040,job
llm_train_mistral_7b_lora|e2b30e58_20260419_232842,1.0,10,5040,job
llm_train_qwen25_1p5b_lora|f2ab89f9_20260824_221404,1.0,10,5040,job
llm_train_qwen25_3b_lora|074568ba_20260824_224126,1.0,10,5040,job
mining_ethash_proxy|8c86200c_20260412_232321,1.0,10,5040,job
modern_inference|165eedde_20260413_033036,1.0,1,5040,job
nbody_sim|6c13c5ae_20260825_030429,1.0,10,5040,job
nbody_sim|e828c825_20260825_025405,1.0,10,5040,job
nbody_sim|nbody_sim_c0054d,1.0,1,5040,job
nvlink_p2p|7e14f65e_20260413_033435,1.0,1,5040,job
nvlink_p2p|858acb89_20260413_033414,1.0,1,5040,job
nvlink_p2p|927418b1_20260413_033435,1.0,1,5040,job
ppo_rlhf_r8_rep3|5a1e4c08_20260804_173443,1.0,10,5040,job
pytorch_resnet_cifar10_amp|7e69c6dd_20260825_021041,1.0,1,5040,job
pytorch_resnet_cifar10_amp|964987b7_20260825_021328,1.0,1,5040,job
pytorch_resnet_cifar10_amp|a2af05e4_20260825_020701,1.0,1,5040,job
pytorch_resnet_cifar10_ext|76d6663a_20260420_203006,1.0,6,5040,job
pytorch_resnet_cifar10|30653101_20260412_231132,1.0,3,5040,job
pytorch_resnet_cifar10|71c3cb1a_20260825_020519,1.0,1,5040,job
rendering_proxy|5278c256_20260412_232321,1.0,10,5040,job
resnet_fp32|resnet_fp32_f7ebcf,1.0,1,5040,job
scientific_hpc|b957a0bf_20260413_033246,1.0,1,5040,job
symgemm_L0_fwd1_rep3|0ad604b3_20260802_223527,1.0,10,5040,job
symgemm_L4_sgdfused_short7b_rep1|2f4f2eb2_20260803_072657,0.9,10,5040,job
symgemm_L5_adam_rep3|f1871cc2_20260802_222417,1.0,10,5040,job
symgemm_L5_adam_rep4|b36d56ef_20260802_232008,1.0,10,5040,job
symgemm_decode_g256_rep2|4fc9bf1b_20260803_012205,0.9,10,5040,job
symgemm_ppo_fused_r32_rep1|52af0173_20260803_003717,1.0,10,5040,job
training_dual_gpu_dp|multi_gpu_telemetry_gpu0,1.0,2,5040,job
training_dual_gpu_dp|training_dual_gpu_dp_gpu0_e63285,1.0,1,5040,job
training_dual_gpu_dp|training_dual_gpu_dp_gpu1_d95db4,0.0,1,5040,job
whitebox_diluted_1b_N1_1h|e9c0ff07_20260727_235850,1.0,10,5040,job
whitebox_diluted_7b_N1_1h|5df04b7a_20260727_183421,0.9,10,5040,job
whitebox_diluted_N10|8891b439_20260725_211051,1.0,10,5040,job
whitebox_diluted_N5|eaaa7663_20260725_210026,1.0,10,5040,job
whitebox_inference_7b_rep3|62149f64_20260728_050902,0.8,10,5040,job
whitebox_inference|f59e111e_20260725_194134,0.9,10,5040,job
whitebox_lora_1b_N1_1h|861a8dfb_20260727_173343,0.9,10,5040,job
whitebox_lora_7b_N10_rep2|a1f5446a_20260728_040109,1.0,10,5040,job
whitebox_lora_7b_N500_long|43be1ab2_20260726_203116,0.5,10,5040,job
whitebox_lora_7b_pilot_N2|849422c3_20260726_114431,0.9,10,5040,job
whitebox_lora_7b_pilot_N5|8d4c0881_20260726_121646,1.0,10,5040,job
whitebox_lora_N10|12837863_20260725_200230,1.0,10,5040,job
whitebox_lora_N20|7d319b8f_20260725_201255,1.0,10,5040,job
whitebox_lora_N5|5d8cb134_20260725_210538,1.0,10,5040,job
width_sweep_dp|width_sweep_dp_gpu1_cd4011,1.0,1,5040,job
adversarial_E_memory_minimal|c443df01_20260825_035624,1.0,10,5041,job
adversarial_E_memory_minimal|f5727cea_20260825_040148,1.0,10,5041,job
adversarial_F_interleave_30|314da66d_20260412_053508,1.0,1,5041,job
adversarial_H_mimicry_cufft|49dbd077_20260412_223016,1.0,10,5041,job
adversarial_H_mimicry_mining|26c55d63_20260412_230551,1.0,10,5041,job
adversarial_H_mimicry_mining|30dc1b59_20260412_053508,1.0,1,5041,job
adversarial_I_stochastic_30|15190e45_20260725_234104,1.0,10,5041,job
adversarial_I_stochastic_30|5e185d96_20260412_053508,1.0,10,5041,job
adversarial_I_stochastic_30|650fb51f_20260412_223016,1.0,10,5041,job
adversarial_I_stochastic_30|b5fea657_20260825_053857,1.0,10,5041,job
adversarial_J_pid_75|ddd52b74_20260825_055509,1.0,10,5041,job
adversarial_K_ddp_accum_4|b28bb647b0ef_20260412_234110,1.0,80,5041,job
adversarial_K_ddp_accum_4|ccdbb46fc1a0_20260413_001726,1.0,80,5041,job
adversarial_K_ddp|41b734487b5e_20260412_235331,1.0,80,5041,job
adversarial_K_ddp|af5daab2a59a_20260412_062347,1.0,80,5041,job
adversarial_L_ddp_5|7f7c7caec1c9_20260412_232441,1.0,80,5041,job
adversarial_L_ddp_5|a9a551652c04_20260412_235905,1.0,80,5041,job
adversarial_L_diluted_10|d4cc031f_20260726_001456,1.0,10,5041,job
adversarial_L_diluted_200_mw8|a38a444f_20260726_174828,1.0,10,5041,job
adversarial_L_diluted_20|405a7452_20260412_223541,1.0,10,5041,job
adversarial_L_diluted_2|0e8e28c2_20260825_062208,1.0,10,5041,job
adversarial_L_diluted_2|316523f7_20260412_231132,1.0,10,5041,job
adversarial_L_diluted_5|29aaeb3c_20260825_064907,1.0,10,5041,job
bert_finetune|2a2a5f3e_20260413_032846,1.0,1,5041,job
bert_finetune|d969416f_20260413_032846,0.0,1,5041,job
bert_sst2|0a64dc16_20260825_021827,1.0,1,5041,job
cufft_benchmark|fa1982fd_20260419_234026,1.0,10,5041,job
cufft_hpc|cufft_hpc_c78372,1.0,1,5041,job
ddp_training|ddp_telemetry_gpu1,1.0,1,5041,job
fsdp_13b_nvlink|943b54f5deb5_20260412_071300,1.0,80,5041,job
fsdp_30b_nvlink|165add02433c_20260412_071335,1.0,8,5041,job
fsdp_30b_nvlink|2f237772ccc3_20260413_004957,1.0,80,5041,job
fsdp_30b_nvlink|cb97612d27e1_20260412_074412,1.0,10,5041,job
gpt2_finetune|f22ba689_20260413_032930,1.0,1,5041,job
gpt2_wikitext2_ext|7a20f073_20260420_204656,1.0,6,5041,job
idle|03110fa2_20260824_232519,1.0,7,5041,job
idle|395fbdc4_20260413_032720,1.0,1,5041,job
idle|3a7e56ce_20260412_223541,1.0,7,5041,job
idle|9c0d0d21_20260824_232740,1.0,7,5041,job
idle|b37a89ff_20260824_180358,1.0,7,5041,job
idle|idle_e3e53d,1.0,1,5041,job
llm_infer_deepseek_v3_tp8|f41d4d3c1247_20260419_014514,0.85,80,5041,job
llm_infer_mistral_7b_q4|0546326b_20260420_015345,1.0,1,5041,job
llm_infer_mistral_7b_q4|280943b7_20260421_011827,1.0,10,5041,job
llm_infer_mistral_7b_q4|9e359ed7_20260825_003757,0.1,10,5041,job
llm_infer_mistral_7b_q4|b8b0e618_20260420_005449,1.0,10,5041,job
llm_infer_mistral_7b_q4|bd933593_20260419_221051,1.0,1,5041,job
llm_infer_mistral_7b_q4|c36eab64_20260419_220847,1.0,1,5041,job
llm_infer_mixtral_8x7b|6d7f6e16_20260419_035827,1.0,10,5041,job
llm_infer_phi3_mini|4d756fdb_20260419_014632,1.0,10,5041,job
llm_infer_qwen25_14b_fp16|0467d4a3_20260824_212608,1.0,10,5041,job
llm_infer_qwen25_14b_fp16|62b1513a_20260419_205946,1.0,1,5041,job
llm_infer_qwen25_14b_fp16|b9923a39_20260419_213654,1.0,10,5041,job
llm_infer_qwen25_14b_fp16|c2bcc1e0_20260419_213116,1.0,10,5041,job
llm_infer_qwen25_14b_fp16|e481b484_20260419_234859,1.0,10,5041,job
llm_infer_qwen25_32b_fp16|097ee7e4_20260420_002519,1.0,10,5041,job
llm_infer_qwen25_32b_fp16|0e1acfb8_20260824_214418,0.9,10,5041,job
llm_infer_qwen25_32b_fp16|463349dc_20260420_000940,1.0,10,5041,job
llm_infer_qwen25_32b_fp16|54f1bd71_20260419_205959,1.0,1,5041,job
llm_infer_qwen25_32b_fp16|c89b4098_20260419_214232,1.0,10,5041,job
llm_infer_qwen25_32b_fp16|cbe6294b_20260824_215701,1.0,10,5041,job
llm_infer_qwen25_32b_fp16|dffbfb17_20260421_030111,0.9,10,5041,job
llm_infer_qwen25_3b_bs4|766c2eff_20260419_024551,1.0,10,5041,job
llm_infer_qwen25_3b|7de76a76_20260420_211352,1.0,10,5041,job
llm_infer_qwen25_72b_fp16|aaa06495_20260421_002643,1.0,10,5041,job
llm_infer_qwen25_72b_fp8|b39fa450_20260419_042425,1.0,10,5041,job
llm_infer_qwen25_7b_fp16|730da3ab_20260419_234250,1.0,10,5041,job
llm_infer_qwen25_7b_fp16|a694acd9_20260419_210256,0.7,10,5041,job
llm_infer_sdxl|212903bb_20260420_223849,1.0,10,5041,job
llm_infer_sdxl|5477dea8_20260419_223149,1.0,10,5041,job
llm_infer_sdxl|adc8a3d2_20260419_222624,1.0,10,5041,job
llm_infer_sdxl|f3c09865_20260419_025108,0.9,10,5041,job
llm_infer_tinyllama_bs8|75a3d2cd_20260419_215432,1.0,10,5041,job
llm_infer_tinyllama_seq4096|ac0a588a_20260419_031732,1.0,10,5041,job
llm_infer_tinyllama_seq4096|eac7968c_20260419_224733,1.0,10,5041,job
llm_infer_vit_l_bs64|a2d462c4_20260420_225947,1.0,10,5041,job
llm_infer_vit_l_bs64|fde5cf55_20260420_225435,1.0,10,5041,job
llm_train_mistral_7b_lora|e2b30e58_20260419_232842,1.0,10,5041,job
llm_train_phi3_mini_lora|48da72bf_20260824_230320,1.0,10,5041,job
llm_train_phi3_mini_lora|5fb0d553_20260824_225222,1.0,10,5041,job
llm_train_phi3_mini_lora|61242a7d_20260419_225953,0.8,10,5041,job
llm_train_qwen25_1p5b_lora|4f537ca3_20260419_222216,1.0,10,5041,job
llm_train_qwen25_1p5b_lora|f2ab89f9_20260824_221404,1.0,10,5041,job
llm_train_smollm2_1p7b_lora|896b1640_20260824_223027,1.0,10,5041,job
mining_ethash_proxy|304ec693_20260420_003055,1.0,10,5041,job
mining_ethash_proxy|3cac048c_20260825_000110,1.0,10,5041,job
mining_ethash_proxy|b6f2e520_20260825_001133,1.0,10,5041,job
mining_ethash_proxy|c56e618e_20260412_224732,1.0,10,5041,job
mining_ethash_proxy|fad55191_20260421_015646,1.0,10,5041,job
mining_proxy|mining_proxy_a7ed85,0.0,1,5041,job
modern_inference|165eedde_20260413_033036,1.0,1,5041,job
nbody_sim|6c13c5ae_20260825_030429,1.0,10,5041,job
nvlink_p2p|858acb89_20260413_033414,1.0,1,5041,job
ppo_rlhf_r8_rep3|5a1e4c08_20260804_173443,1.0,10,5041,job
pytorch_mlp_cifar10|6726c8ff_20260825_021604,1.0,1,5041,job
pytorch_mlp_cifar10|c7886665_20260412_222753,0.0,1,5041,job
pytorch_resnet_cifar10_amp|09c94605_20260412_222753,1.0,2,5041,job
pytorch_resnet_cifar10_amp|29320233_20260825_073152,1.0,1,5041,job
pytorch_resnet_cifar10_amp|73475ab0_20260412_231132,1.0,4,5041,job
pytorch_resnet_cifar10_amp|8ab3bfd2_20260825_020754,1.0,1,5041,job
pytorch_resnet_cifar10_amp|fcd1f0dc_20260825_073317,1.0,1,5041,job
pytorch_resnet_cifar10_ext|d18ec4ea_20260421_011036,1.0,5,5041,job
pytorch_resnet_cifar10|71c3cb1a_20260825_020519,1.0,1,5041,job
pytorch_resnet_cifar10|81f71774_20260412_222753,0.0,1,5041,job
pytorch_training|1b83c94e_20260413_032802,1.0,1,5041,job
rendering_proxy|8aeaf443_20260825_033538,1.0,10,5041,job
rendering_proxy|c76a250c_20260412_224732,1.0,10,5041,job
resnet50_inference|d120b7ba_20260825_024340,1.0,10,5041,job
resnet50_inference|d45705f9_20260412_231705,0.0,10,5041,job
resnet_amp|resnet_amp_cc435c,1.0,1,5041,job
resnet_amp|resnet_amp_efa494,1.0,1,5041,job
resnet_fp32|resnet_fp32_d1d694,1.0,1,5041,job
scientific_hpc|b957a0bf_20260413_033246,1.0,1,5041,job
symgemm_L4_sgdfused_m8192_rep1|e3f3bb2f_20260802_184108,0.9,10,5041,job
symgemm_L4_sgdfused_m8192_rep2|b0c570a7_20260802_210254,0.9,10,5041,job
symgemm_L4_sgdfused_rep1|dbbf7955_20260802_174515,0.5,10,5041,job
symgemm_L4_sgdfused_rep3|719fe5b8_20260802_220158,0.3,10,5041,job
symgemm_L4_sgdfused_rep4|8f5f5e11_20260802_225748,0.4,10,5041,job
symgemm_L5_adam_rep2|498da780_20260802_202923,1.0,10,5041,job
training_dual_gpu_dp|training_dual_gpu_dp_gpu1_278acd,1.0,1,5041,job
whitebox_diluted_N10|8891b439_20260725_211051,1.0,10,5041,job
whitebox_diluted_N10|e6a6ba30_20260725_195717,1.0,10,5041,job
whitebox_diluted_N5|a37b10ba_20260725_194651,1.0,10,5041,job
whitebox_inference_7b_2h|2c53509d_20260727_215058,0.9,10,5041,job
whitebox_inference_long|877db838_20260725_055129,0.9,10,5041,job
whitebox_lora_3b_N1_rep2|71e45f69_20260728_030033,1.0,10,5041,job
whitebox_lora_7b_pilot_N2|849422c3_20260726_114431,1.0,10,5041,job
whitebox_lora_N20|7d319b8f_20260725_201255,1.0,10,5041,job
whitebox_lora_N5|5d8cb134_20260725_210538,1.0,10,5041,job
whitebox_oracle|75298cf9_20260725_225503,1.0,10,5041,job
adversarial_F_interleave_30|ff338fa1_20260412_230551,1.0,10,5042,job
adversarial_G_clock_throttled|4471bfa7_20260412_230551,1.0,1,5042,job
adversarial_G_clock_throttled|8a017bab_20260412_223016,1.0,10,5042,job
adversarial_G_clock_throttled|d38b3081_20260412_053508,1.0,10,5042,job
adversarial_H_mimicry_cufft|ce9f5c9f_20260412_230551,1.0,1,5042,job
adversarial_H_mimicry_mining|30dc1b59_20260412_053508,1.0,1,5042,job
adversarial_I_stochastic_30|18b857be_20260412_230551,1.0,1,5042,job
adversarial_J_pid_75|4b39fbdf_20260825_060033,1.0,10,5042,job
adversarial_J_pid_75|c205c1d2_20260413_014428,1.0,10,5042,job
adversarial_J_pid_75|e3f49bde_20260412_223016,1.0,10,5042,job
adversarial_K_ddp_accum_4|b28bb647b0ef_20260412_234110,1.0,80,5042,job
adversarial_K_ddp_accum_4|ccdbb46fc1a0_20260413_001726,1.0,80,5042,job
adversarial_L_diluted_10_mw8|453df7c0_20260726_170248,1.0,10,5042,job
adversarial_L_diluted_10|512934b1_20260412_054054,1.0,10,5042,job
adversarial_L_diluted_10|7a3fb3e9_20260825_070518,1.0,10,5042,job
adversarial_L_diluted_10|9712fcda_20260825_065431,1.0,10,5042,job
adversarial_L_diluted_200_mw8|a38a444f_20260726_174828,1.0,10,5042,job
adversarial_L_diluted_20|02cfd70b_20260412_231132,1.0,10,5042,job
adversarial_L_diluted_20|25326617_20260725_233354,1.0,10,5042,job
adversarial_L_diluted_5|2471d189_20260412_231132,1.0,10,5042,job
batch_size_sweep_dp|batch_size_sweep_dp_gpu0_2c05fa,1.0,1,5042,job
bert_finetune|2a2a5f3e_20260413_032846,1.0,1,5042,job
bert_sst2_amp|dd87fb92_20260412_222753,1.0,1,5042,job
bert_sst2_ext|49545bf6_20260420_204947,1.0,3,5042,job
bert_sst2|906cb48d_20260825_021650,1.0,1,5042,job
cufft_benchmark|15fa4bd9_20260413_033141,1.0,1,5042,job
cufft_benchmark|227faa64_20260413_033119,1.0,1,5042,job
cufft_benchmark|2cf468dc_20260421_013631,1.0,10,5042,job
cufft_benchmark|38fd661e_20260419_235032,1.0,10,5042,job
cufft_hpc|cufft_hpc_e7ea4b,1.0,1,5042,job
ddp_resnet18_cifar10_amp|972309ed66bd_20260412_231156,1.0,80,5042,job
ddp_training|ddp_telemetry_gpu0,1.0,1,5042,job
fsdp_30b_nvlink|8726f6620517_20260413_001627,1.0,80,5042,job
fsdp_70b_nvlink|a7ff05fcabd2_20260413_003024,1.0,8,5042,job
fsdp_70b_nvlink|c88e29e18a8a_20260413_010413,1.0,80,5042,job
fsdp_70b_seq512_nvlink|78349b23d251_20260413_013913,1.0,80,5042,job
fsdp_70b_sgd_momentum|465819c33b0c_20260413_012319,0.9875,80,5042,job
fsdp_7b_nvlink|755f005b3557_20260412_070444,1.0,80,5042,job
gpt2_finetune|eb4a005e_20260413_032908,1.0,1,5042,job
gpt2_wikitext2|1f4b6ea6_20260412_231705,1.0,3,5042,job
gpt2_wikitext2|f1162cf3_20260412_222753,1.0,3,5042,job
idle|3a7e56ce_20260412_223541,1.0,7,5042,job
idle|5edd7d6c_20260413_032703,1.0,1,5042,job
idle|9eb24edf_20260824_171857,1.0,7,5042,job
llm_infer_deepseek_v3_tp8|f41d4d3c1247_20260419_014514,1.0,80,5042,job
llm_infer_mistral_7b_q4|199b8710_20260825_074125,1.0,10,5042,job
llm_infer_mistral_7b_q4|2ec733be_20260419_221039,0.0,1,5042,job
llm_infer_mistral_7b_q4|7936d649_20260419_220948,0.0,2,5042,job
llm_infer_mistral_7b_q4|7dcec1a2_20260420_020500,1.0,10,5042,job
llm_infer_mistral_7b_q4|85d8feff_20260419_215354,1.0,1,5042,job
llm_infer_mistral_7b_q4|bd933593_20260419_221051,0.0,1,5042,job
llm_infer_mistral_7b_q4|c36eab64_20260419_220847,1.0,1,5042,job
llm_infer_mistral_7b_q4|eff20385_20260419_205907,1.0,1,5042,job
llm_infer_mixtral_8x7b|74ae4709_20260421_001937,1.0,10,5042,job
llm_infer_mixtral_8x7b|7c6d4b81_20260421_000537,1.0,10,5042,job
llm_infer_mixtral_8x7b|d574e683_20260419_041135,1.0,10,5042,job
llm_infer_phi3_mini|aafcc35f_20260419_015203,1.0,10,5042,job
llm_infer_phi3_mini|d0a32c71_20260419_213210,1.0,10,5042,job
llm_infer_qwen25_14b_fp16|085bd1c8_20260420_000301,1.0,10,5042,job
llm_infer_qwen25_14b_fp16|2e76122c_20260419_212144,0.6,10,5042,job
llm_infer_qwen25_14b_fp16|62b1513a_20260419_205946,1.0,1,5042,job
llm_infer_qwen25_32b_fp16|097ee7e4_20260420_002519,1.0,10,5042,job
llm_infer_qwen25_32b_fp16|c89b4098_20260419_214232,0.4,10,5042,job
llm_infer_qwen25_32b_fp16|d008e2dd_20260419_205950,1.0,1,5042,job
llm_infer_qwen25_3b_bs16|301efde2_20260419_225807,1.0,10,5042,job
llm_infer_qwen25_3b_bs4|27632d17_20260420_214020,1.0,10,5042,job
llm_infer_qwen25_3b_bs4|32bdfeb6_20260419_024034,1.0,10,5042,job
llm_infer_qwen25_3b|1fd463ca_20260419_021328,1.0,10,5042,job
llm_infer_qwen25_3b|3f309572_20260419_214259,1.0,10,5042,job
llm_infer_qwen25_3b|59a892fe_20260419_020238,1.0,10,5042,job
llm_infer_qwen25_3b|7de76a76_20260420_211352,1.0,10,5042,job
llm_infer_qwen25_72b_tp2|11ae41c37687_20260419_045923,1.0,20,5042,job
llm_infer_qwen25_72b_tp2|d667bcd68796_20260419_045202,1.0,20,5042,job
llm_infer_qwen25_7b_fp16|61bf5366_20260420_231727,1.0,10,5042,job
llm_infer_qwen25_7b_fp16|8c50624a_20260824_211339,1.0,10,5042,job
llm_infer_qwen25_7b_fp16|a694acd9_20260419_210256,0.7,10,5042,job
llm_infer_qwen25_7b_fp16|fff7de88_20260419_205924,1.0,1,5042,job
llm_infer_sdxl|3761f92b_20260419_223705,0.9,10,5042,job
llm_infer_tinyllama_bs8|efe8ddc5_20260419_021922,0.9,10,5042,job
llm_train_phi3_mini_lora|48da72bf_20260824_230320,1.0,10,5042,job
llm_train_phi3_mini_lora|4bf06f5e_20260824_225752,1.0,10,5042,job
llm_train_phi3_mini_lora|61242a7d_20260419_225953,0.9,10,5042,job
llm_train_qwen25_1p5b_lora|2a4e8583_20260419_221125,0.9,10,5042,job
llm_train_qwen25_3b_lora|074568ba_20260824_224126,1.0,10,5042,job
llm_train_qwen25_3b_lora|dfde664f_20260419_224329,0.9,10,5042,job
mining_ethash_proxy|3cac048c_20260825_000110,1.0,10,5042,job
mining_ethash_proxy|8c86200c_20260412_232321,1.0,10,5042,job
mining_ethash_proxy|b5c42733_20260825_002157,1.0,10,5042,job
mining_ethash_proxy|b6f2e520_20260825_001133,1.0,10,5042,job
mining_ethash_proxy|c56e618e_20260412_224732,1.0,10,5042,job
nbody_sim|e90ecd1d_20260825_031452,1.0,10,5042,job
nbody_sim|nbody_sim_66a459,1.0,1,5042,job
nvlink_p2p|858acb89_20260413_033414,1.0,1,5042,job
ppo_rlhf_r32_rep2|580ad642_20260804_172333,0.9,10,5042,job
pytorch_mlp_cifar10_ext|22ac55c7_20260420_203325,1.0,10,5042,job
pytorch_mlp_cifar10|4c4e6778_20260825_021431,1.0,1,5042,job
pytorch_mlp_cifar10|743face9_20260412_231705,1.0,2,5042,job
pytorch_resnet_cifar10_amp_ext|0e16abc8_20260420_204227,1.0,5,5042,job
pytorch_resnet_cifar10_amp|09c94605_20260412_222753,1.0,2,5042,job
pytorch_resnet_cifar10_amp|7b05a6ae_20260825_021143,1.0,1,5042,job
pytorch_resnet_cifar10_ext|d18ec4ea_20260421_011036,1.0,5,5042,job
pytorch_resnet_cifar10|30653101_20260412_231132,1.0,3,5042,job
pytorch_resnet_cifar10|81f71774_20260412_222753,0.0,1,5042,job
resnet_amp|resnet_amp_efa494,1.0,1,5042,job
resnet_fp32|resnet_fp32_d1d694,1.0,1,5042,job
symgemm_L0_fwd1_rep3|0ad604b3_20260802_223527,1.0,10,5042,job
symgemm_L0_fwd1_rep4|03ed95b1_20260802_233118,1.0,10,5042,job
symgemm_L1_fwd3_7b_rep1|1da12b31_20260802_215024,0.9,10,5042,job
symgemm_L1_fwd3_m8192_rep2|e044c3fe_20260802_211404,0.9,10,5042,job
symgemm_L1_fwd3_rep3|956006bf_20260802_221307,1.0,10,5042,job
symgemm_L3_graddiscard_rep2|eaf8a014_20260802_205144,0.0,10,5042,job
symgemm_L3_graddiscard_rep4|7a0468e5_20260802_234229,0.0,10,5042,job
symgemm_L5_adam_rep1|24f173d4_20260802_180735,1.0,10,5042,job
symgemm_L5_adam_rep3|f1871cc2_20260802_222417,1.0,10,5042,job
symgemm_ppo_fused_r32_rep1|52af0173_20260803_003717,1.0,10,5042,job
symgemm_ppo_fused_r8_rep2|ab3e57f5_20260803_005942,1.0,10,5042,job
training_dual_gpu_dp|training_dual_gpu_dp_gpu0_e63285,1.0,1,5042,job
whitebox_diluted_N20|d8b176f8_20260725_212116,1.0,10,5042,job
whitebox_lora_7b_N10_rep2|a1f5446a_20260728_040109,1.0,10,5042,job
whitebox_lora_7b_N3_1h|1291fbf0_20260727_132029,1.0,10,5042,job
whitebox_lora_7b_N50_1h|f9ff4b5d_20260727_152145,1.0,10,5042,job
whitebox_lora_7b_pilot_N6|13c5d8f6_20260726_123856,1.0,10,5042,job
whitebox_lora_N10_long|58e5a6e6_20260724_215116,1.0,10,5042,job
whitebox_lora_N10|12837863_20260725_200230,1.0,10,5042,job
whitebox_lora_N20|7d319b8f_20260725_201255,1.0,10,5042,job
whitebox_lora_N5|25cd8989_20260725_195205,1.0,10,5042,job
whitebox_lora_N5|de90ed7d_20260725_202852,1.0,10,5042,job
whitebox_oracle|75298cf9_20260725_225503,1.0,10,5042,job
whitebox_oracle|ba2654c8_20260725_224635,1.0,10,5042,job
whitebox_oracle|dfb4b131_20260725_230325,1.0,10,5042,job
adversarial_E_memory_minimal|f5727cea_20260825_040148,1.0,10,5043,job
adversarial_F_interleave_30|42e0d626_20260412_223016,1.0,10,5043,job
adversarial_F_interleave_50|bc02cbc2_20260726_000947,1.0,10,5043,job
adversarial_H_mimicry_cufft|3d49af99_20260413_013919,1.0,10,5043,job
adversarial_H_mimicry_cufft|bf336e54_20260825_051722,1.0,10,5043,job
adversarial_H_mimicry_mining|26c55d63_20260412_230551,1.0,10,5043,job
adversarial_H_mimicry_mining|840df611_20260825_050635,1.0,10,5043,job
adversarial_H_mimicry_mining|88fd4004_20260825_050111,1.0,10,5043,job
adversarial_I_stochastic_30|5e185d96_20260412_053508,1.0,10,5043,job
adversarial_J_pid_75|c205c1d2_20260413_014428,1.0,10,5043,job
adversarial_J_pid_75|cf944e31_20260412_230551,1.0,1,5043,job
adversarial_J_pid_75|e3f49bde_20260412_223016,1.0,10,5043,job
adversarial_K_ddp_accum_4|6e24c995c923_20260412_064737,1.0,80,5043,job
adversarial_K_ddp_accum_4|ccdbb46fc1a0_20260413_001726,1.0,80,5043,job
adversarial_K_ddp_accum_8|73431dec5f44_20260412_234640,1.0,80,5043,job
adversarial_K_online_learning|5e90b4fe_20260412_223541,1.0,10,5043,job
adversarial_L_ddp_10|4f087fae7c56_20260412_233011,1.0,80,5043,job
adversarial_L_ddp_stagger_5|2739e0598ddb_20260413_001154,1.0,80,5043,job
adversarial_L_ddp_stagger_5|8e9728362385_20260412_064206,1.0,80,5043,job
adversarial_L_diluted_10_mw8|453df7c0_20260726_170248,1.0,10,5043,job
adversarial_L_diluted_10|d4cc031f_20260726_001456,1.0,10,5043,job
adversarial_L_diluted_200_mw8|a38a444f_20260726_174828,1.0,10,5043,job
adversarial_L_diluted_20|951bef7b_20260825_072130,1.0,10,5043,job
adversarial_L_diluted_2|07fb94ee_20260412_054054,1.0,10,5043,job
adversarial_L_diluted_2|316523f7_20260412_231132,1.0,10,5043,job
adversarial_L_diluted_5|2471d189_20260412_231132,1.0,10,5043,job
adversarial_L_diluted_5|478eaec5_20260412_223541,1.0,10,5043,job
bert_sst2_amp_ext|cb252747_20260420_204010,1.0,1,5043,job
bert_sst2_amp|dd87fb92_20260412_222753,1.0,1,5043,job
bert_sst2|0a64dc16_20260825_021827,1.0,1,5043,job
cufft_benchmark|15fa4bd9_20260413_033141,1.0,1,5043,job
cufft_benchmark|4bfa16e2_20260824_235047,1.0,10,5043,job
cufft_benchmark|7529bef2_20260824_233001,1.0,10,5043,job
cufft_benchmark|83e14a25_20260421_014638,1.0,10,5043,job
cufft_benchmark|a3a1b5b0_20260420_195136,1.0,10,5043,job
cufft_hpc|cufft_hpc_c78372,1.0,1,5043,job
ddp_resnet50_cifar10|3477d94c3a9e_20260412_060843,1.0,80,5043,job
fsdp_13b_nvlink|943b54f5deb5_20260412_071300,1.0,80,5043,job
fsdp_70b_nvlink|a7ff05fcabd2_20260413_003024,1.0,8,5043,job
fsdp_70b_seq512_nvlink|78349b23d251_20260413_013913,1.0,80,5043,job
fsdp_70b_sgd_momentum|465819c33b0c_20260413_012319,1.0,80,5043,job
gpt2_wikitext2_amp_ext|058cfbc9_20260420_204849,1.0,2,5043,job
gpt2_wikitext2_amp|62c86ac7_20260412_222753,1.0,2,5043,job
gpt2_wikitext2_amp|f2bd8e13_20260412_231705,1.0,2,5043,job
gpt2_wikitext2|1f4b6ea6_20260412_231705,1.0,3,5043,job
idle|964c62f7_20260420_194932,1.0,7,5043,job
idle|bda38c7a_20260412_231132,1.0,7,5043,job
llm_infer_deepseek_v3_tp8|f41d4d3c1247_20260419_014514,0.9,80,5043,job
llm_infer_mistral_7b_q4|0e400173_20260419_215405,1.0,1,5043,job
llm_infer_mistral_7b_q4|177996c6_20260421_012908,1.0,10,5043,job
llm_infer_mistral_7b_q4|199b8710_20260825_074125,0.9,10,5043,job
llm_infer_mistral_7b_q4|1aa4e562_20260825_004332,0.5,10,5043,job
llm_infer_mistral_7b_q4|2ec733be_20260419_221039,1.0,1,5043,job
llm_infer_mistral_7b_q4|5841de91_20260419_210239,1.0,1,5043,job
llm_infer_mistral_7b_q4|7dcec1a2_20260420_020500,1.0,10,5043,job
llm_infer_mistral_7b_q4|85d8feff_20260419_215354,1.0,1,5043,job
llm_infer_mistral_7b_q4|b0506bd3_20260419_205916,1.0,1,5043,job
llm_infer_mixtral_8x7b|a79f0a84_20260419_040511,1.0,10,5043,job
llm_infer_phi3_mini|52a2bd28_20260420_210319,1.0,10,5043,job
llm_infer_phi3_mini|cd6a5e78_20260419_212123,1.0,10,5043,job
llm_infer_phi3_mini|d0a32c71_20260419_213210,1.0,10,5043,job
llm_infer_qwen25_14b_fp16|0467d4a3_20260824_212608,1.0,10,5043,job
llm_infer_qwen25_14b_fp16|62b1513a_20260419_205946,1.0,1,5043,job
llm_infer_qwen25_14b_fp16|c2bcc1e0_20260419_213116,1.0,10,5043,job
llm_infer_qwen25_14b_fp16|e481b484_20260419_234859,1.0,10,5043,job
llm_infer_qwen25_32b_fp16|0e1acfb8_20260824_214418,1.0,10,5043,job
llm_infer_qwen25_32b_fp16|43218758_20260421_031401,1.0,10,5043,job
llm_infer_qwen25_32b_fp16|463349dc_20260420_000940,1.0,10,5043,job
llm_infer_qwen25_32b_fp16|949b75e6_20260419_215643,1.0,10,5043,job
llm_infer_qwen25_3b|3f309572_20260419_214259,1.0,10,5043,job
llm_infer_qwen25_3b|59a892fe_20260419_020238,1.0,10,5043,job
llm_infer_qwen25_3b|f36beab2_20260419_214818,1.0,10,5043,job
llm_infer_qwen25_72b_fp8|ad1ee08d_20260419_041746,1.0,10,5043,job
llm_infer_qwen25_7b_fp16|4f69bded_20260824_200743,1.0,1,5043,job
llm_infer_sdxl|5477dea8_20260419_223149,0.8,10,5043,job
llm_infer_sdxl|f3c09865_20260419_025108,0.8,10,5043,job
llm_infer_tinyllama_seq4096|25a7da9a_20260419_225251,1.0,10,5043,job
llm_infer_tinyllama_seq4096|367c872f_20260420_222307,1.0,10,5043,job
llm_infer_tinyllama_seq4096|ff9add28_20260419_224220,1.0,10,5043,job
llm_infer_vit_l_bs64|5e01a928_20260419_034907,1.0,10,5043,job
llm_infer_vit_l_bs64|7be29623_20260420_224924,1.0,10,5043,job
llm_infer_vit_l_bs64|9c5aafb1_20260419_232432,1.0,10,5043,job
llm_train_mistral_7b_lora|b31642c6_20260419_231627,0.8,10,5043,job
llm_train_qwen25_3b_lora|074568ba_20260824_224126,1.0,10,5043,job
llm_train_qwen25_3b_lora|e8114b07_20260419_225441,1.0,10,5043,job
llm_train_smollm2_1p7b_lora|896b1640_20260824_223027,1.0,10,5043,job
mining_ethash_proxy|417dd7cd_20260420_002049,1.0,10,5043,job
mining_ethash_proxy|59292457_20260420_001044,1.0,10,5043,job
mining_ethash_proxy|814335b9_20260421_020654,1.0,10,5043,job
mining_ethash_proxy|8c86200c_20260412_232321,1.0,10,5043,job
mining_proxy|mining_proxy_a7ed85,0.0,1,5043,job
modern_inference|5c76e8e5_20260413_033057,1.0,1,5043,job
nbody_sim|98b49f2f_20260412_224117,1.0,10,5043,job
nbody_sim|bf32f0fa_20260413_033224,1.0,1,5043,job
nvlink_bandwidth|nvlink_bandwidth_gpu0_ef7777,1.0,1,5043,job
ppo_rlhf_r8_rep2|4735a4fb_20260804_171221,1.0,10,5043,job
pytorch_mlp_cifar10_ext|22ac55c7_20260420_203325,1.0,10,5043,job
pytorch_mlp_cifar10|22fad3bd_20260825_021517,1.0,1,5043,job
pytorch_mlp_cifar10|743face9_20260412_231705,1.0,2,5043,job
pytorch_resnet_cifar10_amp|7b05a6ae_20260825_021143,1.0,1,5043,job
pytorch_resnet_cifar10_amp|a2af05e4_20260825_020701,1.0,1,5043,job
pytorch_resnet_cifar10_ext|41c19de5_20260420_204048,1.0,5,5043,job
pytorch_resnet_cifar10|1c3ed317_20260825_020430,1.0,1,5043,job
pytorch_resnet_cifar10|30653101_20260412_231132,1.0,3,5043,job
pytorch_training|1b83c94e_20260413_032802,1.0,1,5043,job
resnet50_inference|d45705f9_20260412_231705,0.8,10,5043,job
resnet_fp32|resnet_fp32_b4973a,1.0,1,5043,job
symgemm_L0_fwd1_rep1|7e021360_20260802_181845,1.0,10,5043,job
symgemm_L1_fwd3_rep2|e04a3490_20260802_201813,0.9,10,5043,job
symgemm_L1_fwd3_rep3|956006bf_20260802_221307,1.0,10,5043,job
symgemm_L3_graddiscard_rep4|7a0468e5_20260802_234229,1.0,10,5043,job
symgemm_L4_sgdfused_rep4|8f5f5e11_20260802_225748,0.8,10,5043,job
symgemm_L5_adam_rep1|24f173d4_20260802_180735,1.0,10,5043,job
symgemm_decode_g256_rep3|6e25438a_20260803_015538,1.0,10,5043,job
symgemm_ppo_fused_r32_rep1|52af0173_20260803_003717,1.0,10,5043,job
training_dual_gpu_dp|multi_gpu_telemetry_gpu0,0.5,2,5043,job
training_dual_gpu_dp|multi_gpu_telemetry_gpu1,0.0,2,5043,job
training_dual_gpu_dp|training_dual_gpu_dp_gpu1_278acd,1.0,1,5043,job
training_single_gpu|training_single_gpu_gpu1_552ff1,0.0,1,5043,job
whitebox_diluted_3b_N1_1h|814de13f_20260728_005931,0.9,10,5043,job
whitebox_diluted_N10|d7e25a80_20260725_203405,1.0,10,5043,job
whitebox_diluted_N5|e9df56b8_20260725_202339,1.0,10,5043,job
whitebox_inference_1b_matched|c6927996_20260728_061814,0.8,10,5043,job
whitebox_inference_long|877db838_20260725_055129,0.9,10,5043,job
whitebox_lora_7b_N3_1h|1291fbf0_20260727_132029,1.0,10,5043,job
whitebox_lora_7b_N50_1h|f9ff4b5d_20260727_152145,1.0,10,5043,job
whitebox_lora_7b_pilot_N3|083f6968_20260726_120119,1.0,10,5043,job
whitebox_lora_N10|c738d40d_20260725_203918,1.0,10,5043,job
whitebox_lora_N5|de90ed7d_20260725_202852,1.0,10,5043,job
whitebox_oracle_7b_long|dd20b782_20260726_181838,1.0,10,5043,job
adversarial_F_interleave_30|42e0d626_20260412_223016,1.0,10,5044,job
adversarial_F_interleave_30|ff338fa1_20260412_230551,1.0,10,5044,job
adversarial_F_interleave_50|4cde77c0_20260726_003313,1.0,10,5044,job
adversarial_F_interleave_50|972b5cb1_20260412_230551,1.0,1,5044,job
adversarial_H_mimicry_cufft|bf336e54_20260825_051722,1.0,10,5044,job
adversarial_H_mimicry_mining|26c55d63_20260412_230551,1.0,10,5044,job
adversarial_H_mimicry_mining|5ac32145_20260825_051158,1.0,10,5044,job
adversarial_I_stochastic_30|0790698e_20260726_000437,1.0,10,5044,job
adversarial_J_pid_75|4b39fbdf_20260825_060033,1.0,10,5044,job
adversarial_K_ddp_accum_8|73431dec5f44_20260412_234640,1.0,80,5044,job
adversarial_K_online_learning|1468f533_20260412_231132,1.0,10,5044,job
adversarial_K_online_learning|5e90b4fe_20260412_223541,1.0,10,5044,job
adversarial_K_online_learning|901b510d_20260825_061120,1.0,10,5044,job
adversarial_L_ddp_10|4f087fae7c56_20260412_233011,1.0,80,5044,job
adversarial_L_ddp_stagger_5|8e9728362385_20260412_064206,1.0,80,5044,job
adversarial_L_diluted_20|02cfd70b_20260412_231132,1.0,10,5044,job
adversarial_L_diluted_20|c504ec15_20260726_002055,1.0,10,5044,job
adversarial_L_diluted_2|0e8e28c2_20260825_062208,1.0,10,5044,job
adversarial_L_diluted_2|316523f7_20260412_231132,1.0,10,5044,job
adversarial_L_diluted_5|05e951a9_20260825_063819,1.0,10,5044,job
adversarial_L_diluted_5|29aaeb3c_20260825_064907,1.0,10,5044,job
adversarial_L_diluted_5|478eaec5_20260412_223541,1.0,10,5044,job
adversarial_L_diluted_5|5e0891fb_20260412_054054,1.0,10,5044,job
bert_finetune|2a2a5f3e_20260413_032846,1.0,1,5044,job
bert_finetune|9311265c_20260413_032824,1.0,1,5044,job
bert_finetune|d969416f_20260413_032846,1.0,1,5044,job
bert_sst2|0a64dc16_20260825_021827,1.0,1,5044,job
cufft_benchmark|15fa4bd9_20260413_033141,1.0,1,5044,job
cufft_benchmark|38fd661e_20260419_235032,1.0,10,5044,job
cufft_benchmark|4bfa16e2_20260824_235047,1.0,10,5044,job
cufft_benchmark|540552ce_20260824_234024,1.0,10,5044,job
cufft_hpc|cufft_hpc_e7ea4b,1.0,1,5044,job
ddp_resnet50_cifar10|c83757ac5731_20260412_230440,1.0,80,5044,job
fsdp_13b_nvlink|943b54f5deb5_20260412_071300,1.0,80,5044,job
fsdp_30b_nvlink|2f237772ccc3_20260413_004957,0.9625,80,5044,job
fsdp_30b_nvlink|cb97612d27e1_20260412_074412,1.0,10,5044,job
fsdp_70b_nvlink|c88e29e18a8a_20260413_010413,0.7125,80,5044,job
fsdp_70b_seqlen512|27c89ff855c9_20260413_012837,0.2125,80,5044,job
fsdp_70b_sgd_momentum|465819c33b0c_20260413_012319,0.3125,80,5044,job
fsdp_7b_nvlink|5de962c92de9_20260412_235456,0.9875,80,5044,job
gpt2_finetune|eb4a005e_20260413_032908,1.0,1,5044,job
gpt2_wikitext2_amp_ext|058cfbc9_20260420_204849,1.0,2,5044,job
gpt2_wikitext2_amp_ext|ec2b4d42_20260420_202719,0.6666666666666666,3,5044,job
gpt2_wikitext2_ext|daa304a2_20260421_011634,1.0,6,5044,job
idle|964c62f7_20260420_194932,1.0,7,5044,job
idle|9c0d0d21_20260824_232740,1.0,7,5044,job
idle|d840e0b6_20260824_171640,1.0,7,5044,job
inference|inference_c1b4c6,1.0,1,5044,job
llm_infer_mistral_7b_q4|0f8555a9_20260825_003220,0.9,10,5044,job
llm_infer_mistral_7b_q4|1039bea2_20260825_074800,1.0,10,5044,job
llm_infer_mistral_7b_q4|24353de9_20260420_015430,0.9,10,5044,job
llm_infer_mistral_7b_q4|793c412e_20260420_010538,1.0,10,5044,job
llm_infer_mistral_7b_q4|960c6bbd_20260421_012347,1.0,10,5044,job
llm_infer_mistral_7b_q4|b8b0e618_20260420_005449,1.0,10,5044,job
llm_infer_mistral_7b_q4|bd933593_20260419_221051,1.0,1,5044,job
llm_infer_mistral_7b_q4|d52344f3_20260419_220856,1.0,1,5044,job
llm_infer_mistral_7b_q4|dc6bbdac_20260420_010008,1.0,10,5044,job
llm_infer_mixtral_8x7b|2136c735_20260421_001254,1.0,10,5044,job
llm_infer_mixtral_8x7b|d574e683_20260419_041135,1.0,10,5044,job
llm_infer_phi3_mini|4d756fdb_20260419_014632,1.0,10,5044,job
llm_infer_phi3_mini|aafcc35f_20260419_015203,1.0,10,5044,job
llm_infer_phi3_mini|cd6a5e78_20260419_212123,1.0,10,5044,job
llm_infer_qwen25_14b_fp16|62b1513a_20260419_205946,1.0,1,5044,job
llm_infer_qwen25_14b_fp16|e481b484_20260419_234859,1.0,10,5044,job
llm_infer_qwen25_32b_fp16|43218758_20260421_031401,1.0,10,5044,job
llm_infer_qwen25_32b_fp16|7efd8ad1_20260419_220234,1.0,10,5044,job
llm_infer_qwen25_3b_bs4|dbfd03f1_20260419_023515,1.0,10,5044,job
llm_infer_qwen25_72b_fp16|d793b310_20260421_003349,1.0,10,5044,job
llm_infer_qwen25_72b_tp2|173cf665d203_20260419_044435,1.0,10,5044,job
llm_infer_qwen25_7b_fp16|8c50624a_20260824_211339,1.0,10,5044,job
llm_infer_sdxl|212903bb_20260420_223849,1.0,10,5044,job
llm_infer_sdxl|3761f92b_20260419_223705,0.0,10,5044,job
llm_infer_sdxl|5477dea8_20260419_223149,0.0,10,5044,job
llm_infer_sdxl|adc8a3d2_20260419_222624,0.1,10,5044,job
llm_infer_tinyllama_bs8|efe8ddc5_20260419_021922,0.9,10,5044,job
llm_infer_tinyllama_seq4096|367c872f_20260420_222307,1.0,10,5044,job
llm_infer_tinyllama_seq4096|ac0a588a_20260419_031732,1.0,10,5044,job
llm_infer_tinyllama_seq4096|bf1e9e48_20260419_030704,1.0,10,5044,job
llm_infer_vit_l_bs64|38e37d2f_20260419_034355,1.0,10,5044,job
llm_infer_vit_l_bs64|fde5cf55_20260420_225435,1.0,10,5044,job
llm_train_mistral_7b_lora|b31642c6_20260419_231627,1.0,10,5044,job
llm_train_qwen25_1p5b_lora|4f537ca3_20260419_222216,1.0,10,5044,job
llm_train_qwen25_1p5b_lora|8a368ac5_20260824_220307,0.8,10,5044,job
llm_train_qwen25_1p5b_lora|f2ab89f9_20260824_221404,0.7,10,5044,job
llm_train_qwen25_3b_lora|074568ba_20260824_224126,1.0,10,5044,job
llm_train_qwen25_3b_lora|e8114b07_20260419_225441,1.0,10,5044,job
llm_train_smollm2_1p7b_lora|4124c198_20260824_222500,1.0,10,5044,job
llm_train_smollm2_1p7b_lora|ad1a6473_20260419_222727,1.0,10,5044,job
modern_inference|5c76e8e5_20260413_033057,1.0,1,5044,job
modern_inference|6ce8e009_20260413_033057,1.0,1,5044,job
nbody_sim|b9568c1a_20260413_033202,1.0,1,5044,job
nbody_sim|nbody_sim_c0054d,1.0,1,5044,job
nbody_sim|nbody_sim_d50046,1.0,1,5044,job
nvlink_bandwidth|nvlink_bandwidth_gpu0_0eb88f,1.0,1,5044,job
nvlink_latency|nvlink_latency_gpu0_5aa1ba,1.0,1,5044,job
nvlink_p2p|7e14f65e_20260413_033435,0.0,1,5044,job
ppo_rlhf_r8_rep1|6394bf01_20260804_164958,1.0,10,5044,job
ppo_rlhf_r8_rep2|4735a4fb_20260804_171221,1.0,10,5044,job
pytorch_mlp_cifar10_ext|22ac55c7_20260420_203325,1.0,10,5044,job
pytorch_mlp_cifar10|6726c8ff_20260825_021604,1.0,1,5044,job
pytorch_resnet_cifar10_amp|29320233_20260825_073152,1.0,1,5044,job
pytorch_resnet_cifar10_amp|5543e12f_20260825_020949,1.0,1,5044,job
pytorch_resnet_cifar10_amp|7b05a6ae_20260825_021143,1.0,1,5044,job
pytorch_resnet_cifar10_amp|a2af05e4_20260825_020701,1.0,1,5044,job
pytorch_resnet_cifar10|94104fc8_20260412_223541,1.0,2,5044,job
resnet_fp32|resnet_fp32_b4973a,1.0,1,5044,job
resnet_fp32|resnet_fp32_d1d694,1.0,1,5044,job
scientific_hpc|3cf03b97_20260413_033308,1.0,1,5044,job
scientific_hpc|b957a0bf_20260413_033246,0.0,1,5044,job
symgemm_L0_fwd1_rep1|7e021360_20260802_181845,0.9,10,5044,job
symgemm_L1_fwd3_m8192_rep1|128a6c86_20260802_185218,0.9,10,5044,job
symgemm_L1_fwd3_m8192_rep2|e044c3fe_20260802_211404,1.0,10,5044,job
symgemm_L4_sgdfused_m8192_rep1|e3f3bb2f_20260802_184108,0.9,10,5044,job
symgemm_L4_sgdfused_rep3|719fe5b8_20260802_220158,1.0,10,5044,job
symgemm_L5_adam_rep1|24f173d4_20260802_180735,1.0,10,5044,job
training_dual_gpu_dp|training_dual_gpu_dp_gpu1_d95db4,1.0,1,5044,job
training_single_gpu|training_single_gpu_gpu0_199317,1.0,1,5044,job
training_single_gpu|training_single_gpu_gpu1_552ff1,0.0,1,5044,job
whitebox_diluted_7b_N10_1h|f65c515b_20260727_121946,0.9,10,5044,job
whitebox_inference|2c3fb377_20260725_205514,0.9,10,5044,job
whitebox_inference|3d92903b_20260725_201826,0.9,10,5044,job
whitebox_lora_3b_N1_rep2|71e45f69_20260728_030033,1.0,10,5044,job
whitebox_lora_7b_N10_rep2|a1f5446a_20260728_040109,1.0,10,5044,job
whitebox_lora_7b_N20_1h|8c105125_20260727_142117,1.0,10,5044,job
whitebox_lora_7b_pilot_N5|8d4c0881_20260726_121646,1.0,10,5044,job
whitebox_lora_7b_pilot_N6|13c5d8f6_20260726_123856,1.0,10,5044,job
whitebox_lora_N10|12837863_20260725_200230,1.0,10,5044,job
whitebox_lora_N20|b5e22ab8_20260725_212628,1.0,10,5044,job
whitebox_oracle|ba2654c8_20260725_224635,1.0,10,5044,job
whitebox_oracle|dfb4b131_20260725_230325,1.0,10,5044,job
adversarial_E_memory_minimal|c443df01_20260825_035624,1.0,10,5045,job
adversarial_F_interleave_50|82b69908_20260412_223016,1.0,10,5045,job
adversarial_F_interleave_50|bc02cbc2_20260726_000947,1.0,10,5045,job
adversarial_G_clock_throttled|26e4120c_20260825_045023,1.0,10,5045,job
adversarial_G_clock_throttled|4471bfa7_20260412_230551,1.0,1,5045,job
adversarial_G_clock_throttled|8a017bab_20260412_223016,1.0,10,5045,job
adversarial_H_mimicry_cufft|8a52b6f9_20260825_052246,1.0,10,5045,job
adversarial_H_mimicry_cufft|983fad80_20260412_053508,1.0,1,5045,job
adversarial_I_stochastic_30|3978f906_20260825_053334,1.0,10,5045,job
adversarial_I_stochastic_30|650fb51f_20260412_223016,0.9,10,5045,job
adversarial_K_ddp_accum_4|6e24c995c923_20260412_064737,1.0,80,5045,job
adversarial_K_ddp_accum_8|4e915a9d238b_20260412_065453,1.0,80,5045,job
adversarial_K_online_learning|3ca87735_20260825_060556,1.0,10,5045,job
adversarial_L_ddp_10|740abd236207_20260413_000621,1.0,80,5045,job
adversarial_L_ddp_stagger_5|2739e0598ddb_20260413_001154,0.8875,80,5045,job
adversarial_L_ddp_stagger_5|9018a40f5999_20260412_233540,1.0,80,5045,job
adversarial_L_diluted_10_mw8|51a40fcc_20260726_171309,1.0,10,5045,job
adversarial_L_diluted_10|03656a60_20260825_065954,1.0,10,5045,job
adversarial_L_diluted_10|2c305d90_20260725_232752,1.0,10,5045,job
adversarial_L_diluted_10|d4cc031f_20260726_001456,1.0,10,5045,job
adversarial_L_diluted_20|1746ff55_20260412_054054,1.0,10,5045,job
adversarial_L_diluted_20|25326617_20260725_233354,1.0,10,5045,job
adversarial_L_diluted_2|0e8e28c2_20260825_062208,1.0,10,5045,job
adversarial_L_diluted_2|354119ef_20260412_223541,1.0,10,5045,job
adversarial_L_diluted_2|463541b6_20260825_062731,1.0,10,5045,job
adversarial_L_diluted_5|2471d189_20260412_231132,1.0,10,5045,job
adversarial_L_diluted_5|478eaec5_20260412_223541,1.0,10,5045,job
batch_size_sweep_dp|batch_size_sweep_dp_gpu1_f04813,1.0,1,5045,job
bert_finetune|d969416f_20260413_032846,1.0,1,5045,job
bert_sst2_amp_ext|cb252747_20260420_204010,1.0,1,5045,job
bert_sst2_amp|49d3ba57_20260412_224117,1.0,1,5045,job
bert_sst2_ext|39b13cda_20260420_203906,1.0,3,5045,job
bert_sst2|30b0dab5_20260412_231705,1.0,1,5045,job
bert_sst2|4a0aab7a_20260825_021739,1.0,1,5045,job
cufft_benchmark|15fa4bd9_20260413_033141,1.0,1,5045,job
cufft_benchmark|227faa64_20260413_033119,1.0,1,5045,job
cufft_benchmark|7529bef2_20260824_233001,1.0,10,5045,job
cufft_benchmark|83e14a25_20260421_014638,1.0,10,5045,job
cufft_benchmark|a3a1b5b0_20260420_195136,1.0,10,5045,job
cufft_hpc|cufft_hpc_58ecd2,1.0,1,5045,job
cufft_hpc|cufft_hpc_c78372,1.0,1,5045,job
ddp_resnet18_cifar10|ce5c33bebcdd_20260412_060311,1.0,80,5045,job
ddp_resnet50_cifar10|3477d94c3a9e_20260412_060843,1.0,80,5045,job
ddp_training|ddp_telemetry_gpu0,1.0,1,5045,job
fsdp_30b_adamw_nvlink|29f631dc5b8a_20260413_002943,1.0,80,5045,job
fsdp_70b_adamw|e53e253f883d_20260413_012859,1.0,6,5045,job
gpt2_wikitext2_amp|62c86ac7_20260412_222753,1.0,2,5045,job
idle|9883933c_20260420_201152,1.0,7,5045,job
idle|f63d327d_20260421_013426,1.0,7,5045,job
inference|inference_8fd998,1.0,1,5045,job
llm_infer_deepseek_v3_tp8|f41d4d3c1247_20260419_014514,0.8375,80,5045,job
llm_infer_mistral_7b_q4|0546326b_20260420_015345,1.0,1,5045,job
llm_infer_mistral_7b_q4|1039bea2_20260825_074800,1.0,10,5045,job
llm_infer_mistral_7b_q4|5841de91_20260419_210239,1.0,1,5045,job
llm_infer_mistral_7b_q4|7936d649_20260419_220948,0.0,2,5045,job
llm_infer_mistral_7b_q4|793c412e_20260420_010538,1.0,10,5045,job
llm_infer_mistral_7b_q4|b0506bd3_20260419_205916,1.0,1,5045,job
llm_infer_mistral_7b_q4|e81dfe47_20260420_015946,1.0,10,5045,job
llm_infer_phi3_mini|745171c6_20260419_015720,1.0,10,5045,job
llm_infer_phi3_mini|e0bd0272_20260419_212652,1.0,10,5045,job
llm_infer_qwen25_14b_fp16|200c729c_20260419_235621,1.0,10,5045,job
llm_infer_qwen25_14b_fp16|b9923a39_20260419_213654,1.0,10,5045,job
llm_infer_qwen25_14b_fp16|c1adb329_20260419_205942,1.0,1,5045,job
llm_infer_qwen25_32b_fp16|0e1acfb8_20260824_214418,1.0,10,5045,job
llm_infer_qwen25_32b_fp16|43218758_20260421_031401,1.0,10,5045,job
llm_infer_qwen25_32b_fp16|463349dc_20260420_000940,0.9,10,5045,job
llm_infer_qwen25_3b_bs16|0765cbf1_20260420_215052,1.0,10,5045,job
llm_infer_qwen25_3b_bs16|22ecde82_20260419_032802,1.0,10,5045,job
llm_infer_qwen25_3b_bs16|3d9be7b5_20260419_033318,1.0,10,5045,job
llm_infer_qwen25_3b_bs4|766c2eff_20260419_024551,1.0,10,5045,job
llm_infer_qwen25_3b_bs4|d16da8aa_20260420_212943,1.0,10,5045,job
llm_infer_qwen25_72b_fp16|d793b310_20260421_003349,1.0,10,5045,job
llm_infer_qwen25_72b_fp8|1949bd09_20260420_003236,0.8,10,5045,job
llm_infer_qwen25_72b_fp8|cd098693_20260420_004709,1.0,10,5045,job
llm_infer_qwen25_72b_tp2|173cf665d203_20260419_044435,1.0,10,5045,job
llm_infer_sdxl|3761f92b_20260419_223705,0.9,10,5045,job
llm_infer_sdxl|adc8a3d2_20260419_222624,0.9,10,5045,job
llm_infer_sdxl|f3c09865_20260419_025108,0.9,10,5045,job
llm_infer_tinyllama_seq4096|ff9add28_20260419_224220,1.0,10,5045,job
llm_infer_vit_l_bs64|38e37d2f_20260419_034355,1.0,10,5045,job
llm_infer_vit_l_bs64|a2d462c4_20260420_225947,1.0,10,5045,job
llm_infer_vit_l_bs64|e895e0da_20260419_033836,0.9,10,5045,job
llm_infer_vit_l_bs64|fde5cf55_20260420_225435,1.0,10,5045,job
llm_train_mistral_7b_lora|e2b30e58_20260419_232842,1.0,10,5045,job
llm_train_phi3_mini_lora|5fb0d553_20260824_225222,1.0,10,5045,job
llm_train_qwen25_1p5b_lora|2a4e8583_20260419_221125,1.0,10,5045,job
llm_train_qwen25_1p5b_lora|4f537ca3_20260419_222216,1.0,10,5045,job
llm_train_qwen25_1p5b_lora|a219bf6f_20260419_221705,1.0,10,5045,job
llm_train_qwen25_1p5b_lora|e0c86e62_20260824_220836,1.0,10,5045,job
nbody_sim|6c13c5ae_20260825_030429,1.0,10,5045,job
nbody_sim|b9568c1a_20260413_033202,1.0,1,5045,job
nbody_sim|bf32f0fa_20260413_033224,1.0,1,5045,job
nbody_sim|nbody_sim_66a459,1.0,1,5045,job
nvlink_latency|nvlink_latency_gpu0_1c6087,1.0,1,5045,job
nvlink_p2p|858acb89_20260413_033414,1.0,1,5045,job
ppo_rlhf_r32_rep3|9c5afa29_20260804_174554,1.0,10,5045,job
ppo_rlhf_r8_rep2|4735a4fb_20260804_171221,1.0,10,5045,job
pytorch_resnet_cifar10_amp|5543e12f_20260825_020949,1.0,1,5045,job
pytorch_resnet_cifar10_amp|7b05a6ae_20260825_021143,1.0,1,5045,job
pytorch_resnet_cifar10_amp|7e69c6dd_20260825_021041,1.0,1,5045,job
pytorch_resnet_cifar10|30653101_20260412_231132,1.0,3,5045,job
pytorch_resnet_cifar10|81f71774_20260412_222753,1.0,1,5045,job
pytorch_resnet_cifar10|94104fc8_20260412_223541,1.0,2,5045,job
rendering|rendering_33f139,0.0,1,5045,job
resnet50_inference|0464d734_20260825_022250,1.0,10,5045,job
resnet50_inference|277c9073_20260825_023315,1.0,10,5045,job
resnet_amp|resnet_amp_cc435c,1.0,1,5045,job
resnet_fp32|resnet_fp32_f7ebcf,1.0,1,5045,job
scientific_hpc|2369d03f_20260413_033308,1.0,1,5045,job
symgemm_L0_fwd1_rep4|03ed95b1_20260802_233118,1.0,10,5045,job
symgemm_L1_fwd3_rep1|9c7b9bc7_20260802_175625,1.0,10,5045,job
symgemm_L1_fwd3_rep2|e04a3490_20260802_201813,1.0,10,5045,job
symgemm_L3_graddiscard_rep1|f12dea2b_20260802_182955,0.9,10,5045,job
symgemm_L3_graddiscard_rep3|3abcefec_20260802_224637,1.0,10,5045,job
symgemm_L5_adam_rep3|f1871cc2_20260802_222417,1.0,10,5045,job
symgemm_ppo_fused_r32_rep2|c6b8724c_20260803_011053,1.0,10,5045,job
symgemm_ppo_fused_r32_rep3|6b1c2a3b_20260803_014427,1.0,10,5045,job
training_dual_gpu_dp|training_dual_gpu_dp_gpu1_d95db4,1.0,1,5045,job
training_single_gpu|training_single_gpu_gpu1_552ff1,1.0,1,5045,job
whitebox_diluted_1b_N1_1h|e9c0ff07_20260727_235850,1.0,10,5045,job
whitebox_diluted_N20|6305ed40_20260725_204431,1.0,10,5045,job
whitebox_diluted_N5|eaaa7663_20260725_210026,1.0,10,5045,job
whitebox_inference|2c3fb377_20260725_205514,0.7,10,5045,job
whitebox_lora_1b_N1_1h|861a8dfb_20260727_173343,1.0,10,5045,job
whitebox_lora_3b_N1_1h|070267f7_20260727_194926,1.0,10,5045,job
whitebox_lora_3b_N1_rep2|71e45f69_20260728_030033,1.0,10,5045,job
whitebox_lora_N20|b5e22ab8_20260725_212628,1.0,10,5045,job
whitebox_oracle_7b_long|dd20b782_20260726_181838,0.9,10,5045,job
whitebox_oracle|75298cf9_20260725_225503,1.0,10,5045,job
whitebox_oracle|dfb4b131_20260725_230325,1.0,10,5045,job
adversarial_E_memory_minimal|bd61daeb_20260412_223016,1.0,10,5046,job
adversarial_F_interleave_30|314da66d_20260412_053508,1.0,1,5046,job
adversarial_F_interleave_50|82b69908_20260412_223016,1.0,10,5046,job
adversarial_F_interleave_50|bc02cbc2_20260726_000947,1.0,10,5046,job
adversarial_I_stochastic_30|650fb51f_20260412_223016,0.9,10,5046,job
adversarial_I_stochastic_30|d13c6696_20260825_054421,1.0,10,5046,job
adversarial_J_pid_75|cf944e31_20260412_230551,1.0,1,5046,job
adversarial_K_ddp_accum_8|036fb65cffea_20260413_002258,1.0,80,5046,job
adversarial_K_ddp|41b734487b5e_20260412_235331,1.0,80,5046,job
adversarial_L_ddp_5|a9a551652c04_20260412_235905,1.0,80,5046,job
adversarial_L_diluted_10|512934b1_20260412_054054,1.0,10,5046,job
adversarial_L_diluted_10|5904fb3d_20260412_223541,1.0,10,5046,job
adversarial_L_diluted_10|d4cc031f_20260726_001456,1.0,10,5046,job
adversarial_L_diluted_20|405a7452_20260412_223541,1.0,10,5046,job
adversarial_L_diluted_20|951bef7b_20260825_072130,0.4,10,5046,job
adversarial_L_diluted_20|ee8eddb5_20260825_071042,0.7,10,5046,job
adversarial_L_diluted_5|05e951a9_20260825_063819,1.0,10,5046,job
adversarial_L_diluted_5|5e0891fb_20260412_054054,1.0,10,5046,job
bert_finetune|2a2a5f3e_20260413_032846,1.0,1,5046,job
bert_sst2|0a64dc16_20260825_021827,1.0,1,5046,job
bert_sst2|675c6c84_20260412_222753,1.0,2,5046,job
cufft_benchmark|2cf468dc_20260421_013631,1.0,10,5046,job
ddp_resnet18_cifar10|a76b540db268_20260412_233502,1.0,80,5046,job
ddp_resnet18_cifar10|b6ee4dbc9fc2_20260412_225907,1.0,80,5046,job
fsdp_30b_nvlink|165add02433c_20260412_071335,1.0,8,5046,job
fsdp_70b_adamw|e53e253f883d_20260413_012859,1.0,6,5046,job
fsdp_70b_nvlink|c632fe2971fa_20260412_071411,1.0,8,5046,job
fsdp_70b_seqlen512|27c89ff855c9_20260413_012837,0.65,80,5046,job
fsdp_7b_nvlink|5de962c92de9_20260412_235456,1.0,80,5046,job
gpt2_finetune|eb4a005e_20260413_032908,1.0,1,5046,job
gpt2_wikitext2_amp_ext|058cfbc9_20260420_204849,1.0,2,5046,job
gpt2_wikitext2_amp|f2bd8e13_20260412_231705,1.0,2,5046,job
gpt2_wikitext2_ext|daa304a2_20260421_011634,1.0,6,5046,job
gpt2_wikitext2|917b93fb_20260412_224117,1.0,3,5046,job
idle|5edd7d6c_20260413_032703,1.0,1,5046,job
idle|9883933c_20260420_201152,1.0,7,5046,job
idle|dd455a95_20260824_171422,1.0,7,5046,job
inference|inference_c1b4c6,1.0,1,5046,job
llm_infer_deepseek_v3_tp8|f41d4d3c1247_20260419_014514,0.9875,80,5046,job
llm_infer_mistral_7b_q4|177996c6_20260421_012908,1.0,10,5046,job
llm_infer_mistral_7b_q4|199b8710_20260825_074125,0.9,10,5046,job
llm_infer_mistral_7b_q4|5841de91_20260419_210239,1.0,1,5046,job
llm_infer_mistral_7b_q4|8bb0be41_20260420_015335,1.0,1,5046,job
llm_infer_mistral_7b_q4|960c6bbd_20260421_012347,1.0,10,5046,job
llm_infer_mixtral_8x7b|6d7f6e16_20260419_035827,1.0,10,5046,job
llm_infer_phi3_mini|e7320dff_20260420_205804,0.9,10,5046,job
llm_infer_qwen25_14b_fp16|200c729c_20260419_235621,1.0,10,5046,job
llm_infer_qwen25_14b_fp16|2e76122c_20260419_212144,0.6,10,5046,job
llm_infer_qwen25_14b_fp16|c2bcc1e0_20260419_213116,1.0,10,5046,job
llm_infer_qwen25_32b_fp16|0e1acfb8_20260824_214418,0.9,10,5046,job
llm_infer_qwen25_32b_fp16|43218758_20260421_031401,1.0,10,5046,job
llm_infer_qwen25_32b_fp16|c89b4098_20260419_214232,0.4,10,5046,job
llm_infer_qwen25_32b_fp16|cbe6294b_20260824_215701,1.0,10,5046,job
llm_infer_qwen25_3b_bs16|22ecde82_20260419_032802,1.0,10,5046,job
llm_infer_qwen25_3b_bs16|72bf234c_20260419_230326,1.0,10,5046,job
llm_infer_qwen25_3b_bs4|32bdfeb6_20260419_024034,1.0,10,5046,job
llm_infer_qwen25_3b_bs4|766c2eff_20260419_024551,1.0,10,5046,job
llm_infer_qwen25_3b_bs4|aa80c128_20260420_213501,1.0,10,5046,job
llm_infer_qwen25_3b_bs4|dbfd03f1_20260419_023515,1.0,10,5046,job
llm_infer_qwen25_3b|372a1387_20260420_212426,1.0,10,5046,job
llm_infer_qwen25_3b|df5ce46a_20260419_020809,1.0,10,5046,job
llm_infer_qwen25_72b_fp8|1949bd09_20260420_003236,1.0,10,5046,job
llm_infer_qwen25_72b_tp2|11ae41c37687_20260419_045923,0.95,20,5046,job
llm_infer_qwen25_72b_tp2|d667bcd68796_20260419_045202,1.0,20,5046,job
llm_infer_qwen25_7b_fp16|730da3ab_20260419_234250,1.0,10,5046,job
llm_infer_sdxl|3761f92b_20260419_223705,0.9,10,5046,job
llm_infer_sdxl|81d0af5a_20260419_030149,0.8,10,5046,job
llm_infer_tinyllama_bs8|43f9b961_20260420_221242,1.0,10,5046,job
llm_infer_tinyllama_bs8|fd185e9d_20260420_220729,1.0,10,5046,job
llm_infer_tinyllama_seq4096|026a1f9a_20260420_221753,1.0,10,5046,job
llm_infer_tinyllama_seq4096|25a7da9a_20260419_225251,1.0,10,5046,job
llm_infer_tinyllama_seq4096|bf1e9e48_20260419_030704,1.0,10,5046,job
llm_infer_tinyllama_seq4096|ff9add28_20260419_224220,1.0,10,5046,job
llm_infer_vit_l_bs64|5e01a928_20260419_034907,1.0,10,5046,job
llm_infer_vit_l_bs64|a2d462c4_20260420_225947,1.0,10,5046,job
llm_infer_vit_l_bs64|fde5cf55_20260420_225435,1.0,10,5046,job
llm_train_mistral_7b_lora|408384ba_20260419_232329,1.0,10,5046,job
llm_train_mistral_7b_lora|8af16eaa_20260824_231421,1.0,10,5046,job
llm_train_phi3_mini_lora|5fb0d553_20260824_225222,1.0,10,5046,job
llm_train_qwen25_1p5b_lora|4f537ca3_20260419_222216,1.0,10,5046,job
llm_train_qwen25_3b_lora|dfde664f_20260419_224329,0.9,10,5046,job
llm_train_qwen25_3b_lora|e8114b07_20260419_225441,1.0,10,5046,job
llm_train_smollm2_1p7b_lora|4124c198_20260824_222500,1.0,10,5046,job
mining_ethash_proxy|59292457_20260420_001044,1.0,10,5046,job
mining_ethash_proxy|5a291891_20260420_200144,1.0,10,5046,job
mining_ethash_proxy|b6f2e520_20260825_001133,1.0,10,5046,job
mining_ethash_proxy|fad55191_20260421_015646,1.0,10,5046,job
nbody_sim|e90ecd1d_20260825_031452,1.0,10,5046,job
nvlink_bandwidth|nvlink_bandwidth_gpu0_ef7777,1.0,1,5046,job
ppo_rlhf_r32_rep1|2b37c1ae_20260804_170110,1.0,10,5046,job
ppo_rlhf_r32_rep2|580ad642_20260804_172333,0.9,10,5046,job
ppo_rlhf_r8_rep3|5a1e4c08_20260804_173443,1.0,10,5046,job
pytorch_mlp_cifar10|c7886665_20260412_222753,0.0,1,5046,job
pytorch_resnet_cifar10_amp_ext|912880ba_20260421_011212,1.0,5,5046,job
pytorch_resnet_cifar10_amp|7184c09f_20260825_073235,1.0,1,5046,job
pytorch_resnet_cifar10_amp|7e69c6dd_20260825_021041,1.0,1,5046,job
pytorch_resnet_cifar10_amp|8ab3bfd2_20260825_020754,1.0,1,5046,job
pytorch_resnet_cifar10_amp|964987b7_20260825_021328,1.0,1,5046,job
pytorch_resnet_cifar10_amp|a2af05e4_20260825_020701,1.0,1,5046,job
resnet50_inference|277c9073_20260825_023315,1.0,10,5046,job
resnet50_inference|d6707f42_20260413_033014,0.0,1,5046,job
resnet50_inference|ee8f3e1f_20260412_224117,1.0,10,5046,job
resnet_amp|resnet_amp_efa494,1.0,1,5046,job
resnet_fp32|resnet_fp32_d1d694,1.0,1,5046,job
scientific_hpc|2369d03f_20260413_033308,1.0,1,5046,job
scientific_hpc|3cf03b97_20260413_033308,1.0,1,5046,job
symgemm_L1_fwd3_m8192_rep2|e044c3fe_20260802_211404,1.0,10,5046,job
symgemm_L1_fwd3_rep3|956006bf_20260802_221307,1.0,10,5046,job
symgemm_L3_graddiscard_rep1|f12dea2b_20260802_182955,0.9,10,5046,job
symgemm_L4_sgdfused_m8192_rep2|b0c570a7_20260802_210254,1.0,10,5046,job
symgemm_L5_adam_rep3|f1871cc2_20260802_222417,1.0,10,5046,job
symgemm_decode_g256_rep1|37d9b353_20260803_004828,1.0,10,5046,job
symgemm_ppo_fused_r32_rep2|c6b8724c_20260803_011053,1.0,10,5046,job
whitebox_diluted_3b_N1_1h|814de13f_20260728_005931,1.0,10,5046,job
whitebox_diluted_7b_N10_1h|f65c515b_20260727_121946,1.0,10,5046,job
whitebox_diluted_N20|d8b176f8_20260725_212116,1.0,10,5046,job
whitebox_diluted_N5|e9df56b8_20260725_202339,1.0,10,5046,job
whitebox_diluted_N5|eaaa7663_20260725_210026,1.0,10,5046,job
whitebox_inference_3b_rep2|92741c8b_20260728_020004,0.9,10,5046,job
whitebox_inference_7b_1h|4bf42831_20260727_095532,0.8,10,5046,job
whitebox_inference_7b_2h|2c53509d_20260727_215058,0.9,10,5046,job
whitebox_inference_7b_rep3|62149f64_20260728_050902,0.8,10,5046,job
whitebox_lora_3b_N1_1h|070267f7_20260727_194926,1.0,10,5046,job
whitebox_lora_7b_N50_1h|f9ff4b5d_20260727_152145,1.0,10,5046,job
whitebox_lora_7b_pilot_N2|849422c3_20260726_114431,1.0,10,5046,job
whitebox_lora_7b_pilot_N5|8d4c0881_20260726_121646,1.0,10,5046,job
whitebox_lora_7b_pilot_N8|a2326a19_20260726_130940,1.0,10,5046,job
whitebox_lora_N10|00ea9b4c_20260725_211603,1.0,10,5046,job
whitebox_lora_N10|c738d40d_20260725_203918,1.0,10,5046,job
whitebox_oracle|dfb4b131_20260725_230325,1.0,10,5046,job
adversarial_F_interleave_30|df47671a_20260825_041800,1.0,10,5047,job
adversarial_F_interleave_50|82b69908_20260412_223016,1.0,10,5047,job
adversarial_F_interleave_50|e70f6fc4_20260412_053508,1.0,10,5047,job
adversarial_G_clock_throttled|26e4120c_20260825_045023,1.0,10,5047,job
adversarial_G_clock_throttled|4471bfa7_20260412_230551,1.0,1,5047,job
adversarial_H_mimicry_cufft|407d2529_20260825_052810,1.0,10,5047,job
adversarial_H_mimicry_mining|bedfd354_20260412_223016,1.0,10,5047,job
adversarial_J_pid_75|4b39fbdf_20260825_060033,1.0,10,5047,job
adversarial_J_pid_75|94ea2465_20260825_054945,1.0,10,5047,job
adversarial_K_ddp_accum_4|6e24c995c923_20260412_064737,1.0,80,5047,job
adversarial_K_ddp_accum_8|036fb65cffea_20260413_002258,1.0,80,5047,job
adversarial_K_ddp_accum_8|4e915a9d238b_20260412_065453,1.0,80,5047,job
adversarial_K_ddp|41b734487b5e_20260412_235331,1.0,80,5047,job
adversarial_L_ddp_10|4f087fae7c56_20260412_233011,1.0,80,5047,job
adversarial_L_ddp_10|a3adf2258b52_20260412_063635,1.0,80,5047,job
adversarial_L_ddp_5|a9a551652c04_20260412_235905,1.0,80,5047,job
adversarial_L_diluted_10_mw8|2a0a1abb_20260726_170758,1.0,10,5047,job
adversarial_L_diluted_10|03656a60_20260825_065954,1.0,10,5047,job
adversarial_L_diluted_10|512934b1_20260412_054054,1.0,10,5047,job
adversarial_L_diluted_10|5904fb3d_20260412_223541,1.0,10,5047,job
adversarial_L_diluted_10|9712fcda_20260825_065431,1.0,10,5047,job
adversarial_L_diluted_10|d4cc031f_20260726_001456,1.0,10,5047,job
adversarial_L_diluted_20|2a9e51e9_20260725_235723,1.0,10,5047,job
adversarial_L_diluted_20|c1b0e51f_20260825_071606,1.0,10,5047,job
adversarial_L_diluted_20|ee8eddb5_20260825_071042,1.0,10,5047,job
adversarial_L_diluted_2|07fb94ee_20260412_054054,1.0,10,5047,job
adversarial_L_diluted_5|05e951a9_20260825_063819,1.0,10,5047,job
adversarial_L_diluted_5|2471d189_20260412_231132,1.0,10,5047,job
adversarial_L_diluted_5|29aaeb3c_20260825_064907,1.0,10,5047,job
bert_finetune|9311265c_20260413_032824,0.0,1,5047,job
bert_finetune|d969416f_20260413_032846,0.0,1,5047,job
bert_sst2_amp_ext|7d5929da_20260420_202928,1.0,1,5047,job
cufft_benchmark|2cf468dc_20260421_013631,1.0,10,5047,job
cufft_benchmark|540552ce_20260824_234024,1.0,10,5047,job
cufft_benchmark|7eb3b0fd_20260420_000038,1.0,10,5047,job
ddp_resnet50_cifar10|3477d94c3a9e_20260412_060843,1.0,80,5047,job
ddp_training|ddp_telemetry_gpu1,1.0,1,5047,job
fsdp_13b_nvlink|cf8cfa835835_20260413_000312,1.0,80,5047,job
fsdp_70b_adamw|e53e253f883d_20260413_012900,1.0,2,5047,job
fsdp_70b_nvlink|15cced21b9b1_20260413_012238,1.0,8,5047,job
gpt2_finetune|cfe318c2_20260413_032930,0.0,1,5047,job
gpt2_wikitext2_amp_ext|f609adef_20260420_203807,1.0,2,5047,job
gpt2_wikitext2_amp|f2bd8e13_20260412_231705,1.0,2,5047,job
gpt2_wikitext2_ext|daa304a2_20260421_011634,1.0,6,5047,job
gpt2_wikitext2|917b93fb_20260412_224117,1.0,3,5047,job
gpt2_wikitext2|f1162cf3_20260412_222753,1.0,3,5047,job
idle|964c62f7_20260420_194932,1.0,7,5047,job
idle|9883933c_20260420_201152,1.0,7,5047,job
idle|b3e73340_20260419_233617,1.0,7,5047,job
idle|idle_96fcac,1.0,1,5047,job
llm_infer_mistral_7b_q4|1aa4e562_20260825_004332,1.0,10,5047,job
llm_infer_mistral_7b_q4|7936d649_20260419_220948,0.0,2,5047,job
llm_infer_mistral_7b_q4|793c412e_20260420_010538,1.0,10,5047,job
llm_infer_mistral_7b_q4|afe01b8f_20260419_205857,1.0,1,5047,job
llm_infer_mistral_7b_q4|ca02ad41_20260420_015354,1.0,1,5047,job
llm_infer_mixtral_8x7b|7c6d4b81_20260421_000537,1.0,10,5047,job
llm_infer_phi3_mini|4d756fdb_20260419_014632,1.0,10,5047,job
llm_infer_phi3_mini|e0bd0272_20260419_212652,1.0,10,5047,job
llm_infer_qwen25_14b_fp16|0467d4a3_20260824_212608,1.0,10,5047,job
llm_infer_qwen25_14b_fp16|2e76122c_20260419_212144,0.7,10,5047,job
llm_infer_qwen25_32b_fp16|08c0cbfe_20260420_001804,1.0,10,5047,job
llm_infer_qwen25_32b_fp16|bb94db96_20260419_205955,1.0,1,5047,job
llm_infer_qwen25_32b_fp16|c89b4098_20260419_214232,0.8,10,5047,job
llm_infer_qwen25_3b_bs16|0765cbf1_20260420_215052,1.0,10,5047,job
llm_infer_qwen25_3b_bs16|22ecde82_20260419_032802,1.0,10,5047,job
llm_infer_qwen25_3b_bs16|45cf0574_20260419_230842,1.0,10,5047,job
llm_infer_qwen25_3b_bs4|27632d17_20260420_214020,1.0,10,5047,job
llm_infer_qwen25_3b_bs4|a3bb4757_20260419_221022,1.0,10,5047,job
llm_infer_qwen25_3b_bs4|acde3618_20260419_221540,1.0,10,5047,job
llm_infer_qwen25_3b_bs4|d16da8aa_20260420_212943,1.0,10,5047,job
llm_infer_qwen25_3b_bs4|dbfd03f1_20260419_023515,1.0,10,5047,job
llm_infer_qwen25_3b|7de76a76_20260420_211352,1.0,10,5047,job
llm_infer_qwen25_72b_fp8|b39fa450_20260419_042425,1.0,10,5047,job
llm_infer_qwen25_7b_fp16|58527b11_20260419_232945,0.9,10,5047,job
llm_infer_qwen25_7b_fp16|61bf5366_20260420_231727,1.0,10,5047,job
llm_infer_qwen25_7b_fp16|febf963c_20260419_205933,1.0,1,5047,job
llm_infer_sdxl|43c64a98_20260420_224406,1.0,10,5047,job
llm_infer_sdxl|81e16ec3_20260419_025634,0.8,10,5047,job
llm_infer_tinyllama_bs8|43f9b961_20260420_221242,1.0,10,5047,job
llm_infer_tinyllama_bs8|75a3d2cd_20260419_215432,1.0,10,5047,job
llm_infer_tinyllama_bs8|efe8ddc5_20260419_021922,0.9,10,5047,job
llm_infer_vit_l_bs64|38e37d2f_20260419_034355,1.0,10,5047,job
llm_train_mistral_7b_lora|b31642c6_20260419_231627,0.8,10,5047,job
llm_train_qwen25_1p5b_lora|8a368ac5_20260824_220307,1.0,10,5047,job
llm_train_qwen25_3b_lora|dd7204cf_20260824_224654,1.0,10,5047,job
llm_train_smollm2_1p7b_lora|896b1640_20260824_223027,1.0,10,5047,job
mining_ethash_proxy|3cac048c_20260825_000110,1.0,10,5047,job
mining_ethash_proxy|59292457_20260420_001044,1.0,10,5047,job
mining_ethash_proxy|b6f2e520_20260825_001133,1.0,10,5047,job
mlp_training|mlp_training_c52a21,1.0,1,5047,job
modern_inference|165eedde_20260413_033036,1.0,1,5047,job
nbody_sim|nbody_sim_66a459,1.0,1,5047,job
nbody_sim|nbody_sim_c0054d,1.0,1,5047,job
nvlink_latency|nvlink_latency_gpu0_1c6087,1.0,1,5047,job
ppo_rlhf_r32_rep3|9c5afa29_20260804_174554,1.0,10,5047,job
pytorch_mlp_cifar10_ext|22ac55c7_20260420_203325,1.0,10,5047,job
pytorch_mlp_cifar10|4c4e6778_20260825_021431,1.0,1,5047,job
pytorch_mlp_cifar10|6726c8ff_20260825_021604,1.0,1,5047,job
pytorch_mlp_cifar10|743face9_20260412_231705,1.0,2,5047,job
pytorch_mlp_cifar10|c7886665_20260412_222753,0.0,1,5047,job
pytorch_resnet_cifar10_amp|09c94605_20260412_222753,1.0,2,5047,job
pytorch_resnet_cifar10_amp|29320233_20260825_073152,1.0,1,5047,job
rendering_proxy|c76a250c_20260412_224732,1.0,10,5047,job
resnet50_inference|d120b7ba_20260825_024340,1.0,10,5047,job
resnet_amp|resnet_amp_cc435c,1.0,1,5047,job
resnet_fp32|resnet_fp32_b4973a,1.0,1,5047,job
resnet_fp32|resnet_fp32_d1d694,1.0,1,5047,job
symgemm_L0_fwd1_rep1|7e021360_20260802_181845,1.0,10,5047,job
symgemm_L1_fwd3_7b_rep1|1da12b31_20260802_215024,0.7,10,5047,job
symgemm_L1_fwd3_m8192_rep2|e044c3fe_20260802_211404,1.0,10,5047,job
symgemm_L3_graddiscard_rep1|f12dea2b_20260802_182955,0.9,10,5047,job
symgemm_L4_sgdfused_rep3|719fe5b8_20260802_220158,0.9,10,5047,job
symgemm_L5_adam_rep2|498da780_20260802_202923,1.0,10,5047,job
symgemm_ppo_fused_r8_rep1|3a9327e2_20260803_002606,1.0,10,5047,job
whitebox_diluted_7b_N1_1h|5df04b7a_20260727_183421,1.0,10,5047,job
whitebox_diluted_N10|8891b439_20260725_211051,1.0,10,5047,job
whitebox_diluted_N20|d8b176f8_20260725_212116,1.0,10,5047,job
whitebox_diluted_N5|eaaa7663_20260725_210026,1.0,10,5047,job
whitebox_inference_3b_1h|ac7b2aaa_20260727_205044,0.0,10,5047,job
whitebox_inference_7b_rep3|62149f64_20260728_050902,0.8,10,5047,job
whitebox_lora_3b_N1_1h|070267f7_20260727_194926,1.0,10,5047,job
whitebox_lora_3b_N1_rep2|71e45f69_20260728_030033,1.0,10,5047,job
whitebox_lora_7b_N20_1h|8c105125_20260727_142117,1.0,10,5047,job
whitebox_lora_7b_N3_1h|1291fbf0_20260727_132029,1.0,10,5047,job
whitebox_lora_7b_N50_1h|f9ff4b5d_20260727_152145,1.0,10,5047,job
whitebox_lora_7b_long|98ae0ecb_20260725_114106,1.0,10,5047,job
whitebox_lora_7b_pilot_N6|13c5d8f6_20260726_123856,1.0,10,5047,job
whitebox_lora_N20|7d319b8f_20260725_201255,1.0,10,5047,job
whitebox_lora_N20|b5e22ab8_20260725_212628,1.0,10,5047,job
whitebox_lora_N20|fa5f7994_20260725_204944,1.0,10,5047,job
adversarial_E_memory_minimal|09b77236_20260412_230551,1.0,1,5048,job
adversarial_E_memory_minimal|72186530_20260825_040712,1.0,10,5048,job
adversarial_E_memory_minimal|c443df01_20260825_035624,1.0,10,5048,job
adversarial_G_clock_throttled|d38b3081_20260412_053508,1.0,10,5048,job
adversarial_H_mimicry_cufft|49dbd077_20260412_223016,1.0,10,5048,job
adversarial_H_mimicry_mining|30dc1b59_20260412_053508,1.0,1,5048,job
adversarial_I_stochastic_30|1319ffe7_20260726_002804,1.0,10,5048,job
adversarial_I_stochastic_30|d13c6696_20260825_054421,1.0,10,5048,job
adversarial_J_pid_75|4b39fbdf_20260825_060033,1.0,10,5048,job
adversarial_J_pid_75|6aa98cf6_20260412_053508,1.0,1,5048,job
adversarial_J_pid_75|ddd52b74_20260825_055509,1.0,10,5048,job
adversarial_J_pid_75|e3f49bde_20260412_223016,1.0,10,5048,job
adversarial_K_ddp_accum_4|6e24c995c923_20260412_064737,1.0,80,5048,job
adversarial_K_ddp_accum_4|ccdbb46fc1a0_20260413_001726,1.0,80,5048,job
adversarial_K_ddp_accum_8|036fb65cffea_20260413_002258,1.0,80,5048,job
adversarial_K_ddp|2b7d13785ecf_20260412_231725,1.0,80,5048,job
adversarial_K_online_learning|1468f533_20260412_231132,1.0,10,5048,job
adversarial_K_online_learning|901b510d_20260825_061120,1.0,10,5048,job
adversarial_L_ddp_10|4f087fae7c56_20260412_233011,1.0,80,5048,job
adversarial_L_diluted_10_mw8|2a0a1abb_20260726_170758,1.0,10,5048,job
adversarial_L_diluted_10_mw8|453df7c0_20260726_170248,1.0,10,5048,job
adversarial_L_diluted_10_mw8|51a40fcc_20260726_171309,1.0,10,5048,job
adversarial_L_diluted_200_mw8|fd4fadc3_20260726_171819,1.0,10,5048,job
adversarial_L_diluted_20|c504ec15_20260726_002055,1.0,10,5048,job
adversarial_L_diluted_5|8f922c0f_20260825_064343,1.0,10,5048,job
batch_size_sweep_dp|batch_size_sweep_dp_gpu0_2c05fa,1.0,1,5048,job
bert_finetune|2a2a5f3e_20260413_032846,1.0,1,5048,job
bert_sst2_amp_ext|550d0003_20260420_205051,1.0,1,5048,job
bert_sst2_amp|dd87fb92_20260412_222753,1.0,1,5048,job
bert_sst2_ext|d1b7b9e7_20260420_202822,1.0,3,5048,job
bert_sst2|0a64dc16_20260825_021827,1.0,1,5048,job
cufft_benchmark|227faa64_20260413_033119,1.0,1,5048,job
cufft_benchmark|4bfa16e2_20260824_235047,1.0,10,5048,job
cufft_benchmark|540552ce_20260824_234024,1.0,10,5048,job
cufft_benchmark|692a3d5e_20260412_224117,1.0,10,5048,job
cufft_hpc|cufft_hpc_58ecd2,1.0,1,5048,job
ddp_resnet18_cifar10_amp|452a0a67a4fb_20260412_061559,1.0,80,5048,job
ddp_resnet50_cifar10|c83757ac5731_20260412_230440,1.0,80,5048,job
fsdp_13b_nvlink|0b39d5a9bdb4_20260413_003641,1.0,80,5048,job
fsdp_30b_nvlink|2f237772ccc3_20260413_004957,1.0,80,5048,job
fsdp_30b_nvlink|cb97612d27e1_20260412_074412,1.0,10,5048,job
fsdp_30b_nvlink|cb97612d27e1_20260412_074413,1.0,70,5048,job
fsdp_70b_seqlen512|27c89ff855c9_20260413_012837,0.475,80,5048,job
fsdp_7b_nvlink|5de962c92de9_20260412_235456,1.0,80,5048,job
fsdp_7b_nvlink|755f005b3557_20260412_070444,1.0,80,5048,job
gpt2_wikitext2_amp_ext|058cfbc9_20260420_204849,1.0,2,5048,job
gpt2_wikitext2_ext|daa304a2_20260421_011634,1.0,6,5048,job
idle|03110fa2_20260824_232519,1.0,7,5048,job
idle|395fbdc4_20260413_032720,1.0,1,5048,job
idle|9c0d0d21_20260824_232740,1.0,7,5048,job
idle|9eb24edf_20260824_171857,1.0,7,5048,job
idle|d840e0b6_20260824_171640,1.0,7,5048,job
idle|dd455a95_20260824_171422,1.0,7,5048,job
idle|f63d327d_20260421_013426,1.0,7,5048,job
inference|inference_8fd998,1.0,1,5048,job
llm_infer_deepseek_v3_tp8|30d7ed7e6e81_20260419_013711,1.0,80,5048,job
llm_infer_mistral_7b_q4|177996c6_20260421_012908,0.9,10,5048,job
llm_infer_mistral_7b_q4|24353de9_20260420_015430,0.9,10,5048,job
llm_infer_mistral_7b_q4|53e3e332_20260419_210248,1.0,1,5048,job
llm_infer_mistral_7b_q4|7dcec1a2_20260420_020500,0.9,10,5048,job
llm_infer_mistral_7b_q4|8bb0be41_20260420_015335,1.0,1,5048,job
llm_infer_mistral_7b_q4|afe01b8f_20260419_205857,1.0,1,5048,job
llm_infer_mixtral_8x7b|7c6d4b81_20260421_000537,1.0,10,5048,job
llm_infer_phi3_mini|aafcc35f_20260419_015203,1.0,10,5048,job
llm_infer_phi3_mini|e0bd0272_20260419_212652,1.0,10,5048,job
llm_infer_qwen25_14b_fp16|98601a67_20260824_213822,1.0,10,5048,job
llm_infer_qwen25_14b_fp16|a5960172_20260420_232931,1.0,10,5048,job
llm_infer_qwen25_14b_fp16|c1adb329_20260419_205942,1.0,1,5048,job
llm_infer_qwen25_32b_fp16|949b75e6_20260419_215643,1.0,10,5048,job
llm_infer_qwen25_3b_bs16|72bf234c_20260419_230326,1.0,10,5048,job
llm_infer_qwen25_3b|f8a46936_20260420_211909,1.0,10,5048,job
llm_infer_qwen25_72b_fp16|aaa06495_20260421_002643,1.0,10,5048,job
llm_infer_qwen25_72b_fp16|d793b310_20260421_003349,1.0,10,5048,job
llm_infer_qwen25_72b_tp2|11ae41c37687_20260419_045923,1.0,20,5048,job
llm_infer_qwen25_7b_fp16|61bf5366_20260420_231727,1.0,10,5048,job
llm_infer_qwen25_7b_fp16|8c50624a_20260824_211339,1.0,10,5048,job
llm_infer_qwen25_7b_fp16|a694acd9_20260419_210256,0.8,10,5048,job
llm_infer_sdxl|81e16ec3_20260419_025634,1.0,10,5048,job
llm_infer_sdxl|827523c5_20260420_223333,1.0,10,5048,job
llm_infer_tinyllama_bs8|efe8ddc5_20260419_021922,0.9,10,5048,job
llm_infer_vit_l_bs64|a2d462c4_20260420_225947,1.0,10,5048,job
llm_train_mistral_7b_lora|e2b30e58_20260419_232842,1.0,10,5048,job
llm_train_phi3_mini_lora|4bf06f5e_20260824_225752,1.0,10,5048,job
llm_train_qwen25_3b_lora|074568ba_20260824_224126,1.0,10,5048,job
llm_train_qwen25_3b_lora|66980709_20260824_223555,0.8,10,5048,job
llm_train_qwen25_3b_lora|dd7204cf_20260824_224654,0.9,10,5048,job
llm_train_smollm2_1p7b_lora|19738386_20260419_223307,1.0,10,5048,job
llm_train_smollm2_1p7b_lora|896b1640_20260824_223027,1.0,10,5048,job
llm_train_smollm2_1p7b_lora|ad1a6473_20260419_222727,0.9,10,5048,job
llm_train_smollm2_1p7b_lora|bc185109_20260419_223818,1.0,10,5048,job
mining_ethash_proxy|b5c42733_20260825_002157,1.0,10,5048,job
nbody_sim|nbody_sim_66a459,1.0,1,5048,job
nvlink_bandwidth|nvlink_bandwidth_gpu1_b97b50,1.0,1,5048,job
nvlink_latency|nvlink_latency_gpu0_5aa1ba,1.0,1,5048,job
nvlink_latency|nvlink_latency_gpu1_3ab445,1.0,1,5048,job
nvlink_p2p|7e14f65e_20260413_033435,1.0,1,5048,job
ppo_rlhf_r32_rep2|580ad642_20260804_172333,0.9,10,5048,job
pytorch_mlp_cifar10_ext|22ac55c7_20260420_203325,1.0,10,5048,job
pytorch_mlp_cifar10|4c4e6778_20260825_021431,1.0,1,5048,job
pytorch_mlp_cifar10|6726c8ff_20260825_021604,1.0,1,5048,job
pytorch_resnet_cifar10_amp_ext|912880ba_20260421_011212,1.0,5,5048,job
pytorch_resnet_cifar10_amp|8ab3bfd2_20260825_020754,1.0,1,5048,job
pytorch_resnet_cifar10_amp|964987b7_20260825_021328,1.0,1,5048,job
pytorch_resnet_cifar10_amp|e9662cc3_20260412_223541,1.0,3,5048,job
pytorch_resnet_cifar10_ext|d18ec4ea_20260421_011036,1.0,5,5048,job
pytorch_resnet_cifar10|94104fc8_20260412_223541,1.0,2,5048,job
pytorch_training|1b83c94e_20260413_032802,1.0,1,5048,job
rendering_proxy|630b9e74_20260825_034601,1.0,10,5048,job
resnet50_inference|277c9073_20260825_023315,1.0,10,5048,job
resnet50_inference|d6707f42_20260413_033014,0.0,1,5048,job
resnet50_inference|f65b4403_20260413_033014,1.0,1,5048,job
symgemm_L4_sgdfused_short7b_rep1|2f4f2eb2_20260803_072657,0.9,10,5048,job
symgemm_L5_adam_rep1|24f173d4_20260802_180735,1.0,10,5048,job
symgemm_L5_adam_rep4|b36d56ef_20260802_232008,1.0,10,5048,job
training_dual_gpu_dp|multi_gpu_telemetry_gpu1,1.0,2,5048,job
training_single_gpu|training_single_gpu_gpu1_552ff1,0.0,1,5048,job
whitebox_diluted_7b_N1_1h|5df04b7a_20260727_183421,0.9,10,5048,job
whitebox_diluted_N10|8891b439_20260725_211051,1.0,10,5048,job
whitebox_inference_1b_matched|c6927996_20260728_061814,0.8,10,5048,job
whitebox_inference|2c3fb377_20260725_205514,0.9,10,5048,job
whitebox_lora_7b_N100_1h|53c015c3_20260727_162214,0.6,10,5048,job
whitebox_lora_7b_N1_1h|d26abcf1_20260727_110823,0.9,10,5048,job
whitebox_lora_7b_N500_long|43be1ab2_20260726_203116,0.2,10,5048,job
whitebox_lora_7b_long|98ae0ecb_20260725_114106,0.9,10,5048,job
whitebox_lora_7b_pilot_N3|083f6968_20260726_120119,1.0,10,5048,job
whitebox_lora_N10|12837863_20260725_200230,1.0,10,5048,job
whitebox_lora_N5|25cd8989_20260725_195205,1.0,10,5048,job
whitebox_lora_N5|5d8cb134_20260725_210538,1.0,10,5048,job
whitebox_lora_N5|de90ed7d_20260725_202852,1.0,10,5048,job
whitebox_oracle_7b_long|dd20b782_20260726_181838,1.0,10,5048,job
adversarial_E_memory_minimal|7b692854_20260412_053508,1.0,10,5049,job
adversarial_G_clock_throttled|4471bfa7_20260412_230551,1.0,1,5049,job
adversarial_G_clock_throttled|d38b3081_20260412_053508,1.0,10,5049,job
adversarial_H_mimicry_cufft|bf336e54_20260825_051722,1.0,10,5049,job
adversarial_H_mimicry_cufft|ce9f5c9f_20260412_230551,1.0,1,5049,job
adversarial_H_mimicry_mining|bf6e3698_20260413_011721,1.0,10,5049,job
adversarial_I_stochastic_30|0790698e_20260726_000437,1.0,10,5049,job
adversarial_I_stochastic_30|3978f906_20260825_053334,1.0,10,5049,job
adversarial_I_stochastic_30|d13c6696_20260825_054421,1.0,10,5049,job
adversarial_J_pid_75|4b39fbdf_20260825_060033,1.0,10,5049,job
adversarial_J_pid_75|94ea2465_20260825_054945,1.0,10,5049,job
adversarial_J_pid_75|ddd52b74_20260825_055509,1.0,10,5049,job
adversarial_K_ddp_accum_4|6e24c995c923_20260412_064737,1.0,80,5049,job
adversarial_K_ddp|2b7d13785ecf_20260412_231725,1.0,80,5049,job
adversarial_K_online_learning|5e90b4fe_20260412_223541,1.0,10,5049,job
adversarial_K_online_learning|901b510d_20260825_061120,1.0,10,5049,job
adversarial_L_ddp_5|a9a551652c04_20260412_235905,1.0,80,5049,job
adversarial_L_diluted_10_mw8|2a0a1abb_20260726_170758,1.0,10,5049,job
adversarial_L_diluted_10|8d5f2101_20260725_235123,1.0,10,5049,job
adversarial_L_diluted_20|405a7452_20260412_223541,1.0,10,5049,job
adversarial_L_diluted_2|07fb94ee_20260412_054054,1.0,10,5049,job
adversarial_L_diluted_2|354119ef_20260412_223541,1.0,10,5049,job
adversarial_L_diluted_2|9a292575_20260825_063255,1.0,10,5049,job
adversarial_L_diluted_5|2471d189_20260412_231132,1.0,10,5049,job
adversarial_L_diluted_5|29aaeb3c_20260825_064907,1.0,10,5049,job
adversarial_L_diluted_5|478eaec5_20260412_223541,1.0,10,5049,job
batch_size_sweep_dp|batch_size_sweep_dp_gpu1_f04813,1.0,1,5049,job
bert_sst2_amp_ext|7d5929da_20260420_202928,1.0,1,5049,job
bert_sst2_amp|e682e23c_20260412_231705,1.0,1,5049,job
bert_sst2|0a64dc16_20260825_021827,1.0,1,5049,job
bert_sst2|4a0aab7a_20260825_021739,1.0,1,5049,job
cufft_benchmark|15fa4bd9_20260413_033141,1.0,1,5049,job
cufft_benchmark|4bfa16e2_20260824_235047,1.0,10,5049,job
cufft_benchmark|7eb3b0fd_20260420_000038,1.0,10,5049,job
cufft_benchmark|fa1982fd_20260419_234026,1.0,10,5049,job
cufft_hpc|cufft_hpc_58ecd2,1.0,1,5049,job
ddp_resnet18_cifar10_amp|95f2a16cc1a5_20260412_234616,1.0,80,5049,job
ddp_resnet18_cifar10|b6ee4dbc9fc2_20260412_225907,1.0,80,5049,job
ddp_resnet18_cifar10|ce5c33bebcdd_20260412_060311,1.0,80,5049,job
ddp_training|ddp_telemetry_gpu1,1.0,1,5049,job
fsdp_30b_nvlink|8726f6620517_20260413_001627,1.0,80,5049,job
fsdp_70b_adamw|e53e253f883d_20260413_012900,1.0,2,5049,job
fsdp_70b_seqlen512|27c89ff855c9_20260413_012837,0.4125,80,5049,job
gpt2_finetune|cfe318c2_20260413_032930,0.0,1,5049,job
gpt2_finetune|f22ba689_20260413_032930,1.0,1,5049,job
gpt2_wikitext2_amp|f2bd8e13_20260412_231705,1.0,2,5049,job
gpt2_wikitext2|3a8eee76_20260825_022139,0.5,2,5049,job
gpt2_wikitext2|917b93fb_20260412_224117,1.0,3,5049,job
idle|03110fa2_20260824_232519,1.0,7,5049,job
idle|3a7e56ce_20260412_223541,1.0,7,5049,job
idle|964c62f7_20260420_194932,1.0,7,5049,job
idle|9883933c_20260420_201152,1.0,7,5049,job
idle|9c0d0d21_20260824_232740,1.0,7,5049,job
idle|9eb24edf_20260824_171857,1.0,7,5049,job
idle|f63d327d_20260421_013426,1.0,7,5049,job
llm_infer_mistral_7b_q4|0f8555a9_20260825_003220,0.9,10,5049,job
llm_infer_mistral_7b_q4|143e0113_20260419_220838,1.0,1,5049,job
llm_infer_mistral_7b_q4|177996c6_20260421_012908,0.9,10,5049,job
llm_infer_mistral_7b_q4|1aa4e562_20260825_004332,0.9,10,5049,job
llm_infer_mistral_7b_q4|2ec733be_20260419_221039,1.0,1,5049,job
llm_infer_mistral_7b_q4|960c6bbd_20260421_012347,1.0,10,5049,job
llm_infer_mistral_7b_q4|c36eab64_20260419_220847,1.0,1,5049,job
llm_infer_mistral_7b_q4|d4a0ca97_20260419_215339,0.0,1,5049,job
llm_infer_mixtral_8x7b|6d7f6e16_20260419_035827,1.0,10,5049,job
llm_infer_mixtral_8x7b|a79f0a84_20260419_040511,1.0,10,5049,job
llm_infer_phi3_mini|52a2bd28_20260420_210319,1.0,10,5049,job
llm_infer_qwen25_14b_fp16|1eda1bef_20260824_213225,1.0,10,5049,job
llm_infer_qwen25_14b_fp16|62b1513a_20260419_205946,1.0,1,5049,job
llm_infer_qwen25_14b_fp16|875f3c6d_20260420_232314,1.0,10,5049,job
llm_infer_qwen25_14b_fp16|e481b484_20260419_234859,1.0,10,5049,job
llm_infer_qwen25_32b_fp16|08c0cbfe_20260420_001804,1.0,10,5049,job
llm_infer_qwen25_32b_fp16|0e1acfb8_20260824_214418,1.0,10,5049,job
llm_infer_qwen25_32b_fp16|cbe6294b_20260824_215701,1.0,10,5049,job
llm_infer_qwen25_32b_fp16|d008e2dd_20260419_205950,1.0,1,5049,job
llm_infer_qwen25_3b_bs16|45cf0574_20260419_230842,1.0,10,5049,job
llm_infer_qwen25_3b|59a892fe_20260419_020238,1.0,10,5049,job
llm_infer_qwen25_3b|7de76a76_20260420_211352,1.0,10,5049,job
llm_infer_qwen25_3b|f8a46936_20260420_211909,1.0,10,5049,job
llm_infer_qwen25_72b_fp8|4bc4cd75_20260420_234536,0.9,10,5049,job
llm_infer_qwen25_72b_fp8|6ee178e0_20260419_043033,1.0,10,5049,job
llm_infer_qwen25_72b_fp8|ad1ee08d_20260419_041746,1.0,10,5049,job
llm_infer_qwen25_72b_tp2|11ae41c37687_20260419_045923,1.0,20,5049,job
llm_infer_qwen25_7b_fp16|0088cce0_20260419_205928,1.0,1,5049,job
llm_infer_qwen25_7b_fp16|58527b11_20260419_232945,0.9,10,5049,job
llm_infer_qwen25_7b_fp16|abd7cc9c_20260420_230458,0.9,10,5049,job
llm_infer_qwen25_7b_fp16|febf963c_20260419_205933,1.0,1,5049,job
llm_infer_sdxl|212903bb_20260420_223849,1.0,10,5049,job
llm_infer_sdxl|81e16ec3_20260419_025634,1.0,10,5049,job
llm_infer_tinyllama_bs8|43f9b961_20260420_221242,1.0,10,5049,job
llm_infer_tinyllama_bs8|ce7d83fd_20260419_022445,1.0,10,5049,job
llm_infer_tinyllama_bs8|efe8ddc5_20260419_021922,1.0,10,5049,job
llm_infer_tinyllama_bs8|fd185e9d_20260420_220729,1.0,10,5049,job
llm_train_mistral_7b_lora|e2b30e58_20260419_232842,1.0,10,5049,job
llm_train_qwen25_1p5b_lora|e0c86e62_20260824_220836,1.0,10,5049,job
llm_train_qwen25_3b_lora|66980709_20260824_223555,1.0,10,5049,job
llm_train_smollm2_1p7b_lora|19738386_20260419_223307,1.0,10,5049,job
mining_ethash_proxy|fad55191_20260421_015646,1.0,10,5049,job
nvlink_bandwidth|nvlink_bandwidth_gpu0_ef7777,1.0,1,5049,job
nvlink_latency|nvlink_latency_gpu0_1c6087,1.0,1,5049,job
ppo_rlhf_r32_rep1|2b37c1ae_20260804_170110,1.0,10,5049,job
ppo_rlhf_r8_rep1|6394bf01_20260804_164958,1.0,10,5049,job
pytorch_mlp_cifar10_ext|91abd671_20260420_204403,1.0,10,5049,job
pytorch_mlp_cifar10|6726c8ff_20260825_021604,1.0,1,5049,job
pytorch_resnet_cifar10_amp|8ab3bfd2_20260825_020754,1.0,1,5049,job
pytorch_resnet_cifar10_amp|964987b7_20260825_021328,1.0,1,5049,job
pytorch_resnet_cifar10_amp|e9662cc3_20260412_223541,1.0,3,5049,job
resnet50_inference|277c9073_20260825_023315,1.0,10,5049,job
resnet50_inference|d45705f9_20260412_231705,0.6,10,5049,job
resnet_amp|resnet_amp_efa494,1.0,1,5049,job
resnet_fp32|resnet_fp32_d1d694,1.0,1,5049,job
scientific_hpc|3cf03b97_20260413_033308,1.0,1,5049,job
symgemm_L0_fwd1_rep4|03ed95b1_20260802_233118,1.0,10,5049,job
symgemm_L1_fwd3_m8192_rep2|e044c3fe_20260802_211404,0.9,10,5049,job
symgemm_L1_fwd3_rep3|956006bf_20260802_221307,1.0,10,5049,job
symgemm_L4_sgdfused_7b_rep1|d75e1ca4_20260802_212515,1.0,10,5049,job
symgemm_L4_sgdfused_long1b_rep1|e77f32f2_20260803_062646,0.8,10,5049,job
symgemm_L4_sgdfused_m8192_rep2|b0c570a7_20260802_210254,1.0,10,5049,job
symgemm_decode_g256_rep1|37d9b353_20260803_004828,1.0,10,5049,job
symgemm_ppo_fused_r32_rep3|6b1c2a3b_20260803_014427,1.0,10,5049,job
symgemm_ppo_fused_r8_rep2|ab3e57f5_20260803_005942,1.0,10,5049,job
whitebox_diluted_7b_N1_1h|5df04b7a_20260727_183421,1.0,10,5049,job
whitebox_diluted_N10|d7e25a80_20260725_203405,1.0,10,5049,job
whitebox_inference_7b_1h|4bf42831_20260727_095532,0.8,10,5049,job
whitebox_lora_1b_N1_1h|861a8dfb_20260727_173343,0.9,10,5049,job
whitebox_lora_N10|00ea9b4c_20260725_211603,1.0,10,5049,job
whitebox_lora_N10|12837863_20260725_200230,1.0,10,5049,job
whitebox_lora_N20|7d319b8f_20260725_201255,1.0,10,5049,job
whitebox_lora_N5|25cd8989_20260725_195205,1.0,10,5049,job
whitebox_oracle|75298cf9_20260725_225503,1.0,10,5049,job
width_sweep_dp|width_sweep_dp_gpu1_cd4011,1.0,1,5049,job
adversarial_E_memory_minimal|7b692854_20260412_053508,1.0,10,5050,job
adversarial_F_interleave_30|42e0d626_20260412_223016,1.0,10,5050,job
adversarial_F_interleave_30|ff338fa1_20260412_230551,1.0,10,5050,job
adversarial_F_interleave_50|bc02cbc2_20260726_000947,1.0,10,5050,job
adversarial_G_clock_throttled|4471bfa7_20260412_230551,1.0,1,5050,job
adversarial_G_clock_throttled|8a017bab_20260412_223016,1.0,10,5050,job
adversarial_G_clock_throttled|b38cd060_20260825_044459,1.0,10,5050,job
adversarial_H_mimicry_cufft|8a52b6f9_20260825_052246,0.7,10,5050,job
adversarial_H_mimicry_mining|30dc1b59_20260412_053508,1.0,1,5050,job
adversarial_H_mimicry_mining|bedfd354_20260412_223016,1.0,10,5050,job
adversarial_I_stochastic_30|1319ffe7_20260726_002804,1.0,10,5050,job
adversarial_I_stochastic_30|650fb51f_20260412_223016,0.9,10,5050,job
adversarial_I_stochastic_30|d13c6696_20260825_054421,1.0,10,5050,job
adversarial_K_ddp_accum_8|036fb65cffea_20260413_002258,1.0,80,5050,job
adversarial_K_ddp_accum_8|73431dec5f44_20260412_234640,1.0,80,5050,job
adversarial_K_ddp|af5daab2a59a_20260412_062347,1.0,80,5050,job
adversarial_K_online_learning|5e90b4fe_20260412_223541,1.0,10,5050,job
adversarial_K_online_learning|cff6d675_20260825_061644,1.0,10,5050,job
adversarial_K_online_learning|da312bfa_20260412_054054,1.0,10,5050,job
adversarial_L_ddp_5|7f7c7caec1c9_20260412_232441,1.0,80,5050,job
adversarial_L_ddp_5|a9a551652c04_20260412_235905,1.0,80,5050,job
adversarial_L_diluted_10_mw8|2a0a1abb_20260726_170758,1.0,10,5050,job
adversarial_L_diluted_10|2c305d90_20260725_232752,1.0,10,5050,job
adversarial_L_diluted_20|02cfd70b_20260412_231132,1.0,10,5050,job
adversarial_L_diluted_20|1746ff55_20260412_054054,1.0,10,5050,job
adversarial_L_diluted_20|405a7452_20260412_223541,1.0,10,5050,job
adversarial_L_diluted_2|463541b6_20260825_062731,1.0,10,5050,job
adversarial_L_diluted_5|29aaeb3c_20260825_064907,1.0,10,5050,job
adversarial_L_diluted_5|8f922c0f_20260825_064343,1.0,10,5050,job
adversarial_training|b1c5e184_20260413_033330,0.0,1,5050,job
bert_sst2_amp|e682e23c_20260412_231705,1.0,1,5050,job
bert_sst2_ext|d1b7b9e7_20260420_202822,1.0,3,5050,job
bert_sst2|906cb48d_20260825_021650,1.0,1,5050,job
cufft_benchmark|227faa64_20260413_033119,1.0,1,5050,job
cufft_benchmark|2cf468dc_20260421_013631,1.0,10,5050,job
cufft_benchmark|540552ce_20260824_234024,1.0,10,5050,job
cufft_benchmark|692a3d5e_20260412_224117,1.0,10,5050,job
cufft_benchmark|7eb3b0fd_20260420_000038,1.0,10,5050,job
cufft_benchmark|f97558fa_20260412_231705,1.0,10,5050,job
cufft_hpc|cufft_hpc_58ecd2,1.0,1,5050,job
fsdp_30b_adamw_nvlink|29f631dc5b8a_20260413_002943,1.0,80,5050,job
fsdp_30b_nvlink|cb97612d27e1_20260412_074412,1.0,10,5050,job
gpt2_wikitext2_ext|7a20f073_20260420_204656,1.0,6,5050,job
gpt2_wikitext2_ext|daa304a2_20260421_011634,1.0,6,5050,job
idle|3a7e56ce_20260412_223541,1.0,7,5050,job
idle|b3e73340_20260419_233617,1.0,7,5050,job
idle|d840e0b6_20260824_171640,1.0,7,5050,job
inference|inference_8fd998,1.0,1,5050,job
llm_infer_mistral_7b_q4|1039bea2_20260825_074800,1.0,10,5050,job
llm_infer_mistral_7b_q4|177996c6_20260421_012908,0.9,10,5050,job
llm_infer_mistral_7b_q4|24353de9_20260420_015430,0.9,10,5050,job
llm_infer_mistral_7b_q4|280943b7_20260421_011827,1.0,10,5050,job
llm_infer_mistral_7b_q4|2ec733be_20260419_221039,0.0,1,5050,job
llm_infer_mistral_7b_q4|85d8feff_20260419_215354,1.0,1,5050,job
llm_infer_mistral_7b_q4|9e359ed7_20260825_003757,1.0,10,5050,job
llm_infer_phi3_mini|4d756fdb_20260419_014632,1.0,10,5050,job
llm_infer_phi3_mini|745171c6_20260419_015720,1.0,10,5050,job
llm_infer_phi3_mini|e7151e88_20260420_205129,1.0,10,5050,job
llm_infer_qwen25_14b_fp16|0467d4a3_20260824_212608,1.0,10,5050,job
llm_infer_qwen25_14b_fp16|875f3c6d_20260420_232314,1.0,10,5050,job
llm_infer_qwen25_14b_fp16|a5960172_20260420_232931,1.0,10,5050,job
llm_infer_qwen25_14b_fp16|c2bcc1e0_20260419_213116,1.0,10,5050,job
llm_infer_qwen25_14b_fp16|e481b484_20260419_234859,1.0,10,5050,job
llm_infer_qwen25_32b_fp16|08c0cbfe_20260420_001804,1.0,10,5050,job
llm_infer_qwen25_32b_fp16|097ee7e4_20260420_002519,1.0,10,5050,job
llm_infer_qwen25_32b_fp16|463349dc_20260420_000940,1.0,10,5050,job
llm_infer_qwen25_32b_fp16|bb94db96_20260419_205955,1.0,1,5050,job
llm_infer_qwen25_32b_fp16|cbe6294b_20260824_215701,1.0,10,5050,job
llm_infer_qwen25_32b_fp16|dffbfb17_20260421_030111,0.9,10,5050,job
llm_infer_qwen25_3b_bs16|45cf0574_20260419_230842,1.0,10,5050,job
llm_infer_qwen25_3b_bs16|72bf234c_20260419_230326,0.7,10,5050,job
llm_infer_qwen25_3b|1fd463ca_20260419_021328,1.0,10,5050,job
llm_infer_qwen25_3b|f36beab2_20260419_214818,1.0,10,5050,job
llm_infer_qwen25_72b_fp16|1d53cfd5_20260421_004034,1.0,10,5050,job
llm_infer_qwen25_72b_fp16|aaa06495_20260421_002643,1.0,10,5050,job
llm_infer_qwen25_72b_fp8|b39fa450_20260419_042425,0.9,10,5050,job
llm_infer_qwen25_72b_tp2|173cf665d203_20260419_044435,1.0,10,5050,job
llm_infer_qwen25_7b_fp16|0c4a3bb2_20260824_212015,1.0,10,5050,job
llm_infer_qwen25_7b_fp16|8c50624a_20260824_211339,1.0,10,5050,job
llm_infer_qwen25_7b_fp16|f6638e51_20260419_211613,1.0,10,5050,job
llm_infer_sdxl|43c64a98_20260420_224406,1.0,10,5050,job
llm_infer_sdxl|f3c09865_20260419_025108,0.9,10,5050,job
llm_infer_tinyllama_bs8|43f9b961_20260420_221242,1.0,10,5050,job
llm_infer_tinyllama_seq4096|026a1f9a_20260420_221753,1.0,10,5050,job
llm_infer_tinyllama_seq4096|0b0351ce_20260420_222819,1.0,10,5050,job
llm_infer_tinyllama_seq4096|72177ae6_20260419_031218,1.0,10,5050,job
llm_infer_tinyllama_seq4096|ac0a588a_20260419_031732,1.0,10,5050,job
llm_infer_tinyllama_seq4096|eac7968c_20260419_224733,1.0,10,5050,job
llm_infer_vit_l_bs64|7bf48cb7_20260419_231402,1.0,10,5050,job
llm_train_qwen25_3b_lora|dd7204cf_20260824_224654,1.0,10,5050,job
llm_train_qwen25_3b_lora|dfde664f_20260419_224329,0.9,10,5050,job
llm_train_smollm2_1p7b_lora|2958dde3_20260824_221932,1.0,10,5050,job
mining_ethash_proxy|fad55191_20260421_015646,0.9,10,5050,job
nbody_sim|4bf2dc52_20260412_231705,1.0,10,5050,job
nbody_sim|98b49f2f_20260412_224117,1.0,10,5050,job
nbody_sim|b9568c1a_20260413_033202,1.0,1,5050,job
nbody_sim|bcbaef15_20260413_033224,1.0,1,5050,job
nbody_sim|e90ecd1d_20260825_031452,1.0,10,5050,job
nbody_sim|nbody_sim_d50046,1.0,1,5050,job
nvlink_bandwidth|nvlink_bandwidth_gpu1_b97b50,1.0,1,5050,job
nvlink_latency|nvlink_latency_gpu1_3ab445,0.0,1,5050,job
ppo_rlhf_r32_rep3|9c5afa29_20260804_174554,1.0,10,5050,job
pytorch_mlp_cifar10|6726c8ff_20260825_021604,1.0,1,5050,job
pytorch_resnet_cifar10_amp|1f7efb5a_20260825_021236,1.0,1,5050,job
pytorch_resnet_cifar10_amp|8ab3bfd2_20260825_020754,1.0,1,5050,job
pytorch_resnet_cifar10_amp|a2af05e4_20260825_020701,1.0,1,5050,job
pytorch_resnet_cifar10_amp|e9662cc3_20260412_223541,1.0,3,5050,job
pytorch_resnet_cifar10_amp|fcd1f0dc_20260825_073317,1.0,1,5050,job
pytorch_resnet_cifar10_ext|d18ec4ea_20260421_011036,1.0,5,5050,job
pytorch_resnet_cifar10|71c3cb1a_20260825_020519,1.0,1,5050,job
rendering_proxy|8aeaf443_20260825_033538,1.0,10,5050,job
rendering_proxy|c76a250c_20260412_224732,1.0,10,5050,job
resnet50_inference|ee8f3e1f_20260412_224117,1.0,10,5050,job
resnet_amp|resnet_amp_cc435c,1.0,1,5050,job
resnet_fp32|resnet_fp32_f7ebcf,1.0,1,5050,job
symgemm_L0_fwd1_rep4|03ed95b1_20260802_233118,1.0,10,5050,job
symgemm_L1_fwd3_rep2|e04a3490_20260802_201813,1.0,10,5050,job
symgemm_L3_graddiscard_rep1|f12dea2b_20260802_182955,0.9,10,5050,job
symgemm_L4_sgdfused_7b_rep1|d75e1ca4_20260802_212515,1.0,10,5050,job
symgemm_L4_sgdfused_m8192_rep2|b0c570a7_20260802_210254,1.0,10,5050,job
symgemm_L5_adam_rep3|f1871cc2_20260802_222417,1.0,10,5050,job
training_single_gpu|training_single_gpu_gpu0_199317,1.0,1,5050,job
whitebox_diluted_7b_N1_1h|5df04b7a_20260727_183421,1.0,10,5050,job
whitebox_diluted_N5|eaaa7663_20260725_210026,1.0,10,5050,job
whitebox_inference_7b_1h|4bf42831_20260727_095532,0.8,10,5050,job
whitebox_inference_7b_2h|2c53509d_20260727_215058,0.9,10,5050,job
whitebox_inference|3d92903b_20260725_201826,0.9,10,5050,job
whitebox_lora_7b_N10_rep2|a1f5446a_20260728_040109,1.0,10,5050,job
whitebox_lora_7b_pilot_N6|13c5d8f6_20260726_123856,1.0,10,5050,job
whitebox_lora_N5|de90ed7d_20260725_202852,1.0,10,5050,job
adversarial_E_memory_minimal|7b692854_20260412_053508,1.0,10,5051,job
adversarial_F_interleave_50|46a73a4e_20260725_234614,1.0,10,5051,job
adversarial_F_interleave_50|4cde77c0_20260726_003313,1.0,10,5051,job
adversarial_H_mimicry_cufft|8a52b6f9_20260825_052246,0.4,10,5051,job
adversarial_H_mimicry_cufft|ce9f5c9f_20260412_230551,1.0,1,5051,job
adversarial_H_mimicry_mining|26c55d63_20260412_230551,1.0,10,5051,job
adversarial_H_mimicry_mining|88fd4004_20260825_050111,1.0,10,5051,job
adversarial_H_mimicry_mining|bf6e3698_20260413_011721,1.0,10,5051,job
adversarial_I_stochastic_30|3978f906_20260825_053334,1.0,10,5051,job
adversarial_J_pid_75|c205c1d2_20260413_014428,1.0,10,5051,job
adversarial_J_pid_75|e3f49bde_20260412_223016,1.0,10,5051,job
adversarial_K_ddp_accum_8|73431dec5f44_20260412_234640,1.0,80,5051,job
adversarial_L_ddp_10|740abd236207_20260413_000621,0.975,80,5051,job
adversarial_L_ddp_10|a3adf2258b52_20260412_063635,1.0,80,5051,job
adversarial_L_ddp_stagger_5|9018a40f5999_20260412_233540,1.0,80,5051,job
adversarial_L_diluted_10_mw8|2a0a1abb_20260726_170758,1.0,10,5051,job
adversarial_L_diluted_10|03656a60_20260825_065954,1.0,10,5051,job
adversarial_L_diluted_10|8d5f2101_20260725_235123,1.0,10,5051,job
adversarial_L_diluted_10|9712fcda_20260825_065431,1.0,10,5051,job
adversarial_L_diluted_20|2a9e51e9_20260725_235723,1.0,10,5051,job
adversarial_L_diluted_20|c1b0e51f_20260825_071606,1.0,10,5051,job
adversarial_L_diluted_20|c504ec15_20260726_002055,1.0,10,5051,job
adversarial_L_diluted_2|0e8e28c2_20260825_062208,1.0,10,5051,job
adversarial_L_diluted_2|354119ef_20260412_223541,1.0,10,5051,job
adversarial_L_diluted_2|463541b6_20260825_062731,1.0,10,5051,job
adversarial_training|0ff8862b_20260413_033352,1.0,1,5051,job
adversarial_training|33aa4cb4_20260413_033352,1.0,1,5051,job
bert_sst2|0a64dc16_20260825_021827,1.0,1,5051,job
bert_sst2|906cb48d_20260825_021650,1.0,1,5051,job
cufft_benchmark|15fa4bd9_20260413_033141,1.0,1,5051,job
cufft_benchmark|540552ce_20260824_234024,1.0,10,5051,job
cufft_benchmark|f97558fa_20260412_231705,1.0,10,5051,job
ddp_resnet18_cifar10|a76b540db268_20260412_233502,1.0,80,5051,job
ddp_resnet18_cifar10|b6ee4dbc9fc2_20260412_225907,1.0,80,5051,job
ddp_resnet50_cifar10|9fc805ce081e_20260412_234039,1.0,80,5051,job
fsdp_70b_nvlink|c632fe2971fa_20260412_071411,1.0,8,5051,job
gpt2_wikitext2_ext|daa304a2_20260421_011634,1.0,6,5051,job
idle|964c62f7_20260420_194932,1.0,7,5051,job
idle|bda38c7a_20260412_231132,1.0,7,5051,job
idle|f63d327d_20260421_013426,1.0,7,5051,job
inference|inference_8fd998,1.0,1,5051,job
inference|inference_c1b4c6,1.0,1,5051,job
llm_infer_mistral_7b_q4|1aa4e562_20260825_004332,0.9,10,5051,job
llm_infer_mistral_7b_q4|2ec733be_20260419_221039,1.0,1,5051,job
llm_infer_mistral_7b_q4|ca02ad41_20260420_015354,1.0,1,5051,job
llm_infer_mistral_7b_q4|dbde8feb_20260419_210231,1.0,1,5051,job
llm_infer_mistral_7b_q4|dc6bbdac_20260420_010008,1.0,10,5051,job
llm_infer_phi3_mini|cd6a5e78_20260419_212123,1.0,10,5051,job
llm_infer_phi3_mini|e7151e88_20260420_205129,1.0,10,5051,job
llm_infer_qwen25_14b_fp16|62b1513a_20260419_205946,1.0,1,5051,job
llm_infer_qwen25_32b_fp16|50c83347_20260421_030757,1.0,10,5051,job
llm_infer_qwen25_32b_fp16|bb94db96_20260419_205955,1.0,1,5051,job
llm_infer_qwen25_32b_fp16|c89b4098_20260419_214232,0.6,10,5051,job
llm_infer_qwen25_32b_fp16|cbe6294b_20260824_215701,1.0,10,5051,job
llm_infer_qwen25_32b_fp16|dffbfb17_20260421_030111,0.9,10,5051,job
llm_infer_qwen25_3b_bs16|0918ee71_20260419_032245,1.0,10,5051,job
llm_infer_qwen25_3b_bs16|22ecde82_20260419_032802,1.0,10,5051,job
llm_infer_qwen25_3b_bs16|45cf0574_20260419_230842,1.0,10,5051,job
llm_infer_qwen25_3b_bs16|dfe991b8_20260420_215605,1.0,10,5051,job
llm_infer_qwen25_3b_bs16|ee6ca6af_20260420_214537,0.9,10,5051,job
llm_infer_qwen25_3b_bs4|16c726fc_20260419_222104,1.0,10,5051,job
llm_infer_qwen25_3b_bs4|27632d17_20260420_214020,1.0,10,5051,job
llm_infer_qwen25_3b_bs4|32bdfeb6_20260419_024034,1.0,10,5051,job
llm_infer_qwen25_3b_bs4|aa80c128_20260420_213501,1.0,10,5051,job
llm_infer_qwen25_3b_bs4|d16da8aa_20260420_212943,1.0,10,5051,job
llm_infer_qwen25_3b|7de76a76_20260420_211352,1.0,10,5051,job
llm_infer_qwen25_3b|df5ce46a_20260419_020809,1.0,10,5051,job
llm_infer_qwen25_72b_fp8|78a77a8b_20260420_235909,1.0,10,5051,job
llm_infer_qwen25_72b_tp2|173cf665d203_20260419_044435,1.0,10,5051,job
llm_infer_qwen25_7b_fp16|0c4a3bb2_20260824_212015,1.0,10,5051,job
llm_infer_qwen25_7b_fp16|61bf5366_20260420_231727,1.0,10,5051,job
llm_infer_qwen25_7b_fp16|8c50624a_20260824_211339,1.0,10,5051,job
llm_infer_qwen25_7b_fp16|a694acd9_20260419_210256,0.7,10,5051,job
llm_infer_qwen25_7b_fp16|febf963c_20260419_205933,1.0,1,5051,job
llm_infer_sdxl|43c64a98_20260420_224406,1.0,10,5051,job
llm_infer_sdxl|81d0af5a_20260419_030149,1.0,10,5051,job
llm_infer_sdxl|adc8a3d2_20260419_222624,1.0,10,5051,job
llm_infer_tinyllama_bs8|00313478_20260419_215951,1.0,10,5051,job
llm_infer_tinyllama_bs8|ecdf6ee5_20260420_220215,1.0,10,5051,job
llm_infer_tinyllama_seq4096|eac7968c_20260419_224733,1.0,10,5051,job
llm_infer_vit_l_bs64|38e37d2f_20260419_034355,1.0,10,5051,job
llm_infer_vit_l_bs64|7be29623_20260420_224924,1.0,10,5051,job
llm_infer_vit_l_bs64|7bf48cb7_20260419_231402,1.0,10,5051,job
llm_train_mistral_7b_lora|408384ba_20260419_232329,1.0,10,5051,job
llm_train_mistral_7b_lora|e2b30e58_20260419_232842,1.0,10,5051,job
llm_train_phi3_mini_lora|4bf06f5e_20260824_225752,1.0,10,5051,job
llm_train_qwen25_1p5b_lora|e0c86e62_20260824_220836,1.0,10,5051,job
llm_train_qwen25_3b_lora|074568ba_20260824_224126,1.0,10,5051,job
llm_train_qwen25_3b_lora|66980709_20260824_223555,1.0,10,5051,job
llm_train_qwen25_3b_lora|dfde664f_20260419_224329,0.9,10,5051,job
llm_train_smollm2_1p7b_lora|896b1640_20260824_223027,1.0,10,5051,job
mining_ethash_proxy|3cac048c_20260825_000110,1.0,10,5051,job
mining_ethash_proxy|b6f2e520_20260825_001133,1.0,10,5051,job
mining_ethash_proxy|c56e618e_20260412_224732,1.0,10,5051,job
nbody_sim|98b49f2f_20260412_224117,1.0,10,5051,job
nbody_sim|nbody_sim_c0054d,1.0,1,5051,job
nvlink_latency|nvlink_latency_gpu0_5aa1ba,1.0,1,5051,job
nvlink_p2p|927418b1_20260413_033435,1.0,1,5051,job
ppo_rlhf_r32_rep3|9c5afa29_20260804_174554,1.0,10,5051,job
ppo_rlhf_r8_rep2|4735a4fb_20260804_171221,1.0,10,5051,job
pytorch_mlp_cifar10|6726c8ff_20260825_021604,1.0,1,5051,job
pytorch_mlp_cifar10|c7886665_20260412_222753,0.0,1,5051,job
pytorch_resnet_cifar10_amp_ext|0e16abc8_20260420_204227,1.0,5,5051,job
pytorch_resnet_cifar10_amp|bc16a2c3_20260825_020856,1.0,1,5051,job
pytorch_training|1b83c94e_20260413_032802,1.0,1,5051,job
symgemm_L1_fwd3_m8192_rep2|e044c3fe_20260802_211404,1.0,10,5051,job
symgemm_L1_fwd3_rep2|e04a3490_20260802_201813,1.0,10,5051,job
symgemm_L4_sgdfused_7b_rep1|d75e1ca4_20260802_212515,1.0,10,5051,job
symgemm_L4_sgdfused_rep3|719fe5b8_20260802_220158,1.0,10,5051,job
symgemm_L5_adam_rep2|498da780_20260802_202923,1.0,10,5051,job
symgemm_L5_adam_rep3|f1871cc2_20260802_222417,1.0,10,5051,job
symgemm_decode_g256_rep3|6e25438a_20260803_015538,1.0,10,5051,job
symgemm_idle|06d5a273_20260802_173910,0.9,10,5051,job
symgemm_ppo_fused_r8_rep2|ab3e57f5_20260803_005942,1.0,10,5051,job
training_dual_gpu_dp|training_dual_gpu_dp_gpu0_e63285,1.0,1,5051,job
training_dual_gpu_dp|training_dual_gpu_dp_gpu1_d95db4,0.0,1,5051,job
training_single_gpu|training_single_gpu_gpu0_4f9586,0.0,1,5051,job
whitebox_diluted_3b_N1_1h|814de13f_20260728_005931,0.9,10,5051,job
whitebox_diluted_N10|d7e25a80_20260725_203405,1.0,10,5051,job
whitebox_diluted_N20|6305ed40_20260725_204431,1.0,10,5051,job
whitebox_inference_7b_rep3|62149f64_20260728_050902,0.8,10,5051,job
whitebox_lora_3b_N1_1h|070267f7_20260727_194926,0.9,10,5051,job
whitebox_lora_3b_N1_rep2|71e45f69_20260728_030033,1.0,10,5051,job
whitebox_lora_7b_N100_1h|53c015c3_20260727_162214,0.2,10,5051,job
whitebox_lora_7b_N10_rep2|a1f5446a_20260728_040109,0.6,10,5051,job
whitebox_lora_7b_N20_1h|8c105125_20260727_142117,0.9,10,5051,job
whitebox_lora_7b_N3_1h|1291fbf0_20260727_132029,1.0,10,5051,job
whitebox_lora_7b_long|98ae0ecb_20260725_114106,0.7,10,5051,job
whitebox_lora_N10|00ea9b4c_20260725_211603,1.0,10,5051,job
whitebox_oracle|ba2654c8_20260725_224635,1.0,10,5051,job
adversarial_E_memory_minimal|72186530_20260825_040712,1.0,10,5052,job
adversarial_F_interleave_50|e70f6fc4_20260412_053508,1.0,10,5052,job
adversarial_I_stochastic_30|650fb51f_20260412_223016,0.9,10,5052,job
adversarial_K_ddp_accum_8|4e915a9d238b_20260412_065453,1.0,80,5052,job
adversarial_K_ddp|2b7d13785ecf_20260412_231725,1.0,80,5052,job
adversarial_K_ddp|af5daab2a59a_20260412_062347,1.0,80,5052,job
adversarial_K_online_learning|3ca87735_20260825_060556,1.0,10,5052,job
adversarial_K_online_learning|901b510d_20260825_061120,1.0,10,5052,job
adversarial_L_ddp_5|7f7c7caec1c9_20260412_232441,0.975,80,5052,job
adversarial_L_ddp_5|a9a551652c04_20260412_235905,1.0,80,5052,job
adversarial_L_ddp_5|eb1c85843b4a_20260412_062919,1.0,80,5052,job
adversarial_L_ddp_stagger_5|9018a40f5999_20260412_233540,1.0,80,5052,job
adversarial_L_diluted_10_mw8|51a40fcc_20260726_171309,1.0,10,5052,job
adversarial_L_diluted_10|2c305d90_20260725_232752,1.0,10,5052,job
adversarial_L_diluted_200_mw8|a38a444f_20260726_174828,1.0,10,5052,job
adversarial_L_diluted_20|2a9e51e9_20260725_235723,1.0,10,5052,job
adversarial_L_diluted_20|951bef7b_20260825_072130,1.0,10,5052,job
adversarial_L_diluted_5|05e951a9_20260825_063819,1.0,10,5052,job
adversarial_L_diluted_5|478eaec5_20260412_223541,1.0,10,5052,job
batch_size_sweep_dp|batch_size_sweep_dp_gpu1_f04813,0.0,1,5052,job
bert_finetune|9311265c_20260413_032824,0.0,1,5052,job
bert_sst2_amp_ext|cb252747_20260420_204010,1.0,1,5052,job
bert_sst2_ext|39b13cda_20260420_203906,1.0,3,5052,job
bert_sst2|4a0aab7a_20260825_021739,1.0,1,5052,job
cufft_benchmark|83e14a25_20260421_014638,1.0,10,5052,job
cufft_benchmark|f97558fa_20260412_231705,1.0,10,5052,job
cufft_benchmark|fa1982fd_20260419_234026,1.0,10,5052,job
cufft_hpc|cufft_hpc_e7ea4b,1.0,1,5052,job
ddp_resnet18_cifar10_amp|452a0a67a4fb_20260412_061559,1.0,80,5052,job
ddp_resnet50_cifar10|9fc805ce081e_20260412_234039,1.0,80,5052,job
ddp_training|ddp_telemetry_gpu1,1.0,1,5052,job
fsdp_70b_nvlink|15cced21b9b1_20260413_012238,1.0,8,5052,job
fsdp_70b_nvlink|a7ff05fcabd2_20260413_003024,1.0,8,5052,job
fsdp_70b_sgd_momentum|465819c33b0c_20260413_012319,0.975,80,5052,job
gpt2_wikitext2_amp|f2bd8e13_20260412_231705,1.0,2,5052,job
gpt2_wikitext2_ext|ab0d938a_20260420_203614,1.0,6,5052,job
gpt2_wikitext2|13f0dd2f_20260825_021915,1.0,2,5052,job
gpt2_wikitext2|917b93fb_20260412_224117,1.0,3,5052,job
gpt2_wikitext2|f1162cf3_20260412_222753,1.0,3,5052,job
idle|03110fa2_20260824_232519,1.0,7,5052,job
idle|395fbdc4_20260413_032720,1.0,1,5052,job
idle|9689d8b0_20260413_032720,1.0,1,5052,job
idle|bda38c7a_20260412_231132,1.0,7,5052,job
idle|f26e1461_20260419_233413,0.8571428571428571,7,5052,job
inference|inference_986d16,1.0,1,5052,job
llm_infer_deepseek_v3_tp8|acb00ac39728_20260419_002311,0.4,50,5052,job
llm_infer_mistral_7b_q4|143e0113_20260419_220838,1.0,1,5052,job
llm_infer_mistral_7b_q4|24353de9_20260420_015430,1.0,10,5052,job
llm_infer_mistral_7b_q4|9e359ed7_20260825_003757,0.9,10,5052,job
llm_infer_mistral_7b_q4|b8b0e618_20260420_005449,1.0,10,5052,job
llm_infer_mistral_7b_q4|c36eab64_20260419_220847,1.0,1,5052,job
llm_infer_mistral_7b_q4|ca02ad41_20260420_015354,1.0,1,5052,job
llm_infer_mistral_7b_q4|d52344f3_20260419_220856,1.0,1,5052,job
llm_infer_mistral_7b_q4|e81dfe47_20260420_015946,1.0,10,5052,job
llm_infer_phi3_mini|aafcc35f_20260419_015203,1.0,10,5052,job
llm_infer_phi3_mini|d0a32c71_20260419_213210,1.0,10,5052,job
llm_infer_qwen25_14b_fp16|0467d4a3_20260824_212608,1.0,10,5052,job
llm_infer_qwen25_14b_fp16|a5960172_20260420_232931,1.0,10,5052,job
llm_infer_qwen25_14b_fp16|e481b484_20260419_234859,1.0,10,5052,job
llm_infer_qwen25_32b_fp16|097ee7e4_20260420_002519,1.0,10,5052,job
llm_infer_qwen25_32b_fp16|7efd8ad1_20260419_220234,1.0,10,5052,job
llm_infer_qwen25_3b_bs16|301efde2_20260419_225807,0.9,10,5052,job
llm_infer_qwen25_3b_bs16|3d9be7b5_20260419_033318,1.0,10,5052,job
llm_infer_qwen25_3b_bs16|45cf0574_20260419_230842,1.0,10,5052,job
llm_infer_qwen25_3b_bs16|72bf234c_20260419_230326,0.7,10,5052,job
llm_infer_qwen25_3b_bs4|32bdfeb6_20260419_024034,1.0,10,5052,job
llm_infer_qwen25_3b|b3849090_20260419_213727,1.0,10,5052,job
llm_infer_qwen25_72b_fp8|6ee178e0_20260419_043033,1.0,10,5052,job
llm_infer_qwen25_72b_tp2|173cf665d203_20260419_044435,1.0,10,5052,job
llm_infer_qwen25_7b_fp16|87b75337_20260824_200626,1.0,2,5052,job
llm_infer_qwen25_7b_fp16|abd7cc9c_20260420_230458,1.0,10,5052,job
llm_infer_qwen25_7b_fp16|c98d90af_20260420_231133,1.0,10,5052,job
llm_infer_qwen25_7b_fp16|febf963c_20260419_205933,1.0,1,5052,job
llm_infer_sdxl|43c64a98_20260420_224406,1.0,10,5052,job
llm_infer_sdxl|adc8a3d2_20260419_222624,1.0,10,5052,job
llm_infer_tinyllama_bs8|43f9b961_20260420_221242,1.0,10,5052,job
llm_infer_tinyllama_bs8|75a3d2cd_20260419_215432,1.0,10,5052,job
llm_infer_tinyllama_bs8|bcad42c3_20260419_220507,1.0,10,5052,job
llm_infer_vit_l_bs64|5e01a928_20260419_034907,1.0,10,5052,job
llm_infer_vit_l_bs64|7bf48cb7_20260419_231402,1.0,10,5052,job
llm_infer_vit_l_bs64|9c5aafb1_20260419_232432,1.0,10,5052,job
llm_train_mistral_7b_lora|8af16eaa_20260824_231421,1.0,10,5052,job
llm_train_mistral_7b_lora|f79dbad9_20260824_230849,1.0,10,5052,job
llm_train_phi3_mini_lora|48da72bf_20260824_230320,1.0,10,5052,job
llm_train_qwen25_1p5b_lora|8a368ac5_20260824_220307,1.0,10,5052,job
llm_train_smollm2_1p7b_lora|2958dde3_20260824_221932,1.0,10,5052,job
llm_train_smollm2_1p7b_lora|bc185109_20260419_223818,1.0,10,5052,job
nvlink_latency|nvlink_latency_gpu0_5aa1ba,1.0,1,5052,job
pytorch_mlp_cifar10_ext|22ac55c7_20260420_203325,1.0,10,5052,job
pytorch_mlp_cifar10|6726c8ff_20260825_021604,1.0,1,5052,job
pytorch_mlp_cifar10|c7886665_20260412_222753,0.0,1,5052,job
pytorch_resnet_cifar10_amp|09c94605_20260412_222753,1.0,2,5052,job
pytorch_resnet_cifar10_amp|1f7efb5a_20260825_021236,1.0,1,5052,job
pytorch_resnet_cifar10_amp|f1be0dfb_20260825_020609,1.0,1,5052,job
pytorch_resnet_cifar10_ext|76d6663a_20260420_203006,1.0,6,5052,job
pytorch_resnet_cifar10|0d79ee94_20260825_005047,0.0,10,5052,job
pytorch_resnet_cifar10|0de6fc56_20260825_020340,1.0,1,5052,job
pytorch_training|1540ec8b_20260413_032737,0.0,1,5052,job
pytorch_training|1b83c94e_20260413_032802,1.0,1,5052,job
rendering_proxy|5278c256_20260412_232321,1.0,10,5052,job
resnet50_inference|d6707f42_20260413_033014,0.0,1,5052,job
scientific_hpc|2369d03f_20260413_033308,1.0,1,5052,job
scientific_hpc|3cf03b97_20260413_033308,1.0,1,5052,job
symgemm_L1_fwd3_7b_rep1|1da12b31_20260802_215024,0.7,10,5052,job
symgemm_L1_fwd3_rep1|9c7b9bc7_20260802_175625,1.0,10,5052,job
symgemm_L1_fwd3_rep2|e04a3490_20260802_201813,1.0,10,5052,job
symgemm_L3_graddiscard_rep2|eaf8a014_20260802_205144,1.0,10,5052,job
symgemm_L4_sgdfused_long1b_rep1|e77f32f2_20260803_062646,0.8,10,5052,job
symgemm_L5_adam_rep2|498da780_20260802_202923,1.0,10,5052,job
symgemm_idle|06d5a273_20260802_173910,0.8,10,5052,job
symgemm_ppo_fused_r32_rep3|6b1c2a3b_20260803_014427,1.0,10,5052,job
training_dual_gpu_dp|training_dual_gpu_dp_gpu0_e63285,1.0,1,5052,job
training_dual_gpu_dp|training_dual_gpu_dp_gpu1_d95db4,1.0,1,5052,job
training_single_gpu|single_gpu_telemetry,0.0,1,5052,job
training_single_gpu|training_single_gpu_gpu0_4f9586,1.0,1,5052,job
whitebox_diluted_3b_N1_1h|814de13f_20260728_005931,1.0,10,5052,job
whitebox_diluted_N10|8891b439_20260725_211051,1.0,10,5052,job
whitebox_diluted_N10|d7e25a80_20260725_203405,1.0,10,5052,job
whitebox_diluted_N5|eaaa7663_20260725_210026,1.0,10,5052,job
whitebox_inference_7b_rep3|62149f64_20260728_050902,0.8,10,5052,job
whitebox_lora_1b_N1_1h|861a8dfb_20260727_173343,1.0,10,5052,job
whitebox_lora_3b_N1_1h|070267f7_20260727_194926,1.0,10,5052,job
whitebox_lora_7b_N1_1h|d26abcf1_20260727_110823,1.0,10,5052,job
whitebox_lora_7b_N50_1h|f9ff4b5d_20260727_152145,1.0,10,5052,job
whitebox_lora_7b_long|98ae0ecb_20260725_114106,1.0,10,5052,job
whitebox_lora_7b_pilot_N3|083f6968_20260726_120119,1.0,10,5052,job
whitebox_lora_7b_pilot_N6|13c5d8f6_20260726_123856,1.0,10,5052,job
whitebox_lora_7b_pilot_N7|b7b290a9_20260726_125420,1.0,10,5052,job
whitebox_lora_N10|00ea9b4c_20260725_211603,1.0,10,5052,job
width_sweep_dp|width_sweep_dp_gpu0_a80bfa,1.0,1,5052,job
adversarial_F_interleave_30|314da66d_20260412_053508,1.0,1,5053,job
adversarial_F_interleave_50|4cde77c0_20260726_003313,1.0,10,5053,job
adversarial_F_interleave_50|e70f6fc4_20260412_053508,1.0,10,5053,job
adversarial_H_mimicry_cufft|49dbd077_20260412_223016,1.0,10,5053,job
adversarial_H_mimicry_cufft|8a52b6f9_20260825_052246,1.0,10,5053,job
adversarial_H_mimicry_mining|5ac32145_20260825_051158,1.0,10,5053,job
adversarial_H_mimicry_mining|bf6e3698_20260413_011721,1.0,10,5053,job
adversarial_I_stochastic_30|1319ffe7_20260726_002804,1.0,10,5053,job
adversarial_I_stochastic_30|15190e45_20260725_234104,1.0,10,5053,job
adversarial_I_stochastic_30|3978f906_20260825_053334,1.0,10,5053,job
adversarial_I_stochastic_30|5e185d96_20260412_053508,1.0,10,5053,job
adversarial_J_pid_75|4b39fbdf_20260825_060033,1.0,10,5053,job
adversarial_J_pid_75|6aa98cf6_20260412_053508,1.0,1,5053,job
adversarial_J_pid_75|cf944e31_20260412_230551,1.0,1,5053,job
adversarial_K_ddp_accum_4|ccdbb46fc1a0_20260413_001726,1.0,80,5053,job
adversarial_K_ddp_accum_8|4e915a9d238b_20260412_065453,1.0,80,5053,job
adversarial_K_ddp_accum_8|73431dec5f44_20260412_234640,1.0,80,5053,job
adversarial_K_ddp|2b7d13785ecf_20260412_231725,1.0,80,5053,job
adversarial_L_ddp_10|740abd236207_20260413_000621,1.0,80,5053,job
adversarial_L_ddp_stagger_5|9018a40f5999_20260412_233540,1.0,80,5053,job
adversarial_L_diluted_10|8d5f2101_20260725_235123,1.0,10,5053,job
adversarial_L_diluted_20|405a7452_20260412_223541,1.0,10,5053,job
adversarial_L_diluted_20|c1b0e51f_20260825_071606,1.0,10,5053,job
adversarial_L_diluted_2|316523f7_20260412_231132,1.0,10,5053,job
adversarial_L_diluted_5|2471d189_20260412_231132,1.0,10,5053,job
adversarial_L_diluted_5|29aaeb3c_20260825_064907,1.0,10,5053,job
adversarial_L_diluted_5|478eaec5_20260412_223541,1.0,10,5053,job
adversarial_training|33aa4cb4_20260413_033352,1.0,1,5053,job
adversarial_training|b1c5e184_20260413_033330,0.0,1,5053,job
bert_finetune|9311265c_20260413_032824,0.0,1,5053,job
bert_sst2_amp|49d3ba57_20260412_224117,1.0,1,5053,job
bert_sst2_amp|dd87fb92_20260412_222753,1.0,1,5053,job
bert_sst2_ext|39b13cda_20260420_203906,1.0,3,5053,job
bert_sst2|30b0dab5_20260412_231705,1.0,1,5053,job
bert_sst2|675c6c84_20260412_222753,1.0,2,5053,job
cufft_benchmark|2cf468dc_20260421_013631,1.0,10,5053,job
cufft_benchmark|540552ce_20260824_234024,1.0,10,5053,job
cufft_benchmark|7529bef2_20260824_233001,1.0,10,5053,job
cufft_benchmark|a3a1b5b0_20260420_195136,1.0,10,5053,job
ddp_resnet18_cifar10_amp|95f2a16cc1a5_20260412_234616,1.0,80,5053,job
fsdp_13b_nvlink|943b54f5deb5_20260412_071300,1.0,80,5053,job
fsdp_70b_nvlink|3e8e00c5f514_20260413_010753,1.0,80,5053,job
fsdp_70b_nvlink|c88e29e18a8a_20260413_010413,0.9625,80,5053,job
fsdp_70b_seqlen512|27c89ff855c9_20260413_012837,0.35,80,5053,job
gpt2_finetune|f22ba689_20260413_032930,0.0,1,5053,job
gpt2_wikitext2_amp|f2bd8e13_20260412_231705,1.0,2,5053,job
gpt2_wikitext2|13f0dd2f_20260825_021915,1.0,2,5053,job
idle|9883933c_20260420_201152,1.0,7,5053,job
idle|f63d327d_20260421_013426,1.0,7,5053,job
llm_infer_deepseek_v3_tp8|30d7ed7e6e81_20260419_013711,0.9125,80,5053,job
llm_infer_mistral_7b_q4|0546326b_20260420_015345,1.0,1,5053,job
llm_infer_mistral_7b_q4|0e400173_20260419_215405,1.0,1,5053,job
llm_infer_mistral_7b_q4|0f8555a9_20260825_003220,0.2,10,5053,job
llm_infer_mistral_7b_q4|dc6bbdac_20260420_010008,1.0,10,5053,job
llm_infer_mixtral_8x7b|2136c735_20260421_001254,1.0,10,5053,job
llm_infer_mixtral_8x7b|a79f0a84_20260419_040511,0.9,10,5053,job
llm_infer_phi3_mini|3bce5480_20260420_210836,1.0,10,5053,job
llm_infer_phi3_mini|745171c6_20260419_015720,1.0,10,5053,job
llm_infer_qwen25_14b_fp16|085bd1c8_20260420_000301,1.0,10,5053,job
llm_infer_qwen25_14b_fp16|2e76122c_20260419_212144,0.8,10,5053,job
llm_infer_qwen25_14b_fp16|62b1513a_20260419_205946,1.0,1,5053,job
llm_infer_qwen25_14b_fp16|b9923a39_20260419_213654,1.0,10,5053,job
llm_infer_qwen25_3b_bs16|301efde2_20260419_225807,1.0,10,5053,job
llm_infer_qwen25_3b_bs4|766c2eff_20260419_024551,1.0,10,5053,job
llm_infer_qwen25_3b_bs4|acde3618_20260419_221540,1.0,10,5053,job
llm_infer_qwen25_3b_bs4|dbfd03f1_20260419_023515,1.0,10,5053,job
llm_infer_qwen25_3b|1fd463ca_20260419_021328,1.0,10,5053,job
llm_infer_qwen25_72b_fp16|1d53cfd5_20260421_004034,1.0,10,5053,job
llm_infer_qwen25_72b_tp2|173cf665d203_20260419_044435,1.0,10,5053,job
llm_infer_qwen25_7b_fp16|0c4a3bb2_20260824_212015,1.0,10,5053,job
llm_infer_qwen25_7b_fp16|87b75337_20260824_200626,1.0,2,5053,job
llm_infer_qwen25_7b_fp16|c98d90af_20260420_231133,1.0,10,5053,job
llm_infer_qwen25_7b_fp16|f6638e51_20260419_211613,1.0,10,5053,job
llm_infer_qwen25_7b_fp16|f70331c1_20260419_233641,1.0,10,5053,job
llm_infer_sdxl|43c64a98_20260420_224406,1.0,10,5053,job
llm_infer_sdxl|f3c09865_20260419_025108,0.9,10,5053,job
llm_infer_tinyllama_bs8|43f9b961_20260420_221242,1.0,10,5053,job
llm_infer_tinyllama_seq4096|367c872f_20260420_222307,1.0,10,5053,job
llm_infer_tinyllama_seq4096|ac0a588a_20260419_031732,1.0,10,5053,job
llm_infer_tinyllama_seq4096|eac7968c_20260419_224733,1.0,10,5053,job
llm_infer_vit_l_bs64|7bf48cb7_20260419_231402,1.0,10,5053,job
llm_train_mistral_7b_lora|b31642c6_20260419_231627,0.7,10,5053,job
llm_train_phi3_mini_lora|48da72bf_20260824_230320,1.0,10,5053,job
llm_train_phi3_mini_lora|4bf06f5e_20260824_225752,1.0,10,5053,job
llm_train_qwen25_1p5b_lora|2a4e8583_20260419_221125,0.9,10,5053,job
llm_train_qwen25_1p5b_lora|e0c86e62_20260824_220836,1.0,10,5053,job
llm_train_qwen25_3b_lora|dfde664f_20260419_224329,0.9,10,5053,job
llm_train_smollm2_1p7b_lora|bc185109_20260419_223818,1.0,10,5053,job
mining_ethash_proxy|59292457_20260420_001044,1.0,10,5053,job
mining_ethash_proxy|5a291891_20260420_200144,1.0,10,5053,job
nbody_sim|98b49f2f_20260412_224117,1.0,10,5053,job
nbody_sim|bcbaef15_20260413_033224,1.0,1,5053,job
nvlink_bandwidth|nvlink_bandwidth_gpu0_ef7777,1.0,1,5053,job
nvlink_latency|nvlink_latency_gpu0_5aa1ba,1.0,1,5053,job
nvlink_latency|nvlink_latency_gpu1_9a8612,1.0,1,5053,job
nvlink_p2p|858acb89_20260413_033414,1.0,1,5053,job
nvlink_p2p|927418b1_20260413_033435,1.0,1,5053,job
pytorch_resnet_cifar10_amp|73475ab0_20260412_231132,1.0,4,5053,job
pytorch_resnet_cifar10_ext|76d6663a_20260420_203006,1.0,6,5053,job
resnet50_inference|d45705f9_20260412_231705,0.0,10,5053,job
resnet50_inference|d6707f42_20260413_033014,0.0,1,5053,job
resnet_amp|resnet_amp_0c34ce,1.0,1,5053,job
resnet_fp32|resnet_fp32_b4973a,1.0,1,5053,job
scientific_hpc|b957a0bf_20260413_033246,1.0,1,5053,job
symgemm_L1_fwd3_7b_rep1|1da12b31_20260802_215024,0.9,10,5053,job
symgemm_L1_fwd3_rep2|e04a3490_20260802_201813,1.0,10,5053,job
symgemm_L4_sgdfused_long1b_rep1|e77f32f2_20260803_062646,0.8,10,5053,job
symgemm_L5_adam_rep4|b36d56ef_20260802_232008,1.0,10,5053,job
symgemm_decode_g256_rep2|4fc9bf1b_20260803_012205,0.9,10,5053,job
training_dual_gpu_dp|multi_gpu_telemetry_gpu1,1.0,2,5053,job
training_dual_gpu_dp|training_dual_gpu_dp_gpu0_e63285,1.0,1,5053,job
training_single_gpu|training_single_gpu_gpu0_199317,1.0,1,5053,job
whitebox_diluted_1b_N1_1h|e9c0ff07_20260727_235850,1.0,10,5053,job
whitebox_diluted_N10|e6a6ba30_20260725_195717,1.0,10,5053,job
whitebox_diluted_N20|6305ed40_20260725_204431,1.0,10,5053,job
whitebox_inference_1b_matched|c6927996_20260728_061814,0.8,10,5053,job
whitebox_inference_long|877db838_20260725_055129,0.9,10,5053,job
whitebox_lora_3b_N1_1h|070267f7_20260727_194926,1.0,10,5053,job
whitebox_lora_3b_N1_rep2|71e45f69_20260728_030033,1.0,10,5053,job
whitebox_lora_7b_N100_1h|53c015c3_20260727_162214,1.0,10,5053,job
whitebox_lora_7b_N50_1h|f9ff4b5d_20260727_152145,1.0,10,5053,job
whitebox_lora_7b_pilot_N7|b7b290a9_20260726_125420,1.0,10,5053,job
whitebox_lora_N10|00ea9b4c_20260725_211603,1.0,10,5053,job
whitebox_lora_N10|12837863_20260725_200230,1.0,10,5053,job
whitebox_lora_N10|c738d40d_20260725_203918,1.0,10,5053,job
whitebox_lora_N5|25cd8989_20260725_195205,1.0,10,5053,job
whitebox_lora_N5|5d8cb134_20260725_210538,1.0,10,5053,job
whitebox_lora_N5|de90ed7d_20260725_202852,1.0,10,5053,job
whitebox_oracle|dfb4b131_20260725_230325,1.0,10,5053,job
width_sweep_dp|width_sweep_dp_gpu0_a80bfa,1.0,1,5053,job
adversarial_E_memory_minimal|c443df01_20260825_035624,1.0,10,5054,job
adversarial_F_interleave_30|314da66d_20260412_053508,1.0,1,5054,job
adversarial_F_interleave_30|df47671a_20260825_041800,1.0,10,5054,job
adversarial_F_interleave_50|82b69908_20260412_223016,1.0,10,5054,job
adversarial_F_interleave_50|bc02cbc2_20260726_000947,1.0,10,5054,job
adversarial_G_clock_throttled|4471bfa7_20260412_230551,1.0,1,5054,job
adversarial_G_clock_throttled|b38cd060_20260825_044459,1.0,10,5054,job
adversarial_H_mimicry_mining|26c55d63_20260412_230551,1.0,10,5054,job
adversarial_H_mimicry_mining|88fd4004_20260825_050111,1.0,10,5054,job
adversarial_I_stochastic_30|1319ffe7_20260726_002804,1.0,10,5054,job
adversarial_J_pid_75|4b39fbdf_20260825_060033,1.0,10,5054,job
adversarial_J_pid_75|cf944e31_20260412_230551,1.0,1,5054,job
adversarial_K_ddp_accum_4|b28bb647b0ef_20260412_234110,1.0,80,5054,job
adversarial_K_ddp|af5daab2a59a_20260412_062347,1.0,80,5054,job
adversarial_K_online_learning|cff6d675_20260825_061644,1.0,10,5054,job
adversarial_L_ddp_stagger_5|8e9728362385_20260412_064206,1.0,80,5054,job
adversarial_L_diluted_10|2c305d90_20260725_232752,1.0,10,5054,job
adversarial_L_diluted_10|9712fcda_20260825_065431,1.0,10,5054,job
adversarial_L_diluted_20|02cfd70b_20260412_231132,1.0,10,5054,job
adversarial_L_diluted_20|2a9e51e9_20260725_235723,1.0,10,5054,job
adversarial_L_diluted_20|c1b0e51f_20260825_071606,1.0,10,5054,job
adversarial_L_diluted_20|ee8eddb5_20260825_071042,1.0,10,5054,job
adversarial_L_diluted_2|07fb94ee_20260412_054054,1.0,10,5054,job
adversarial_L_diluted_2|354119ef_20260412_223541,1.0,10,5054,job
adversarial_L_diluted_5|478eaec5_20260412_223541,1.0,10,5054,job
adversarial_L_diluted_5|8f922c0f_20260825_064343,1.0,10,5054,job
adversarial_training|33aa4cb4_20260413_033352,1.0,1,5054,job
batch_size_sweep_dp|batch_size_sweep_dp_gpu0_2c05fa,0.0,1,5054,job
bert_sst2_ext|39b13cda_20260420_203906,1.0,3,5054,job
bert_sst2|0a64dc16_20260825_021827,1.0,1,5054,job
bert_sst2|19873577_20260412_224117,1.0,1,5054,job
bert_sst2|906cb48d_20260825_021650,1.0,1,5054,job
cufft_benchmark|38fd661e_20260419_235032,1.0,10,5054,job
cufft_benchmark|540552ce_20260824_234024,1.0,10,5054,job
cufft_benchmark|692a3d5e_20260412_224117,1.0,10,5054,job
cufft_benchmark|ff25783f_20260413_033141,1.0,1,5054,job
cufft_hpc|cufft_hpc_58ecd2,1.0,1,5054,job
ddp_training|ddp_telemetry_gpu0,1.0,1,5054,job
ddp_training|ddp_telemetry_gpu1,1.0,1,5054,job
fsdp_70b_nvlink|a7ff05fcabd2_20260413_003024,1.0,8,5054,job
fsdp_70b_nvlink|c632fe2971fa_20260412_071411,1.0,8,5054,job
fsdp_7b_nvlink|5de962c92de9_20260412_235456,1.0,80,5054,job
gpt2_wikitext2_amp_ext|ec2b4d42_20260420_202719,0.6666666666666666,3,5054,job
gpt2_wikitext2_amp|f2bd8e13_20260412_231705,1.0,2,5054,job
gpt2_wikitext2_ext|ab0d938a_20260420_203614,1.0,6,5054,job
gpt2_wikitext2_ext|daa304a2_20260421_011634,1.0,6,5054,job
gpt2_wikitext2|1f4b6ea6_20260412_231705,1.0,3,5054,job
idle|395fbdc4_20260413_032720,1.0,1,5054,job
idle|9c0d0d21_20260824_232740,1.0,7,5054,job
idle|9eb24edf_20260824_171857,1.0,7,5054,job
idle|idle_96fcac,1.0,1,5054,job
llm_infer_mistral_7b_q4|0e400173_20260419_215405,1.0,1,5054,job
llm_infer_mistral_7b_q4|24353de9_20260420_015430,1.0,10,5054,job
llm_infer_mistral_7b_q4|7dcec1a2_20260420_020500,1.0,10,5054,job
llm_infer_mistral_7b_q4|9e359ed7_20260825_003757,0.2,10,5054,job
llm_infer_mistral_7b_q4|b0506bd3_20260419_205916,1.0,1,5054,job
llm_infer_mistral_7b_q4|ca02ad41_20260420_015354,1.0,1,5054,job
llm_infer_mistral_7b_q4|eff20385_20260419_205907,1.0,1,5054,job
llm_infer_mixtral_8x7b|6d7f6e16_20260419_035827,1.0,10,5054,job
llm_infer_qwen25_14b_fp16|1eda1bef_20260824_213225,1.0,10,5054,job
llm_infer_qwen25_14b_fp16|2e76122c_20260419_212144,0.7,10,5054,job
llm_infer_qwen25_14b_fp16|875f3c6d_20260420_232314,1.0,10,5054,job
llm_infer_qwen25_14b_fp16|9bdd69d7_20260420_233533,1.0,10,5054,job
llm_infer_qwen25_14b_fp16|c1adb329_20260419_205942,1.0,1,5054,job
llm_infer_qwen25_32b_fp16|463349dc_20260420_000940,0.9,10,5054,job
llm_infer_qwen25_32b_fp16|cbe6294b_20260824_215701,1.0,10,5054,job
llm_infer_qwen25_32b_fp16|d008e2dd_20260419_205950,1.0,1,5054,job
llm_infer_qwen25_3b_bs4|aa80c128_20260420_213501,1.0,10,5054,job
llm_infer_qwen25_72b_fp8|1949bd09_20260420_003236,0.9,10,5054,job
llm_infer_qwen25_72b_fp8|78a77a8b_20260420_235909,1.0,10,5054,job
llm_infer_qwen25_72b_fp8|8ae2fbd4_20260420_004029,0.9,10,5054,job
llm_infer_qwen25_72b_fp8|ad1ee08d_20260419_041746,1.0,10,5054,job
llm_infer_qwen25_72b_fp8|b39fa450_20260419_042425,1.0,10,5054,job
llm_infer_qwen25_7b_fp16|0088cce0_20260419_205928,1.0,1,5054,job
llm_infer_qwen25_7b_fp16|58527b11_20260419_232945,0.9,10,5054,job
llm_infer_qwen25_7b_fp16|5ff414f8_20260419_211038,1.0,10,5054,job
llm_infer_qwen25_7b_fp16|8c50624a_20260824_211339,1.0,10,5054,job
llm_infer_qwen25_7b_fp16|a694acd9_20260419_210256,0.8,10,5054,job
llm_infer_qwen25_7b_fp16|c98d90af_20260420_231133,1.0,10,5054,job
llm_infer_sdxl|3761f92b_20260419_223705,0.9,10,5054,job
llm_infer_tinyllama_bs8|bcad42c3_20260419_220507,1.0,10,5054,job
llm_infer_tinyllama_seq4096|367c872f_20260420_222307,1.0,10,5054,job
llm_infer_vit_l_bs64|7bf48cb7_20260419_231402,0.9,10,5054,job
llm_infer_vit_l_bs64|9c5aafb1_20260419_232432,1.0,10,5054,job
llm_infer_vit_l_bs64|e895e0da_20260419_033836,0.9,10,5054,job
llm_train_mistral_7b_lora|f79dbad9_20260824_230849,1.0,10,5054,job
llm_train_phi3_mini_lora|0d707150_20260419_230604,1.0,10,5054,job
mining_ethash_proxy|304ec693_20260420_003055,1.0,10,5054,job
mining_ethash_proxy|fad55191_20260421_015646,1.0,10,5054,job
mining_proxy|mining_proxy_a7ed85,0.0,1,5054,job
mlp_training|mlp_training_c52a21,1.0,1,5054,job
nbody_sim|6c13c5ae_20260825_030429,1.0,10,5054,job
nbody_sim|98b49f2f_20260412_224117,1.0,10,5054,job
nbody_sim|bf32f0fa_20260413_033224,1.0,1,5054,job
nvlink_bandwidth|nvlink_bandwidth_gpu0_ef7777,0.0,1,5054,job
nvlink_bandwidth|nvlink_bandwidth_gpu1_30ea2a,0.0,1,5054,job
nvlink_p2p|858acb89_20260413_033414,1.0,1,5054,job
pytorch_mlp_cifar10_ext|91abd671_20260420_204403,1.0,10,5054,job
pytorch_resnet_cifar10_amp|09c94605_20260412_222753,1.0,2,5054,job
pytorch_resnet_cifar10_amp|1f7efb5a_20260825_021236,1.0,1,5054,job
pytorch_resnet_cifar10_amp|29320233_20260825_073152,1.0,1,5054,job
pytorch_resnet_cifar10_amp|5543e12f_20260825_020949,1.0,1,5054,job
pytorch_resnet_cifar10_amp|e9662cc3_20260412_223541,1.0,3,5054,job
pytorch_resnet_cifar10_ext|d18ec4ea_20260421_011036,1.0,5,5054,job
pytorch_resnet_cifar10|0d79ee94_20260825_005047,0.0,10,5054,job
rendering_proxy|c76a250c_20260412_224732,1.0,10,5054,job
resnet50_inference|d45705f9_20260412_231705,0.9,10,5054,job
resnet50_inference|d6707f42_20260413_033014,0.0,1,5054,job
resnet50_inference|f65b4403_20260413_033014,0.0,1,5054,job
resnet_amp|resnet_amp_cc435c,1.0,1,5054,job
resnet_fp32|resnet_fp32_b4973a,1.0,1,5054,job
resnet_fp32|resnet_fp32_d1d694,1.0,1,5054,job
scientific_hpc|b957a0bf_20260413_033246,1.0,1,5054,job
symgemm_L1_fwd3_7b_rep1|1da12b31_20260802_215024,0.7,10,5054,job
symgemm_L3_graddiscard_rep4|7a0468e5_20260802_234229,1.0,10,5054,job
symgemm_decode_g256_rep2|4fc9bf1b_20260803_012205,1.0,10,5054,job
symgemm_ppo_fused_r32_rep3|6b1c2a3b_20260803_014427,1.0,10,5054,job
whitebox_diluted_N10|d7e25a80_20260725_203405,1.0,10,5054,job
whitebox_diluted_N20|2b6c90aa_20260725_200743,1.0,10,5054,job
whitebox_diluted_N20|d8b176f8_20260725_212116,1.0,10,5054,job
whitebox_inference|2c3fb377_20260725_205514,0.9,10,5054,job
whitebox_lora_7b_long|98ae0ecb_20260725_114106,1.0,10,5054,job
whitebox_lora_7b_pilot_N5|8d4c0881_20260726_121646,1.0,10,5054,job
whitebox_lora_N10|00ea9b4c_20260725_211603,1.0,10,5054,job
whitebox_lora_N10|c738d40d_20260725_203918,1.0,10,5054,job
whitebox_lora_N20|7d319b8f_20260725_201255,1.0,10,5054,job
whitebox_lora_N5|de90ed7d_20260725_202852,1.0,10,5054,job
whitebox_oracle|dfb4b131_20260725_230325,1.0,10,5054,job
width_sweep_dp|width_sweep_dp_gpu0_a80bfa,0.0,1,5054,job
width_sweep_dp|width_sweep_dp_gpu1_cd4011,0.0,1,5054,job
adversarial_E_memory_minimal|09b77236_20260412_230551,1.0,1,5055,job
adversarial_E_memory_minimal|bd61daeb_20260412_223016,1.0,10,5055,job
adversarial_E_memory_minimal|c443df01_20260825_035624,1.0,10,5055,job
adversarial_F_interleave_30|a1e40da7_20260825_041236,1.0,10,5055,job
adversarial_F_interleave_50|82b69908_20260412_223016,1.0,10,5055,job
adversarial_F_interleave_50|972b5cb1_20260412_230551,1.0,1,5055,job
adversarial_H_mimicry_mining|5ac32145_20260825_051158,1.0,10,5055,job
adversarial_H_mimicry_mining|88fd4004_20260825_050111,1.0,10,5055,job
adversarial_I_stochastic_30|3978f906_20260825_053334,1.0,10,5055,job
adversarial_K_ddp_accum_4|6e24c995c923_20260412_064737,1.0,80,5055,job
adversarial_K_ddp_accum_4|ccdbb46fc1a0_20260413_001726,1.0,80,5055,job
adversarial_K_online_learning|901b510d_20260825_061120,1.0,10,5055,job
adversarial_K_online_learning|cff6d675_20260825_061644,1.0,10,5055,job
adversarial_L_ddp_10|740abd236207_20260413_000621,1.0,80,5055,job
adversarial_L_ddp_stagger_5|8e9728362385_20260412_064206,1.0,80,5055,job
adversarial_L_diluted_20|c1b0e51f_20260825_071606,1.0,10,5055,job
adversarial_L_diluted_5|5e0891fb_20260412_054054,1.0,10,5055,job
cufft_benchmark|83e14a25_20260421_014638,1.0,10,5055,job
cufft_benchmark|fa1982fd_20260419_234026,1.0,10,5055,job
ddp_resnet18_cifar10_amp|452a0a67a4fb_20260412_061559,1.0,80,5055,job
ddp_resnet18_cifar10_amp|972309ed66bd_20260412_231156,1.0,80,5055,job
ddp_resnet50_cifar10|3477d94c3a9e_20260412_060843,1.0,80,5055,job
fsdp_30b_nvlink|cb97612d27e1_20260412_074412,1.0,10,5055,job
fsdp_30b_nvlink|cb97612d27e1_20260412_074413,1.0,70,5055,job
fsdp_70b_nvlink|c632fe2971fa_20260412_071411,1.0,8,5055,job
gpt2_wikitext2_amp_ext|058cfbc9_20260420_204849,0.5,2,5055,job
gpt2_wikitext2_amp_ext|ec2b4d42_20260420_202719,0.3333333333333333,3,5055,job
gpt2_wikitext2_amp_ext|f609adef_20260420_203807,0.5,2,5055,job
gpt2_wikitext2_amp|f2bd8e13_20260412_231705,1.0,2,5055,job
gpt2_wikitext2_ext|7a20f073_20260420_204656,1.0,6,5055,job
gpt2_wikitext2|60a1ee17_20260825_022027,1.0,2,5055,job
gpt2_wikitext2|f1162cf3_20260412_222753,0.6666666666666666,3,5055,job
idle|3a7e56ce_20260412_223541,1.0,7,5055,job
idle|9689d8b0_20260413_032720,1.0,1,5055,job
idle|9883933c_20260420_201152,1.0,7,5055,job
idle|9d362947_20260419_233822,1.0,7,5055,job
idle|9eb24edf_20260824_171857,1.0,7,5055,job
idle|b37a89ff_20260824_180358,1.0,7,5055,job
idle|b3e73340_20260419_233617,1.0,7,5055,job
idle|d840e0b6_20260824_171640,1.0,7,5055,job
idle|idle_96fcac,1.0,1,5055,job
inference|inference_986d16,1.0,1,5055,job
llm_infer_mistral_7b_q4|0546326b_20260420_015345,1.0,1,5055,job
llm_infer_mistral_7b_q4|0e400173_20260419_215405,1.0,1,5055,job
llm_infer_mistral_7b_q4|1039bea2_20260825_074800,1.0,10,5055,job
llm_infer_mistral_7b_q4|143e0113_20260419_220838,1.0,1,5055,job
llm_infer_mistral_7b_q4|24353de9_20260420_015430,1.0,10,5055,job
llm_infer_mistral_7b_q4|793c412e_20260420_010538,1.0,10,5055,job
llm_infer_mistral_7b_q4|960c6bbd_20260421_012347,1.0,10,5055,job
llm_infer_mistral_7b_q4|d4a0ca97_20260419_215339,1.0,1,5055,job
llm_infer_mistral_7b_q4|dc6bbdac_20260420_010008,1.0,10,5055,job
llm_infer_mixtral_8x7b|74ae4709_20260421_001937,1.0,10,5055,job
llm_infer_qwen25_32b_fp16|08c0cbfe_20260420_001804,1.0,10,5055,job
llm_infer_qwen25_32b_fp16|463349dc_20260420_000940,1.0,10,5055,job
llm_infer_qwen25_32b_fp16|a14ebdea_20260824_215053,1.0,10,5055,job
llm_infer_qwen25_32b_fp16|c89b4098_20260419_214232,0.7,10,5055,job
llm_infer_qwen25_3b_bs16|3d9be7b5_20260419_033318,0.9,10,5055,job
llm_infer_qwen25_3b_bs4|766c2eff_20260419_024551,1.0,10,5055,job
llm_infer_qwen25_3b_bs4|aa80c128_20260420_213501,1.0,10,5055,job
llm_infer_qwen25_3b|1fd463ca_20260419_021328,1.0,10,5055,job
llm_infer_qwen25_3b|372a1387_20260420_212426,1.0,10,5055,job
llm_infer_qwen25_72b_fp16|aaa06495_20260421_002643,1.0,10,5055,job
llm_infer_qwen25_72b_fp8|6ee178e0_20260419_043033,1.0,10,5055,job
llm_infer_qwen25_72b_fp8|78a77a8b_20260420_235909,1.0,10,5055,job
llm_infer_qwen25_72b_fp8|8ae2fbd4_20260420_004029,1.0,10,5055,job
llm_infer_qwen25_72b_fp8|ad1ee08d_20260419_041746,1.0,10,5055,job
llm_infer_qwen25_7b_fp16|4f69bded_20260824_200743,1.0,1,5055,job
llm_infer_qwen25_7b_fp16|a694acd9_20260419_210256,0.8,10,5055,job
llm_infer_qwen25_7b_fp16|fff7de88_20260419_205924,1.0,1,5055,job
llm_infer_sdxl|f3c09865_20260419_025108,0.9,10,5055,job
llm_infer_tinyllama_seq4096|72177ae6_20260419_031218,1.0,10,5055,job
llm_infer_tinyllama_seq4096|ac0a588a_20260419_031732,1.0,10,5055,job
llm_infer_tinyllama_seq4096|eac7968c_20260419_224733,1.0,10,5055,job
llm_infer_vit_l_bs64|a2d462c4_20260420_225947,1.0,10,5055,job
llm_infer_vit_l_bs64|fde5cf55_20260420_225435,1.0,10,5055,job
llm_train_mistral_7b_lora|408384ba_20260419_232329,1.0,10,5055,job
llm_train_mistral_7b_lora|8af16eaa_20260824_231421,1.0,10,5055,job
llm_train_phi3_mini_lora|38657ab0_20260419_231116,1.0,10,5055,job
llm_train_phi3_mini_lora|4bf06f5e_20260824_225752,1.0,10,5055,job
llm_train_qwen25_3b_lora|dd7204cf_20260824_224654,1.0,10,5055,job
llm_train_smollm2_1p7b_lora|2958dde3_20260824_221932,1.0,10,5055,job
llm_train_smollm2_1p7b_lora|4124c198_20260824_222500,1.0,10,5055,job
llm_train_smollm2_1p7b_lora|bc185109_20260419_223818,1.0,10,5055,job
mining_ethash_proxy|814335b9_20260421_020654,1.0,10,5055,job
mining_ethash_proxy|b6f2e520_20260825_001133,1.0,10,5055,job
nbody_sim|e828c825_20260825_025405,1.0,10,5055,job
nbody_sim|e90ecd1d_20260825_031452,1.0,10,5055,job
nvlink_latency|nvlink_latency_gpu1_3ab445,1.0,1,5055,job
nvlink_p2p|927418b1_20260413_033435,1.0,1,5055,job
ppo_rlhf_r32_rep1|2b37c1ae_20260804_170110,1.0,10,5055,job
pytorch_resnet_cifar10_amp|29320233_20260825_073152,1.0,1,5055,job
pytorch_resnet_cifar10_amp|7184c09f_20260825_073235,1.0,1,5055,job
pytorch_resnet_cifar10_amp|bc16a2c3_20260825_020856,1.0,1,5055,job
pytorch_resnet_cifar10_amp|e9662cc3_20260412_223541,1.0,3,5055,job
pytorch_resnet_cifar10_amp|f1be0dfb_20260825_020609,1.0,1,5055,job
pytorch_resnet_cifar10_ext|41c19de5_20260420_204048,1.0,5,5055,job
pytorch_resnet_cifar10|81f71774_20260412_222753,0.0,1,5055,job
pytorch_training|2a94287a_20260413_032802,1.0,1,5055,job
rendering_proxy|8aeaf443_20260825_033538,1.0,10,5055,job
rendering_proxy|c76a250c_20260412_224732,0.9,10,5055,job
resnet50_inference|277c9073_20260825_023315,0.9,10,5055,job
resnet50_inference|d120b7ba_20260825_024340,1.0,10,5055,job
resnet50_inference|f8907ec1_20260413_032952,1.0,1,5055,job
resnet_fp32|resnet_fp32_d1d694,1.0,1,5055,job
symgemm_L0_fwd1_rep2|3c32c629_20260802_204034,1.0,10,5055,job
symgemm_L0_fwd1_rep3|0ad604b3_20260802_223527,1.0,10,5055,job
symgemm_L1_fwd3_m8192_rep2|e044c3fe_20260802_211404,1.0,10,5055,job
symgemm_L3_graddiscard_rep1|f12dea2b_20260802_182955,1.0,10,5055,job
symgemm_L3_graddiscard_rep3|3abcefec_20260802_224637,1.0,10,5055,job
symgemm_L4_sgdfused_rep2|a86d6744_20260802_200703,1.0,10,5055,job
symgemm_decode_g256_rep2|4fc9bf1b_20260803_012205,1.0,10,5055,job
symgemm_ppo_fused_r8_rep1|3a9327e2_20260803_002606,1.0,10,5055,job
training_dual_gpu_dp|multi_gpu_telemetry_gpu0,1.0,2,5055,job
training_dual_gpu_dp|training_dual_gpu_dp_gpu0_1c7245,0.0,1,5055,job
training_dual_gpu_dp|training_dual_gpu_dp_gpu0_e63285,1.0,1,5055,job
training_dual_gpu_dp|training_dual_gpu_dp_gpu1_278acd,1.0,1,5055,job
training_dual_gpu_dp|training_dual_gpu_dp_gpu1_d95db4,0.0,1,5055,job
whitebox_diluted_3b_N1_1h|814de13f_20260728_005931,0.9,10,5055,job
whitebox_diluted_7b_N1_1h|5df04b7a_20260727_183421,0.8,10,5055,job
whitebox_diluted_N20|d8b176f8_20260725_212116,1.0,10,5055,job
whitebox_inference|2c3fb377_20260725_205514,0.8,10,5055,job
whitebox_inference|f59e111e_20260725_194134,0.8,10,5055,job
whitebox_lora_3b_N1_rep2|71e45f69_20260728_030033,0.9,10,5055,job
whitebox_lora_7b_N1_1h|d26abcf1_20260727_110823,0.8,10,5055,job
whitebox_lora_7b_N50_1h|f9ff4b5d_20260727_152145,1.0,10,5055,job
whitebox_lora_7b_pilot_N3|083f6968_20260726_120119,1.0,10,5055,job
whitebox_lora_N10_long|58e5a6e6_20260724_215116,1.0,10,5055,job
whitebox_lora_N20|7d319b8f_20260725_201255,1.0,10,5055,job
whitebox_lora_N5|de90ed7d_20260725_202852,1.0,10,5055,job
width_sweep_dp|width_sweep_dp_gpu1_cd4011,1.0,1,5055,job
adversarial_E_memory_minimal|09b77236_20260412_230551,0.0,1,5056,job
adversarial_E_memory_minimal|c443df01_20260825_035624,1.0,10,5056,job
adversarial_F_interleave_30|314da66d_20260412_053508,1.0,1,5056,job
adversarial_F_interleave_30|7edc637e_20260825_042324,1.0,10,5056,job
adversarial_F_interleave_50|9b9ece1a_20260825_043411,1.0,10,5056,job
adversarial_G_clock_throttled|d64b14fc_20260825_045547,1.0,10,5056,job
adversarial_H_mimicry_cufft|8a52b6f9_20260825_052246,1.0,10,5056,job
adversarial_H_mimicry_mining|30dc1b59_20260412_053508,1.0,1,5056,job
adversarial_I_stochastic_30|0790698e_20260726_000437,1.0,10,5056,job
adversarial_I_stochastic_30|15190e45_20260725_234104,1.0,10,5056,job
adversarial_I_stochastic_30|650fb51f_20260412_223016,1.0,10,5056,job
adversarial_J_pid_75|4b39fbdf_20260825_060033,1.0,10,5056,job
adversarial_J_pid_75|c205c1d2_20260413_014428,1.0,10,5056,job
adversarial_K_online_learning|1468f533_20260412_231132,1.0,10,5056,job
adversarial_L_diluted_10_mw8|2a0a1abb_20260726_170758,1.0,10,5056,job
adversarial_L_diluted_10|9712fcda_20260825_065431,1.0,10,5056,job
adversarial_L_diluted_20|1746ff55_20260412_054054,1.0,10,5056,job
adversarial_L_diluted_20|2a9e51e9_20260725_235723,1.0,10,5056,job
adversarial_L_diluted_20|405a7452_20260412_223541,1.0,10,5056,job
adversarial_L_diluted_20|951bef7b_20260825_072130,1.0,10,5056,job
adversarial_L_diluted_20|ee8eddb5_20260825_071042,1.0,10,5056,job
adversarial_L_diluted_2|07fb94ee_20260412_054054,1.0,10,5056,job
adversarial_L_diluted_5|8f922c0f_20260825_064343,1.0,10,5056,job
bert_sst2_amp_ext|550d0003_20260420_205051,1.0,1,5056,job
bert_sst2_ext|39b13cda_20260420_203906,1.0,3,5056,job
cufft_benchmark|38fd661e_20260419_235032,1.0,10,5056,job
cufft_benchmark|4bfa16e2_20260824_235047,1.0,10,5056,job
fsdp_13b_nvlink|943b54f5deb5_20260412_071300,1.0,80,5056,job
fsdp_30b_nvlink|cb97612d27e1_20260412_074413,1.0,70,5056,job
fsdp_70b_adamw|e53e253f883d_20260413_012859,0.8333333333333334,6,5056,job
fsdp_70b_adamw|e53e253f883d_20260413_012900,0.0,2,5056,job
fsdp_70b_nvlink|3e8e00c5f514_20260413_010753,1.0,80,5056,job
fsdp_70b_nvlink|c632fe2971fa_20260412_071411,1.0,8,5056,job
fsdp_70b_sgd_momentum|465819c33b0c_20260413_012319,1.0,80,5056,job
gpt2_wikitext2_amp_ext|ec2b4d42_20260420_202719,1.0,3,5056,job
gpt2_wikitext2_amp|025c9b24_20260412_224117,1.0,1,5056,job
gpt2_wikitext2_ext|7a20f073_20260420_204656,1.0,6,5056,job
gpt2_wikitext2_ext|ab0d938a_20260420_203614,1.0,6,5056,job
gpt2_wikitext2_ext|daa304a2_20260421_011634,1.0,6,5056,job
gpt2_wikitext2|1f4b6ea6_20260412_231705,1.0,3,5056,job
gpt2_wikitext2|f1162cf3_20260412_222753,1.0,3,5056,job
idle|395fbdc4_20260413_032720,1.0,1,5056,job
idle|bda38c7a_20260412_231132,1.0,7,5056,job
idle|d840e0b6_20260824_171640,1.0,7,5056,job
idle|f63d327d_20260421_013426,1.0,7,5056,job
idle|idle_9cb91e,1.0,1,5056,job
llm_infer_deepseek_v3_tp8|30d7ed7e6e81_20260419_013711,0.9,80,5056,job
llm_infer_deepseek_v3_tp8|acb00ac39728_20260419_002312,0.3,30,5056,job
llm_infer_mistral_7b_q4|0f8555a9_20260825_003220,0.9,10,5056,job
llm_infer_mistral_7b_q4|143e0113_20260419_220838,1.0,1,5056,job
llm_infer_mistral_7b_q4|280943b7_20260421_011827,1.0,10,5056,job
llm_infer_mistral_7b_q4|53e3e332_20260419_210248,1.0,1,5056,job
llm_infer_mistral_7b_q4|8bb0be41_20260420_015335,1.0,1,5056,job
llm_infer_mistral_7b_q4|b0506bd3_20260419_205916,1.0,1,5056,job
llm_infer_mistral_7b_q4|c36eab64_20260419_220847,1.0,1,5056,job
llm_infer_mistral_7b_q4|eff20385_20260419_205907,1.0,1,5056,job
llm_infer_mixtral_8x7b|6d7f6e16_20260419_035827,1.0,10,5056,job
llm_infer_mixtral_8x7b|a79f0a84_20260419_040511,1.0,10,5056,job
llm_infer_phi3_mini|e7320dff_20260420_205804,0.9,10,5056,job
llm_infer_qwen25_14b_fp16|b9923a39_20260419_213654,1.0,10,5056,job
llm_infer_qwen25_32b_fp16|c89b4098_20260419_214232,1.0,10,5056,job
llm_infer_qwen25_3b_bs16|0765cbf1_20260420_215052,1.0,10,5056,job
llm_infer_qwen25_3b_bs16|72bf234c_20260419_230326,1.0,10,5056,job
llm_infer_qwen25_3b|3f309572_20260419_214259,1.0,10,5056,job
llm_infer_qwen25_72b_fp16|aaa06495_20260421_002643,1.0,10,5056,job
llm_infer_qwen25_72b_fp8|4bc4cd75_20260420_234536,1.0,10,5056,job
llm_infer_qwen25_72b_fp8|ad1ee08d_20260419_041746,1.0,10,5056,job
llm_infer_qwen25_7b_fp16|0088cce0_20260419_205928,1.0,1,5056,job
llm_infer_qwen25_7b_fp16|4f69bded_20260824_200743,1.0,1,5056,job
llm_infer_qwen25_7b_fp16|58527b11_20260419_232945,1.0,10,5056,job
llm_infer_qwen25_7b_fp16|a694acd9_20260419_210256,0.8,10,5056,job
llm_infer_sdxl|43c64a98_20260420_224406,1.0,10,5056,job
llm_infer_sdxl|827523c5_20260420_223333,0.9,10,5056,job
llm_infer_tinyllama_bs8|75a3d2cd_20260419_215432,1.0,10,5056,job
llm_infer_tinyllama_seq4096|367c872f_20260420_222307,1.0,10,5056,job
llm_infer_tinyllama_seq4096|ff9add28_20260419_224220,1.0,10,5056,job
llm_infer_vit_l_bs64|9c5aafb1_20260419_232432,1.0,10,5056,job
llm_infer_vit_l_bs64|a2d462c4_20260420_225947,1.0,10,5056,job
llm_train_mistral_7b_lora|e954b9ae_20260824_231951,1.0,10,5056,job
mining_ethash_proxy|814335b9_20260421_020654,1.0,10,5056,job
mlp_training|mlp_training_c52a21,1.0,1,5056,job
nvlink_bandwidth|nvlink_bandwidth_gpu0_0eb88f,1.0,1,5056,job
nvlink_latency|nvlink_latency_gpu0_5aa1ba,1.0,1,5056,job
nvlink_latency|nvlink_latency_gpu1_9a8612,1.0,1,5056,job
ppo_rlhf_r32_rep1|2b37c1ae_20260804_170110,1.0,10,5056,job
ppo_rlhf_r8_rep3|5a1e4c08_20260804_173443,1.0,10,5056,job
pytorch_mlp_cifar10_ext|a9cd45e0_20260421_011343,1.0,10,5056,job
pytorch_resnet_cifar10_amp_ext|912880ba_20260421_011212,1.0,5,5056,job
pytorch_resnet_cifar10_amp|5543e12f_20260825_020949,1.0,1,5056,job
pytorch_resnet_cifar10_amp|8ab3bfd2_20260825_020754,1.0,1,5056,job
pytorch_resnet_cifar10_amp|964987b7_20260825_021328,1.0,1,5056,job
pytorch_resnet_cifar10_amp|f1be0dfb_20260825_020609,1.0,1,5056,job
pytorch_resnet_cifar10_amp|fcd1f0dc_20260825_073317,1.0,1,5056,job
pytorch_resnet_cifar10_ext|41c19de5_20260420_204048,1.0,5,5056,job
pytorch_resnet_cifar10|0de6fc56_20260825_020340,1.0,1,5056,job
pytorch_resnet_cifar10|1c3ed317_20260825_020430,1.0,1,5056,job
pytorch_resnet_cifar10|94104fc8_20260412_223541,1.0,2,5056,job
rendering_proxy|630b9e74_20260825_034601,1.0,10,5056,job
resnet50_inference|f8907ec1_20260413_032952,0.0,1,5056,job
resnet_amp|resnet_amp_0c34ce,1.0,1,5056,job
resnet_fp32|resnet_fp32_b4973a,0.0,1,5056,job
resnet_fp32|resnet_fp32_f7ebcf,0.0,1,5056,job
symgemm_L0_fwd1_rep1|7e021360_20260802_181845,0.9,10,5056,job
symgemm_L1_fwd3_m8192_rep2|e044c3fe_20260802_211404,0.7,10,5056,job
symgemm_L1_fwd3_rep1|9c7b9bc7_20260802_175625,0.8,10,5056,job
symgemm_L3_graddiscard_rep4|7a0468e5_20260802_234229,0.9,10,5056,job
symgemm_L4_sgdfused_7b_rep1|d75e1ca4_20260802_212515,0.9,10,5056,job
symgemm_L4_sgdfused_long1b_rep1|e77f32f2_20260803_062646,1.0,10,5056,job
symgemm_L4_sgdfused_m8192_rep2|b0c570a7_20260802_210254,1.0,10,5056,job
symgemm_L4_sgdfused_rep2|a86d6744_20260802_200703,1.0,10,5056,job
symgemm_L5_adam_rep1|24f173d4_20260802_180735,1.0,10,5056,job
symgemm_ppo_fused_r32_rep1|52af0173_20260803_003717,1.0,10,5056,job
training_single_gpu|single_gpu_telemetry,1.0,1,5056,job
training_single_gpu|training_single_gpu_gpu0_199317,1.0,1,5056,job
training_single_gpu|training_single_gpu_gpu1_552ff1,1.0,1,5056,job
whitebox_diluted_3b_N1_1h|814de13f_20260728_005931,0.9,10,5056,job
whitebox_diluted_N10|e6a6ba30_20260725_195717,1.0,10,5056,job
whitebox_diluted_N5|a37b10ba_20260725_194651,1.0,10,5056,job
whitebox_inference_1b_matched|c6927996_20260728_061814,0.8,10,5056,job
whitebox_inference_3b_1h|ac7b2aaa_20260727_205044,0.9,10,5056,job
whitebox_lora_3b_N1_1h|070267f7_20260727_194926,1.0,10,5056,job
whitebox_lora_7b_N100_1h|53c015c3_20260727_162214,1.0,10,5056,job
whitebox_lora_7b_N1_1h|d26abcf1_20260727_110823,1.0,10,5056,job
whitebox_lora_7b_N3_1h|1291fbf0_20260727_132029,1.0,10,5056,job
whitebox_lora_7b_N50_1h|f9ff4b5d_20260727_152145,1.0,10,5056,job
whitebox_lora_N10_long|58e5a6e6_20260724_215116,1.0,10,5056,job
whitebox_lora_N10|12837863_20260725_200230,1.0,10,5056,job
whitebox_lora_N5|25cd8989_20260725_195205,1.0,10,5056,job
whitebox_oracle_7b_long|dd20b782_20260726_181838,1.0,10,5056,job
whitebox_oracle|75298cf9_20260725_225503,1.0,10,5056,job
adversarial_E_memory_minimal|72186530_20260825_040712,1.0,10,5057,job
adversarial_E_memory_minimal|bd61daeb_20260412_223016,1.0,10,5057,job
adversarial_F_interleave_30|314da66d_20260412_053508,1.0,1,5057,job
adversarial_F_interleave_30|7edc637e_20260825_042324,1.0,10,5057,job
adversarial_F_interleave_50|e70f6fc4_20260412_053508,1.0,10,5057,job
adversarial_G_clock_throttled|b38cd060_20260825_044459,1.0,10,5057,job
adversarial_G_clock_throttled|d64b14fc_20260825_045547,1.0,10,5057,job
adversarial_H_mimicry_cufft|407d2529_20260825_052810,1.0,10,5057,job
adversarial_H_mimicry_mining|bf6e3698_20260413_011721,1.0,10,5057,job
adversarial_J_pid_75|94ea2465_20260825_054945,1.0,10,5057,job
adversarial_J_pid_75|c205c1d2_20260413_014428,1.0,10,5057,job
adversarial_J_pid_75|cf944e31_20260412_230551,1.0,1,5057,job
adversarial_J_pid_75|e3f49bde_20260412_223016,1.0,10,5057,job
adversarial_K_ddp|41b734487b5e_20260412_235331,1.0,80,5057,job
adversarial_K_online_learning|cff6d675_20260825_061644,1.0,10,5057,job
adversarial_K_online_learning|da312bfa_20260412_054054,1.0,10,5057,job
adversarial_L_ddp_stagger_5|2739e0598ddb_20260413_001154,1.0,80,5057,job
adversarial_L_diluted_10|5904fb3d_20260412_223541,1.0,10,5057,job
adversarial_L_diluted_10|d4cc031f_20260726_001456,1.0,10,5057,job
adversarial_L_diluted_20|25326617_20260725_233354,1.0,10,5057,job
adversarial_L_diluted_2|07fb94ee_20260412_054054,1.0,10,5057,job
adversarial_L_diluted_2|354119ef_20260412_223541,1.0,10,5057,job
adversarial_L_diluted_5|29aaeb3c_20260825_064907,1.0,10,5057,job
adversarial_L_diluted_5|8f922c0f_20260825_064343,1.0,10,5057,job
batch_size_sweep_dp|batch_size_sweep_dp_gpu1_f04813,1.0,1,5057,job
bert_sst2_amp_ext|cb252747_20260420_204010,1.0,1,5057,job
bert_sst2_amp|dd87fb92_20260412_222753,1.0,1,5057,job
bert_sst2_amp|e682e23c_20260412_231705,1.0,1,5057,job
bert_sst2|4a0aab7a_20260825_021739,1.0,1,5057,job
bert_sst2|675c6c84_20260412_222753,1.0,2,5057,job
cufft_benchmark|2cf468dc_20260421_013631,1.0,10,5057,job
cufft_benchmark|540552ce_20260824_234024,1.0,10,5057,job
cufft_benchmark|ff25783f_20260413_033141,1.0,1,5057,job
cufft_hpc|cufft_hpc_58ecd2,1.0,1,5057,job
cufft_hpc|cufft_hpc_c78372,1.0,1,5057,job
ddp_resnet18_cifar10_amp|452a0a67a4fb_20260412_061559,1.0,80,5057,job
fsdp_70b_nvlink|3e8e00c5f514_20260413_010753,1.0,80,5057,job
fsdp_70b_seqlen512|27c89ff855c9_20260413_012837,0.8625,80,5057,job
fsdp_7b_nvlink|5de962c92de9_20260412_235456,1.0,80,5057,job
gpt2_wikitext2_amp_ext|ec2b4d42_20260420_202719,1.0,3,5057,job
gpt2_wikitext2_amp|f2bd8e13_20260412_231705,1.0,2,5057,job
gpt2_wikitext2|3a8eee76_20260825_022139,0.5,2,5057,job
idle|03110fa2_20260824_232519,1.0,7,5057,job
idle|3a7e56ce_20260412_223541,1.0,7,5057,job
idle|9d362947_20260419_233822,1.0,7,5057,job
idle|9eb24edf_20260824_171857,1.0,7,5057,job
idle|b3e73340_20260419_233617,1.0,7,5057,job
llm_infer_mistral_7b_q4|0f8555a9_20260825_003220,0.8,10,5057,job
llm_infer_mistral_7b_q4|199b8710_20260825_074125,1.0,10,5057,job
llm_infer_mistral_7b_q4|1aa4e562_20260825_004332,0.7,10,5057,job
llm_infer_mistral_7b_q4|280943b7_20260421_011827,1.0,10,5057,job
llm_infer_mistral_7b_q4|2ec733be_20260419_221039,1.0,1,5057,job
llm_infer_mistral_7b_q4|53e3e332_20260419_210248,1.0,1,5057,job
llm_infer_mistral_7b_q4|85d8feff_20260419_215354,0.0,1,5057,job
llm_infer_mistral_7b_q4|9e359ed7_20260825_003757,0.6,10,5057,job
llm_infer_mistral_7b_q4|c36eab64_20260419_220847,1.0,1,5057,job
llm_infer_mixtral_8x7b|6d7f6e16_20260419_035827,1.0,10,5057,job
llm_infer_mixtral_8x7b|a79f0a84_20260419_040511,1.0,10,5057,job
llm_infer_phi3_mini|3bce5480_20260420_210836,1.0,10,5057,job
llm_infer_phi3_mini|aafcc35f_20260419_015203,1.0,10,5057,job
llm_infer_qwen25_14b_fp16|1eda1bef_20260824_213225,1.0,10,5057,job
llm_infer_qwen25_14b_fp16|85bf5790_20260419_205937,1.0,1,5057,job
llm_infer_qwen25_32b_fp16|43218758_20260421_031401,1.0,10,5057,job
llm_infer_qwen25_32b_fp16|7efd8ad1_20260419_220234,1.0,10,5057,job
llm_infer_qwen25_3b_bs16|0765cbf1_20260420_215052,1.0,10,5057,job
llm_infer_qwen25_3b_bs16|0918ee71_20260419_032245,1.0,10,5057,job
llm_infer_qwen25_3b_bs16|301efde2_20260419_225807,1.0,10,5057,job
llm_infer_qwen25_3b_bs16|45cf0574_20260419_230842,1.0,10,5057,job
llm_infer_qwen25_3b_bs4|16c726fc_20260419_222104,1.0,10,5057,job
llm_infer_qwen25_3b_bs4|acde3618_20260419_221540,0.9,10,5057,job
llm_infer_qwen25_3b_bs4|d16da8aa_20260420_212943,1.0,10,5057,job
llm_infer_qwen25_3b_bs4|dbfd03f1_20260419_023515,1.0,10,5057,job
llm_infer_qwen25_3b|3f309572_20260419_214259,1.0,10,5057,job
llm_infer_qwen25_72b_fp16|aaa06495_20260421_002643,1.0,10,5057,job
llm_infer_qwen25_7b_fp16|58527b11_20260419_232945,0.9,10,5057,job
llm_infer_qwen25_7b_fp16|87b75337_20260824_200626,1.0,2,5057,job
llm_infer_qwen25_7b_fp16|abd7cc9c_20260420_230458,0.9,10,5057,job
llm_infer_sdxl|3761f92b_20260419_223705,0.9,10,5057,job
llm_infer_sdxl|43c64a98_20260420_224406,1.0,10,5057,job
llm_infer_sdxl|81e16ec3_20260419_025634,1.0,10,5057,job
llm_infer_vit_l_bs64|a2d462c4_20260420_225947,1.0,10,5057,job
llm_train_mistral_7b_lora|408384ba_20260419_232329,1.0,10,5057,job
llm_train_mistral_7b_lora|b31642c6_20260419_231627,0.7,10,5057,job
llm_train_qwen25_1p5b_lora|8a368ac5_20260824_220307,1.0,10,5057,job
llm_train_qwen25_3b_lora|074568ba_20260824_224126,1.0,10,5057,job
llm_train_qwen25_3b_lora|46b96f38_20260419_224930,1.0,10,5057,job
llm_train_smollm2_1p7b_lora|19738386_20260419_223307,1.0,10,5057,job
llm_train_smollm2_1p7b_lora|896b1640_20260824_223027,1.0,10,5057,job
llm_train_smollm2_1p7b_lora|ad1a6473_20260419_222727,0.9,10,5057,job
modern_inference|5c76e8e5_20260413_033057,1.0,1,5057,job
nbody_sim|6c13c5ae_20260825_030429,1.0,10,5057,job
nbody_sim|nbody_sim_66a459,0.0,1,5057,job
nbody_sim|nbody_sim_c0054d,0.0,1,5057,job
nvlink_bandwidth|nvlink_bandwidth_gpu0_0eb88f,1.0,1,5057,job
nvlink_latency|nvlink_latency_gpu0_1c6087,0.0,1,5057,job
nvlink_latency|nvlink_latency_gpu0_5aa1ba,0.0,1,5057,job
nvlink_latency|nvlink_latency_gpu1_9a8612,0.0,1,5057,job
ppo_rlhf_r32_rep1|2b37c1ae_20260804_170110,1.0,10,5057,job
ppo_rlhf_r8_rep2|4735a4fb_20260804_171221,1.0,10,5057,job
ppo_rlhf_r8_rep3|5a1e4c08_20260804_173443,1.0,10,5057,job
pytorch_mlp_cifar10|22fad3bd_20260825_021517,1.0,1,5057,job
pytorch_mlp_cifar10|2cd679aa_20260412_224117,1.0,2,5057,job
pytorch_mlp_cifar10|c7886665_20260412_222753,0.0,1,5057,job
pytorch_resnet_cifar10_amp_ext|0e16abc8_20260420_204227,1.0,5,5057,job
pytorch_resnet_cifar10_amp|1f7efb5a_20260825_021236,1.0,1,5057,job
pytorch_resnet_cifar10_amp|7b05a6ae_20260825_021143,1.0,1,5057,job
pytorch_training|1540ec8b_20260413_032737,1.0,1,5057,job
pytorch_training|2a94287a_20260413_032802,1.0,1,5057,job
rendering_proxy|630b9e74_20260825_034601,1.0,10,5057,job
rendering_proxy|c76a250c_20260412_224732,0.9,10,5057,job
resnet50_inference|ee8f3e1f_20260412_224117,0.0,10,5057,job
resnet50_inference|f8907ec1_20260413_032952,0.0,1,5057,job
scientific_hpc|3cf03b97_20260413_033308,1.0,1,5057,job
symgemm_L0_fwd1_rep2|3c32c629_20260802_204034,1.0,10,5057,job
symgemm_L3_graddiscard_rep2|eaf8a014_20260802_205144,1.0,10,5057,job
symgemm_decode_g256_rep2|4fc9bf1b_20260803_012205,1.0,10,5057,job
symgemm_ppo_fused_r32_rep3|6b1c2a3b_20260803_014427,1.0,10,5057,job
symgemm_ppo_fused_r8_rep2|ab3e57f5_20260803_005942,0.9,10,5057,job
training_dual_gpu_dp|multi_gpu_telemetry_gpu0,0.0,2,5057,job
training_dual_gpu_dp|multi_gpu_telemetry_gpu1,0.0,2,5057,job
training_dual_gpu_dp|training_dual_gpu_dp_gpu1_278acd,1.0,1,5057,job
whitebox_diluted_7b_N10_1h|f65c515b_20260727_121946,0.9,10,5057,job
whitebox_inference_7b_1h|4bf42831_20260727_095532,0.9,10,5057,job
whitebox_lora_3b_N1_rep2|71e45f69_20260728_030033,1.0,10,5057,job
whitebox_lora_7b_N500_long|43be1ab2_20260726_203116,0.9,10,5057,job
whitebox_lora_7b_pilot_N5|8d4c0881_20260726_121646,1.0,10,5057,job
whitebox_lora_7b_pilot_N8|a2326a19_20260726_130940,1.0,10,5057,job
whitebox_lora_N10_long|58e5a6e6_20260724_215116,1.0,10,5057,job
whitebox_lora_N5|de90ed7d_20260725_202852,1.0,10,5057,job
whitebox_oracle|ba2654c8_20260725_224635,1.0,10,5057,job
adversarial_E_memory_minimal|72186530_20260825_040712,1.0,10,5058,job
adversarial_F_interleave_30|314da66d_20260412_053508,1.0,1,5058,job
adversarial_F_interleave_50|468ad378_20260825_042847,1.0,10,5058,job
adversarial_F_interleave_50|bc02cbc2_20260726_000947,1.0,10,5058,job
adversarial_H_mimicry_cufft|3d49af99_20260413_013919,1.0,10,5058,job
adversarial_H_mimicry_cufft|49dbd077_20260412_223016,1.0,10,5058,job
adversarial_H_mimicry_cufft|8a52b6f9_20260825_052246,1.0,10,5058,job
adversarial_H_mimicry_mining|5ac32145_20260825_051158,1.0,10,5058,job
adversarial_H_mimicry_mining|840df611_20260825_050635,1.0,10,5058,job
adversarial_H_mimicry_mining|88fd4004_20260825_050111,1.0,10,5058,job
adversarial_I_stochastic_30|15190e45_20260725_234104,1.0,10,5058,job
adversarial_K_ddp_accum_4|ccdbb46fc1a0_20260413_001726,1.0,80,5058,job
adversarial_L_ddp_stagger_5|2739e0598ddb_20260413_001154,1.0,80,5058,job
adversarial_L_ddp_stagger_5|8e9728362385_20260412_064206,1.0,80,5058,job
adversarial_L_diluted_10|8d5f2101_20260725_235123,1.0,10,5058,job
adversarial_L_diluted_10|9712fcda_20260825_065431,1.0,10,5058,job
adversarial_L_diluted_200_mw8|fd4fadc3_20260726_171819,1.0,10,5058,job
adversarial_L_diluted_20|2a9e51e9_20260725_235723,1.0,10,5058,job
adversarial_L_diluted_20|c1b0e51f_20260825_071606,1.0,10,5058,job
adversarial_L_diluted_2|07fb94ee_20260412_054054,1.0,10,5058,job
adversarial_L_diluted_2|463541b6_20260825_062731,1.0,10,5058,job
batch_size_sweep_dp|batch_size_sweep_dp_gpu1_f04813,0.0,1,5058,job
bert_sst2_amp|e682e23c_20260412_231705,1.0,1,5058,job
bert_sst2|30b0dab5_20260412_231705,1.0,1,5058,job
cufft_benchmark|227faa64_20260413_033119,1.0,1,5058,job
cufft_benchmark|4bfa16e2_20260824_235047,1.0,10,5058,job
cufft_benchmark|540552ce_20260824_234024,1.0,10,5058,job
cufft_benchmark|ff25783f_20260413_033141,1.0,1,5058,job
cufft_hpc|cufft_hpc_e7ea4b,1.0,1,5058,job
ddp_resnet18_cifar10_amp|95f2a16cc1a5_20260412_234616,1.0,80,5058,job
ddp_resnet18_cifar10|a76b540db268_20260412_233502,1.0,80,5058,job
ddp_resnet50_cifar10|c83757ac5731_20260412_230440,1.0,80,5058,job
fsdp_13b_nvlink|cf8cfa835835_20260413_000312,1.0,80,5058,job
fsdp_70b_nvlink|a7ff05fcabd2_20260413_003024,1.0,8,5058,job
gpt2_finetune|cfe318c2_20260413_032930,0.0,1,5058,job
idle|9883933c_20260420_201152,1.0,7,5058,job
idle|9eb24edf_20260824_171857,1.0,7,5058,job
idle|bda38c7a_20260412_231132,1.0,7,5058,job
idle|dd455a95_20260824_171422,1.0,7,5058,job
idle|f63d327d_20260421_013426,1.0,7,5058,job
idle|idle_96fcac,1.0,1,5058,job
inference|inference_c1b4c6,0.0,1,5058,job
llm_infer_mistral_7b_q4|5841de91_20260419_210239,1.0,1,5058,job
llm_infer_mistral_7b_q4|793c412e_20260420_010538,1.0,10,5058,job
llm_infer_mistral_7b_q4|b8b0e618_20260420_005449,0.9,10,5058,job
llm_infer_mistral_7b_q4|ca02ad41_20260420_015354,1.0,1,5058,job
llm_infer_mistral_7b_q4|dbde8feb_20260419_210231,1.0,1,5058,job
llm_infer_mixtral_8x7b|2136c735_20260421_001254,1.0,10,5058,job
llm_infer_mixtral_8x7b|6d7f6e16_20260419_035827,1.0,10,5058,job
llm_infer_mixtral_8x7b|a79f0a84_20260419_040511,1.0,10,5058,job
llm_infer_phi3_mini|3bce5480_20260420_210836,1.0,10,5058,job
llm_infer_phi3_mini|4d756fdb_20260419_014632,1.0,10,5058,job
llm_infer_phi3_mini|cd6a5e78_20260419_212123,1.0,10,5058,job
llm_infer_phi3_mini|e7320dff_20260420_205804,0.9,10,5058,job
llm_infer_qwen25_14b_fp16|0467d4a3_20260824_212608,1.0,10,5058,job
llm_infer_qwen25_14b_fp16|85bf5790_20260419_205937,1.0,1,5058,job
llm_infer_qwen25_14b_fp16|875f3c6d_20260420_232314,1.0,10,5058,job
llm_infer_qwen25_14b_fp16|9bdd69d7_20260420_233533,1.0,10,5058,job
llm_infer_qwen25_14b_fp16|c1adb329_20260419_205942,1.0,1,5058,job
llm_infer_qwen25_32b_fp16|43218758_20260421_031401,1.0,10,5058,job
llm_infer_qwen25_32b_fp16|463349dc_20260420_000940,1.0,10,5058,job
llm_infer_qwen25_32b_fp16|54f1bd71_20260419_205959,1.0,1,5058,job
llm_infer_qwen25_32b_fp16|c89b4098_20260419_214232,0.6,10,5058,job
llm_infer_qwen25_32b_fp16|cbe6294b_20260824_215701,1.0,10,5058,job
llm_infer_qwen25_32b_fp16|d008e2dd_20260419_205950,1.0,1,5058,job
llm_infer_qwen25_3b_bs16|301efde2_20260419_225807,0.9,10,5058,job
llm_infer_qwen25_3b_bs16|72bf234c_20260419_230326,1.0,10,5058,job
llm_infer_qwen25_3b_bs16|dfe991b8_20260420_215605,1.0,10,5058,job
llm_infer_qwen25_3b_bs4|16c726fc_20260419_222104,1.0,10,5058,job
llm_infer_qwen25_3b_bs4|acde3618_20260419_221540,1.0,10,5058,job
llm_infer_qwen25_3b|372a1387_20260420_212426,1.0,10,5058,job
llm_infer_qwen25_3b|f36beab2_20260419_214818,1.0,10,5058,job
llm_infer_qwen25_72b_fp8|36625af8_20260420_235243,0.9,10,5058,job
llm_infer_qwen25_72b_fp8|78a77a8b_20260420_235909,1.0,10,5058,job
llm_infer_qwen25_72b_fp8|cd098693_20260420_004709,1.0,10,5058,job
llm_infer_qwen25_7b_fp16|58527b11_20260419_232945,0.9,10,5058,job
llm_infer_qwen25_7b_fp16|5ff414f8_20260419_211038,1.0,10,5058,job
llm_infer_sdxl|adc8a3d2_20260419_222624,1.0,10,5058,job
llm_infer_tinyllama_bs8|efe8ddc5_20260419_021922,0.9,10,5058,job
llm_infer_vit_l_bs64|e895e0da_20260419_033836,0.9,10,5058,job
llm_train_phi3_mini_lora|5fb0d553_20260824_225222,1.0,10,5058,job
llm_train_phi3_mini_lora|61242a7d_20260419_225953,1.0,10,5058,job
llm_train_qwen25_1p5b_lora|2a4e8583_20260419_221125,0.9,10,5058,job
llm_train_qwen25_3b_lora|074568ba_20260824_224126,1.0,10,5058,job
llm_train_qwen25_3b_lora|dd7204cf_20260824_224654,1.0,10,5058,job
llm_train_smollm2_1p7b_lora|19738386_20260419_223307,1.0,10,5058,job
llm_train_smollm2_1p7b_lora|2958dde3_20260824_221932,1.0,10,5058,job
llm_train_smollm2_1p7b_lora|bc185109_20260419_223818,1.0,10,5058,job
mining_ethash_proxy|417dd7cd_20260420_002049,1.0,10,5058,job
mining_ethash_proxy|59292457_20260420_001044,1.0,10,5058,job
mining_ethash_proxy|814335b9_20260421_020654,1.0,10,5058,job
nbody_sim|6c13c5ae_20260825_030429,1.0,10,5058,job
nbody_sim|98b49f2f_20260412_224117,1.0,10,5058,job
nvlink_bandwidth|nvlink_bandwidth_gpu0_0eb88f,1.0,1,5058,job
nvlink_latency|nvlink_latency_gpu0_1c6087,1.0,1,5058,job
nvlink_latency|nvlink_latency_gpu1_3ab445,1.0,1,5058,job
nvlink_p2p|927418b1_20260413_033435,1.0,1,5058,job
pytorch_mlp_cifar10|22fad3bd_20260825_021517,1.0,1,5058,job
pytorch_resnet_cifar10_amp_ext|912880ba_20260421_011212,1.0,5,5058,job
pytorch_resnet_cifar10_amp|73475ab0_20260412_231132,1.0,4,5058,job
pytorch_resnet_cifar10_amp|7e69c6dd_20260825_021041,1.0,1,5058,job
pytorch_resnet_cifar10_amp|a2af05e4_20260825_020701,1.0,1,5058,job
pytorch_resnet_cifar10|1c3ed317_20260825_020430,1.0,1,5058,job
pytorch_resnet_cifar10|71c3cb1a_20260825_020519,0.0,1,5058,job
pytorch_resnet_cifar10|94104fc8_20260412_223541,1.0,2,5058,job
resnet50_inference|d45705f9_20260412_231705,0.8,10,5058,job
resnet_amp|resnet_amp_cc435c,1.0,1,5058,job
scientific_hpc|3cf03b97_20260413_033308,1.0,1,5058,job
symgemm_L0_fwd1_rep2|3c32c629_20260802_204034,1.0,10,5058,job
symgemm_L1_fwd3_rep3|956006bf_20260802_221307,1.0,10,5058,job
symgemm_L3_graddiscard_rep1|f12dea2b_20260802_182955,0.9,10,5058,job
symgemm_L4_sgdfused_short7b_rep1|2f4f2eb2_20260803_072657,0.9,10,5058,job
symgemm_L5_adam_rep1|24f173d4_20260802_180735,1.0,10,5058,job
symgemm_ppo_fused_r8_rep1|3a9327e2_20260803_002606,1.0,10,5058,job
symgemm_ppo_fused_r8_rep2|ab3e57f5_20260803_005942,0.9,10,5058,job
symgemm_ppo_fused_r8_rep3|be11f759_20260803_013316,1.0,10,5058,job
training_single_gpu|single_gpu_telemetry,1.0,1,5058,job
whitebox_diluted_N5|e9df56b8_20260725_202339,1.0,10,5058,job
whitebox_inference_3b_rep2|92741c8b_20260728_020004,0.9,10,5058,job
whitebox_inference_7b_1h|4bf42831_20260727_095532,0.8,10,5058,job
whitebox_inference|2c3fb377_20260725_205514,1.0,10,5058,job
whitebox_lora_1b_N1_1h|861a8dfb_20260727_173343,1.0,10,5058,job
whitebox_lora_3b_N1_1h|070267f7_20260727_194926,1.0,10,5058,job
whitebox_lora_3b_N1_rep2|71e45f69_20260728_030033,0.9,10,5058,job
whitebox_lora_7b_N1_1h|d26abcf1_20260727_110823,1.0,10,5058,job
whitebox_lora_7b_N20_1h|8c105125_20260727_142117,1.0,10,5058,job
whitebox_lora_7b_long|98ae0ecb_20260725_114106,1.0,10,5058,job
whitebox_lora_N10|12837863_20260725_200230,1.0,10,5058,job
whitebox_lora_N5|5d8cb134_20260725_210538,1.0,10,5058,job
whitebox_oracle_7b_long|dd20b782_20260726_181838,1.0,10,5058,job
adversarial_F_interleave_30|314da66d_20260412_053508,1.0,1,5059,job
adversarial_F_interleave_30|7edc637e_20260825_042324,1.0,10,5059,job
adversarial_F_interleave_30|df47671a_20260825_041800,1.0,10,5059,job
adversarial_F_interleave_50|82b69908_20260412_223016,1.0,10,5059,job
adversarial_G_clock_throttled|d64b14fc_20260825_045547,1.0,10,5059,job
adversarial_H_mimicry_cufft|8a52b6f9_20260825_052246,1.0,10,5059,job
adversarial_I_stochastic_30|18b857be_20260412_230551,1.0,1,5059,job
adversarial_I_stochastic_30|d13c6696_20260825_054421,1.0,10,5059,job
adversarial_J_pid_75|94ea2465_20260825_054945,1.0,10,5059,job
adversarial_K_ddp_accum_4|b28bb647b0ef_20260412_234110,1.0,80,5059,job
adversarial_K_online_learning|901b510d_20260825_061120,1.0,10,5059,job
adversarial_L_ddp_10|740abd236207_20260413_000621,1.0,80,5059,job
adversarial_L_diluted_10|03656a60_20260825_065954,1.0,10,5059,job
adversarial_L_diluted_10|5904fb3d_20260412_223541,1.0,10,5059,job
adversarial_L_diluted_10|d4cc031f_20260726_001456,1.0,10,5059,job
adversarial_L_diluted_20|2a9e51e9_20260725_235723,1.0,10,5059,job
adversarial_L_diluted_20|405a7452_20260412_223541,1.0,10,5059,job
adversarial_L_diluted_20|ee8eddb5_20260825_071042,1.0,10,5059,job
adversarial_L_diluted_2|354119ef_20260412_223541,1.0,10,5059,job
adversarial_L_diluted_5|2471d189_20260412_231132,1.0,10,5059,job
adversarial_L_diluted_5|8f922c0f_20260825_064343,1.0,10,5059,job
adversarial_training|b1c5e184_20260413_033330,0.0,1,5059,job
batch_size_sweep_dp|batch_size_sweep_dp_gpu0_2c05fa,1.0,1,5059,job
bert_finetune|2a2a5f3e_20260413_032846,0.0,1,5059,job
bert_sst2_amp_ext|cb252747_20260420_204010,1.0,1,5059,job
bert_sst2_amp|49d3ba57_20260412_224117,1.0,1,5059,job
bert_sst2_ext|d1b7b9e7_20260420_202822,1.0,3,5059,job
bert_sst2|19873577_20260412_224117,1.0,1,5059,job
cufft_benchmark|4bfa16e2_20260824_235047,1.0,10,5059,job
cufft_benchmark|ff25783f_20260413_033141,1.0,1,5059,job
cufft_hpc|cufft_hpc_e7ea4b,1.0,1,5059,job
ddp_resnet18_cifar10|b6ee4dbc9fc2_20260412_225907,1.0,80,5059,job
ddp_training|ddp_telemetry_gpu0,1.0,1,5059,job
fsdp_30b_nvlink|8726f6620517_20260413_001627,1.0,80,5059,job
fsdp_70b_nvlink|3e8e00c5f514_20260413_010753,1.0,80,5059,job
fsdp_70b_seq512_nvlink|78349b23d251_20260413_013913,1.0,80,5059,job
fsdp_70b_sgd_momentum|465819c33b0c_20260413_012319,1.0,80,5059,job
gpt2_wikitext2_ext|daa304a2_20260421_011634,1.0,6,5059,job
gpt2_wikitext2|13f0dd2f_20260825_021915,1.0,2,5059,job
idle|9689d8b0_20260413_032720,1.0,1,5059,job
idle|d840e0b6_20260824_171640,1.0,7,5059,job
inference|inference_986d16,1.0,1,5059,job
llm_infer_deepseek_v3_tp8|30d7ed7e6e81_20260419_013711,1.0,80,5059,job
llm_infer_mistral_7b_q4|177996c6_20260421_012908,1.0,10,5059,job
llm_infer_mistral_7b_q4|1aa4e562_20260825_004332,1.0,10,5059,job
llm_infer_mistral_7b_q4|2ec733be_20260419_221039,0.0,1,5059,job
llm_infer_mistral_7b_q4|5841de91_20260419_210239,1.0,1,5059,job
llm_infer_mistral_7b_q4|7936d649_20260419_220948,0.5,2,5059,job
llm_infer_mistral_7b_q4|bd933593_20260419_221051,0.0,1,5059,job
llm_infer_mistral_7b_q4|ca02ad41_20260420_015354,1.0,1,5059,job
llm_infer_mistral_7b_q4|d4a0ca97_20260419_215339,0.0,1,5059,job
llm_infer_mistral_7b_q4|eff20385_20260419_205907,1.0,1,5059,job
llm_infer_mixtral_8x7b|2136c735_20260421_001254,1.0,10,5059,job
llm_infer_phi3_mini|cd6a5e78_20260419_212123,1.0,10,5059,job
llm_infer_phi3_mini|d0a32c71_20260419_213210,1.0,10,5059,job
llm_infer_qwen25_14b_fp16|085bd1c8_20260420_000301,1.0,10,5059,job
llm_infer_qwen25_32b_fp16|7efd8ad1_20260419_220234,1.0,10,5059,job
llm_infer_qwen25_3b_bs16|0765cbf1_20260420_215052,1.0,10,5059,job
llm_infer_qwen25_3b_bs16|dfe991b8_20260420_215605,1.0,10,5059,job
llm_infer_qwen25_3b_bs4|16c726fc_20260419_222104,1.0,10,5059,job
llm_infer_qwen25_3b_bs4|32bdfeb6_20260419_024034,1.0,10,5059,job
llm_infer_qwen25_3b_bs4|aa80c128_20260420_213501,1.0,10,5059,job
llm_infer_qwen25_3b|372a1387_20260420_212426,1.0,10,5059,job
llm_infer_qwen25_3b|3f309572_20260419_214259,1.0,10,5059,job
llm_infer_qwen25_3b|f8a46936_20260420_211909,1.0,10,5059,job
llm_infer_qwen25_72b_fp16|1d53cfd5_20260421_004034,1.0,10,5059,job
llm_infer_qwen25_72b_fp8|1949bd09_20260420_003236,0.9,10,5059,job
llm_infer_qwen25_72b_fp8|ad1ee08d_20260419_041746,1.0,10,5059,job
llm_infer_qwen25_7b_fp16|87b75337_20260824_200626,1.0,2,5059,job
llm_infer_qwen25_7b_fp16|8c50624a_20260824_211339,1.0,10,5059,job
llm_infer_qwen25_7b_fp16|a694acd9_20260419_210256,0.8,10,5059,job
llm_infer_qwen25_7b_fp16|febf963c_20260419_205933,1.0,1,5059,job
llm_infer_tinyllama_bs8|bcad42c3_20260419_220507,1.0,10,5059,job
llm_infer_tinyllama_seq4096|026a1f9a_20260420_221753,1.0,10,5059,job
llm_infer_tinyllama_seq4096|367c872f_20260420_222307,1.0,10,5059,job
llm_infer_tinyllama_seq4096|72177ae6_20260419_031218,1.0,10,5059,job
llm_infer_vit_l_bs64|9c5aafb1_20260419_232432,1.0,10,5059,job
llm_infer_vit_l_bs64|e895e0da_20260419_033836,0.9,10,5059,job
llm_train_mistral_7b_lora|8af16eaa_20260824_231421,1.0,10,5059,job
llm_train_phi3_mini_lora|4bf06f5e_20260824_225752,1.0,10,5059,job
llm_train_qwen25_3b_lora|074568ba_20260824_224126,1.0,10,5059,job
llm_train_smollm2_1p7b_lora|19738386_20260419_223307,1.0,10,5059,job
llm_train_smollm2_1p7b_lora|2958dde3_20260824_221932,1.0,10,5059,job
llm_train_smollm2_1p7b_lora|4124c198_20260824_222500,1.0,10,5059,job
mining_ethash_proxy|59292457_20260420_001044,1.0,10,5059,job
nbody_sim|98b49f2f_20260412_224117,1.0,10,5059,job
nvlink_bandwidth|nvlink_bandwidth_gpu1_30ea2a,1.0,1,5059,job
nvlink_latency|nvlink_latency_gpu1_9a8612,1.0,1,5059,job
ppo_rlhf_r32_rep2|580ad642_20260804_172333,0.9,10,5059,job
pytorch_mlp_cifar10_ext|a9cd45e0_20260421_011343,1.0,10,5059,job
pytorch_mlp_cifar10|6726c8ff_20260825_021604,1.0,1,5059,job
pytorch_mlp_cifar10|743face9_20260412_231705,1.0,2,5059,job
pytorch_resnet_cifar10_amp|7184c09f_20260825_073235,1.0,1,5059,job
pytorch_resnet_cifar10_amp|a2af05e4_20260825_020701,1.0,1,5059,job
pytorch_resnet_cifar10_amp|fcd1f0dc_20260825_073317,1.0,1,5059,job
pytorch_resnet_cifar10_ext|76d6663a_20260420_203006,1.0,6,5059,job
pytorch_resnet_cifar10_ext|d18ec4ea_20260421_011036,1.0,5,5059,job
pytorch_resnet_cifar10|30653101_20260412_231132,1.0,3,5059,job
pytorch_resnet_cifar10|94104fc8_20260412_223541,1.0,2,5059,job
rendering_proxy|307d16fe_20260825_032515,1.0,10,5059,job
rendering|rendering_33f139,0.0,1,5059,job
resnet50_inference|d120b7ba_20260825_024340,1.0,10,5059,job
resnet50_inference|d45705f9_20260412_231705,1.0,10,5059,job
resnet_amp|resnet_amp_cc435c,1.0,1,5059,job
symgemm_L1_fwd3_m8192_rep2|e044c3fe_20260802_211404,0.8,10,5059,job
symgemm_L1_fwd3_rep3|956006bf_20260802_221307,1.0,10,5059,job
symgemm_L4_sgdfused_7b_rep1|d75e1ca4_20260802_212515,1.0,10,5059,job
symgemm_L4_sgdfused_rep3|719fe5b8_20260802_220158,1.0,10,5059,job
symgemm_L4_sgdfused_rep4|8f5f5e11_20260802_225748,0.9,10,5059,job
symgemm_L5_adam_rep1|24f173d4_20260802_180735,1.0,10,5059,job
symgemm_L5_adam_rep2|498da780_20260802_202923,1.0,10,5059,job
symgemm_L5_adam_rep3|f1871cc2_20260802_222417,1.0,10,5059,job
symgemm_ppo_fused_r32_rep3|6b1c2a3b_20260803_014427,1.0,10,5059,job
symgemm_ppo_fused_r8_rep1|3a9327e2_20260803_002606,1.0,10,5059,job
training_dual_gpu_dp|training_dual_gpu_dp_gpu0_e63285,1.0,1,5059,job
training_single_gpu|single_gpu_telemetry,0.0,1,5059,job
training_single_gpu|training_single_gpu_gpu0_199317,0.0,1,5059,job
whitebox_diluted_7b_N1_1h|5df04b7a_20260727_183421,1.0,10,5059,job
whitebox_diluted_N10|e6a6ba30_20260725_195717,1.0,10,5059,job
whitebox_diluted_N20|d8b176f8_20260725_212116,1.0,10,5059,job
whitebox_inference_7b_1h|4bf42831_20260727_095532,0.8,10,5059,job
whitebox_inference_7b_2h|2c53509d_20260727_215058,0.9,10,5059,job
whitebox_lora_1b_N1_1h|861a8dfb_20260727_173343,0.9,10,5059,job
whitebox_lora_7b_N100_1h|53c015c3_20260727_162214,1.0,10,5059,job
whitebox_lora_7b_N50_1h|f9ff4b5d_20260727_152145,1.0,10,5059,job
whitebox_lora_7b_pilot_N3|083f6968_20260726_120119,1.0,10,5059,job
whitebox_lora_N10|00ea9b4c_20260725_211603,1.0,10,5059,job
whitebox_lora_N20|b5e22ab8_20260725_212628,1.0,10,5059,job
whitebox_lora_N5|25cd8989_20260725_195205,1.0,10,5059,job
whitebox_oracle|75298cf9_20260725_225503,1.0,10,5059,job
adversarial_F_interleave_30|314da66d_20260412_053508,1.0,1,5060,job
adversarial_F_interleave_30|42e0d626_20260412_223016,1.0,10,5060,job
adversarial_F_interleave_30|7edc637e_20260825_042324,1.0,10,5060,job
adversarial_F_interleave_30|df47671a_20260825_041800,1.0,10,5060,job
adversarial_F_interleave_50|13089340_20260825_043935,1.0,10,5060,job
adversarial_F_interleave_50|bc02cbc2_20260726_000947,1.0,10,5060,job
adversarial_G_clock_throttled|d38b3081_20260412_053508,1.0,10,5060,job
adversarial_I_stochastic_30|1319ffe7_20260726_002804,1.0,10,5060,job
adversarial_I_stochastic_30|15190e45_20260725_234104,1.0,10,5060,job
adversarial_I_stochastic_30|3978f906_20260825_053334,1.0,10,5060,job
adversarial_J_pid_75|4b39fbdf_20260825_060033,1.0,10,5060,job
adversarial_J_pid_75|ddd52b74_20260825_055509,1.0,10,5060,job
adversarial_K_ddp_accum_8|4e915a9d238b_20260412_065453,1.0,80,5060,job
adversarial_K_ddp_accum_8|73431dec5f44_20260412_234640,1.0,80,5060,job
adversarial_K_ddp|2b7d13785ecf_20260412_231725,1.0,80,5060,job
adversarial_K_ddp|41b734487b5e_20260412_235331,1.0,80,5060,job
adversarial_K_online_learning|1468f533_20260412_231132,1.0,10,5060,job
adversarial_K_online_learning|5e90b4fe_20260412_223541,1.0,10,5060,job
adversarial_K_online_learning|da312bfa_20260412_054054,1.0,10,5060,job
adversarial_L_ddp_10|4f087fae7c56_20260412_233011,1.0,80,5060,job
adversarial_L_diluted_10_mw8|2a0a1abb_20260726_170758,1.0,10,5060,job
adversarial_L_diluted_10_mw8|453df7c0_20260726_170248,1.0,10,5060,job
adversarial_L_diluted_10_mw8|51a40fcc_20260726_171309,1.0,10,5060,job
adversarial_L_diluted_10|2c305d90_20260725_232752,1.0,10,5060,job
adversarial_L_diluted_10|d4cc031f_20260726_001456,1.0,10,5060,job
adversarial_L_diluted_20|2a9e51e9_20260725_235723,1.0,10,5060,job
adversarial_L_diluted_20|c504ec15_20260726_002055,1.0,10,5060,job
adversarial_training|0ff8862b_20260413_033352,1.0,1,5060,job
bert_sst2|0a64dc16_20260825_021827,1.0,1,5060,job
bert_sst2|30b0dab5_20260412_231705,1.0,1,5060,job
cufft_benchmark|540552ce_20260824_234024,1.0,10,5060,job
cufft_benchmark|7eb3b0fd_20260420_000038,1.0,10,5060,job
cufft_benchmark|f97558fa_20260412_231705,1.0,10,5060,job
cufft_hpc|cufft_hpc_e7ea4b,1.0,1,5060,job
ddp_resnet18_cifar10|a76b540db268_20260412_233502,1.0,80,5060,job
ddp_training|ddp_telemetry_gpu0,1.0,1,5060,job
fsdp_30b_nvlink|cb97612d27e1_20260412_074412,1.0,10,5060,job
fsdp_70b_nvlink|15cced21b9b1_20260413_012238,1.0,8,5060,job
fsdp_70b_nvlink|a7ff05fcabd2_20260413_003024,1.0,8,5060,job
fsdp_7b_nvlink|a2f8d14a4ed2_20260413_003114,1.0,80,5060,job
gpt2_finetune|f22ba689_20260413_032930,1.0,1,5060,job
gpt2_wikitext2_amp|f2bd8e13_20260412_231705,1.0,2,5060,job
gpt2_wikitext2_ext|7a20f073_20260420_204656,1.0,6,5060,job
gpt2_wikitext2|1f4b6ea6_20260412_231705,1.0,3,5060,job
idle|964c62f7_20260420_194932,1.0,7,5060,job
idle|idle_96fcac,1.0,1,5060,job
idle|idle_e3e53d,1.0,1,5060,job
inference|inference_8fd998,1.0,1,5060,job
llm_infer_deepseek_v3_tp8|30d7ed7e6e81_20260419_013711,0.9,80,5060,job
llm_infer_mistral_7b_q4|0e400173_20260419_215405,1.0,1,5060,job
llm_infer_mistral_7b_q4|7936d649_20260419_220948,0.0,2,5060,job
llm_infer_mistral_7b_q4|8bb0be41_20260420_015335,1.0,1,5060,job
llm_infer_mistral_7b_q4|dc6bbdac_20260420_010008,1.0,10,5060,job
llm_infer_phi3_mini|4d756fdb_20260419_014632,1.0,10,5060,job
llm_infer_phi3_mini|aafcc35f_20260419_015203,1.0,10,5060,job
llm_infer_qwen25_14b_fp16|62b1513a_20260419_205946,1.0,1,5060,job
llm_infer_qwen25_14b_fp16|e481b484_20260419_234859,1.0,10,5060,job
llm_infer_qwen25_32b_fp16|08c0cbfe_20260420_001804,1.0,10,5060,job
llm_infer_qwen25_32b_fp16|cbe6294b_20260824_215701,1.0,10,5060,job
llm_infer_qwen25_3b_bs16|0918ee71_20260419_032245,1.0,10,5060,job
llm_infer_qwen25_3b_bs16|22ecde82_20260419_032802,1.0,10,5060,job
llm_infer_qwen25_3b_bs16|45cf0574_20260419_230842,1.0,10,5060,job
llm_infer_qwen25_3b_bs16|72bf234c_20260419_230326,1.0,10,5060,job
llm_infer_qwen25_3b_bs4|766c2eff_20260419_024551,1.0,10,5060,job
llm_infer_qwen25_3b|59a892fe_20260419_020238,0.9,10,5060,job
llm_infer_qwen25_3b|b3849090_20260419_213727,1.0,10,5060,job
llm_infer_qwen25_72b_fp8|8ae2fbd4_20260420_004029,0.9,10,5060,job
llm_infer_qwen25_72b_fp8|ad1ee08d_20260419_041746,1.0,10,5060,job
llm_infer_qwen25_72b_fp8|cd098693_20260420_004709,1.0,10,5060,job
llm_infer_qwen25_7b_fp16|5ff414f8_20260419_211038,1.0,10,5060,job
llm_infer_qwen25_7b_fp16|61bf5366_20260420_231727,1.0,10,5060,job
llm_infer_qwen25_7b_fp16|f6638e51_20260419_211613,1.0,10,5060,job
llm_infer_qwen25_7b_fp16|fff7de88_20260419_205924,1.0,1,5060,job
llm_infer_tinyllama_seq4096|0b0351ce_20260420_222819,1.0,10,5060,job
llm_infer_tinyllama_seq4096|25a7da9a_20260419_225251,1.0,10,5060,job
llm_infer_tinyllama_seq4096|367c872f_20260420_222307,1.0,10,5060,job
llm_infer_tinyllama_seq4096|ac0a588a_20260419_031732,1.0,10,5060,job
llm_infer_tinyllama_seq4096|eac7968c_20260419_224733,1.0,10,5060,job
llm_train_qwen25_1p5b_lora|2a4e8583_20260419_221125,0.9,10,5060,job
llm_train_qwen25_3b_lora|074568ba_20260824_224126,1.0,10,5060,job
llm_train_qwen25_3b_lora|66980709_20260824_223555,1.0,10,5060,job
llm_train_smollm2_1p7b_lora|4124c198_20260824_222500,1.0,10,5060,job
mining_ethash_proxy|59292457_20260420_001044,1.0,10,5060,job
mining_ethash_proxy|814335b9_20260421_020654,1.0,10,5060,job
mining_ethash_proxy|8c86200c_20260412_232321,1.0,10,5060,job
nbody_sim|4bf2dc52_20260412_231705,1.0,10,5060,job
nbody_sim|nbody_sim_66a459,1.0,1,5060,job
nbody_sim|nbody_sim_d50046,1.0,1,5060,job
nvlink_bandwidth|nvlink_bandwidth_gpu0_0eb88f,1.0,1,5060,job
nvlink_latency|nvlink_latency_gpu1_3ab445,0.0,1,5060,job
nvlink_p2p|7e14f65e_20260413_033435,0.0,1,5060,job
nvlink_p2p|927418b1_20260413_033435,1.0,1,5060,job
ppo_rlhf_r32_rep1|2b37c1ae_20260804_170110,1.0,10,5060,job
ppo_rlhf_r8_rep2|4735a4fb_20260804_171221,1.0,10,5060,job
pytorch_mlp_cifar10_ext|22ac55c7_20260420_203325,1.0,10,5060,job
pytorch_mlp_cifar10|22fad3bd_20260825_021517,1.0,1,5060,job
pytorch_mlp_cifar10|4c4e6778_20260825_021431,1.0,1,5060,job
pytorch_mlp_cifar10|743face9_20260412_231705,1.0,2,5060,job
pytorch_resnet_cifar10_amp_ext|912880ba_20260421_011212,1.0,5,5060,job
pytorch_resnet_cifar10_amp_ext|a0c58ed2_20260420_203152,1.0,5,5060,job
pytorch_resnet_cifar10_amp|e9662cc3_20260412_223541,1.0,3,5060,job
pytorch_resnet_cifar10_amp|f1be0dfb_20260825_020609,1.0,1,5060,job
pytorch_resnet_cifar10_ext|76d6663a_20260420_203006,1.0,6,5060,job
pytorch_resnet_cifar10|1c3ed317_20260825_020430,1.0,1,5060,job
pytorch_resnet_cifar10|71c3cb1a_20260825_020519,1.0,1,5060,job
pytorch_training|2a94287a_20260413_032802,1.0,1,5060,job
rendering_proxy|630b9e74_20260825_034601,1.0,10,5060,job
rendering_proxy|8aeaf443_20260825_033538,1.0,10,5060,job
resnet50_inference|f8907ec1_20260413_032952,0.0,1,5060,job
scientific_hpc|b957a0bf_20260413_033246,1.0,1,5060,job
symgemm_L0_fwd1_rep1|7e021360_20260802_181845,1.0,10,5060,job
symgemm_L1_fwd3_m8192_rep2|e044c3fe_20260802_211404,1.0,10,5060,job
symgemm_L1_fwd3_rep2|e04a3490_20260802_201813,1.0,10,5060,job
symgemm_L3_graddiscard_rep3|3abcefec_20260802_224637,1.0,10,5060,job
symgemm_L4_sgdfused_rep1|dbbf7955_20260802_174515,0.9,10,5060,job
symgemm_L5_adam_rep2|498da780_20260802_202923,1.0,10,5060,job
symgemm_L5_adam_rep4|b36d56ef_20260802_232008,1.0,10,5060,job
symgemm_decode_g256_rep1|37d9b353_20260803_004828,0.9,10,5060,job
symgemm_decode_g256_rep3|6e25438a_20260803_015538,0.9,10,5060,job
training_single_gpu|training_single_gpu_gpu0_199317,0.0,1,5060,job
training_single_gpu|training_single_gpu_gpu0_4f9586,0.0,1,5060,job
whitebox_diluted_3b_N1_1h|814de13f_20260728_005931,1.0,10,5060,job
whitebox_diluted_7b_N1_1h|5df04b7a_20260727_183421,1.0,10,5060,job
whitebox_lora_3b_N1_1h|070267f7_20260727_194926,1.0,10,5060,job
whitebox_lora_7b_N20_1h|8c105125_20260727_142117,1.0,10,5060,job
whitebox_lora_7b_N3_1h|1291fbf0_20260727_132029,1.0,10,5060,job
whitebox_lora_N10|12837863_20260725_200230,1.0,10,5060,job
whitebox_lora_N20|fa5f7994_20260725_204944,1.0,10,5060,job
whitebox_lora_N5|5d8cb134_20260725_210538,1.0,10,5060,job
whitebox_oracle|ba2654c8_20260725_224635,1.0,10,5060,job
adversarial_E_memory_minimal|c443df01_20260825_035624,1.0,10,5061,job
adversarial_E_memory_minimal|f5727cea_20260825_040148,1.0,10,5061,job
adversarial_F_interleave_30|42e0d626_20260412_223016,1.0,10,5061,job
adversarial_F_interleave_50|13089340_20260825_043935,1.0,10,5061,job
adversarial_F_interleave_50|bc02cbc2_20260726_000947,1.0,10,5061,job
adversarial_G_clock_throttled|8a017bab_20260412_223016,1.0,10,5061,job
adversarial_G_clock_throttled|d38b3081_20260412_053508,1.0,10,5061,job
adversarial_H_mimicry_cufft|3d49af99_20260413_013919,1.0,10,5061,job
adversarial_H_mimicry_cufft|407d2529_20260825_052810,1.0,10,5061,job
adversarial_H_mimicry_cufft|983fad80_20260412_053508,1.0,1,5061,job
adversarial_I_stochastic_30|15190e45_20260725_234104,1.0,10,5061,job
adversarial_I_stochastic_30|3978f906_20260825_053334,1.0,10,5061,job
adversarial_K_ddp_accum_4|6e24c995c923_20260412_064737,1.0,80,5061,job
adversarial_K_ddp_accum_4|b28bb647b0ef_20260412_234110,1.0,80,5061,job
adversarial_K_ddp_accum_4|ccdbb46fc1a0_20260413_001726,1.0,80,5061,job
adversarial_K_online_learning|3ca87735_20260825_060556,1.0,10,5061,job
adversarial_K_online_learning|901b510d_20260825_061120,1.0,10,5061,job
adversarial_L_diluted_10_mw8|453df7c0_20260726_170248,1.0,10,5061,job
adversarial_L_diluted_10|6ef8b233_20260412_231132,1.0,10,5061,job
adversarial_L_diluted_10|9712fcda_20260825_065431,1.0,10,5061,job
adversarial_L_diluted_20|1746ff55_20260412_054054,1.0,10,5061,job
adversarial_L_diluted_20|2a9e51e9_20260725_235723,1.0,10,5061,job
adversarial_L_diluted_20|405a7452_20260412_223541,1.0,10,5061,job
adversarial_L_diluted_2|07fb94ee_20260412_054054,1.0,10,5061,job
adversarial_L_diluted_2|354119ef_20260412_223541,1.0,10,5061,job
batch_size_sweep_dp|batch_size_sweep_dp_gpu0_2c05fa,1.0,1,5061,job
bert_finetune|9311265c_20260413_032824,0.0,1,5061,job
bert_sst2_ext|39b13cda_20260420_203906,1.0,3,5061,job
bert_sst2|675c6c84_20260412_222753,1.0,2,5061,job
cufft_benchmark|227faa64_20260413_033119,1.0,1,5061,job
cufft_benchmark|7529bef2_20260824_233001,1.0,10,5061,job
cufft_benchmark|f97558fa_20260412_231705,1.0,10,5061,job
cufft_hpc|cufft_hpc_c78372,1.0,1,5061,job
ddp_resnet18_cifar10_amp|452a0a67a4fb_20260412_061559,1.0,80,5061,job
ddp_resnet18_cifar10_amp|95f2a16cc1a5_20260412_234616,1.0,80,5061,job
ddp_resnet18_cifar10_amp|972309ed66bd_20260412_231156,1.0,80,5061,job
ddp_resnet18_cifar10|a76b540db268_20260412_233502,1.0,80,5061,job
ddp_resnet18_cifar10|b6ee4dbc9fc2_20260412_225907,0.75,80,5061,job
ddp_resnet50_cifar10|c83757ac5731_20260412_230440,1.0,80,5061,job
fsdp_13b_nvlink|cf8cfa835835_20260413_000312,1.0,80,5061,job
fsdp_30b_nvlink|8726f6620517_20260413_001627,1.0,80,5061,job
fsdp_30b_nvlink|cb97612d27e1_20260412_074412,1.0,10,5061,job
fsdp_30b_nvlink|cb97612d27e1_20260412_074413,1.0,70,5061,job
fsdp_70b_nvlink|c632fe2971fa_20260412_071411,1.0,8,5061,job
fsdp_70b_seq512_nvlink|78349b23d251_20260413_013913,1.0,80,5061,job
fsdp_70b_sgd_momentum|465819c33b0c_20260413_012319,1.0,80,5061,job
gpt2_wikitext2_amp_ext|f609adef_20260420_203807,1.0,2,5061,job
gpt2_wikitext2_ext|daa304a2_20260421_011634,1.0,6,5061,job
idle|9883933c_20260420_201152,1.0,7,5061,job
idle|9eb24edf_20260824_171857,1.0,7,5061,job
idle|bda38c7a_20260412_231132,1.0,7,5061,job
idle|idle_9cb91e,1.0,1,5061,job
idle|idle_e3e53d,1.0,1,5061,job
inference|inference_8fd998,1.0,1,5061,job
llm_infer_mistral_7b_q4|1039bea2_20260825_074800,1.0,10,5061,job
llm_infer_mistral_7b_q4|143e0113_20260419_220838,1.0,1,5061,job
llm_infer_mistral_7b_q4|24353de9_20260420_015430,0.9,10,5061,job
llm_infer_mistral_7b_q4|793c412e_20260420_010538,1.0,10,5061,job
llm_infer_mistral_7b_q4|ca02ad41_20260420_015354,1.0,1,5061,job
llm_infer_mistral_7b_q4|ce7f27f7_20260825_075353,1.0,10,5061,job
llm_infer_phi3_mini|aafcc35f_20260419_015203,1.0,10,5061,job
llm_infer_qwen25_14b_fp16|62b1513a_20260419_205946,1.0,1,5061,job
llm_infer_qwen25_14b_fp16|98601a67_20260824_213822,1.0,10,5061,job
llm_infer_qwen25_14b_fp16|a5960172_20260420_232931,1.0,10,5061,job
llm_infer_qwen25_14b_fp16|c1adb329_20260419_205942,1.0,1,5061,job
llm_infer_qwen25_32b_fp16|50c83347_20260421_030757,1.0,10,5061,job
llm_infer_qwen25_32b_fp16|7efd8ad1_20260419_220234,1.0,10,5061,job
llm_infer_qwen25_32b_fp16|949b75e6_20260419_215643,1.0,10,5061,job
llm_infer_qwen25_3b_bs16|45cf0574_20260419_230842,1.0,10,5061,job
llm_infer_qwen25_3b_bs16|dfe991b8_20260420_215605,1.0,10,5061,job
llm_infer_qwen25_3b|3f309572_20260419_214259,1.0,10,5061,job
llm_infer_qwen25_3b|59a892fe_20260419_020238,1.0,10,5061,job
llm_infer_qwen25_3b|df5ce46a_20260419_020809,1.0,10,5061,job
llm_infer_qwen25_3b|f8a46936_20260420_211909,1.0,10,5061,job
llm_infer_qwen25_72b_fp16|1d53cfd5_20260421_004034,1.0,10,5061,job
llm_infer_qwen25_72b_fp16|aaa06495_20260421_002643,1.0,10,5061,job
llm_infer_qwen25_72b_fp8|8ae2fbd4_20260420_004029,0.9,10,5061,job
llm_infer_qwen25_72b_fp8|b39fa450_20260419_042425,1.0,10,5061,job
llm_infer_qwen25_72b_fp8|cd098693_20260420_004709,1.0,10,5061,job
llm_infer_qwen25_7b_fp16|4052c194_20260824_200842,1.0,10,5061,job
llm_infer_qwen25_7b_fp16|5ff414f8_20260419_211038,1.0,10,5061,job
llm_infer_qwen25_7b_fp16|8c50624a_20260824_211339,1.0,10,5061,job
llm_infer_qwen25_7b_fp16|a694acd9_20260419_210256,0.8,10,5061,job
llm_infer_qwen25_7b_fp16|abd7cc9c_20260420_230458,1.0,10,5061,job
llm_infer_qwen25_7b_fp16|c98d90af_20260420_231133,1.0,10,5061,job
llm_infer_qwen25_7b_fp16|febf963c_20260419_205933,1.0,1,5061,job
llm_infer_sdxl|212903bb_20260420_223849,1.0,10,5061,job
llm_infer_sdxl|43c64a98_20260420_224406,1.0,10,5061,job
llm_infer_sdxl|81e16ec3_20260419_025634,1.0,10,5061,job
llm_infer_tinyllama_seq4096|026a1f9a_20260420_221753,1.0,10,5061,job
llm_infer_tinyllama_seq4096|25a7da9a_20260419_225251,1.0,10,5061,job
llm_infer_tinyllama_seq4096|367c872f_20260420_222307,1.0,10,5061,job
llm_infer_tinyllama_seq4096|bf1e9e48_20260419_030704,1.0,10,5061,job
llm_train_phi3_mini_lora|38657ab0_20260419_231116,1.0,10,5061,job
llm_train_qwen25_1p5b_lora|4f537ca3_20260419_222216,1.0,10,5061,job
llm_train_qwen25_1p5b_lora|f2ab89f9_20260824_221404,1.0,10,5061,job
llm_train_qwen25_3b_lora|e8114b07_20260419_225441,1.0,10,5061,job
llm_train_smollm2_1p7b_lora|19738386_20260419_223307,1.0,10,5061,job
mining_ethash_proxy|8c86200c_20260412_232321,1.0,10,5061,job
modern_inference|5c76e8e5_20260413_033057,0.0,1,5061,job
nbody_sim|b9568c1a_20260413_033202,1.0,1,5061,job
nbody_sim|e90ecd1d_20260825_031452,1.0,10,5061,job
nvlink_bandwidth|nvlink_bandwidth_gpu0_ef7777,0.0,1,5061,job
nvlink_latency|nvlink_latency_gpu1_3ab445,1.0,1,5061,job
nvlink_p2p|858acb89_20260413_033414,0.0,1,5061,job
ppo_rlhf_r8_rep3|5a1e4c08_20260804_173443,1.0,10,5061,job
pytorch_resnet_cifar10_amp_ext|0e16abc8_20260420_204227,1.0,5,5061,job
pytorch_resnet_cifar10_amp|1f7efb5a_20260825_021236,1.0,1,5061,job
pytorch_resnet_cifar10_amp|a2af05e4_20260825_020701,1.0,1,5061,job
pytorch_resnet_cifar10|81f71774_20260412_222753,0.0,1,5061,job
resnet50_inference|f65b4403_20260413_033014,0.0,1,5061,job
scientific_hpc|2369d03f_20260413_033308,0.0,1,5061,job
symgemm_L0_fwd1_rep1|7e021360_20260802_181845,1.0,10,5061,job
symgemm_L0_fwd1_rep2|3c32c629_20260802_204034,1.0,10,5061,job
symgemm_L0_fwd1_rep3|0ad604b3_20260802_223527,1.0,10,5061,job
symgemm_L1_fwd3_7b_rep1|1da12b31_20260802_215024,0.9,10,5061,job
symgemm_L1_fwd3_rep3|956006bf_20260802_221307,1.0,10,5061,job
symgemm_L3_graddiscard_rep2|eaf8a014_20260802_205144,1.0,10,5061,job
symgemm_L4_sgdfused_rep4|8f5f5e11_20260802_225748,0.9,10,5061,job
symgemm_ppo_fused_r8_rep2|ab3e57f5_20260803_005942,1.0,10,5061,job
whitebox_diluted_3b_N1_1h|814de13f_20260728_005931,0.9,10,5061,job
whitebox_diluted_N10|e6a6ba30_20260725_195717,1.0,10,5061,job
whitebox_inference_7b_rep3|62149f64_20260728_050902,0.8,10,5061,job
whitebox_lora_1b_N1_1h|861a8dfb_20260727_173343,0.7,10,5061,job
whitebox_lora_7b_N100_1h|53c015c3_20260727_162214,1.0,10,5061,job
whitebox_lora_7b_N10_rep2|a1f5446a_20260728_040109,1.0,10,5061,job
whitebox_lora_7b_pilot_N6|13c5d8f6_20260726_123856,1.0,10,5061,job
whitebox_lora_N10_long|58e5a6e6_20260724_215116,1.0,10,5061,job
whitebox_lora_N5|de90ed7d_20260725_202852,1.0,10,5061,job
whitebox_oracle_7b_long|dd20b782_20260726_181838,0.9,10,5061,job
adversarial_F_interleave_50|13089340_20260825_043935,1.0,10,5062,job
adversarial_F_interleave_50|bc02cbc2_20260726_000947,1.0,10,5062,job
adversarial_H_mimicry_cufft|407d2529_20260825_052810,0.8,10,5062,job
adversarial_H_mimicry_cufft|983fad80_20260412_053508,1.0,1,5062,job
adversarial_H_mimicry_mining|840df611_20260825_050635,1.0,10,5062,job
adversarial_H_mimicry_mining|88fd4004_20260825_050111,1.0,10,5062,job
adversarial_I_stochastic_30|15190e45_20260725_234104,1.0,10,5062,job
adversarial_J_pid_75|ddd52b74_20260825_055509,1.0,10,5062,job
adversarial_K_ddp_accum_4|6e24c995c923_20260412_064737,1.0,80,5062,job
adversarial_K_ddp|41b734487b5e_20260412_235331,1.0,80,5062,job
adversarial_K_online_learning|1468f533_20260412_231132,1.0,10,5062,job
adversarial_L_ddp_5|a9a551652c04_20260412_235905,1.0,80,5062,job
adversarial_L_ddp_stagger_5|9018a40f5999_20260412_233540,1.0,80,5062,job
adversarial_L_diluted_10|6ef8b233_20260412_231132,1.0,10,5062,job
adversarial_L_diluted_10|7a3fb3e9_20260825_070518,1.0,10,5062,job
adversarial_L_diluted_20|02cfd70b_20260412_231132,1.0,10,5062,job
adversarial_L_diluted_20|1746ff55_20260412_054054,1.0,10,5062,job
adversarial_L_diluted_20|c1b0e51f_20260825_071606,1.0,10,5062,job
adversarial_L_diluted_5|05e951a9_20260825_063819,1.0,10,5062,job
adversarial_training|0ff8862b_20260413_033352,1.0,1,5062,job
bert_sst2_amp|dd87fb92_20260412_222753,1.0,1,5062,job
bert_sst2_ext|39b13cda_20260420_203906,1.0,3,5062,job
bert_sst2|30b0dab5_20260412_231705,1.0,1,5062,job
bert_sst2|4a0aab7a_20260825_021739,1.0,1,5062,job
cufft_benchmark|2cf468dc_20260421_013631,1.0,10,5062,job
cufft_benchmark|38fd661e_20260419_235032,1.0,10,5062,job
cufft_benchmark|7529bef2_20260824_233001,1.0,10,5062,job
cufft_hpc|cufft_hpc_e7ea4b,1.0,1,5062,job
ddp_resnet18_cifar10|ce5c33bebcdd_20260412_060311,1.0,80,5062,job
ddp_training|ddp_telemetry_gpu1,1.0,1,5062,job
fsdp_13b_nvlink|0b39d5a9bdb4_20260413_003641,1.0,80,5062,job
fsdp_13b_nvlink|cf8cfa835835_20260413_000312,1.0,80,5062,job
fsdp_30b_nvlink|cb97612d27e1_20260412_074412,1.0,10,5062,job
fsdp_70b_adamw|e53e253f883d_20260413_012859,1.0,6,5062,job
fsdp_70b_sgd_momentum|465819c33b0c_20260413_012319,1.0,80,5062,job
fsdp_7b_nvlink|a2f8d14a4ed2_20260413_003114,1.0,80,5062,job
gpt2_wikitext2_amp_ext|058cfbc9_20260420_204849,1.0,2,5062,job
gpt2_wikitext2_amp_ext|f609adef_20260420_203807,1.0,2,5062,job
gpt2_wikitext2_amp|62c86ac7_20260412_222753,1.0,2,5062,job
gpt2_wikitext2_amp|f2bd8e13_20260412_231705,1.0,2,5062,job
gpt2_wikitext2_ext|ab0d938a_20260420_203614,1.0,6,5062,job
gpt2_wikitext2|13f0dd2f_20260825_021915,1.0,2,5062,job
idle|964c62f7_20260420_194932,1.0,7,5062,job
idle|9689d8b0_20260413_032720,1.0,1,5062,job
idle|b3e73340_20260419_233617,1.0,7,5062,job
idle|f26e1461_20260419_233413,0.7142857142857143,7,5062,job
idle|f63d327d_20260421_013426,1.0,7,5062,job
inference|inference_986d16,1.0,1,5062,job
llm_infer_mistral_7b_q4|0546326b_20260420_015345,1.0,1,5062,job
llm_infer_mistral_7b_q4|1aa4e562_20260825_004332,0.9,10,5062,job
llm_infer_mistral_7b_q4|53e3e332_20260419_210248,1.0,1,5062,job
llm_infer_mistral_7b_q4|5841de91_20260419_210239,1.0,1,5062,job
llm_infer_mistral_7b_q4|85d8feff_20260419_215354,1.0,1,5062,job
llm_infer_mistral_7b_q4|afe01b8f_20260419_205857,1.0,1,5062,job
llm_infer_mistral_7b_q4|d4a0ca97_20260419_215339,0.0,1,5062,job
llm_infer_mixtral_8x7b|7c6d4b81_20260421_000537,0.9,10,5062,job
llm_infer_phi3_mini|e7151e88_20260420_205129,1.0,10,5062,job
llm_infer_qwen25_14b_fp16|0467d4a3_20260824_212608,1.0,10,5062,job
llm_infer_qwen25_14b_fp16|62b1513a_20260419_205946,1.0,1,5062,job
llm_infer_qwen25_14b_fp16|c2bcc1e0_20260419_213116,1.0,10,5062,job
llm_infer_qwen25_3b_bs16|301efde2_20260419_225807,1.0,10,5062,job
llm_infer_qwen25_3b_bs4|32bdfeb6_20260419_024034,1.0,10,5062,job
llm_infer_qwen25_3b_bs4|d16da8aa_20260420_212943,1.0,10,5062,job
llm_infer_qwen25_3b|59a892fe_20260419_020238,1.0,10,5062,job
llm_infer_qwen25_3b|df5ce46a_20260419_020809,1.0,10,5062,job
llm_infer_qwen25_72b_fp16|d793b310_20260421_003349,1.0,10,5062,job
llm_infer_qwen25_72b_fp8|1949bd09_20260420_003236,0.8,10,5062,job
llm_infer_qwen25_7b_fp16|0c4a3bb2_20260824_212015,1.0,10,5062,job
llm_infer_qwen25_7b_fp16|87b75337_20260824_200626,1.0,2,5062,job
llm_infer_qwen25_7b_fp16|8c50624a_20260824_211339,1.0,10,5062,job
llm_infer_qwen25_7b_fp16|abd7cc9c_20260420_230458,1.0,10,5062,job
llm_infer_sdxl|43c64a98_20260420_224406,1.0,10,5062,job
llm_infer_tinyllama_bs8|0c587cbd_20260419_022959,1.0,10,5062,job
llm_infer_tinyllama_bs8|75a3d2cd_20260419_215432,1.0,10,5062,job
llm_infer_tinyllama_seq4096|eac7968c_20260419_224733,1.0,10,5062,job
llm_infer_vit_l_bs64|7be29623_20260420_224924,1.0,10,5062,job
llm_infer_vit_l_bs64|fde5cf55_20260420_225435,1.0,10,5062,job
llm_train_mistral_7b_lora|e2b30e58_20260419_232842,1.0,10,5062,job
llm_train_mistral_7b_lora|e954b9ae_20260824_231951,1.0,10,5062,job
llm_train_mistral_7b_lora|f79dbad9_20260824_230849,1.0,10,5062,job
llm_train_phi3_mini_lora|48da72bf_20260824_230320,1.0,10,5062,job
llm_train_qwen25_1p5b_lora|4f537ca3_20260419_222216,1.0,10,5062,job
llm_train_qwen25_1p5b_lora|f2ab89f9_20260824_221404,1.0,10,5062,job
llm_train_qwen25_3b_lora|dfde664f_20260419_224329,0.9,10,5062,job
llm_train_smollm2_1p7b_lora|19738386_20260419_223307,1.0,10,5062,job
llm_train_smollm2_1p7b_lora|896b1640_20260824_223027,1.0,10,5062,job
mining_ethash_proxy|5a291891_20260420_200144,1.0,10,5062,job
mining_ethash_proxy|814335b9_20260421_020654,0.9,10,5062,job
mining_ethash_proxy|c56e618e_20260412_224732,1.0,10,5062,job
mining_ethash_proxy|fad55191_20260421_015646,0.9,10,5062,job
mining_proxy|mining_proxy_a7ed85,0.0,1,5062,job
nbody_sim|6c13c5ae_20260825_030429,1.0,10,5062,job
nvlink_bandwidth|nvlink_bandwidth_gpu0_0eb88f,1.0,1,5062,job
nvlink_latency|nvlink_latency_gpu1_9a8612,1.0,1,5062,job
ppo_rlhf_r32_rep2|580ad642_20260804_172333,0.9,10,5062,job
ppo_rlhf_r8_rep3|5a1e4c08_20260804_173443,1.0,10,5062,job
pytorch_mlp_cifar10_ext|22ac55c7_20260420_203325,1.0,10,5062,job
pytorch_resnet_cifar10_amp|7184c09f_20260825_073235,1.0,1,5062,job
pytorch_resnet_cifar10_amp|e9662cc3_20260412_223541,1.0,3,5062,job
pytorch_resnet_cifar10_amp|f1be0dfb_20260825_020609,1.0,1,5062,job
pytorch_resnet_cifar10|0d79ee94_20260825_005047,0.0,10,5062,job
rendering|rendering_33f139,0.0,1,5062,job
resnet50_inference|d120b7ba_20260825_024340,1.0,10,5062,job
resnet_amp|resnet_amp_cc435c,0.0,1,5062,job
symgemm_L0_fwd1_rep2|3c32c629_20260802_204034,1.0,10,5062,job
symgemm_L3_graddiscard_rep1|f12dea2b_20260802_182955,0.8,10,5062,job
symgemm_L4_sgdfused_7b_rep1|d75e1ca4_20260802_212515,1.0,10,5062,job
symgemm_L4_sgdfused_long1b_rep1|e77f32f2_20260803_062646,0.9,10,5062,job
symgemm_L4_sgdfused_rep3|719fe5b8_20260802_220158,1.0,10,5062,job
symgemm_L5_adam_rep3|f1871cc2_20260802_222417,1.0,10,5062,job
symgemm_L5_adam_rep4|b36d56ef_20260802_232008,1.0,10,5062,job
symgemm_decode_g256_rep3|6e25438a_20260803_015538,1.0,10,5062,job
symgemm_ppo_fused_r32_rep1|52af0173_20260803_003717,1.0,10,5062,job
symgemm_ppo_fused_r8_rep1|3a9327e2_20260803_002606,1.0,10,5062,job
symgemm_ppo_fused_r8_rep2|ab3e57f5_20260803_005942,1.0,10,5062,job
training_dual_gpu_dp|multi_gpu_telemetry_gpu0,1.0,2,5062,job
training_dual_gpu_dp|training_dual_gpu_dp_gpu0_1c7245,1.0,1,5062,job
training_single_gpu|single_gpu_telemetry,1.0,1,5062,job
training_single_gpu|training_single_gpu_gpu1_552ff1,1.0,1,5062,job
whitebox_diluted_N5|eaaa7663_20260725_210026,1.0,10,5062,job
whitebox_inference_7b_1h|4bf42831_20260727_095532,0.8,10,5062,job
whitebox_inference_7b_rep3|62149f64_20260728_050902,0.8,10,5062,job
whitebox_inference|f59e111e_20260725_194134,1.0,10,5062,job
whitebox_lora_3b_N1_rep2|71e45f69_20260728_030033,1.0,10,5062,job
whitebox_lora_7b_N20_1h|8c105125_20260727_142117,1.0,10,5062,job
whitebox_lora_7b_pilot_N3|083f6968_20260726_120119,1.0,10,5062,job
whitebox_lora_7b_pilot_N6|13c5d8f6_20260726_123856,1.0,10,5062,job
whitebox_lora_7b_pilot_N7|b7b290a9_20260726_125420,1.0,10,5062,job
whitebox_lora_N10|00ea9b4c_20260725_211603,1.0,10,5062,job
whitebox_oracle|dfb4b131_20260725_230325,1.0,10,5062,job
adversarial_E_memory_minimal|bd61daeb_20260412_223016,1.0,10,5063,job
adversarial_F_interleave_50|468ad378_20260825_042847,1.0,10,5063,job
adversarial_F_interleave_50|46a73a4e_20260725_234614,1.0,10,5063,job
adversarial_G_clock_throttled|b38cd060_20260825_044459,1.0,10,5063,job
adversarial_H_mimicry_cufft|8a52b6f9_20260825_052246,1.0,10,5063,job
adversarial_K_ddp_accum_4|ccdbb46fc1a0_20260413_001726,1.0,80,5063,job
adversarial_K_ddp_accum_8|73431dec5f44_20260412_234640,1.0,80,5063,job
adversarial_K_online_learning|3ca87735_20260825_060556,1.0,10,5063,job
adversarial_K_online_learning|da312bfa_20260412_054054,1.0,10,5063,job
adversarial_L_ddp_10|740abd236207_20260413_000621,1.0,80,5063,job
adversarial_L_ddp_10|a3adf2258b52_20260412_063635,1.0,80,5063,job
adversarial_L_diluted_10_mw8|2a0a1abb_20260726_170758,1.0,10,5063,job
adversarial_L_diluted_10|512934b1_20260412_054054,1.0,10,5063,job
adversarial_L_diluted_10|5904fb3d_20260412_223541,1.0,10,5063,job
adversarial_L_diluted_10|7a3fb3e9_20260825_070518,1.0,10,5063,job
adversarial_L_diluted_10|9712fcda_20260825_065431,1.0,10,5063,job
adversarial_L_diluted_200_mw8|a38a444f_20260726_174828,1.0,10,5063,job
adversarial_L_diluted_20|c1b0e51f_20260825_071606,1.0,10,5063,job
adversarial_L_diluted_20|c504ec15_20260726_002055,1.0,10,5063,job
adversarial_L_diluted_20|ee8eddb5_20260825_071042,1.0,10,5063,job
adversarial_L_diluted_2|07fb94ee_20260412_054054,1.0,10,5063,job
adversarial_L_diluted_5|478eaec5_20260412_223541,1.0,10,5063,job
adversarial_L_diluted_5|5e0891fb_20260412_054054,1.0,10,5063,job
batch_size_sweep_dp|batch_size_sweep_dp_gpu1_f04813,1.0,1,5063,job
bert_finetune|2a2a5f3e_20260413_032846,0.0,1,5063,job
bert_sst2_amp_ext|550d0003_20260420_205051,1.0,1,5063,job
bert_sst2_amp|49d3ba57_20260412_224117,1.0,1,5063,job
bert_sst2|675c6c84_20260412_222753,1.0,2,5063,job
cufft_benchmark|7529bef2_20260824_233001,1.0,10,5063,job
cufft_benchmark|a3a1b5b0_20260420_195136,1.0,10,5063,job
cufft_benchmark|f97558fa_20260412_231705,1.0,10,5063,job
ddp_resnet18_cifar10|a76b540db268_20260412_233502,1.0,80,5063,job
ddp_resnet50_cifar10|c83757ac5731_20260412_230440,1.0,80,5063,job
fsdp_13b_nvlink|943b54f5deb5_20260412_071300,1.0,80,5063,job
fsdp_30b_adamw_nvlink|29f631dc5b8a_20260413_002943,1.0,80,5063,job
fsdp_70b_adamw|e53e253f883d_20260413_012900,1.0,2,5063,job
fsdp_70b_nvlink|a7ff05fcabd2_20260413_003024,0.875,8,5063,job
fsdp_70b_seqlen512|27c89ff855c9_20260413_012837,0.0625,80,5063,job
gpt2_finetune|cfe318c2_20260413_032930,0.0,1,5063,job
gpt2_finetune|eb4a005e_20260413_032908,0.0,1,5063,job
gpt2_finetune|f22ba689_20260413_032930,0.0,1,5063,job
gpt2_wikitext2_amp|025c9b24_20260412_224117,1.0,1,5063,job
gpt2_wikitext2|1f4b6ea6_20260412_231705,1.0,3,5063,job
gpt2_wikitext2|f1162cf3_20260412_222753,1.0,3,5063,job
idle|9c0d0d21_20260824_232740,1.0,7,5063,job
idle|b3e73340_20260419_233617,1.0,7,5063,job
idle|bda38c7a_20260412_231132,1.0,7,5063,job
idle|idle_9cb91e,1.0,1,5063,job
inference|inference_8fd998,1.0,1,5063,job
llm_infer_deepseek_v3_tp8|acb00ac39728_20260419_002312,1.0,30,5063,job
llm_infer_mistral_7b_q4|280943b7_20260421_011827,1.0,10,5063,job
llm_infer_mistral_7b_q4|8bb0be41_20260420_015335,1.0,1,5063,job
llm_infer_mistral_7b_q4|960c6bbd_20260421_012347,1.0,10,5063,job
llm_infer_mistral_7b_q4|d4a0ca97_20260419_215339,0.0,1,5063,job
llm_infer_mistral_7b_q4|dbde8feb_20260419_210231,1.0,1,5063,job
llm_infer_phi3_mini|aafcc35f_20260419_015203,1.0,10,5063,job
llm_infer_phi3_mini|d0a32c71_20260419_213210,1.0,10,5063,job
llm_infer_phi3_mini|e0bd0272_20260419_212652,1.0,10,5063,job
llm_infer_phi3_mini|e7151e88_20260420_205129,1.0,10,5063,job
llm_infer_qwen25_14b_fp16|1eda1bef_20260824_213225,1.0,10,5063,job
llm_infer_qwen25_14b_fp16|9bdd69d7_20260420_233533,1.0,10,5063,job
llm_infer_qwen25_14b_fp16|b9923a39_20260419_213654,1.0,10,5063,job
llm_infer_qwen25_14b_fp16|c2bcc1e0_20260419_213116,1.0,10,5063,job
llm_infer_qwen25_14b_fp16|e481b484_20260419_234859,1.0,10,5063,job
llm_infer_qwen25_32b_fp16|7efd8ad1_20260419_220234,1.0,10,5063,job
llm_infer_qwen25_32b_fp16|c89b4098_20260419_214232,1.0,10,5063,job
llm_infer_qwen25_32b_fp16|d008e2dd_20260419_205950,1.0,1,5063,job
llm_infer_qwen25_3b_bs4|32bdfeb6_20260419_024034,1.0,10,5063,job
llm_infer_qwen25_3b|3f309572_20260419_214259,1.0,10,5063,job
llm_infer_qwen25_3b|b3849090_20260419_213727,1.0,10,5063,job
llm_infer_qwen25_72b_fp16|aaa06495_20260421_002643,1.0,10,5063,job
llm_infer_qwen25_72b_fp8|ad1ee08d_20260419_041746,1.0,10,5063,job
llm_infer_qwen25_72b_tp2|173cf665d203_20260419_044434,1.0,10,5063,job
llm_infer_qwen25_72b_tp2|173cf665d203_20260419_044435,1.0,10,5063,job
llm_infer_qwen25_7b_fp16|0088cce0_20260419_205928,1.0,1,5063,job
llm_infer_qwen25_7b_fp16|58527b11_20260419_232945,0.9,10,5063,job
llm_infer_qwen25_7b_fp16|5ff414f8_20260419_211038,1.0,10,5063,job
llm_infer_qwen25_7b_fp16|8c50624a_20260824_211339,1.0,10,5063,job
llm_infer_qwen25_7b_fp16|f70331c1_20260419_233641,1.0,10,5063,job
llm_infer_sdxl|43c64a98_20260420_224406,1.0,10,5063,job
llm_infer_tinyllama_bs8|bcad42c3_20260419_220507,1.0,10,5063,job
llm_infer_tinyllama_seq4096|ac0a588a_20260419_031732,1.0,10,5063,job
llm_infer_tinyllama_seq4096|eac7968c_20260419_224733,1.0,10,5063,job
llm_infer_vit_l_bs64|a2d462c4_20260420_225947,1.0,10,5063,job
llm_infer_vit_l_bs64|e895e0da_20260419_033836,0.9,10,5063,job
llm_train_mistral_7b_lora|e2b30e58_20260419_232842,1.0,10,5063,job
llm_train_mistral_7b_lora|f79dbad9_20260824_230849,1.0,10,5063,job
llm_train_phi3_mini_lora|0d707150_20260419_230604,1.0,10,5063,job
llm_train_phi3_mini_lora|38657ab0_20260419_231116,1.0,10,5063,job
llm_train_phi3_mini_lora|61242a7d_20260419_225953,0.8,10,5063,job
llm_train_qwen25_1p5b_lora|2a4e8583_20260419_221125,0.9,10,5063,job
llm_train_qwen25_1p5b_lora|4f537ca3_20260419_222216,1.0,10,5063,job
llm_train_qwen25_1p5b_lora|8a368ac5_20260824_220307,1.0,10,5063,job
mining_ethash_proxy|5a291891_20260420_200144,1.0,10,5063,job
mining_proxy|mining_proxy_a7ed85,0.0,1,5063,job
mlp_training|mlp_training_c52a21,1.0,1,5063,job
modern_inference|6ce8e009_20260413_033057,1.0,1,5063,job
nbody_sim|4bf2dc52_20260412_231705,1.0,10,5063,job
nvlink_p2p|858acb89_20260413_033414,1.0,1,5063,job
ppo_rlhf_r32_rep2|580ad642_20260804_172333,1.0,10,5063,job
ppo_rlhf_r8_rep2|4735a4fb_20260804_171221,1.0,10,5063,job
pytorch_mlp_cifar10_ext|a9cd45e0_20260421_011343,1.0,10,5063,job
pytorch_mlp_cifar10|6726c8ff_20260825_021604,1.0,1,5063,job
pytorch_resnet_cifar10_amp_ext|a0c58ed2_20260420_203152,1.0,5,5063,job
pytorch_resnet_cifar10_amp|09c94605_20260412_222753,1.0,2,5063,job
pytorch_resnet_cifar10_amp|7b05a6ae_20260825_021143,1.0,1,5063,job
pytorch_resnet_cifar10|0de6fc56_20260825_020340,1.0,1,5063,job
pytorch_training|2a94287a_20260413_032802,1.0,1,5063,job
rendering_proxy|307d16fe_20260825_032515,1.0,10,5063,job
resnet_amp|resnet_amp_0c34ce,1.0,1,5063,job
resnet_fp32|resnet_fp32_b4973a,1.0,1,5063,job
symgemm_L1_fwd3_m8192_rep1|128a6c86_20260802_185218,0.8,10,5063,job
symgemm_L1_fwd3_m8192_rep2|e044c3fe_20260802_211404,0.9,10,5063,job
symgemm_L3_graddiscard_rep1|f12dea2b_20260802_182955,0.9,10,5063,job
symgemm_L3_graddiscard_rep4|7a0468e5_20260802_234229,0.9,10,5063,job
symgemm_L4_sgdfused_m8192_rep1|e3f3bb2f_20260802_184108,1.0,10,5063,job
symgemm_decode_g256_rep2|4fc9bf1b_20260803_012205,0.9,10,5063,job
training_dual_gpu_dp|training_dual_gpu_dp_gpu1_278acd,1.0,1,5063,job
training_dual_gpu_dp|training_dual_gpu_dp_gpu1_d95db4,1.0,1,5063,job
whitebox_diluted_7b_N10_1h|f65c515b_20260727_121946,1.0,10,5063,job
whitebox_diluted_N5|e9df56b8_20260725_202339,1.0,10,5063,job
whitebox_inference_7b_2h|2c53509d_20260727_215058,0.9,10,5063,job
whitebox_lora_3b_N1_rep2|71e45f69_20260728_030033,1.0,10,5063,job
whitebox_lora_7b_N20_1h|8c105125_20260727_142117,1.0,10,5063,job
whitebox_lora_7b_N3_1h|1291fbf0_20260727_132029,1.0,10,5063,job
whitebox_lora_7b_pilot_N5|8d4c0881_20260726_121646,1.0,10,5063,job
whitebox_lora_7b_pilot_N6|13c5d8f6_20260726_123856,1.0,10,5063,job
whitebox_lora_N10|00ea9b4c_20260725_211603,1.0,10,5063,job
whitebox_lora_N5|5d8cb134_20260725_210538,1.0,10,5063,job
width_sweep_dp|width_sweep_dp_gpu0_a80bfa,1.0,1,5063,job
adversarial_F_interleave_30|42e0d626_20260412_223016,1.0,10,5064,job
adversarial_F_interleave_30|ff338fa1_20260412_230551,1.0,10,5064,job
adversarial_F_interleave_50|e70f6fc4_20260412_053508,1.0,10,5064,job
adversarial_G_clock_throttled|4471bfa7_20260412_230551,1.0,1,5064,job
adversarial_G_clock_throttled|8a017bab_20260412_223016,1.0,10,5064,job
adversarial_H_mimicry_cufft|407d2529_20260825_052810,0.8,10,5064,job
adversarial_H_mimicry_cufft|bf336e54_20260825_051722,0.7,10,5064,job
adversarial_H_mimicry_cufft|ce9f5c9f_20260412_230551,1.0,1,5064,job
adversarial_H_mimicry_mining|88fd4004_20260825_050111,1.0,10,5064,job
adversarial_I_stochastic_30|5e185d96_20260412_053508,1.0,10,5064,job
adversarial_J_pid_75|c205c1d2_20260413_014428,1.0,10,5064,job
adversarial_J_pid_75|ddd52b74_20260825_055509,1.0,10,5064,job
adversarial_K_online_learning|1468f533_20260412_231132,1.0,10,5064,job
adversarial_K_online_learning|3ca87735_20260825_060556,1.0,10,5064,job
adversarial_L_ddp_10|4f087fae7c56_20260412_233011,1.0,80,5064,job
adversarial_L_ddp_stagger_5|8e9728362385_20260412_064206,1.0,80,5064,job
adversarial_L_diluted_10_mw8|2a0a1abb_20260726_170758,1.0,10,5064,job
adversarial_L_diluted_20|02cfd70b_20260412_231132,1.0,10,5064,job
adversarial_L_diluted_2|0e8e28c2_20260825_062208,1.0,10,5064,job
adversarial_L_diluted_2|354119ef_20260412_223541,1.0,10,5064,job
adversarial_L_diluted_5|29aaeb3c_20260825_064907,1.0,10,5064,job
adversarial_L_diluted_5|8f922c0f_20260825_064343,1.0,10,5064,job
bert_finetune|9311265c_20260413_032824,0.0,1,5064,job
bert_sst2_amp_ext|7d5929da_20260420_202928,1.0,1,5064,job
bert_sst2_ext|49545bf6_20260420_204947,1.0,3,5064,job
bert_sst2|30b0dab5_20260412_231705,1.0,1,5064,job
bert_sst2|4a0aab7a_20260825_021739,1.0,1,5064,job
cufft_benchmark|15fa4bd9_20260413_033141,1.0,1,5064,job
cufft_benchmark|2cf468dc_20260421_013631,1.0,10,5064,job
cufft_benchmark|fa1982fd_20260419_234026,1.0,10,5064,job
cufft_benchmark|ff25783f_20260413_033141,1.0,1,5064,job
cufft_hpc|cufft_hpc_e7ea4b,1.0,1,5064,job
ddp_resnet18_cifar10|ce5c33bebcdd_20260412_060311,1.0,80,5064,job
fsdp_13b_nvlink|943b54f5deb5_20260412_071300,1.0,80,5064,job
fsdp_30b_nvlink|2f237772ccc3_20260413_004957,1.0,80,5064,job
fsdp_30b_nvlink|8726f6620517_20260413_001627,1.0,80,5064,job
fsdp_30b_nvlink|cb97612d27e1_20260412_074413,1.0,70,5064,job
gpt2_finetune|eb4a005e_20260413_032908,0.0,1,5064,job
gpt2_wikitext2|3a8eee76_20260825_022139,1.0,2,5064,job
gpt2_wikitext2|917b93fb_20260412_224117,1.0,3,5064,job
idle|9689d8b0_20260413_032720,1.0,1,5064,job
idle|b37a89ff_20260824_180358,1.0,7,5064,job
idle|dd455a95_20260824_171422,1.0,7,5064,job
idle|f26e1461_20260419_233413,1.0,7,5064,job
llm_infer_mistral_7b_q4|1039bea2_20260825_074800,1.0,10,5064,job
llm_infer_mistral_7b_q4|199b8710_20260825_074125,1.0,10,5064,job
llm_infer_mistral_7b_q4|53e3e332_20260419_210248,1.0,1,5064,job
llm_infer_mistral_7b_q4|d4a0ca97_20260419_215339,0.0,1,5064,job
llm_infer_mistral_7b_q4|dc6bbdac_20260420_010008,1.0,10,5064,job
llm_infer_mistral_7b_q4|e81dfe47_20260420_015946,1.0,10,5064,job
llm_infer_mixtral_8x7b|7c6d4b81_20260421_000537,1.0,10,5064,job
llm_infer_mixtral_8x7b|a79f0a84_20260419_040511,1.0,10,5064,job
llm_infer_phi3_mini|3bce5480_20260420_210836,1.0,10,5064,job
llm_infer_phi3_mini|4d756fdb_20260419_014632,1.0,10,5064,job
llm_infer_phi3_mini|cd6a5e78_20260419_212123,1.0,10,5064,job
llm_infer_qwen25_14b_fp16|0467d4a3_20260824_212608,1.0,10,5064,job
llm_infer_qwen25_14b_fp16|085bd1c8_20260420_000301,1.0,10,5064,job
llm_infer_qwen25_14b_fp16|1eda1bef_20260824_213225,1.0,10,5064,job
llm_infer_qwen25_14b_fp16|875f3c6d_20260420_232314,1.0,10,5064,job
llm_infer_qwen25_14b_fp16|98601a67_20260824_213822,1.0,10,5064,job
llm_infer_qwen25_14b_fp16|9bdd69d7_20260420_233533,1.0,10,5064,job
llm_infer_qwen25_14b_fp16|a5960172_20260420_232931,1.0,10,5064,job
llm_infer_qwen25_32b_fp16|08c0cbfe_20260420_001804,1.0,10,5064,job
llm_infer_qwen25_32b_fp16|50c83347_20260421_030757,1.0,10,5064,job
llm_infer_qwen25_32b_fp16|7efd8ad1_20260419_220234,1.0,10,5064,job
llm_infer_qwen25_32b_fp16|bb94db96_20260419_205955,1.0,1,5064,job
llm_infer_qwen25_3b_bs16|3d9be7b5_20260419_033318,1.0,10,5064,job
llm_infer_qwen25_3b_bs4|acde3618_20260419_221540,1.0,10,5064,job
llm_infer_qwen25_3b_bs4|dbfd03f1_20260419_023515,1.0,10,5064,job
llm_infer_qwen25_3b|f36beab2_20260419_214818,1.0,10,5064,job
llm_infer_qwen25_72b_fp8|6ee178e0_20260419_043033,0.9,10,5064,job
llm_infer_qwen25_7b_fp16|87b75337_20260824_200626,1.0,2,5064,job
llm_infer_qwen25_7b_fp16|8c50624a_20260824_211339,1.0,10,5064,job
llm_infer_qwen25_7b_fp16|febf963c_20260419_205933,1.0,1,5064,job
llm_infer_sdxl|81d0af5a_20260419_030149,0.0,10,5064,job
llm_infer_sdxl|81e16ec3_20260419_025634,0.0,10,5064,job
llm_infer_sdxl|827523c5_20260420_223333,0.9,10,5064,job
llm_infer_sdxl|f3c09865_20260419_025108,0.0,10,5064,job
llm_infer_tinyllama_seq4096|367c872f_20260420_222307,1.0,10,5064,job
llm_infer_tinyllama_seq4096|eac7968c_20260419_224733,1.0,10,5064,job
llm_infer_tinyllama_seq4096|ff9add28_20260419_224220,1.0,10,5064,job
llm_infer_vit_l_bs64|9c5aafb1_20260419_232432,1.0,10,5064,job
llm_train_mistral_7b_lora|8af16eaa_20260824_231421,1.0,10,5064,job
llm_train_qwen25_1p5b_lora|8a368ac5_20260824_220307,1.0,10,5064,job
llm_train_qwen25_3b_lora|dfde664f_20260419_224329,0.8,10,5064,job
llm_train_qwen25_3b_lora|e8114b07_20260419_225441,1.0,10,5064,job
llm_train_smollm2_1p7b_lora|ad1a6473_20260419_222727,0.9,10,5064,job
mining_ethash_proxy|417dd7cd_20260420_002049,1.0,10,5064,job
mining_ethash_proxy|814335b9_20260421_020654,1.0,10,5064,job
mlp_training|mlp_training_c52a21,1.0,1,5064,job
nbody_sim|bf32f0fa_20260413_033224,1.0,1,5064,job
nbody_sim|nbody_sim_d50046,0.0,1,5064,job
nvlink_bandwidth|nvlink_bandwidth_gpu0_0eb88f,1.0,1,5064,job
nvlink_bandwidth|nvlink_bandwidth_gpu0_ef7777,0.0,1,5064,job
ppo_rlhf_r8_rep2|4735a4fb_20260804_171221,1.0,10,5064,job
pytorch_mlp_cifar10|4c4e6778_20260825_021431,1.0,1,5064,job
pytorch_resnet_cifar10_amp|7b05a6ae_20260825_021143,1.0,1,5064,job
pytorch_resnet_cifar10_amp|fcd1f0dc_20260825_073317,1.0,1,5064,job
pytorch_resnet_cifar10|0d79ee94_20260825_005047,0.0,10,5064,job
pytorch_training|1540ec8b_20260413_032737,1.0,1,5064,job
pytorch_training|1b83c94e_20260413_032802,1.0,1,5064,job
rendering_proxy|307d16fe_20260825_032515,1.0,10,5064,job
resnet50_inference|ee8f3e1f_20260412_224117,0.9,10,5064,job
resnet_amp|resnet_amp_0c34ce,1.0,1,5064,job
symgemm_L0_fwd1_rep1|7e021360_20260802_181845,1.0,10,5064,job
symgemm_L4_sgdfused_7b_rep1|d75e1ca4_20260802_212515,1.0,10,5064,job
symgemm_L4_sgdfused_rep1|dbbf7955_20260802_174515,1.0,10,5064,job
symgemm_L4_sgdfused_rep4|8f5f5e11_20260802_225748,0.9,10,5064,job
symgemm_L5_adam_rep3|f1871cc2_20260802_222417,1.0,10,5064,job
symgemm_decode_g256_rep1|37d9b353_20260803_004828,1.0,10,5064,job
symgemm_ppo_fused_r8_rep2|ab3e57f5_20260803_005942,1.0,10,5064,job
symgemm_ppo_fused_r8_rep3|be11f759_20260803_013316,1.0,10,5064,job
training_dual_gpu_dp|training_dual_gpu_dp_gpu0_1c7245,1.0,1,5064,job
training_dual_gpu_dp|training_dual_gpu_dp_gpu1_278acd,1.0,1,5064,job
whitebox_diluted_1b_N1_1h|e9c0ff07_20260727_235850,1.0,10,5064,job
whitebox_diluted_N10|e6a6ba30_20260725_195717,1.0,10,5064,job
whitebox_diluted_N20|6305ed40_20260725_204431,1.0,10,5064,job
whitebox_diluted_N5|a37b10ba_20260725_194651,1.0,10,5064,job
whitebox_diluted_N5|e9df56b8_20260725_202339,1.0,10,5064,job
whitebox_inference_7b_1h|4bf42831_20260727_095532,0.8,10,5064,job
whitebox_inference_7b_rep3|62149f64_20260728_050902,0.8,10,5064,job
whitebox_inference|f59e111e_20260725_194134,1.0,10,5064,job
whitebox_lora_7b_N100_1h|53c015c3_20260727_162214,0.9,10,5064,job
whitebox_lora_7b_N10_rep2|a1f5446a_20260728_040109,1.0,10,5064,job
whitebox_lora_7b_N20_1h|8c105125_20260727_142117,1.0,10,5064,job
whitebox_lora_7b_pilot_N8|a2326a19_20260726_130940,1.0,10,5064,job
whitebox_lora_N10|c738d40d_20260725_203918,1.0,10,5064,job
whitebox_lora_N20|b5e22ab8_20260725_212628,1.0,10,5064,job
whitebox_lora_N5|de90ed7d_20260725_202852,1.0,10,5064,job
whitebox_oracle|75298cf9_20260725_225503,1.0,10,5064,job
adversarial_E_memory_minimal|72186530_20260825_040712,1.0,10,5065,job
adversarial_F_interleave_30|df47671a_20260825_041800,1.0,10,5065,job
adversarial_F_interleave_50|13089340_20260825_043935,1.0,10,5065,job
adversarial_F_interleave_50|46a73a4e_20260725_234614,1.0,10,5065,job
adversarial_F_interleave_50|972b5cb1_20260412_230551,1.0,1,5065,job
adversarial_G_clock_throttled|d38b3081_20260412_053508,1.0,10,5065,job
adversarial_G_clock_throttled|d64b14fc_20260825_045547,1.0,10,5065,job
adversarial_H_mimicry_cufft|49dbd077_20260412_223016,1.0,10,5065,job
adversarial_H_mimicry_cufft|8a52b6f9_20260825_052246,1.0,10,5065,job
adversarial_H_mimicry_mining|30dc1b59_20260412_053508,1.0,1,5065,job
adversarial_K_ddp_accum_4|6e24c995c923_20260412_064737,1.0,80,5065,job
adversarial_K_online_learning|cff6d675_20260825_061644,1.0,10,5065,job
adversarial_L_ddp_5|a9a551652c04_20260412_235905,1.0,80,5065,job
adversarial_L_ddp_5|eb1c85843b4a_20260412_062919,1.0,80,5065,job
adversarial_L_ddp_stagger_5|9018a40f5999_20260412_233540,1.0,80,5065,job
adversarial_L_diluted_10|03656a60_20260825_065954,1.0,10,5065,job
adversarial_L_diluted_10|5904fb3d_20260412_223541,1.0,10,5065,job
adversarial_L_diluted_10|d4cc031f_20260726_001456,1.0,10,5065,job
adversarial_L_diluted_2|9a292575_20260825_063255,1.0,10,5065,job
adversarial_L_diluted_5|2471d189_20260412_231132,1.0,10,5065,job
adversarial_L_diluted_5|5e0891fb_20260412_054054,1.0,10,5065,job
bert_finetune|9311265c_20260413_032824,1.0,1,5065,job
bert_sst2_amp_ext|550d0003_20260420_205051,1.0,1,5065,job
bert_sst2|30b0dab5_20260412_231705,1.0,1,5065,job
bert_sst2|906cb48d_20260825_021650,1.0,1,5065,job
cufft_benchmark|7529bef2_20260824_233001,1.0,10,5065,job
cufft_benchmark|f97558fa_20260412_231705,1.0,10,5065,job
ddp_resnet18_cifar10_amp|95f2a16cc1a5_20260412_234616,1.0,80,5065,job
fsdp_13b_nvlink|943b54f5deb5_20260412_071300,1.0,80,5065,job
fsdp_30b_adamw_nvlink|29f631dc5b8a_20260413_002943,1.0,80,5065,job
fsdp_30b_nvlink|165add02433c_20260412_071335,1.0,8,5065,job
fsdp_30b_nvlink|2f237772ccc3_20260413_004957,1.0,80,5065,job
fsdp_30b_nvlink|cb97612d27e1_20260412_074413,1.0,70,5065,job
fsdp_70b_seq512_nvlink|78349b23d251_20260413_013913,1.0,80,5065,job
fsdp_7b_nvlink|755f005b3557_20260412_070444,1.0,80,5065,job
gpt2_finetune|f22ba689_20260413_032930,0.0,1,5065,job
gpt2_wikitext2_amp|62c86ac7_20260412_222753,1.0,2,5065,job
gpt2_wikitext2_ext|7a20f073_20260420_204656,1.0,6,5065,job
gpt2_wikitext2_ext|ab0d938a_20260420_203614,1.0,6,5065,job
gpt2_wikitext2|3a8eee76_20260825_022139,1.0,2,5065,job
idle|9689d8b0_20260413_032720,1.0,1,5065,job
idle|9c0d0d21_20260824_232740,1.0,7,5065,job
inference|inference_c1b4c6,1.0,1,5065,job
llm_infer_mistral_7b_q4|0546326b_20260420_015345,1.0,1,5065,job
llm_infer_mistral_7b_q4|1039bea2_20260825_074800,1.0,10,5065,job
llm_infer_mistral_7b_q4|24353de9_20260420_015430,1.0,10,5065,job
llm_infer_mistral_7b_q4|280943b7_20260421_011827,1.0,10,5065,job
llm_infer_mistral_7b_q4|960c6bbd_20260421_012347,1.0,10,5065,job
llm_infer_mistral_7b_q4|9e359ed7_20260825_003757,1.0,10,5065,job
llm_infer_mistral_7b_q4|b0506bd3_20260419_205916,1.0,1,5065,job
llm_infer_mistral_7b_q4|dbde8feb_20260419_210231,1.0,1,5065,job
llm_infer_mixtral_8x7b|6d7f6e16_20260419_035827,1.0,10,5065,job
llm_infer_phi3_mini|e7151e88_20260420_205129,1.0,10,5065,job
llm_infer_qwen25_14b_fp16|2e76122c_20260419_212144,0.8,10,5065,job
llm_infer_qwen25_14b_fp16|62b1513a_20260419_205946,1.0,1,5065,job
llm_infer_qwen25_14b_fp16|e481b484_20260419_234859,1.0,10,5065,job
llm_infer_qwen25_32b_fp16|0e1acfb8_20260824_214418,0.9,10,5065,job
llm_infer_qwen25_3b_bs16|22ecde82_20260419_032802,1.0,10,5065,job
llm_infer_qwen25_3b_bs16|45cf0574_20260419_230842,1.0,10,5065,job
llm_infer_qwen25_3b_bs4|766c2eff_20260419_024551,1.0,10,5065,job
llm_infer_qwen25_72b_fp16|1d53cfd5_20260421_004034,1.0,10,5065,job
llm_infer_qwen25_72b_fp8|1949bd09_20260420_003236,0.8,10,5065,job
llm_infer_qwen25_72b_fp8|b39fa450_20260419_042425,1.0,10,5065,job
llm_infer_qwen25_7b_fp16|58527b11_20260419_232945,0.9,10,5065,job
llm_infer_qwen25_7b_fp16|87b75337_20260824_200626,1.0,2,5065,job
llm_infer_qwen25_7b_fp16|a694acd9_20260419_210256,0.6,10,5065,job
llm_infer_qwen25_7b_fp16|f6638e51_20260419_211613,0.9,10,5065,job
llm_infer_sdxl|3761f92b_20260419_223705,0.7,10,5065,job
llm_infer_sdxl|81d0af5a_20260419_030149,0.1,10,5065,job
llm_infer_sdxl|adc8a3d2_20260419_222624,0.9,10,5065,job
llm_infer_sdxl|f3c09865_20260419_025108,0.0,10,5065,job
llm_infer_tinyllama_bs8|fd185e9d_20260420_220729,1.0,10,5065,job
llm_infer_tinyllama_seq4096|0b0351ce_20260420_222819,1.0,10,5065,job
llm_train_mistral_7b_lora|e954b9ae_20260824_231951,1.0,10,5065,job
llm_train_phi3_mini_lora|38657ab0_20260419_231116,1.0,10,5065,job
llm_train_qwen25_1p5b_lora|f2ab89f9_20260824_221404,1.0,10,5065,job
llm_train_qwen25_3b_lora|074568ba_20260824_224126,1.0,10,5065,job
llm_train_qwen25_3b_lora|e8114b07_20260419_225441,1.0,10,5065,job
llm_train_smollm2_1p7b_lora|2958dde3_20260824_221932,0.7,10,5065,job
llm_train_smollm2_1p7b_lora|4124c198_20260824_222500,0.7,10,5065,job
llm_train_smollm2_1p7b_lora|896b1640_20260824_223027,0.9,10,5065,job
mining_ethash_proxy|417dd7cd_20260420_002049,1.0,10,5065,job
mining_proxy|mining_proxy_a7ed85,0.0,1,5065,job
nbody_sim|4bf2dc52_20260412_231705,1.0,10,5065,job
nbody_sim|6c13c5ae_20260825_030429,1.0,10,5065,job
nbody_sim|b9568c1a_20260413_033202,1.0,1,5065,job
nbody_sim|e828c825_20260825_025405,1.0,10,5065,job
nbody_sim|nbody_sim_d50046,1.0,1,5065,job
nvlink_bandwidth|nvlink_bandwidth_gpu0_0eb88f,1.0,1,5065,job
nvlink_latency|nvlink_latency_gpu0_1c6087,0.0,1,5065,job
nvlink_latency|nvlink_latency_gpu1_3ab445,1.0,1,5065,job
nvlink_p2p|858acb89_20260413_033414,1.0,1,5065,job
nvlink_p2p|927418b1_20260413_033435,1.0,1,5065,job
ppo_rlhf_r32_rep1|2b37c1ae_20260804_170110,1.0,10,5065,job
ppo_rlhf_r8_rep2|4735a4fb_20260804_171221,1.0,10,5065,job
pytorch_mlp_cifar10|22fad3bd_20260825_021517,1.0,1,5065,job
pytorch_mlp_cifar10|4c4e6778_20260825_021431,1.0,1,5065,job
pytorch_mlp_cifar10|c7886665_20260412_222753,0.0,1,5065,job
pytorch_resnet_cifar10_amp_ext|0e16abc8_20260420_204227,1.0,5,5065,job
pytorch_resnet_cifar10_amp|7184c09f_20260825_073235,1.0,1,5065,job
pytorch_resnet_cifar10_amp|7e69c6dd_20260825_021041,1.0,1,5065,job
pytorch_resnet_cifar10_amp|8ab3bfd2_20260825_020754,1.0,1,5065,job
pytorch_resnet_cifar10_amp|964987b7_20260825_021328,1.0,1,5065,job
pytorch_resnet_cifar10_amp|e9662cc3_20260412_223541,1.0,3,5065,job
pytorch_resnet_cifar10_amp|fcd1f0dc_20260825_073317,1.0,1,5065,job
pytorch_resnet_cifar10_ext|d18ec4ea_20260421_011036,1.0,5,5065,job
pytorch_resnet_cifar10|81f71774_20260412_222753,0.0,1,5065,job
rendering_proxy|8aeaf443_20260825_033538,1.0,10,5065,job
resnet50_inference|0464d734_20260825_022250,0.0,10,5065,job
resnet50_inference|d120b7ba_20260825_024340,0.0,10,5065,job
scientific_hpc|2369d03f_20260413_033308,1.0,1,5065,job
scientific_hpc|b957a0bf_20260413_033246,1.0,1,5065,job
symgemm_L0_fwd1_rep3|0ad604b3_20260802_223527,1.0,10,5065,job
symgemm_L0_fwd1_rep4|03ed95b1_20260802_233118,1.0,10,5065,job
symgemm_L1_fwd3_rep2|e04a3490_20260802_201813,1.0,10,5065,job
symgemm_L5_adam_rep3|f1871cc2_20260802_222417,1.0,10,5065,job
symgemm_ppo_fused_r8_rep1|3a9327e2_20260803_002606,1.0,10,5065,job
whitebox_diluted_3b_N1_1h|814de13f_20260728_005931,0.9,10,5065,job
whitebox_diluted_7b_N10_1h|f65c515b_20260727_121946,0.9,10,5065,job
whitebox_diluted_N10|e6a6ba30_20260725_195717,1.0,10,5065,job
whitebox_diluted_N20|6305ed40_20260725_204431,1.0,10,5065,job
whitebox_diluted_N5|eaaa7663_20260725_210026,1.0,10,5065,job
whitebox_inference_3b_1h|ac7b2aaa_20260727_205044,0.9,10,5065,job
whitebox_inference|f59e111e_20260725_194134,1.0,10,5065,job
whitebox_lora_1b_N1_1h|861a8dfb_20260727_173343,1.0,10,5065,job
whitebox_lora_7b_N50_1h|f9ff4b5d_20260727_152145,1.0,10,5065,job
whitebox_lora_7b_pilot_N8|a2326a19_20260726_130940,1.0,10,5065,job
whitebox_lora_N10|00ea9b4c_20260725_211603,1.0,10,5065,job
whitebox_lora_N10|c738d40d_20260725_203918,1.0,10,5065,job
whitebox_lora_N20|fa5f7994_20260725_204944,1.0,10,5065,job
adversarial_E_memory_minimal|c443df01_20260825_035624,1.0,10,5066,job
adversarial_F_interleave_50|46a73a4e_20260725_234614,1.0,10,5066,job
adversarial_F_interleave_50|4cde77c0_20260726_003313,1.0,10,5066,job
adversarial_G_clock_throttled|4471bfa7_20260412_230551,1.0,1,5066,job
adversarial_H_mimicry_cufft|3d49af99_20260413_013919,1.0,10,5066,job
adversarial_H_mimicry_mining|26c55d63_20260412_230551,1.0,10,5066,job
adversarial_H_mimicry_mining|840df611_20260825_050635,1.0,10,5066,job
adversarial_I_stochastic_30|3978f906_20260825_053334,1.0,10,5066,job
adversarial_I_stochastic_30|650fb51f_20260412_223016,1.0,10,5066,job
adversarial_I_stochastic_30|d13c6696_20260825_054421,1.0,10,5066,job
adversarial_J_pid_75|e3f49bde_20260412_223016,1.0,10,5066,job
adversarial_K_ddp_accum_4|6e24c995c923_20260412_064737,1.0,80,5066,job
adversarial_K_ddp_accum_8|4e915a9d238b_20260412_065453,1.0,80,5066,job
adversarial_K_online_learning|901b510d_20260825_061120,1.0,10,5066,job
adversarial_L_ddp_5|eb1c85843b4a_20260412_062919,1.0,80,5066,job
adversarial_L_diluted_10_mw8|453df7c0_20260726_170248,1.0,10,5066,job
adversarial_L_diluted_10|2c305d90_20260725_232752,1.0,10,5066,job
adversarial_L_diluted_10|6ef8b233_20260412_231132,1.0,10,5066,job
adversarial_L_diluted_200_mw8|a38a444f_20260726_174828,1.0,10,5066,job
adversarial_L_diluted_2|0e8e28c2_20260825_062208,1.0,10,5066,job
adversarial_L_diluted_2|354119ef_20260412_223541,1.0,10,5066,job
batch_size_sweep_dp|batch_size_sweep_dp_gpu0_2c05fa,0.0,1,5066,job
bert_finetune|2a2a5f3e_20260413_032846,0.0,1,5066,job
bert_sst2_amp_ext|550d0003_20260420_205051,1.0,1,5066,job
bert_sst2|675c6c84_20260412_222753,1.0,2,5066,job
cufft_benchmark|2cf468dc_20260421_013631,1.0,10,5066,job
cufft_benchmark|7529bef2_20260824_233001,1.0,10,5066,job
ddp_resnet18_cifar10|b6ee4dbc9fc2_20260412_225907,1.0,80,5066,job
fsdp_30b_nvlink|165add02433c_20260412_071335,1.0,8,5066,job
fsdp_70b_adamw|e53e253f883d_20260413_012900,1.0,2,5066,job
fsdp_70b_nvlink|15cced21b9b1_20260413_012238,1.0,8,5066,job
fsdp_70b_nvlink|3e8e00c5f514_20260413_010753,1.0,80,5066,job
fsdp_70b_nvlink|a7ff05fcabd2_20260413_003024,1.0,8,5066,job
fsdp_7b_nvlink|755f005b3557_20260412_070444,1.0,80,5066,job
gpt2_wikitext2_amp_ext|ec2b4d42_20260420_202719,0.6666666666666666,3,5066,job
gpt2_wikitext2_amp_ext|f609adef_20260420_203807,1.0,2,5066,job
gpt2_wikitext2_amp|f2bd8e13_20260412_231705,1.0,2,5066,job
gpt2_wikitext2_ext|daa304a2_20260421_011634,1.0,6,5066,job
gpt2_wikitext2|1f4b6ea6_20260412_231705,1.0,3,5066,job
gpt2_wikitext2|f1162cf3_20260412_222753,1.0,3,5066,job
idle|03110fa2_20260824_232519,1.0,7,5066,job
idle|395fbdc4_20260413_032720,1.0,1,5066,job
idle|3a7e56ce_20260412_223541,1.0,7,5066,job
idle|964c62f7_20260420_194932,1.0,7,5066,job
idle|f63d327d_20260421_013426,1.0,7,5066,job
idle|idle_e3e53d,1.0,1,5066,job
inference|inference_c1b4c6,1.0,1,5066,job
llm_infer_deepseek_v3_tp8|30d7ed7e6e81_20260419_013711,0.9125,80,5066,job
llm_infer_mistral_7b_q4|0546326b_20260420_015345,1.0,1,5066,job
llm_infer_mistral_7b_q4|960c6bbd_20260421_012347,1.0,10,5066,job
llm_infer_mistral_7b_q4|9e359ed7_20260825_003757,0.9,10,5066,job
llm_infer_mistral_7b_q4|b8b0e618_20260420_005449,1.0,10,5066,job
llm_infer_mistral_7b_q4|dc6bbdac_20260420_010008,1.0,10,5066,job
llm_infer_mixtral_8x7b|a79f0a84_20260419_040511,1.0,10,5066,job
llm_infer_phi3_mini|3bce5480_20260420_210836,1.0,10,5066,job
llm_infer_phi3_mini|4d756fdb_20260419_014632,1.0,10,5066,job
llm_infer_phi3_mini|aafcc35f_20260419_015203,1.0,10,5066,job
llm_infer_phi3_mini|cd6a5e78_20260419_212123,1.0,10,5066,job
llm_infer_phi3_mini|d0a32c71_20260419_213210,1.0,10,5066,job
llm_infer_qwen25_14b_fp16|a5960172_20260420_232931,1.0,10,5066,job
llm_infer_qwen25_32b_fp16|43218758_20260421_031401,1.0,10,5066,job
llm_infer_qwen25_32b_fp16|54f1bd71_20260419_205959,1.0,1,5066,job
llm_infer_qwen25_32b_fp16|7efd8ad1_20260419_220234,1.0,10,5066,job
llm_infer_qwen25_3b_bs16|72bf234c_20260419_230326,1.0,10,5066,job
llm_infer_qwen25_3b_bs4|a3bb4757_20260419_221022,1.0,10,5066,job
llm_infer_qwen25_3b_bs4|aa80c128_20260420_213501,1.0,10,5066,job
llm_infer_qwen25_3b_bs4|d16da8aa_20260420_212943,1.0,10,5066,job
llm_infer_qwen25_3b|f36beab2_20260419_214818,1.0,10,5066,job
llm_infer_qwen25_72b_fp8|1949bd09_20260420_003236,0.9,10,5066,job
llm_infer_qwen25_72b_fp8|8ae2fbd4_20260420_004029,0.9,10,5066,job
llm_infer_qwen25_72b_fp8|cd098693_20260420_004709,0.9,10,5066,job
llm_infer_qwen25_72b_tp2|173cf665d203_20260419_044434,1.0,10,5066,job
llm_infer_qwen25_72b_tp2|d667bcd68796_20260419_045202,1.0,20,5066,job
llm_infer_qwen25_7b_fp16|0c4a3bb2_20260824_212015,1.0,10,5066,job
llm_infer_qwen25_7b_fp16|4f69bded_20260824_200743,1.0,1,5066,job
llm_infer_qwen25_7b_fp16|58527b11_20260419_232945,0.8,10,5066,job
llm_infer_qwen25_7b_fp16|87b75337_20260824_200626,1.0,2,5066,job
llm_infer_qwen25_7b_fp16|c98d90af_20260420_231133,1.0,10,5066,job
llm_infer_qwen25_7b_fp16|f70331c1_20260419_233641,1.0,10,5066,job
llm_infer_sdxl|81d0af5a_20260419_030149,1.0,10,5066,job
llm_infer_tinyllama_bs8|00313478_20260419_215951,1.0,10,5066,job
llm_infer_tinyllama_bs8|75a3d2cd_20260419_215432,0.9,10,5066,job
llm_infer_tinyllama_bs8|bcad42c3_20260419_220507,1.0,10,5066,job
llm_infer_tinyllama_bs8|ce7d83fd_20260419_022445,1.0,10,5066,job
llm_infer_tinyllama_bs8|ecdf6ee5_20260420_220215,1.0,10,5066,job
llm_infer_tinyllama_seq4096|367c872f_20260420_222307,1.0,10,5066,job
llm_infer_vit_l_bs64|38e37d2f_20260419_034355,1.0,10,5066,job
llm_infer_vit_l_bs64|5e01a928_20260419_034907,1.0,10,5066,job
llm_infer_vit_l_bs64|7be29623_20260420_224924,1.0,10,5066,job
llm_train_mistral_7b_lora|408384ba_20260419_232329,1.0,10,5066,job
llm_train_phi3_mini_lora|0d707150_20260419_230604,1.0,10,5066,job
llm_train_phi3_mini_lora|48da72bf_20260824_230320,1.0,10,5066,job
llm_train_qwen25_1p5b_lora|8a368ac5_20260824_220307,1.0,10,5066,job
llm_train_qwen25_1p5b_lora|e0c86e62_20260824_220836,1.0,10,5066,job
llm_train_qwen25_3b_lora|dfde664f_20260419_224329,0.9,10,5066,job
llm_train_smollm2_1p7b_lora|4124c198_20260824_222500,1.0,10,5066,job
llm_train_smollm2_1p7b_lora|bc185109_20260419_223818,1.0,10,5066,job
mining_ethash_proxy|c56e618e_20260412_224732,1.0,10,5066,job
nbody_sim|bf32f0fa_20260413_033224,1.0,1,5066,job
nbody_sim|e90ecd1d_20260825_031452,1.0,10,5066,job
nvlink_bandwidth|nvlink_bandwidth_gpu1_b97b50,1.0,1,5066,job
nvlink_p2p|7e14f65e_20260413_033435,1.0,1,5066,job
ppo_rlhf_r32_rep2|580ad642_20260804_172333,0.9,10,5066,job
ppo_rlhf_r8_rep3|5a1e4c08_20260804_173443,1.0,10,5066,job
pytorch_mlp_cifar10_ext|a9cd45e0_20260421_011343,1.0,10,5066,job
pytorch_resnet_cifar10_amp|09c94605_20260412_222753,1.0,2,5066,job
pytorch_resnet_cifar10_amp|7b05a6ae_20260825_021143,1.0,1,5066,job
pytorch_resnet_cifar10_amp|8ab3bfd2_20260825_020754,1.0,1,5066,job
pytorch_resnet_cifar10_ext|d18ec4ea_20260421_011036,1.0,5,5066,job
pytorch_resnet_cifar10|1c3ed317_20260825_020430,1.0,1,5066,job
pytorch_resnet_cifar10|81f71774_20260412_222753,0.0,1,5066,job
pytorch_training|1b83c94e_20260413_032802,1.0,1,5066,job
rendering_proxy|307d16fe_20260825_032515,1.0,10,5066,job
resnet50_inference|f8907ec1_20260413_032952,0.0,1,5066,job
scientific_hpc|b957a0bf_20260413_033246,1.0,1,5066,job
symgemm_L1_fwd3_rep3|956006bf_20260802_221307,1.0,10,5066,job
symgemm_L3_graddiscard_rep3|3abcefec_20260802_224637,1.0,10,5066,job
symgemm_L4_sgdfused_rep2|a86d6744_20260802_200703,1.0,10,5066,job
symgemm_L4_sgdfused_short7b_rep1|2f4f2eb2_20260803_072657,0.9,10,5066,job
symgemm_L5_adam_rep3|f1871cc2_20260802_222417,1.0,10,5066,job
training_dual_gpu_dp|multi_gpu_telemetry_gpu0,0.5,2,5066,job
training_single_gpu|training_single_gpu_gpu0_199317,1.0,1,5066,job
whitebox_diluted_N10|e6a6ba30_20260725_195717,1.0,10,5066,job
whitebox_diluted_N20|6305ed40_20260725_204431,1.0,10,5066,job
whitebox_diluted_N5|e9df56b8_20260725_202339,1.0,10,5066,job
whitebox_inference_3b_rep2|92741c8b_20260728_020004,0.0,10,5066,job
whitebox_inference_long|877db838_20260725_055129,1.0,10,5066,job
whitebox_lora_N10|00ea9b4c_20260725_211603,1.0,10,5066,job
whitebox_lora_N20|fa5f7994_20260725_204944,1.0,10,5066,job
whitebox_oracle_7b_long|dd20b782_20260726_181838,0.9,10,5066,job
adversarial_F_interleave_50|13089340_20260825_043935,1.0,10,5067,job
adversarial_F_interleave_50|bc02cbc2_20260726_000947,1.0,10,5067,job
adversarial_F_interleave_50|e70f6fc4_20260412_053508,1.0,10,5067,job
adversarial_G_clock_throttled|26e4120c_20260825_045023,1.0,10,5067,job
adversarial_G_clock_throttled|b38cd060_20260825_044459,1.0,10,5067,job
adversarial_H_mimicry_cufft|407d2529_20260825_052810,1.0,10,5067,job
adversarial_H_mimicry_cufft|bf336e54_20260825_051722,1.0,10,5067,job
adversarial_K_ddp_accum_8|4e915a9d238b_20260412_065453,1.0,80,5067,job
adversarial_K_ddp|41b734487b5e_20260412_235331,1.0,80,5067,job
adversarial_K_online_learning|1468f533_20260412_231132,1.0,10,5067,job
adversarial_K_online_learning|cff6d675_20260825_061644,1.0,10,5067,job
adversarial_L_ddp_10|4f087fae7c56_20260412_233011,1.0,80,5067,job
adversarial_L_ddp_10|740abd236207_20260413_000621,1.0,80,5067,job
adversarial_L_ddp_stagger_5|2739e0598ddb_20260413_001154,1.0,80,5067,job
adversarial_L_diluted_10|6ef8b233_20260412_231132,1.0,10,5067,job
adversarial_L_diluted_10|7a3fb3e9_20260825_070518,1.0,10,5067,job
adversarial_L_diluted_10|d4cc031f_20260726_001456,1.0,10,5067,job
adversarial_L_diluted_20|25326617_20260725_233354,1.0,10,5067,job
adversarial_L_diluted_20|2a9e51e9_20260725_235723,1.0,10,5067,job
adversarial_L_diluted_2|354119ef_20260412_223541,1.0,10,5067,job
adversarial_training|0ff8862b_20260413_033352,1.0,1,5067,job
batch_size_sweep_dp|batch_size_sweep_dp_gpu1_f04813,1.0,1,5067,job
bert_sst2|906cb48d_20260825_021650,1.0,1,5067,job
cufft_benchmark|4bfa16e2_20260824_235047,1.0,10,5067,job
cufft_benchmark|540552ce_20260824_234024,1.0,10,5067,job
cufft_benchmark|692a3d5e_20260412_224117,1.0,10,5067,job
cufft_benchmark|7529bef2_20260824_233001,1.0,10,5067,job
cufft_benchmark|7eb3b0fd_20260420_000038,1.0,10,5067,job
cufft_hpc|cufft_hpc_c78372,1.0,1,5067,job
ddp_resnet18_cifar10|a76b540db268_20260412_233502,1.0,80,5067,job
fsdp_30b_nvlink|165add02433c_20260412_071335,1.0,8,5067,job
fsdp_30b_nvlink|2f237772ccc3_20260413_004957,1.0,80,5067,job
fsdp_30b_nvlink|cb97612d27e1_20260412_074412,1.0,10,5067,job
fsdp_70b_adamw|e53e253f883d_20260413_012900,1.0,2,5067,job
fsdp_70b_nvlink|3e8e00c5f514_20260413_010753,1.0,80,5067,job
fsdp_70b_nvlink|a7ff05fcabd2_20260413_003024,1.0,8,5067,job
fsdp_7b_nvlink|5de962c92de9_20260412_235456,1.0,80,5067,job
gpt2_finetune|f22ba689_20260413_032930,1.0,1,5067,job
gpt2_wikitext2_amp|62c86ac7_20260412_222753,1.0,2,5067,job
gpt2_wikitext2_amp|f2bd8e13_20260412_231705,1.0,2,5067,job
idle|3a7e56ce_20260412_223541,1.0,7,5067,job
idle|5edd7d6c_20260413_032703,1.0,1,5067,job
idle|9689d8b0_20260413_032720,1.0,1,5067,job
idle|9883933c_20260420_201152,1.0,7,5067,job
idle|bda38c7a_20260412_231132,1.0,7,5067,job
llm_infer_deepseek_v3_tp8|acb00ac39728_20260419_002311,1.0,50,5067,job
llm_infer_mistral_7b_q4|0f8555a9_20260825_003220,0.9,10,5067,job
llm_infer_mistral_7b_q4|1aa4e562_20260825_004332,0.9,10,5067,job
llm_infer_mistral_7b_q4|5841de91_20260419_210239,1.0,1,5067,job
llm_infer_mistral_7b_q4|85d8feff_20260419_215354,1.0,1,5067,job
llm_infer_mistral_7b_q4|960c6bbd_20260421_012347,1.0,10,5067,job
llm_infer_mistral_7b_q4|c36eab64_20260419_220847,1.0,1,5067,job
llm_infer_mixtral_8x7b|7c6d4b81_20260421_000537,1.0,10,5067,job
llm_infer_mixtral_8x7b|d574e683_20260419_041135,1.0,10,5067,job
llm_infer_phi3_mini|e7320dff_20260420_205804,0.9,10,5067,job
llm_infer_qwen25_14b_fp16|c1adb329_20260419_205942,1.0,1,5067,job
llm_infer_qwen25_32b_fp16|a14ebdea_20260824_215053,1.0,10,5067,job
llm_infer_qwen25_32b_fp16|bb94db96_20260419_205955,1.0,1,5067,job
llm_infer_qwen25_3b_bs16|22ecde82_20260419_032802,1.0,10,5067,job
llm_infer_qwen25_3b_bs4|766c2eff_20260419_024551,1.0,10,5067,job
llm_infer_qwen25_3b_bs4|a3bb4757_20260419_221022,1.0,10,5067,job
llm_infer_qwen25_3b_bs4|acde3618_20260419_221540,1.0,10,5067,job
llm_infer_qwen25_3b|b3849090_20260419_213727,1.0,10,5067,job
llm_infer_qwen25_3b|df5ce46a_20260419_020809,1.0,10,5067,job
llm_infer_qwen25_3b|f36beab2_20260419_214818,1.0,10,5067,job
llm_infer_qwen25_72b_fp8|1949bd09_20260420_003236,1.0,10,5067,job
llm_infer_qwen25_72b_fp8|36625af8_20260420_235243,1.0,10,5067,job
llm_infer_qwen25_72b_fp8|cd098693_20260420_004709,1.0,10,5067,job
llm_infer_qwen25_72b_tp2|173cf665d203_20260419_044435,1.0,10,5067,job
llm_infer_qwen25_7b_fp16|4f69bded_20260824_200743,1.0,1,5067,job
llm_infer_qwen25_7b_fp16|58527b11_20260419_232945,0.9,10,5067,job
llm_infer_qwen25_7b_fp16|f6638e51_20260419_211613,1.0,10,5067,job
llm_infer_qwen25_7b_fp16|febf963c_20260419_205933,1.0,1,5067,job
llm_infer_sdxl|3761f92b_20260419_223705,0.9,10,5067,job
llm_infer_sdxl|43c64a98_20260420_224406,1.0,10,5067,job
llm_infer_tinyllama_bs8|43f9b961_20260420_221242,1.0,10,5067,job
llm_infer_tinyllama_bs8|bcad42c3_20260419_220507,1.0,10,5067,job
llm_infer_tinyllama_seq4096|72177ae6_20260419_031218,1.0,10,5067,job
llm_infer_vit_l_bs64|27cbf4a5_20260419_231919,1.0,10,5067,job
llm_train_mistral_7b_lora|e2b30e58_20260419_232842,1.0,10,5067,job
llm_train_qwen25_1p5b_lora|a219bf6f_20260419_221705,1.0,10,5067,job
llm_train_qwen25_3b_lora|dfde664f_20260419_224329,0.9,10,5067,job
llm_train_smollm2_1p7b_lora|19738386_20260419_223307,1.0,10,5067,job
llm_train_smollm2_1p7b_lora|ad1a6473_20260419_222727,1.0,10,5067,job
mining_ethash_proxy|b6f2e520_20260825_001133,1.0,10,5067,job
modern_inference|165eedde_20260413_033036,1.0,1,5067,job
nbody_sim|b9568c1a_20260413_033202,1.0,1,5067,job
nbody_sim|bcbaef15_20260413_033224,1.0,1,5067,job
nvlink_latency|nvlink_latency_gpu1_9a8612,1.0,1,5067,job
ppo_rlhf_r32_rep1|2b37c1ae_20260804_170110,1.0,10,5067,job
ppo_rlhf_r32_rep3|9c5afa29_20260804_174554,1.0,10,5067,job
pytorch_mlp_cifar10_ext|22ac55c7_20260420_203325,1.0,10,5067,job
pytorch_resnet_cifar10_amp_ext|a0c58ed2_20260420_203152,1.0,5,5067,job
pytorch_resnet_cifar10_amp|7184c09f_20260825_073235,1.0,1,5067,job
pytorch_resnet_cifar10_amp|73475ab0_20260412_231132,1.0,4,5067,job
pytorch_resnet_cifar10_amp|964987b7_20260825_021328,1.0,1,5067,job
pytorch_resnet_cifar10_amp|bc16a2c3_20260825_020856,1.0,1,5067,job
pytorch_resnet_cifar10_amp|e9662cc3_20260412_223541,1.0,3,5067,job
pytorch_resnet_cifar10_amp|f1be0dfb_20260825_020609,1.0,1,5067,job
pytorch_resnet_cifar10_ext|d18ec4ea_20260421_011036,1.0,5,5067,job
pytorch_resnet_cifar10|0d79ee94_20260825_005047,0.0,10,5067,job
pytorch_resnet_cifar10|0de6fc56_20260825_020340,1.0,1,5067,job
rendering_proxy|5278c256_20260412_232321,1.0,10,5067,job
rendering|rendering_33f139,0.0,1,5067,job
resnet50_inference|0464d734_20260825_022250,1.0,10,5067,job
resnet50_inference|f65b4403_20260413_033014,0.0,1,5067,job
symgemm_L1_fwd3_m8192_rep2|e044c3fe_20260802_211404,1.0,10,5067,job
symgemm_L1_fwd3_rep3|956006bf_20260802_221307,1.0,10,5067,job
symgemm_L3_graddiscard_rep4|7a0468e5_20260802_234229,1.0,10,5067,job
symgemm_L4_sgdfused_7b_rep1|d75e1ca4_20260802_212515,1.0,10,5067,job
symgemm_L4_sgdfused_rep1|dbbf7955_20260802_174515,1.0,10,5067,job
symgemm_L5_adam_rep2|498da780_20260802_202923,1.0,10,5067,job
symgemm_decode_g256_rep3|6e25438a_20260803_015538,1.0,10,5067,job
symgemm_ppo_fused_r32_rep1|52af0173_20260803_003717,1.0,10,5067,job
training_dual_gpu_dp|multi_gpu_telemetry_gpu1,1.0,2,5067,job
training_single_gpu|single_gpu_telemetry,1.0,1,5067,job
whitebox_diluted_N10|8891b439_20260725_211051,1.0,10,5067,job
whitebox_diluted_N10|d7e25a80_20260725_203405,1.0,10,5067,job
whitebox_diluted_N10|e6a6ba30_20260725_195717,1.0,10,5067,job
whitebox_diluted_N20|d8b176f8_20260725_212116,1.0,10,5067,job
whitebox_inference_3b_1h|ac7b2aaa_20260727_205044,0.0,10,5067,job
whitebox_inference|2c3fb377_20260725_205514,0.9,10,5067,job
whitebox_inference|f59e111e_20260725_194134,0.8,10,5067,job
whitebox_lora_7b_N100_1h|53c015c3_20260727_162214,1.0,10,5067,job
whitebox_lora_7b_N1_1h|d26abcf1_20260727_110823,1.0,10,5067,job
whitebox_lora_7b_N50_1h|f9ff4b5d_20260727_152145,1.0,10,5067,job
whitebox_lora_7b_pilot_N2|849422c3_20260726_114431,1.0,10,5067,job
whitebox_lora_7b_pilot_N8|a2326a19_20260726_130940,1.0,10,5067,job
whitebox_lora_N5|de90ed7d_20260725_202852,1.0,10,5067,job
whitebox_oracle|dfb4b131_20260725_230325,1.0,10,5067,job
adversarial_F_interleave_30|42e0d626_20260412_223016,1.0,10,5068,job
adversarial_F_interleave_30|df47671a_20260825_041800,1.0,10,5068,job
adversarial_G_clock_throttled|26e4120c_20260825_045023,1.0,10,5068,job
adversarial_G_clock_throttled|b38cd060_20260825_044459,1.0,10,5068,job
adversarial_H_mimicry_cufft|407d2529_20260825_052810,1.0,10,5068,job
adversarial_H_mimicry_cufft|49dbd077_20260412_223016,1.0,10,5068,job
adversarial_H_mimicry_cufft|983fad80_20260412_053508,1.0,1,5068,job
adversarial_H_mimicry_mining|30dc1b59_20260412_053508,1.0,1,5068,job
adversarial_I_stochastic_30|3978f906_20260825_053334,1.0,10,5068,job
adversarial_I_stochastic_30|650fb51f_20260412_223016,0.9,10,5068,job
adversarial_J_pid_75|c205c1d2_20260413_014428,1.0,10,5068,job
adversarial_K_ddp_accum_4|b28bb647b0ef_20260412_234110,1.0,80,5068,job
adversarial_K_ddp|41b734487b5e_20260412_235331,1.0,80,5068,job
adversarial_K_online_learning|1468f533_20260412_231132,1.0,10,5068,job
adversarial_K_online_learning|3ca87735_20260825_060556,1.0,10,5068,job
adversarial_L_ddp_10|a3adf2258b52_20260412_063635,1.0,80,5068,job
adversarial_L_ddp_5|7f7c7caec1c9_20260412_232441,1.0,80,5068,job
adversarial_L_ddp_stagger_5|9018a40f5999_20260412_233540,1.0,80,5068,job
adversarial_L_diluted_10_mw8|51a40fcc_20260726_171309,1.0,10,5068,job
adversarial_L_diluted_10|512934b1_20260412_054054,1.0,10,5068,job
adversarial_L_diluted_10|7a3fb3e9_20260825_070518,1.0,10,5068,job
adversarial_L_diluted_10|d4cc031f_20260726_001456,1.0,10,5068,job
adversarial_L_diluted_20|25326617_20260725_233354,1.0,10,5068,job
adversarial_L_diluted_20|405a7452_20260412_223541,1.0,10,5068,job
adversarial_L_diluted_20|ee8eddb5_20260825_071042,1.0,10,5068,job
adversarial_L_diluted_5|5e0891fb_20260412_054054,1.0,10,5068,job
adversarial_training|33aa4cb4_20260413_033352,1.0,1,5068,job
adversarial_training|b1c5e184_20260413_033330,0.0,1,5068,job
batch_size_sweep_dp|batch_size_sweep_dp_gpu1_f04813,1.0,1,5068,job
bert_sst2_amp_ext|cb252747_20260420_204010,1.0,1,5068,job
bert_sst2_ext|49545bf6_20260420_204947,1.0,3,5068,job
cufft_benchmark|38fd661e_20260419_235032,1.0,10,5068,job
cufft_benchmark|7529bef2_20260824_233001,1.0,10,5068,job
cufft_hpc|cufft_hpc_c78372,1.0,1,5068,job
ddp_resnet18_cifar10|b6ee4dbc9fc2_20260412_225907,1.0,80,5068,job
ddp_resnet18_cifar10|ce5c33bebcdd_20260412_060311,1.0,80,5068,job
ddp_resnet50_cifar10|3477d94c3a9e_20260412_060843,1.0,80,5068,job
ddp_resnet50_cifar10|9fc805ce081e_20260412_234039,1.0,80,5068,job
fsdp_30b_adamw_nvlink|29f631dc5b8a_20260413_002943,1.0,80,5068,job
fsdp_30b_nvlink|8726f6620517_20260413_001627,1.0,80,5068,job
fsdp_70b_nvlink|a7ff05fcabd2_20260413_003024,1.0,8,5068,job
fsdp_70b_nvlink|c632fe2971fa_20260412_071411,1.0,8,5068,job
fsdp_7b_nvlink|5de962c92de9_20260412_235456,1.0,80,5068,job
fsdp_7b_nvlink|a2f8d14a4ed2_20260413_003114,1.0,80,5068,job
gpt2_wikitext2_amp_ext|058cfbc9_20260420_204849,1.0,2,5068,job
gpt2_wikitext2_amp_ext|f609adef_20260420_203807,1.0,2,5068,job
gpt2_wikitext2_amp|62c86ac7_20260412_222753,1.0,2,5068,job
gpt2_wikitext2|3a8eee76_20260825_022139,1.0,2,5068,job
idle|5edd7d6c_20260413_032703,1.0,1,5068,job
idle|9eb24edf_20260824_171857,1.0,7,5068,job
idle|idle_96fcac,1.0,1,5068,job
idle|idle_e3e53d,1.0,1,5068,job
llm_infer_deepseek_v3_tp8|f41d4d3c1247_20260419_014514,1.0,80,5068,job
llm_infer_mistral_7b_q4|177996c6_20260421_012908,1.0,10,5068,job
llm_infer_mistral_7b_q4|199b8710_20260825_074125,0.9,10,5068,job
llm_infer_mistral_7b_q4|280943b7_20260421_011827,1.0,10,5068,job
llm_infer_mistral_7b_q4|793c412e_20260420_010538,1.0,10,5068,job
llm_infer_mistral_7b_q4|c36eab64_20260419_220847,1.0,1,5068,job
llm_infer_mistral_7b_q4|d4a0ca97_20260419_215339,0.0,1,5068,job
llm_infer_mistral_7b_q4|eff20385_20260419_205907,1.0,1,5068,job
llm_infer_qwen25_14b_fp16|1eda1bef_20260824_213225,1.0,10,5068,job
llm_infer_qwen25_14b_fp16|9bdd69d7_20260420_233533,1.0,10,5068,job
llm_infer_qwen25_14b_fp16|c1adb329_20260419_205942,1.0,1,5068,job
llm_infer_qwen25_32b_fp16|54f1bd71_20260419_205959,1.0,1,5068,job
llm_infer_qwen25_32b_fp16|c89b4098_20260419_214232,0.8,10,5068,job
llm_infer_qwen25_3b_bs16|45cf0574_20260419_230842,1.0,10,5068,job
llm_infer_qwen25_3b_bs16|ee6ca6af_20260420_214537,1.0,10,5068,job
llm_infer_qwen25_3b_bs4|16c726fc_20260419_222104,1.0,10,5068,job
llm_infer_qwen25_3b_bs4|32bdfeb6_20260419_024034,1.0,10,5068,job
llm_infer_qwen25_3b|372a1387_20260420_212426,1.0,10,5068,job
llm_infer_qwen25_3b|f36beab2_20260419_214818,1.0,10,5068,job
llm_infer_qwen25_72b_fp8|36625af8_20260420_235243,1.0,10,5068,job
llm_infer_qwen25_72b_fp8|78a77a8b_20260420_235909,1.0,10,5068,job
llm_infer_qwen25_72b_tp2|173cf665d203_20260419_044434,1.0,10,5068,job
llm_infer_qwen25_7b_fp16|a694acd9_20260419_210256,0.8,10,5068,job
llm_infer_qwen25_7b_fp16|fff7de88_20260419_205924,1.0,1,5068,job
llm_infer_tinyllama_bs8|ecdf6ee5_20260420_220215,1.0,10,5068,job
llm_infer_tinyllama_bs8|efe8ddc5_20260419_021922,0.9,10,5068,job
llm_infer_tinyllama_bs8|fd185e9d_20260420_220729,1.0,10,5068,job
llm_infer_tinyllama_seq4096|25a7da9a_20260419_225251,1.0,10,5068,job
llm_train_mistral_7b_lora|8af16eaa_20260824_231421,1.0,10,5068,job
llm_train_mistral_7b_lora|e954b9ae_20260824_231951,1.0,10,5068,job
llm_train_phi3_mini_lora|38657ab0_20260419_231116,1.0,10,5068,job
llm_train_phi3_mini_lora|4bf06f5e_20260824_225752,1.0,10,5068,job
llm_train_phi3_mini_lora|5fb0d553_20260824_225222,1.0,10,5068,job
llm_train_qwen25_1p5b_lora|4f537ca3_20260419_222216,1.0,10,5068,job
llm_train_qwen25_3b_lora|074568ba_20260824_224126,1.0,10,5068,job
llm_train_qwen25_3b_lora|66980709_20260824_223555,1.0,10,5068,job
llm_train_qwen25_3b_lora|dfde664f_20260419_224329,0.9,10,5068,job
llm_train_qwen25_3b_lora|e8114b07_20260419_225441,1.0,10,5068,job
mining_ethash_proxy|5a291891_20260420_200144,1.0,10,5068,job
nvlink_bandwidth|nvlink_bandwidth_gpu0_ef7777,0.0,1,5068,job
nvlink_bandwidth|nvlink_bandwidth_gpu1_30ea2a,0.0,1,5068,job
nvlink_latency|nvlink_latency_gpu0_1c6087,1.0,1,5068,job
nvlink_latency|nvlink_latency_gpu0_5aa1ba,1.0,1,5068,job
pytorch_mlp_cifar10_ext|22ac55c7_20260420_203325,1.0,10,5068,job
pytorch_mlp_cifar10_ext|91abd671_20260420_204403,1.0,10,5068,job
pytorch_mlp_cifar10|2cd679aa_20260412_224117,1.0,2,5068,job
pytorch_resnet_cifar10_amp_ext|0e16abc8_20260420_204227,1.0,5,5068,job
pytorch_resnet_cifar10_amp_ext|912880ba_20260421_011212,1.0,5,5068,job
pytorch_resnet_cifar10_amp|964987b7_20260825_021328,1.0,1,5068,job
pytorch_resnet_cifar10_amp|a2af05e4_20260825_020701,1.0,1,5068,job
pytorch_resnet_cifar10_amp|e9662cc3_20260412_223541,1.0,3,5068,job
pytorch_resnet_cifar10|0de6fc56_20260825_020340,1.0,1,5068,job
pytorch_resnet_cifar10|94104fc8_20260412_223541,1.0,2,5068,job
pytorch_training|1540ec8b_20260413_032737,1.0,1,5068,job
rendering_proxy|307d16fe_20260825_032515,1.0,10,5068,job
rendering_proxy|8aeaf443_20260825_033538,1.0,10,5068,job
resnet50_inference|ee8f3e1f_20260412_224117,0.9,10,5068,job
resnet_amp|resnet_amp_0c34ce,1.0,1,5068,job
resnet_fp32|resnet_fp32_f7ebcf,1.0,1,5068,job
symgemm_L1_fwd3_rep2|e04a3490_20260802_201813,1.0,10,5068,job
symgemm_L5_adam_rep4|b36d56ef_20260802_232008,1.0,10,5068,job
symgemm_decode_g256_rep2|4fc9bf1b_20260803_012205,1.0,10,5068,job
symgemm_ppo_fused_r32_rep1|52af0173_20260803_003717,1.0,10,5068,job
symgemm_ppo_fused_r32_rep3|6b1c2a3b_20260803_014427,1.0,10,5068,job
training_dual_gpu_dp|multi_gpu_telemetry_gpu0,1.0,2,5068,job
training_dual_gpu_dp|training_dual_gpu_dp_gpu1_278acd,1.0,1,5068,job
whitebox_diluted_1b_N1_1h|e9c0ff07_20260727_235850,1.0,10,5068,job
whitebox_diluted_N10|d7e25a80_20260725_203405,1.0,10,5068,job
whitebox_diluted_N20|d8b176f8_20260725_212116,1.0,10,5068,job
whitebox_diluted_N5|eaaa7663_20260725_210026,1.0,10,5068,job
whitebox_inference_1b_matched|c6927996_20260728_061814,0.8,10,5068,job
whitebox_inference_3b_1h|ac7b2aaa_20260727_205044,0.9,10,5068,job
whitebox_inference_7b_2h|2c53509d_20260727_215058,0.9,10,5068,job
whitebox_inference|3d92903b_20260725_201826,0.9,10,5068,job
whitebox_inference|f59e111e_20260725_194134,0.8,10,5068,job
whitebox_lora_3b_N1_1h|070267f7_20260727_194926,1.0,10,5068,job
whitebox_lora_N10|00ea9b4c_20260725_211603,1.0,10,5068,job
width_sweep_dp|width_sweep_dp_gpu0_a80bfa,1.0,1,5068,job
adversarial_E_memory_minimal|72186530_20260825_040712,1.0,10,5069,job
adversarial_F_interleave_30|a1e40da7_20260825_041236,1.0,10,5069,job
adversarial_F_interleave_30|df47671a_20260825_041800,1.0,10,5069,job
adversarial_F_interleave_50|468ad378_20260825_042847,1.0,10,5069,job
adversarial_F_interleave_50|e70f6fc4_20260412_053508,1.0,10,5069,job
adversarial_G_clock_throttled|4471bfa7_20260412_230551,0.0,1,5069,job
adversarial_G_clock_throttled|b38cd060_20260825_044459,1.0,10,5069,job
adversarial_H_mimicry_cufft|8a52b6f9_20260825_052246,1.0,10,5069,job
adversarial_I_stochastic_30|18b857be_20260412_230551,1.0,1,5069,job
adversarial_I_stochastic_30|3978f906_20260825_053334,1.0,10,5069,job
adversarial_J_pid_75|e3f49bde_20260412_223016,1.0,10,5069,job
adversarial_K_ddp|af5daab2a59a_20260412_062347,1.0,80,5069,job
adversarial_L_ddp_10|740abd236207_20260413_000621,1.0,80,5069,job
adversarial_L_ddp_5|7f7c7caec1c9_20260412_232441,1.0,80,5069,job
adversarial_L_diluted_10_mw8|453df7c0_20260726_170248,1.0,10,5069,job
adversarial_L_diluted_10|512934b1_20260412_054054,1.0,10,5069,job
adversarial_L_diluted_10|7a3fb3e9_20260825_070518,1.0,10,5069,job
adversarial_L_diluted_2|07fb94ee_20260412_054054,1.0,10,5069,job
adversarial_L_diluted_5|5e0891fb_20260412_054054,1.0,10,5069,job
adversarial_training|b1c5e184_20260413_033330,0.0,1,5069,job
bert_sst2_amp_ext|7d5929da_20260420_202928,1.0,1,5069,job
bert_sst2_ext|49545bf6_20260420_204947,1.0,3,5069,job
bert_sst2|4a0aab7a_20260825_021739,1.0,1,5069,job
cufft_benchmark|fa1982fd_20260419_234026,1.0,10,5069,job
cufft_hpc|cufft_hpc_c78372,1.0,1,5069,job
ddp_resnet18_cifar10_amp|972309ed66bd_20260412_231156,1.0,80,5069,job
fsdp_30b_nvlink|165add02433c_20260412_071335,1.0,8,5069,job
fsdp_30b_nvlink|8726f6620517_20260413_001627,1.0,80,5069,job
fsdp_70b_adamw|e53e253f883d_20260413_012859,1.0,6,5069,job
fsdp_70b_adamw|e53e253f883d_20260413_012900,1.0,2,5069,job
fsdp_70b_sgd_momentum|465819c33b0c_20260413_012319,0.9375,80,5069,job
fsdp_7b_nvlink|5de962c92de9_20260412_235456,1.0,80,5069,job
fsdp_7b_nvlink|755f005b3557_20260412_070444,1.0,80,5069,job
gpt2_finetune|f22ba689_20260413_032930,0.0,1,5069,job
gpt2_wikitext2_amp_ext|f609adef_20260420_203807,1.0,2,5069,job
gpt2_wikitext2_ext|7a20f073_20260420_204656,1.0,6,5069,job
gpt2_wikitext2|60a1ee17_20260825_022027,1.0,2,5069,job
gpt2_wikitext2|917b93fb_20260412_224117,0.6666666666666666,3,5069,job
idle|03110fa2_20260824_232519,1.0,7,5069,job
idle|395fbdc4_20260413_032720,1.0,1,5069,job
idle|964c62f7_20260420_194932,1.0,7,5069,job
llm_infer_deepseek_v3_tp8|acb00ac39728_20260419_002311,0.42,50,5069,job
llm_infer_mistral_7b_q4|24353de9_20260420_015430,0.9,10,5069,job
llm_infer_phi3_mini|aafcc35f_20260419_015203,1.0,10,5069,job
llm_infer_qwen25_14b_fp16|1eda1bef_20260824_213225,1.0,10,5069,job
llm_infer_qwen25_14b_fp16|2e76122c_20260419_212144,0.6,10,5069,job
llm_infer_qwen25_14b_fp16|85bf5790_20260419_205937,1.0,1,5069,job
llm_infer_qwen25_14b_fp16|875f3c6d_20260420_232314,1.0,10,5069,job
llm_infer_qwen25_14b_fp16|98601a67_20260824_213822,1.0,10,5069,job
llm_infer_qwen25_14b_fp16|b9923a39_20260419_213654,1.0,10,5069,job
llm_infer_qwen25_14b_fp16|c1adb329_20260419_205942,1.0,1,5069,job
llm_infer_qwen25_14b_fp16|e481b484_20260419_234859,1.0,10,5069,job
llm_infer_qwen25_32b_fp16|097ee7e4_20260420_002519,1.0,10,5069,job
llm_infer_qwen25_32b_fp16|463349dc_20260420_000940,0.9,10,5069,job
llm_infer_qwen25_32b_fp16|949b75e6_20260419_215643,1.0,10,5069,job
llm_infer_qwen25_3b_bs16|301efde2_20260419_225807,1.0,10,5069,job
llm_infer_qwen25_3b_bs16|dfe991b8_20260420_215605,1.0,10,5069,job
llm_infer_qwen25_3b_bs4|16c726fc_20260419_222104,1.0,10,5069,job
llm_infer_qwen25_3b_bs4|27632d17_20260420_214020,1.0,10,5069,job
llm_infer_qwen25_3b_bs4|32bdfeb6_20260419_024034,1.0,10,5069,job
llm_infer_qwen25_3b_bs4|766c2eff_20260419_024551,1.0,10,5069,job
llm_infer_qwen25_3b_bs4|aa80c128_20260420_213501,1.0,10,5069,job
llm_infer_qwen25_3b|1fd463ca_20260419_021328,1.0,10,5069,job
llm_infer_qwen25_72b_fp8|36625af8_20260420_235243,1.0,10,5069,job
llm_infer_qwen25_72b_tp2|11ae41c37687_20260419_045923,0.95,20,5069,job
llm_infer_qwen25_72b_tp2|173cf665d203_20260419_044435,1.0,10,5069,job
llm_infer_qwen25_7b_fp16|730da3ab_20260419_234250,1.0,10,5069,job
llm_infer_sdxl|81d0af5a_20260419_030149,0.0,10,5069,job
llm_infer_sdxl|81e16ec3_20260419_025634,0.0,10,5069,job
llm_infer_sdxl|adc8a3d2_20260419_222624,1.0,10,5069,job
llm_infer_tinyllama_bs8|0c587cbd_20260419_022959,1.0,10,5069,job
llm_infer_tinyllama_seq4096|026a1f9a_20260420_221753,1.0,10,5069,job
llm_infer_vit_l_bs64|7be29623_20260420_224924,1.0,10,5069,job
llm_train_mistral_7b_lora|408384ba_20260419_232329,1.0,10,5069,job
llm_train_mistral_7b_lora|b31642c6_20260419_231627,0.9,10,5069,job
llm_train_phi3_mini_lora|4bf06f5e_20260824_225752,1.0,10,5069,job
llm_train_qwen25_1p5b_lora|2a4e8583_20260419_221125,0.9,10,5069,job
llm_train_qwen25_1p5b_lora|8a368ac5_20260824_220307,1.0,10,5069,job
llm_train_smollm2_1p7b_lora|896b1640_20260824_223027,1.0,10,5069,job
mining_ethash_proxy|304ec693_20260420_003055,1.0,10,5069,job
mining_ethash_proxy|3cac048c_20260825_000110,1.0,10,5069,job
mining_ethash_proxy|59292457_20260420_001044,1.0,10,5069,job
mining_ethash_proxy|814335b9_20260421_020654,1.0,10,5069,job
mining_ethash_proxy|8c86200c_20260412_232321,1.0,10,5069,job
mlp_training|mlp_training_c52a21,1.0,1,5069,job
nbody_sim|e90ecd1d_20260825_031452,1.0,10,5069,job
nbody_sim|nbody_sim_66a459,1.0,1,5069,job
nvlink_latency|nvlink_latency_gpu1_9a8612,1.0,1,5069,job
nvlink_p2p|927418b1_20260413_033435,1.0,1,5069,job
ppo_rlhf_r32_rep3|9c5afa29_20260804_174554,1.0,10,5069,job
ppo_rlhf_r8_rep1|6394bf01_20260804_164958,1.0,10,5069,job
pytorch_resnet_cifar10_amp_ext|0e16abc8_20260420_204227,1.0,5,5069,job
pytorch_resnet_cifar10_amp|7e69c6dd_20260825_021041,1.0,1,5069,job
pytorch_resnet_cifar10_amp|8ab3bfd2_20260825_020754,1.0,1,5069,job
pytorch_resnet_cifar10_ext|d18ec4ea_20260421_011036,1.0,5,5069,job
pytorch_resnet_cifar10|1c3ed317_20260825_020430,1.0,1,5069,job
pytorch_resnet_cifar10|94104fc8_20260412_223541,1.0,2,5069,job
pytorch_training|1540ec8b_20260413_032737,1.0,1,5069,job
rendering_proxy|307d16fe_20260825_032515,1.0,10,5069,job
rendering_proxy|5278c256_20260412_232321,1.0,10,5069,job
rendering|rendering_33f139,0.0,1,5069,job
resnet50_inference|0464d734_20260825_022250,1.0,10,5069,job
resnet50_inference|277c9073_20260825_023315,1.0,10,5069,job
resnet50_inference|d45705f9_20260412_231705,0.0,10,5069,job
resnet50_inference|d6707f42_20260413_033014,0.0,1,5069,job
resnet50_inference|f65b4403_20260413_033014,0.0,1,5069,job
resnet50_inference|f8907ec1_20260413_032952,1.0,1,5069,job
resnet_amp|resnet_amp_cc435c,1.0,1,5069,job
symgemm_L0_fwd1_rep2|3c32c629_20260802_204034,1.0,10,5069,job
symgemm_L1_fwd3_m8192_rep2|e044c3fe_20260802_211404,1.0,10,5069,job
symgemm_L3_graddiscard_rep1|f12dea2b_20260802_182955,0.9,10,5069,job
symgemm_L4_sgdfused_7b_rep1|d75e1ca4_20260802_212515,1.0,10,5069,job
symgemm_L5_adam_rep2|498da780_20260802_202923,1.0,10,5069,job
symgemm_decode_g256_rep3|6e25438a_20260803_015538,0.0,10,5069,job
symgemm_ppo_fused_r32_rep2|c6b8724c_20260803_011053,1.0,10,5069,job
symgemm_ppo_fused_r8_rep1|3a9327e2_20260803_002606,1.0,10,5069,job
symgemm_ppo_fused_r8_rep3|be11f759_20260803_013316,1.0,10,5069,job
training_dual_gpu_dp|training_dual_gpu_dp_gpu0_e63285,1.0,1,5069,job
training_single_gpu|training_single_gpu_gpu0_4f9586,1.0,1,5069,job
whitebox_diluted_1b_N1_1h|e9c0ff07_20260727_235850,1.0,10,5069,job
whitebox_diluted_7b_N10_1h|f65c515b_20260727_121946,1.0,10,5069,job
whitebox_diluted_N20|2b6c90aa_20260725_200743,1.0,10,5069,job
whitebox_diluted_N5|e9df56b8_20260725_202339,1.0,10,5069,job
whitebox_diluted_N5|eaaa7663_20260725_210026,1.0,10,5069,job
whitebox_inference_7b_2h|2c53509d_20260727_215058,0.9,10,5069,job
whitebox_inference|f59e111e_20260725_194134,1.0,10,5069,job
whitebox_lora_3b_N1_1h|070267f7_20260727_194926,1.0,10,5069,job
whitebox_lora_3b_N1_rep2|71e45f69_20260728_030033,1.0,10,5069,job
whitebox_lora_7b_pilot_N3|083f6968_20260726_120119,1.0,10,5069,job
whitebox_lora_7b_pilot_N5|8d4c0881_20260726_121646,1.0,10,5069,job
adversarial_E_memory_minimal|c443df01_20260825_035624,1.0,10,5070,job
adversarial_F_interleave_30|314da66d_20260412_053508,1.0,1,5070,job
adversarial_F_interleave_30|42e0d626_20260412_223016,1.0,10,5070,job
adversarial_F_interleave_30|a1e40da7_20260825_041236,1.0,10,5070,job
adversarial_F_interleave_50|46a73a4e_20260725_234614,1.0,10,5070,job
adversarial_F_interleave_50|972b5cb1_20260412_230551,1.0,1,5070,job
adversarial_F_interleave_50|bc02cbc2_20260726_000947,1.0,10,5070,job
adversarial_G_clock_throttled|b38cd060_20260825_044459,1.0,10,5070,job
adversarial_H_mimicry_cufft|bf336e54_20260825_051722,1.0,10,5070,job
adversarial_H_mimicry_mining|26c55d63_20260412_230551,1.0,10,5070,job
adversarial_H_mimicry_mining|30dc1b59_20260412_053508,1.0,1,5070,job
adversarial_I_stochastic_30|0790698e_20260726_000437,1.0,10,5070,job
adversarial_I_stochastic_30|d13c6696_20260825_054421,1.0,10,5070,job
adversarial_J_pid_75|6aa98cf6_20260412_053508,1.0,1,5070,job
adversarial_K_ddp_accum_8|036fb65cffea_20260413_002258,1.0,80,5070,job
adversarial_K_ddp_accum_8|73431dec5f44_20260412_234640,1.0,80,5070,job
adversarial_K_online_learning|1468f533_20260412_231132,1.0,10,5070,job
adversarial_K_online_learning|3ca87735_20260825_060556,1.0,10,5070,job
adversarial_L_ddp_stagger_5|9018a40f5999_20260412_233540,1.0,80,5070,job
adversarial_L_diluted_10_mw8|2a0a1abb_20260726_170758,1.0,10,5070,job
adversarial_L_diluted_10|2c305d90_20260725_232752,1.0,10,5070,job
adversarial_L_diluted_10|7a3fb3e9_20260825_070518,1.0,10,5070,job
adversarial_L_diluted_20|1746ff55_20260412_054054,1.0,10,5070,job
adversarial_L_diluted_20|25326617_20260725_233354,1.0,10,5070,job
adversarial_L_diluted_20|951bef7b_20260825_072130,1.0,10,5070,job
adversarial_L_diluted_20|c504ec15_20260726_002055,1.0,10,5070,job
adversarial_L_diluted_2|316523f7_20260412_231132,1.0,10,5070,job
adversarial_L_diluted_5|5e0891fb_20260412_054054,1.0,10,5070,job
batch_size_sweep_dp|batch_size_sweep_dp_gpu0_2c05fa,1.0,1,5070,job
bert_finetune|9311265c_20260413_032824,1.0,1,5070,job
bert_sst2_amp_ext|550d0003_20260420_205051,1.0,1,5070,job
ddp_resnet18_cifar10|ce5c33bebcdd_20260412_060311,1.0,80,5070,job
ddp_resnet50_cifar10|3477d94c3a9e_20260412_060843,1.0,80,5070,job
fsdp_30b_adamw_nvlink|29f631dc5b8a_20260413_002943,1.0,80,5070,job
fsdp_30b_nvlink|165add02433c_20260412_071335,1.0,8,5070,job
fsdp_70b_sgd_momentum|465819c33b0c_20260413_012319,1.0,80,5070,job
gpt2_finetune|eb4a005e_20260413_032908,0.0,1,5070,job
gpt2_wikitext2|13f0dd2f_20260825_021915,1.0,2,5070,job
gpt2_wikitext2|1f4b6ea6_20260412_231705,1.0,3,5070,job
idle|9c0d0d21_20260824_232740,1.0,7,5070,job
idle|9d362947_20260419_233822,1.0,7,5070,job
idle|idle_96fcac,1.0,1,5070,job
llm_infer_mistral_7b_q4|2ec733be_20260419_221039,0.0,1,5070,job
llm_infer_mistral_7b_q4|53e3e332_20260419_210248,1.0,1,5070,job
llm_infer_mistral_7b_q4|7936d649_20260419_220948,0.0,2,5070,job
llm_infer_mistral_7b_q4|85d8feff_20260419_215354,1.0,1,5070,job
llm_infer_mistral_7b_q4|b8b0e618_20260420_005449,1.0,10,5070,job
llm_infer_mixtral_8x7b|6d7f6e16_20260419_035827,1.0,10,5070,job
llm_infer_mixtral_8x7b|7c6d4b81_20260421_000537,1.0,10,5070,job
llm_infer_mixtral_8x7b|d574e683_20260419_041135,0.9,10,5070,job
llm_infer_phi3_mini|745171c6_20260419_015720,1.0,10,5070,job
llm_infer_phi3_mini|cd6a5e78_20260419_212123,1.0,10,5070,job
llm_infer_phi3_mini|e7320dff_20260420_205804,0.9,10,5070,job
llm_infer_qwen25_14b_fp16|200c729c_20260419_235621,1.0,10,5070,job
llm_infer_qwen25_14b_fp16|98601a67_20260824_213822,1.0,10,5070,job
llm_infer_qwen25_14b_fp16|a5960172_20260420_232931,1.0,10,5070,job
llm_infer_qwen25_32b_fp16|a14ebdea_20260824_215053,1.0,10,5070,job
llm_infer_qwen25_32b_fp16|c89b4098_20260419_214232,0.4,10,5070,job
llm_infer_qwen25_32b_fp16|cbe6294b_20260824_215701,1.0,10,5070,job
llm_infer_qwen25_32b_fp16|d008e2dd_20260419_205950,1.0,1,5070,job
llm_infer_qwen25_3b_bs16|0765cbf1_20260420_215052,1.0,10,5070,job
llm_infer_qwen25_3b_bs4|766c2eff_20260419_024551,1.0,10,5070,job
llm_infer_qwen25_3b_bs4|acde3618_20260419_221540,1.0,10,5070,job
llm_infer_qwen25_3b|b3849090_20260419_213727,1.0,10,5070,job
llm_infer_qwen25_3b|f36beab2_20260419_214818,1.0,10,5070,job
llm_infer_qwen25_72b_fp16|d793b310_20260421_003349,1.0,10,5070,job
llm_infer_qwen25_72b_fp8|78a77a8b_20260420_235909,1.0,10,5070,job
llm_infer_qwen25_72b_fp8|ad1ee08d_20260419_041746,1.0,10,5070,job
llm_infer_qwen25_72b_fp8|cd098693_20260420_004709,1.0,10,5070,job
llm_infer_qwen25_72b_tp2|173cf665d203_20260419_044435,1.0,10,5070,job
llm_infer_qwen25_7b_fp16|0088cce0_20260419_205928,1.0,1,5070,job
llm_infer_qwen25_7b_fp16|4052c194_20260824_200842,1.0,10,5070,job
llm_infer_qwen25_7b_fp16|87b75337_20260824_200626,1.0,2,5070,job
llm_infer_qwen25_7b_fp16|a694acd9_20260419_210256,0.7,10,5070,job
llm_infer_qwen25_7b_fp16|f6638e51_20260419_211613,0.9,10,5070,job
llm_infer_qwen25_7b_fp16|f70331c1_20260419_233641,1.0,10,5070,job
llm_infer_sdxl|43c64a98_20260420_224406,1.0,10,5070,job
llm_infer_sdxl|81d0af5a_20260419_030149,1.0,10,5070,job
llm_infer_tinyllama_bs8|43f9b961_20260420_221242,1.0,10,5070,job
llm_infer_tinyllama_bs8|bcad42c3_20260419_220507,1.0,10,5070,job
llm_infer_tinyllama_seq4096|ac0a588a_20260419_031732,1.0,10,5070,job
llm_infer_vit_l_bs64|7be29623_20260420_224924,1.0,10,5070,job
llm_infer_vit_l_bs64|a2d462c4_20260420_225947,1.0,10,5070,job
llm_train_mistral_7b_lora|408384ba_20260419_232329,1.0,10,5070,job
llm_train_mistral_7b_lora|b31642c6_20260419_231627,0.8,10,5070,job
llm_train_phi3_mini_lora|4bf06f5e_20260824_225752,1.0,10,5070,job
llm_train_qwen25_1p5b_lora|2a4e8583_20260419_221125,0.9,10,5070,job
llm_train_qwen25_1p5b_lora|8a368ac5_20260824_220307,0.9,10,5070,job
llm_train_qwen25_1p5b_lora|e0c86e62_20260824_220836,0.9,10,5070,job
llm_train_smollm2_1p7b_lora|19738386_20260419_223307,1.0,10,5070,job
llm_train_smollm2_1p7b_lora|896b1640_20260824_223027,1.0,10,5070,job
mlp_training|mlp_training_c52a21,1.0,1,5070,job
modern_inference|165eedde_20260413_033036,1.0,1,5070,job
modern_inference|5c76e8e5_20260413_033057,1.0,1,5070,job
nbody_sim|6c13c5ae_20260825_030429,1.0,10,5070,job
nbody_sim|bf32f0fa_20260413_033224,1.0,1,5070,job
nbody_sim|e90ecd1d_20260825_031452,1.0,10,5070,job
pytorch_mlp_cifar10_ext|91abd671_20260420_204403,1.0,10,5070,job
pytorch_mlp_cifar10|743face9_20260412_231705,1.0,2,5070,job
pytorch_resnet_cifar10_amp|09c94605_20260412_222753,1.0,2,5070,job
pytorch_resnet_cifar10_amp|1f7efb5a_20260825_021236,1.0,1,5070,job
pytorch_resnet_cifar10_amp|7184c09f_20260825_073235,1.0,1,5070,job
pytorch_resnet_cifar10_amp|73475ab0_20260412_231132,1.0,4,5070,job
pytorch_resnet_cifar10_amp|7e69c6dd_20260825_021041,1.0,1,5070,job
pytorch_resnet_cifar10_amp|f1be0dfb_20260825_020609,1.0,1,5070,job
pytorch_resnet_cifar10|30653101_20260412_231132,1.0,3,5070,job
pytorch_training|2a94287a_20260413_032802,1.0,1,5070,job
resnet50_inference|ee8f3e1f_20260412_224117,1.0,10,5070,job
resnet_fp32|resnet_fp32_d1d694,1.0,1,5070,job
scientific_hpc|b957a0bf_20260413_033246,1.0,1,5070,job
symgemm_L0_fwd1_rep1|7e021360_20260802_181845,1.0,10,5070,job
symgemm_L0_fwd1_rep2|3c32c629_20260802_204034,1.0,10,5070,job
symgemm_L3_graddiscard_rep2|eaf8a014_20260802_205144,1.0,10,5070,job
symgemm_L4_sgdfused_7b_rep1|d75e1ca4_20260802_212515,0.9,10,5070,job
symgemm_L4_sgdfused_rep3|719fe5b8_20260802_220158,0.9,10,5070,job
symgemm_ppo_fused_r32_rep3|6b1c2a3b_20260803_014427,0.9,10,5070,job
symgemm_ppo_fused_r8_rep2|ab3e57f5_20260803_005942,1.0,10,5070,job
symgemm_ppo_fused_r8_rep3|be11f759_20260803_013316,1.0,10,5070,job
training_dual_gpu_dp|multi_gpu_telemetry_gpu1,1.0,2,5070,job
training_dual_gpu_dp|training_dual_gpu_dp_gpu0_1c7245,0.0,1,5070,job
training_single_gpu|training_single_gpu_gpu1_a2ce5b,0.0,1,5070,job
whitebox_diluted_N20|2b6c90aa_20260725_200743,1.0,10,5070,job
whitebox_diluted_N20|d8b176f8_20260725_212116,1.0,10,5070,job
whitebox_inference_3b_rep2|92741c8b_20260728_020004,0.9,10,5070,job
whitebox_lora_3b_N1_rep2|71e45f69_20260728_030033,0.9,10,5070,job
whitebox_lora_7b_N10_rep2|a1f5446a_20260728_040109,1.0,10,5070,job
whitebox_lora_7b_N1_1h|d26abcf1_20260727_110823,1.0,10,5070,job
whitebox_lora_7b_N3_1h|1291fbf0_20260727_132029,1.0,10,5070,job
whitebox_lora_7b_pilot_N5|8d4c0881_20260726_121646,1.0,10,5070,job
width_sweep_dp|width_sweep_dp_gpu1_cd4011,1.0,1,5070,job
adversarial_E_memory_minimal|bd61daeb_20260412_223016,1.0,10,5071,job
adversarial_E_memory_minimal|c443df01_20260825_035624,1.0,10,5071,job
adversarial_F_interleave_50|4cde77c0_20260726_003313,1.0,10,5071,job
adversarial_F_interleave_50|82b69908_20260412_223016,1.0,10,5071,job
adversarial_F_interleave_50|9b9ece1a_20260825_043411,1.0,10,5071,job
adversarial_H_mimicry_cufft|407d2529_20260825_052810,1.0,10,5071,job
adversarial_H_mimicry_cufft|8a52b6f9_20260825_052246,1.0,10,5071,job
adversarial_H_mimicry_cufft|ce9f5c9f_20260412_230551,1.0,1,5071,job
adversarial_H_mimicry_mining|bedfd354_20260412_223016,1.0,10,5071,job
adversarial_I_stochastic_30|650fb51f_20260412_223016,0.9,10,5071,job
adversarial_K_online_learning|3ca87735_20260825_060556,1.0,10,5071,job
adversarial_K_online_learning|5e90b4fe_20260412_223541,1.0,10,5071,job
adversarial_L_diluted_10_mw8|51a40fcc_20260726_171309,1.0,10,5071,job
adversarial_L_diluted_10|7a3fb3e9_20260825_070518,1.0,10,5071,job
adversarial_L_diluted_10|8d5f2101_20260725_235123,1.0,10,5071,job
adversarial_L_diluted_20|25326617_20260725_233354,1.0,10,5071,job
adversarial_L_diluted_20|405a7452_20260412_223541,1.0,10,5071,job
adversarial_L_diluted_2|07fb94ee_20260412_054054,1.0,10,5071,job
adversarial_L_diluted_2|463541b6_20260825_062731,1.0,10,5071,job
adversarial_L_diluted_5|05e951a9_20260825_063819,1.0,10,5071,job
adversarial_L_diluted_5|8f922c0f_20260825_064343,1.0,10,5071,job
adversarial_training|b1c5e184_20260413_033330,0.0,1,5071,job
batch_size_sweep_dp|batch_size_sweep_dp_gpu0_2c05fa,1.0,1,5071,job
bert_finetune|d969416f_20260413_032846,1.0,1,5071,job
bert_sst2_amp_ext|550d0003_20260420_205051,1.0,1,5071,job
bert_sst2_amp|dd87fb92_20260412_222753,1.0,1,5071,job
bert_sst2|675c6c84_20260412_222753,1.0,2,5071,job
bert_sst2|906cb48d_20260825_021650,1.0,1,5071,job
cufft_benchmark|15fa4bd9_20260413_033141,1.0,1,5071,job
cufft_benchmark|2cf468dc_20260421_013631,1.0,10,5071,job
cufft_benchmark|540552ce_20260824_234024,1.0,10,5071,job
cufft_benchmark|83e14a25_20260421_014638,1.0,10,5071,job
cufft_benchmark|f97558fa_20260412_231705,1.0,10,5071,job
ddp_resnet18_cifar10_amp|95f2a16cc1a5_20260412_234616,1.0,80,5071,job
ddp_resnet18_cifar10_amp|972309ed66bd_20260412_231156,1.0,80,5071,job
ddp_resnet18_cifar10|b6ee4dbc9fc2_20260412_225907,0.9875,80,5071,job
ddp_resnet50_cifar10|c83757ac5731_20260412_230440,1.0,80,5071,job
ddp_training|ddp_telemetry_gpu0,1.0,1,5071,job
fsdp_30b_adamw_nvlink|29f631dc5b8a_20260413_002943,1.0,80,5071,job
fsdp_30b_nvlink|8726f6620517_20260413_001627,1.0,80,5071,job
fsdp_70b_nvlink|3e8e00c5f514_20260413_010753,1.0,80,5071,job
gpt2_wikitext2|13f0dd2f_20260825_021915,1.0,2,5071,job
gpt2_wikitext2|917b93fb_20260412_224117,1.0,3,5071,job
gpt2_wikitext2|f1162cf3_20260412_222753,1.0,3,5071,job
idle|5edd7d6c_20260413_032703,1.0,1,5071,job
idle|9c0d0d21_20260824_232740,1.0,7,5071,job
idle|d840e0b6_20260824_171640,1.0,7,5071,job
llm_infer_deepseek_v3_tp8|acb00ac39728_20260419_002311,1.0,50,5071,job
llm_infer_mistral_7b_q4|0546326b_20260420_015345,1.0,1,5071,job
llm_infer_mistral_7b_q4|177996c6_20260421_012908,1.0,10,5071,job
llm_infer_mistral_7b_q4|199b8710_20260825_074125,1.0,10,5071,job
llm_infer_mistral_7b_q4|24353de9_20260420_015430,1.0,10,5071,job
llm_infer_mistral_7b_q4|2ec733be_20260419_221039,0.0,1,5071,job
llm_infer_mistral_7b_q4|5841de91_20260419_210239,1.0,1,5071,job
llm_infer_mistral_7b_q4|8bb0be41_20260420_015335,1.0,1,5071,job
llm_infer_mistral_7b_q4|b0506bd3_20260419_205916,1.0,1,5071,job
llm_infer_mistral_7b_q4|bd933593_20260419_221051,0.0,1,5071,job
llm_infer_mistral_7b_q4|ca02ad41_20260420_015354,1.0,1,5071,job
llm_infer_mixtral_8x7b|6d7f6e16_20260419_035827,1.0,10,5071,job
llm_infer_mixtral_8x7b|7c6d4b81_20260421_000537,0.9,10,5071,job
llm_infer_mixtral_8x7b|d574e683_20260419_041135,1.0,10,5071,job
llm_infer_phi3_mini|3bce5480_20260420_210836,1.0,10,5071,job
llm_infer_phi3_mini|aafcc35f_20260419_015203,1.0,10,5071,job
llm_infer_phi3_mini|e0bd0272_20260419_212652,1.0,10,5071,job
llm_infer_qwen25_14b_fp16|62b1513a_20260419_205946,1.0,1,5071,job
llm_infer_qwen25_32b_fp16|50c83347_20260421_030757,1.0,10,5071,job
llm_infer_qwen25_32b_fp16|cbe6294b_20260824_215701,1.0,10,5071,job
llm_infer_qwen25_3b_bs16|22ecde82_20260419_032802,1.0,10,5071,job
llm_infer_qwen25_3b_bs16|301efde2_20260419_225807,1.0,10,5071,job
llm_infer_qwen25_3b_bs16|3d9be7b5_20260419_033318,1.0,10,5071,job
llm_infer_qwen25_3b|7de76a76_20260420_211352,1.0,10,5071,job
llm_infer_qwen25_3b|f8a46936_20260420_211909,1.0,10,5071,job
llm_infer_qwen25_72b_fp16|d793b310_20260421_003349,1.0,10,5071,job
llm_infer_qwen25_72b_fp8|4bc4cd75_20260420_234536,0.9,10,5071,job
llm_infer_qwen25_72b_fp8|b39fa450_20260419_042425,1.0,10,5071,job
llm_infer_qwen25_7b_fp16|a694acd9_20260419_210256,0.8,10,5071,job
llm_infer_sdxl|827523c5_20260420_223333,1.0,10,5071,job
llm_infer_sdxl|f3c09865_20260419_025108,0.9,10,5071,job
llm_infer_tinyllama_bs8|ce7d83fd_20260419_022445,1.0,10,5071,job
llm_infer_tinyllama_bs8|ecdf6ee5_20260420_220215,1.0,10,5071,job
llm_infer_tinyllama_seq4096|026a1f9a_20260420_221753,1.0,10,5071,job
llm_infer_tinyllama_seq4096|eac7968c_20260419_224733,1.0,10,5071,job
llm_infer_tinyllama_seq4096|ff9add28_20260419_224220,1.0,10,5071,job
llm_infer_vit_l_bs64|a2d462c4_20260420_225947,1.0,10,5071,job
llm_infer_vit_l_bs64|e895e0da_20260419_033836,0.9,10,5071,job
llm_train_phi3_mini_lora|4bf06f5e_20260824_225752,1.0,10,5071,job
llm_train_qwen25_3b_lora|66980709_20260824_223555,1.0,10,5071,job
llm_train_qwen25_3b_lora|dfde664f_20260419_224329,0.9,10,5071,job
llm_train_smollm2_1p7b_lora|19738386_20260419_223307,1.0,10,5071,job
mining_ethash_proxy|b5c42733_20260825_002157,1.0,10,5071,job
mining_ethash_proxy|b6f2e520_20260825_001133,1.0,10,5071,job
mining_ethash_proxy|fad55191_20260421_015646,1.0,10,5071,job
modern_inference|6ce8e009_20260413_033057,1.0,1,5071,job
nbody_sim|b9568c1a_20260413_033202,1.0,1,5071,job
nbody_sim|e828c825_20260825_025405,1.0,10,5071,job
nvlink_bandwidth|nvlink_bandwidth_gpu0_0eb88f,1.0,1,5071,job
ppo_rlhf_r32_rep1|2b37c1ae_20260804_170110,0.8,10,5071,job
ppo_rlhf_r32_rep3|9c5afa29_20260804_174554,0.9,10,5071,job
ppo_rlhf_r8_rep2|4735a4fb_20260804_171221,1.0,10,5071,job
pytorch_mlp_cifar10|22fad3bd_20260825_021517,1.0,1,5071,job
pytorch_resnet_cifar10_amp_ext|0e16abc8_20260420_204227,1.0,5,5071,job
pytorch_resnet_cifar10_amp|29320233_20260825_073152,1.0,1,5071,job
pytorch_resnet_cifar10_amp|7b05a6ae_20260825_021143,1.0,1,5071,job
pytorch_resnet_cifar10_amp|964987b7_20260825_021328,1.0,1,5071,job
pytorch_resnet_cifar10_ext|41c19de5_20260420_204048,1.0,5,5071,job
pytorch_resnet_cifar10_ext|d18ec4ea_20260421_011036,1.0,5,5071,job
pytorch_resnet_cifar10|30653101_20260412_231132,1.0,3,5071,job
rendering|rendering_33f139,0.0,1,5071,job
resnet50_inference|d120b7ba_20260825_024340,1.0,10,5071,job
resnet50_inference|d45705f9_20260412_231705,1.0,10,5071,job
symgemm_L0_fwd1_rep4|03ed95b1_20260802_233118,1.0,10,5071,job
symgemm_L1_fwd3_m8192_rep1|128a6c86_20260802_185218,1.0,10,5071,job
symgemm_L1_fwd3_rep2|e04a3490_20260802_201813,1.0,10,5071,job
symgemm_L4_sgdfused_7b_rep1|d75e1ca4_20260802_212515,1.0,10,5071,job
symgemm_L4_sgdfused_m8192_rep1|e3f3bb2f_20260802_184108,1.0,10,5071,job
symgemm_L4_sgdfused_rep1|dbbf7955_20260802_174515,1.0,10,5071,job
symgemm_L4_sgdfused_rep2|a86d6744_20260802_200703,1.0,10,5071,job
symgemm_decode_g256_rep1|37d9b353_20260803_004828,1.0,10,5071,job
symgemm_idle|06d5a273_20260802_173910,0.0,10,5071,job
symgemm_ppo_fused_r8_rep2|ab3e57f5_20260803_005942,0.9,10,5071,job
training_dual_gpu_dp|training_dual_gpu_dp_gpu0_1c7245,1.0,1,5071,job
training_dual_gpu_dp|training_dual_gpu_dp_gpu1_278acd,1.0,1,5071,job
whitebox_diluted_1b_N1_1h|e9c0ff07_20260727_235850,1.0,10,5071,job
whitebox_inference_long|877db838_20260725_055129,0.9,10,5071,job
whitebox_lora_3b_N1_1h|070267f7_20260727_194926,1.0,10,5071,job
whitebox_lora_7b_N20_1h|8c105125_20260727_142117,1.0,10,5071,job
whitebox_lora_7b_N3_1h|1291fbf0_20260727_132029,1.0,10,5071,job
whitebox_lora_N10|12837863_20260725_200230,1.0,10,5071,job
whitebox_lora_N20|fa5f7994_20260725_204944,1.0,10,5071,job
whitebox_oracle|75298cf9_20260725_225503,1.0,10,5071,job
adversarial_E_memory_minimal|09b77236_20260412_230551,1.0,1,5072,job
adversarial_E_memory_minimal|c443df01_20260825_035624,1.0,10,5072,job
adversarial_F_interleave_50|468ad378_20260825_042847,1.0,10,5072,job
adversarial_G_clock_throttled|4471bfa7_20260412_230551,1.0,1,5072,job
adversarial_H_mimicry_cufft|407d2529_20260825_052810,1.0,10,5072,job
adversarial_H_mimicry_cufft|49dbd077_20260412_223016,1.0,10,5072,job
adversarial_H_mimicry_mining|bf6e3698_20260413_011721,1.0,10,5072,job
adversarial_I_stochastic_30|1319ffe7_20260726_002804,1.0,10,5072,job
adversarial_I_stochastic_30|18b857be_20260412_230551,1.0,1,5072,job
adversarial_J_pid_75|4b39fbdf_20260825_060033,1.0,10,5072,job
adversarial_K_ddp_accum_8|036fb65cffea_20260413_002258,1.0,80,5072,job
adversarial_K_ddp|af5daab2a59a_20260412_062347,1.0,80,5072,job
adversarial_K_online_learning|3ca87735_20260825_060556,1.0,10,5072,job
adversarial_K_online_learning|cff6d675_20260825_061644,1.0,10,5072,job
adversarial_L_ddp_5|a9a551652c04_20260412_235905,1.0,80,5072,job
adversarial_L_ddp_stagger_5|9018a40f5999_20260412_233540,1.0,80,5072,job
adversarial_L_diluted_10_mw8|2a0a1abb_20260726_170758,1.0,10,5072,job
adversarial_L_diluted_10|2c305d90_20260725_232752,1.0,10,5072,job
adversarial_L_diluted_10|512934b1_20260412_054054,1.0,10,5072,job
adversarial_L_diluted_10|5904fb3d_20260412_223541,1.0,10,5072,job
adversarial_L_diluted_10|7a3fb3e9_20260825_070518,1.0,10,5072,job
adversarial_L_diluted_10|d4cc031f_20260726_001456,1.0,10,5072,job
adversarial_L_diluted_200_mw8|a38a444f_20260726_174828,1.0,10,5072,job
adversarial_L_diluted_20|1746ff55_20260412_054054,1.0,10,5072,job
adversarial_L_diluted_20|ee8eddb5_20260825_071042,1.0,10,5072,job
adversarial_L_diluted_2|0e8e28c2_20260825_062208,1.0,10,5072,job
adversarial_L_diluted_2|354119ef_20260412_223541,1.0,10,5072,job
adversarial_L_diluted_2|463541b6_20260825_062731,1.0,10,5072,job
adversarial_L_diluted_5|05e951a9_20260825_063819,1.0,10,5072,job
adversarial_L_diluted_5|5e0891fb_20260412_054054,1.0,10,5072,job
adversarial_training|b1c5e184_20260413_033330,0.0,1,5072,job
bert_finetune|d969416f_20260413_032846,0.0,1,5072,job
bert_sst2_ext|39b13cda_20260420_203906,1.0,3,5072,job
bert_sst2_ext|49545bf6_20260420_204947,0.6666666666666666,3,5072,job
bert_sst2|19873577_20260412_224117,1.0,1,5072,job
cufft_benchmark|2cf468dc_20260421_013631,1.0,10,5072,job
cufft_benchmark|692a3d5e_20260412_224117,1.0,10,5072,job
cufft_benchmark|83e14a25_20260421_014638,1.0,10,5072,job
fsdp_30b_adamw_nvlink|29f631dc5b8a_20260413_002943,1.0,80,5072,job
fsdp_30b_nvlink|8726f6620517_20260413_001627,1.0,80,5072,job
fsdp_70b_nvlink|a7ff05fcabd2_20260413_003024,1.0,8,5072,job
fsdp_70b_seq512_nvlink|78349b23d251_20260413_013913,1.0,80,5072,job
fsdp_70b_sgd_momentum|465819c33b0c_20260413_012319,1.0,80,5072,job
fsdp_7b_nvlink|755f005b3557_20260412_070444,1.0,80,5072,job
gpt2_finetune|cfe318c2_20260413_032930,0.0,1,5072,job
gpt2_wikitext2_amp_ext|058cfbc9_20260420_204849,1.0,2,5072,job
gpt2_wikitext2_ext|7a20f073_20260420_204656,1.0,6,5072,job
gpt2_wikitext2|3a8eee76_20260825_022139,1.0,2,5072,job
gpt2_wikitext2|f1162cf3_20260412_222753,0.6666666666666666,3,5072,job
idle|5edd7d6c_20260413_032703,1.0,1,5072,job
idle|b37a89ff_20260824_180358,1.0,7,5072,job
idle|f26e1461_20260419_233413,1.0,7,5072,job
inference|inference_986d16,1.0,1,5072,job
llm_infer_deepseek_v3_tp8|f41d4d3c1247_20260419_014514,1.0,80,5072,job
llm_infer_mistral_7b_q4|280943b7_20260421_011827,1.0,10,5072,job
llm_infer_mistral_7b_q4|7936d649_20260419_220948,0.0,2,5072,job
llm_infer_mistral_7b_q4|7dcec1a2_20260420_020500,1.0,10,5072,job
llm_infer_mistral_7b_q4|c36eab64_20260419_220847,1.0,1,5072,job
llm_infer_mixtral_8x7b|d574e683_20260419_041135,1.0,10,5072,job
llm_infer_phi3_mini|745171c6_20260419_015720,1.0,10,5072,job
llm_infer_qwen25_14b_fp16|62b1513a_20260419_205946,1.0,1,5072,job
llm_infer_qwen25_14b_fp16|98601a67_20260824_213822,1.0,10,5072,job
llm_infer_qwen25_14b_fp16|9bdd69d7_20260420_233533,1.0,10,5072,job
llm_infer_qwen25_32b_fp16|50c83347_20260421_030757,1.0,10,5072,job
llm_infer_qwen25_32b_fp16|54f1bd71_20260419_205959,1.0,1,5072,job
llm_infer_qwen25_32b_fp16|949b75e6_20260419_215643,1.0,10,5072,job
llm_infer_qwen25_32b_fp16|cbe6294b_20260824_215701,1.0,10,5072,job
llm_infer_qwen25_3b_bs16|3d9be7b5_20260419_033318,1.0,10,5072,job
llm_infer_qwen25_3b_bs16|ee6ca6af_20260420_214537,1.0,10,5072,job
llm_infer_qwen25_3b_bs4|16c726fc_20260419_222104,1.0,10,5072,job
llm_infer_qwen25_3b|f36beab2_20260419_214818,1.0,10,5072,job
llm_infer_qwen25_72b_fp8|8ae2fbd4_20260420_004029,1.0,10,5072,job
llm_infer_qwen25_72b_tp2|d667bcd68796_20260419_045202,1.0,20,5072,job
llm_infer_qwen25_7b_fp16|0088cce0_20260419_205928,1.0,1,5072,job
llm_infer_qwen25_7b_fp16|abd7cc9c_20260420_230458,1.0,10,5072,job
llm_infer_qwen25_7b_fp16|f6638e51_20260419_211613,1.0,10,5072,job
llm_infer_qwen25_7b_fp16|f70331c1_20260419_233641,1.0,10,5072,job
llm_infer_qwen25_7b_fp16|febf963c_20260419_205933,1.0,1,5072,job
llm_infer_sdxl|5477dea8_20260419_223149,1.0,10,5072,job
llm_infer_tinyllama_bs8|0c587cbd_20260419_022959,1.0,10,5072,job
llm_infer_tinyllama_bs8|bcad42c3_20260419_220507,1.0,10,5072,job
llm_infer_tinyllama_bs8|ce7d83fd_20260419_022445,1.0,10,5072,job
llm_infer_tinyllama_seq4096|026a1f9a_20260420_221753,1.0,10,5072,job
llm_infer_tinyllama_seq4096|0b0351ce_20260420_222819,1.0,10,5072,job
llm_infer_tinyllama_seq4096|ff9add28_20260419_224220,1.0,10,5072,job
llm_infer_vit_l_bs64|38e37d2f_20260419_034355,1.0,10,5072,job
llm_train_phi3_mini_lora|48da72bf_20260824_230320,1.0,10,5072,job
llm_train_phi3_mini_lora|4bf06f5e_20260824_225752,1.0,10,5072,job
llm_train_qwen25_3b_lora|46b96f38_20260419_224930,1.0,10,5072,job
llm_train_qwen25_3b_lora|dd7204cf_20260824_224654,1.0,10,5072,job
mining_ethash_proxy|417dd7cd_20260420_002049,1.0,10,5072,job
mining_proxy|mining_proxy_a7ed85,0.0,1,5072,job
modern_inference|5c76e8e5_20260413_033057,1.0,1,5072,job
nbody_sim|4bf2dc52_20260412_231705,1.0,10,5072,job
nbody_sim|bcbaef15_20260413_033224,1.0,1,5072,job
nbody_sim|nbody_sim_c0054d,1.0,1,5072,job
nbody_sim|nbody_sim_d50046,1.0,1,5072,job
nvlink_bandwidth|nvlink_bandwidth_gpu1_b97b50,1.0,1,5072,job
ppo_rlhf_r32_rep2|580ad642_20260804_172333,1.0,10,5072,job
ppo_rlhf_r32_rep3|9c5afa29_20260804_174554,1.0,10,5072,job
pytorch_mlp_cifar10_ext|a9cd45e0_20260421_011343,1.0,10,5072,job
pytorch_mlp_cifar10|22fad3bd_20260825_021517,1.0,1,5072,job
pytorch_mlp_cifar10|6726c8ff_20260825_021604,1.0,1,5072,job
pytorch_resnet_cifar10_amp|5543e12f_20260825_020949,1.0,1,5072,job
pytorch_resnet_cifar10_amp|7e69c6dd_20260825_021041,1.0,1,5072,job
pytorch_resnet_cifar10_amp|a2af05e4_20260825_020701,1.0,1,5072,job
rendering|rendering_33f139,0.0,1,5072,job
resnet50_inference|ee8f3e1f_20260412_224117,0.9,10,5072,job
symgemm_L0_fwd1_rep3|0ad604b3_20260802_223527,1.0,10,5072,job
symgemm_L0_fwd1_rep4|03ed95b1_20260802_233118,1.0,10,5072,job
symgemm_L1_fwd3_m8192_rep2|e044c3fe_20260802_211404,0.9,10,5072,job
symgemm_L3_graddiscard_rep1|f12dea2b_20260802_182955,1.0,10,5072,job
symgemm_L5_adam_rep3|f1871cc2_20260802_222417,1.0,10,5072,job
symgemm_decode_g256_rep1|37d9b353_20260803_004828,0.0,10,5072,job
symgemm_decode_g256_rep3|6e25438a_20260803_015538,0.0,10,5072,job
symgemm_ppo_fused_r8_rep3|be11f759_20260803_013316,1.0,10,5072,job
whitebox_diluted_1b_N1_1h|e9c0ff07_20260727_235850,1.0,10,5072,job
whitebox_diluted_N10|8891b439_20260725_211051,1.0,10,5072,job
whitebox_diluted_N20|2b6c90aa_20260725_200743,1.0,10,5072,job
whitebox_diluted_N5|e9df56b8_20260725_202339,1.0,10,5072,job
whitebox_diluted_N5|eaaa7663_20260725_210026,1.0,10,5072,job
whitebox_inference_7b_rep3|62149f64_20260728_050902,0.8,10,5072,job
whitebox_lora_1b_N1_1h|861a8dfb_20260727_173343,1.0,10,5072,job
whitebox_lora_3b_N1_rep2|71e45f69_20260728_030033,1.0,10,5072,job
whitebox_lora_7b_N10_rep2|a1f5446a_20260728_040109,0.6,10,5072,job
whitebox_lora_7b_N20_1h|8c105125_20260727_142117,0.9,10,5072,job
whitebox_lora_N20|7d319b8f_20260725_201255,1.0,10,5072,job
whitebox_lora_N20|fa5f7994_20260725_204944,1.0,10,5072,job
whitebox_oracle|75298cf9_20260725_225503,1.0,10,5072,job
width_sweep_dp|width_sweep_dp_gpu0_a80bfa,1.0,1,5072,job
adversarial_E_memory_minimal|72186530_20260825_040712,1.0,10,5073,job
adversarial_E_memory_minimal|c443df01_20260825_035624,1.0,10,5073,job
adversarial_E_memory_minimal|f5727cea_20260825_040148,1.0,10,5073,job
adversarial_F_interleave_30|314da66d_20260412_053508,1.0,1,5073,job
adversarial_F_interleave_30|df47671a_20260825_041800,1.0,10,5073,job
adversarial_F_interleave_50|bc02cbc2_20260726_000947,1.0,10,5073,job
adversarial_F_interleave_50|e70f6fc4_20260412_053508,1.0,10,5073,job
adversarial_H_mimicry_cufft|407d2529_20260825_052810,1.0,10,5073,job
adversarial_H_mimicry_cufft|8a52b6f9_20260825_052246,1.0,10,5073,job
adversarial_H_mimicry_cufft|ce9f5c9f_20260412_230551,0.0,1,5073,job
adversarial_H_mimicry_mining|26c55d63_20260412_230551,1.0,10,5073,job
adversarial_H_mimicry_mining|5ac32145_20260825_051158,1.0,10,5073,job
adversarial_I_stochastic_30|18b857be_20260412_230551,1.0,1,5073,job
adversarial_J_pid_75|94ea2465_20260825_054945,1.0,10,5073,job
adversarial_K_ddp_accum_8|73431dec5f44_20260412_234640,1.0,80,5073,job
adversarial_K_online_learning|1468f533_20260412_231132,1.0,10,5073,job
adversarial_K_online_learning|3ca87735_20260825_060556,1.0,10,5073,job
adversarial_K_online_learning|5e90b4fe_20260412_223541,1.0,10,5073,job
adversarial_K_online_learning|cff6d675_20260825_061644,1.0,10,5073,job
adversarial_L_ddp_10|4f087fae7c56_20260412_233011,1.0,80,5073,job
adversarial_L_ddp_10|a3adf2258b52_20260412_063635,1.0,80,5073,job
adversarial_L_diluted_10|2c305d90_20260725_232752,1.0,10,5073,job
adversarial_L_diluted_10|7a3fb3e9_20260825_070518,1.0,10,5073,job
adversarial_L_diluted_10|9712fcda_20260825_065431,1.0,10,5073,job
bert_sst2_amp|dd87fb92_20260412_222753,1.0,1,5073,job
bert_sst2_ext|49545bf6_20260420_204947,1.0,3,5073,job
bert_sst2|4a0aab7a_20260825_021739,1.0,1,5073,job
cufft_benchmark|15fa4bd9_20260413_033141,1.0,1,5073,job
cufft_benchmark|227faa64_20260413_033119,1.0,1,5073,job
cufft_benchmark|4bfa16e2_20260824_235047,1.0,10,5073,job
cufft_benchmark|540552ce_20260824_234024,1.0,10,5073,job
ddp_resnet18_cifar10_amp|452a0a67a4fb_20260412_061559,1.0,80,5073,job
ddp_resnet18_cifar10_amp|95f2a16cc1a5_20260412_234616,1.0,80,5073,job
ddp_resnet18_cifar10_amp|972309ed66bd_20260412_231156,1.0,80,5073,job
ddp_resnet18_cifar10|b6ee4dbc9fc2_20260412_225907,1.0,80,5073,job
ddp_training|ddp_telemetry_gpu0,1.0,1,5073,job
fsdp_30b_nvlink|2f237772ccc3_20260413_004957,1.0,80,5073,job
fsdp_70b_adamw|e53e253f883d_20260413_012859,1.0,6,5073,job
fsdp_7b_nvlink|5de962c92de9_20260412_235456,1.0,80,5073,job
fsdp_7b_nvlink|755f005b3557_20260412_070444,1.0,80,5073,job
gpt2_finetune|cfe318c2_20260413_032930,0.0,1,5073,job
gpt2_wikitext2_amp|025c9b24_20260412_224117,1.0,1,5073,job
gpt2_wikitext2_amp|62c86ac7_20260412_222753,1.0,2,5073,job
gpt2_wikitext2_ext|7a20f073_20260420_204656,1.0,6,5073,job
gpt2_wikitext2|f1162cf3_20260412_222753,1.0,3,5073,job
idle|03110fa2_20260824_232519,1.0,7,5073,job
idle|9d362947_20260419_233822,1.0,7,5073,job
idle|d840e0b6_20260824_171640,1.0,7,5073,job
inference|inference_986d16,1.0,1,5073,job
llm_infer_mistral_7b_q4|143e0113_20260419_220838,1.0,1,5073,job
llm_infer_mistral_7b_q4|199b8710_20260825_074125,0.9,10,5073,job
llm_infer_mistral_7b_q4|bd933593_20260419_221051,1.0,1,5073,job
llm_infer_mistral_7b_q4|d4a0ca97_20260419_215339,1.0,1,5073,job
llm_infer_mistral_7b_q4|d52344f3_20260419_220856,1.0,1,5073,job
llm_infer_mixtral_8x7b|6d7f6e16_20260419_035827,1.0,10,5073,job
llm_infer_mixtral_8x7b|74ae4709_20260421_001937,1.0,10,5073,job
llm_infer_phi3_mini|e0bd0272_20260419_212652,1.0,10,5073,job
llm_infer_phi3_mini|e7151e88_20260420_205129,1.0,10,5073,job
llm_infer_phi3_mini|e7320dff_20260420_205804,0.9,10,5073,job
llm_infer_qwen25_14b_fp16|2e76122c_20260419_212144,0.6,10,5073,job
llm_infer_qwen25_14b_fp16|85bf5790_20260419_205937,1.0,1,5073,job
llm_infer_qwen25_32b_fp16|0e1acfb8_20260824_214418,1.0,10,5073,job
llm_infer_qwen25_32b_fp16|50c83347_20260421_030757,1.0,10,5073,job
llm_infer_qwen25_32b_fp16|c89b4098_20260419_214232,0.5,10,5073,job
llm_infer_qwen25_32b_fp16|cbe6294b_20260824_215701,1.0,10,5073,job
llm_infer_qwen25_3b_bs16|22ecde82_20260419_032802,1.0,10,5073,job
llm_infer_qwen25_3b_bs16|dfe991b8_20260420_215605,1.0,10,5073,job
llm_infer_qwen25_3b_bs16|ee6ca6af_20260420_214537,1.0,10,5073,job
llm_infer_qwen25_3b_bs4|27632d17_20260420_214020,1.0,10,5073,job
llm_infer_qwen25_3b_bs4|a3bb4757_20260419_221022,1.0,10,5073,job
llm_infer_qwen25_3b_bs4|acde3618_20260419_221540,1.0,10,5073,job
llm_infer_qwen25_3b_bs4|d16da8aa_20260420_212943,1.0,10,5073,job
llm_infer_qwen25_3b|df5ce46a_20260419_020809,1.0,10,5073,job
llm_infer_qwen25_72b_fp8|6ee178e0_20260419_043033,1.0,10,5073,job
llm_infer_qwen25_72b_tp2|173cf665d203_20260419_044434,1.0,10,5073,job
llm_infer_qwen25_72b_tp2|d667bcd68796_20260419_045202,1.0,20,5073,job
llm_infer_qwen25_7b_fp16|a694acd9_20260419_210256,0.7,10,5073,job
llm_infer_sdxl|212903bb_20260420_223849,1.0,10,5073,job
llm_infer_sdxl|43c64a98_20260420_224406,1.0,10,5073,job
llm_infer_tinyllama_bs8|75a3d2cd_20260419_215432,0.9,10,5073,job
llm_infer_tinyllama_bs8|ecdf6ee5_20260420_220215,1.0,10,5073,job
llm_infer_tinyllama_seq4096|eac7968c_20260419_224733,1.0,10,5073,job
llm_infer_vit_l_bs64|7bf48cb7_20260419_231402,1.0,10,5073,job
llm_infer_vit_l_bs64|fde5cf55_20260420_225435,1.0,10,5073,job
llm_train_mistral_7b_lora|e2b30e58_20260419_232842,1.0,10,5073,job
llm_train_phi3_mini_lora|48da72bf_20260824_230320,1.0,10,5073,job
llm_train_qwen25_1p5b_lora|e0c86e62_20260824_220836,1.0,10,5073,job
llm_train_qwen25_3b_lora|074568ba_20260824_224126,1.0,10,5073,job
llm_train_qwen25_3b_lora|dd7204cf_20260824_224654,1.0,10,5073,job
mining_ethash_proxy|59292457_20260420_001044,1.0,10,5073,job
mining_ethash_proxy|b5c42733_20260825_002157,1.0,10,5073,job
mining_ethash_proxy|b6f2e520_20260825_001133,1.0,10,5073,job
mlp_training|mlp_training_c52a21,1.0,1,5073,job
modern_inference|6ce8e009_20260413_033057,1.0,1,5073,job
nbody_sim|6c13c5ae_20260825_030429,1.0,10,5073,job
nbody_sim|e828c825_20260825_025405,1.0,10,5073,job
nbody_sim|e90ecd1d_20260825_031452,1.0,10,5073,job
nvlink_p2p|858acb89_20260413_033414,1.0,1,5073,job
ppo_rlhf_r32_rep1|2b37c1ae_20260804_170110,0.9,10,5073,job
pytorch_mlp_cifar10|22fad3bd_20260825_021517,1.0,1,5073,job
pytorch_mlp_cifar10|2cd679aa_20260412_224117,1.0,2,5073,job
pytorch_resnet_cifar10_amp_ext|a0c58ed2_20260420_203152,1.0,5,5073,job
pytorch_resnet_cifar10_amp|7184c09f_20260825_073235,1.0,1,5073,job
pytorch_resnet_cifar10_amp|7e69c6dd_20260825_021041,1.0,1,5073,job
pytorch_resnet_cifar10_amp|964987b7_20260825_021328,1.0,1,5073,job
pytorch_resnet_cifar10_ext|41c19de5_20260420_204048,1.0,5,5073,job
pytorch_resnet_cifar10_ext|d18ec4ea_20260421_011036,1.0,5,5073,job
pytorch_resnet_cifar10|81f71774_20260412_222753,0.0,1,5073,job
pytorch_training|1540ec8b_20260413_032737,1.0,1,5073,job
rendering_proxy|5278c256_20260412_232321,1.0,10,5073,job
resnet50_inference|d120b7ba_20260825_024340,1.0,10,5073,job
symgemm_L3_graddiscard_rep1|f12dea2b_20260802_182955,0.8,10,5073,job
symgemm_L3_graddiscard_rep2|eaf8a014_20260802_205144,0.8,10,5073,job
symgemm_L3_graddiscard_rep4|7a0468e5_20260802_234229,0.9,10,5073,job
symgemm_idle|06d5a273_20260802_173910,0.0,10,5073,job
symgemm_ppo_fused_r32_rep1|52af0173_20260803_003717,1.0,10,5073,job
training_dual_gpu_dp|multi_gpu_telemetry_gpu0,0.5,2,5073,job
training_dual_gpu_dp|training_dual_gpu_dp_gpu0_e63285,1.0,1,5073,job
training_dual_gpu_dp|training_dual_gpu_dp_gpu1_278acd,1.0,1,5073,job
training_dual_gpu_dp|training_dual_gpu_dp_gpu1_d95db4,1.0,1,5073,job
whitebox_diluted_1b_N1_1h|e9c0ff07_20260727_235850,1.0,10,5073,job
whitebox_diluted_7b_N10_1h|f65c515b_20260727_121946,1.0,10,5073,job
whitebox_diluted_N10|d7e25a80_20260725_203405,1.0,10,5073,job
whitebox_diluted_N5|eaaa7663_20260725_210026,1.0,10,5073,job
whitebox_inference_7b_1h|4bf42831_20260727_095532,0.8,10,5073,job
whitebox_inference_7b_2h|2c53509d_20260727_215058,0.9,10,5073,job
whitebox_lora_3b_N1_1h|070267f7_20260727_194926,1.0,10,5073,job
whitebox_lora_7b_N20_1h|8c105125_20260727_142117,1.0,10,5073,job
whitebox_lora_7b_long|98ae0ecb_20260725_114106,1.0,10,5073,job
whitebox_oracle|ba2654c8_20260725_224635,1.0,10,5073,job
adversarial_E_memory_minimal|09b77236_20260412_230551,0.0,1,5074,job
adversarial_E_memory_minimal|f5727cea_20260825_040148,1.0,10,5074,job
adversarial_F_interleave_30|314da66d_20260412_053508,1.0,1,5074,job
adversarial_F_interleave_30|7edc637e_20260825_042324,1.0,10,5074,job
adversarial_F_interleave_30|df47671a_20260825_041800,1.0,10,5074,job
adversarial_F_interleave_50|972b5cb1_20260412_230551,1.0,1,5074,job
adversarial_F_interleave_50|9b9ece1a_20260825_043411,1.0,10,5074,job
adversarial_G_clock_throttled|8a017bab_20260412_223016,1.0,10,5074,job
adversarial_H_mimicry_cufft|49dbd077_20260412_223016,1.0,10,5074,job
adversarial_H_mimicry_cufft|8a52b6f9_20260825_052246,1.0,10,5074,job
adversarial_H_mimicry_cufft|bf336e54_20260825_051722,1.0,10,5074,job
adversarial_H_mimicry_cufft|ce9f5c9f_20260412_230551,1.0,1,5074,job
adversarial_H_mimicry_mining|26c55d63_20260412_230551,1.0,10,5074,job
adversarial_H_mimicry_mining|bedfd354_20260412_223016,1.0,10,5074,job
adversarial_J_pid_75|6aa98cf6_20260412_053508,1.0,1,5074,job
adversarial_J_pid_75|94ea2465_20260825_054945,1.0,10,5074,job
adversarial_K_ddp_accum_8|73431dec5f44_20260412_234640,1.0,80,5074,job
adversarial_L_ddp_stagger_5|2739e0598ddb_20260413_001154,1.0,80,5074,job
adversarial_L_diluted_10_mw8|453df7c0_20260726_170248,1.0,10,5074,job
adversarial_L_diluted_10|7a3fb3e9_20260825_070518,1.0,10,5074,job
adversarial_L_diluted_10|8d5f2101_20260725_235123,1.0,10,5074,job
adversarial_L_diluted_200_mw8|fd4fadc3_20260726_171819,1.0,10,5074,job
adversarial_L_diluted_20|951bef7b_20260825_072130,1.0,10,5074,job
adversarial_L_diluted_2|354119ef_20260412_223541,1.0,10,5074,job
adversarial_L_diluted_2|463541b6_20260825_062731,1.0,10,5074,job
adversarial_L_diluted_5|5e0891fb_20260412_054054,1.0,10,5074,job
adversarial_L_diluted_5|8f922c0f_20260825_064343,1.0,10,5074,job
adversarial_training|33aa4cb4_20260413_033352,1.0,1,5074,job
bert_finetune|d969416f_20260413_032846,1.0,1,5074,job
bert_sst2_amp|e682e23c_20260412_231705,1.0,1,5074,job
bert_sst2|19873577_20260412_224117,1.0,1,5074,job
bert_sst2|675c6c84_20260412_222753,1.0,2,5074,job
cufft_benchmark|38fd661e_20260419_235032,1.0,10,5074,job
cufft_benchmark|692a3d5e_20260412_224117,1.0,10,5074,job
cufft_benchmark|fa1982fd_20260419_234026,1.0,10,5074,job
ddp_resnet18_cifar10_amp|95f2a16cc1a5_20260412_234616,1.0,80,5074,job
ddp_resnet18_cifar10_amp|972309ed66bd_20260412_231156,1.0,80,5074,job
ddp_resnet18_cifar10|a76b540db268_20260412_233502,0.9875,80,5074,job
ddp_resnet18_cifar10|ce5c33bebcdd_20260412_060311,0.9,80,5074,job
ddp_training|ddp_telemetry_gpu1,1.0,1,5074,job
gpt2_wikitext2_amp_ext|f609adef_20260420_203807,1.0,2,5074,job
gpt2_wikitext2_amp|025c9b24_20260412_224117,1.0,1,5074,job
gpt2_wikitext2_amp|62c86ac7_20260412_222753,1.0,2,5074,job
gpt2_wikitext2_ext|7a20f073_20260420_204656,1.0,6,5074,job
gpt2_wikitext2|1f4b6ea6_20260412_231705,1.0,3,5074,job
gpt2_wikitext2|917b93fb_20260412_224117,1.0,3,5074,job
idle|395fbdc4_20260413_032720,1.0,1,5074,job
idle|9689d8b0_20260413_032720,1.0,1,5074,job
idle|9883933c_20260420_201152,1.0,7,5074,job
llm_infer_mistral_7b_q4|0e400173_20260419_215405,1.0,1,5074,job
llm_infer_mistral_7b_q4|1aa4e562_20260825_004332,0.2,10,5074,job
llm_infer_mistral_7b_q4|8bb0be41_20260420_015335,1.0,1,5074,job
llm_infer_mistral_7b_q4|9e359ed7_20260825_003757,0.1,10,5074,job
llm_infer_mistral_7b_q4|dbde8feb_20260419_210231,1.0,1,5074,job
llm_infer_mistral_7b_q4|dc6bbdac_20260420_010008,1.0,10,5074,job
llm_infer_mixtral_8x7b|2136c735_20260421_001254,1.0,10,5074,job
llm_infer_phi3_mini|745171c6_20260419_015720,1.0,10,5074,job
llm_infer_phi3_mini|aafcc35f_20260419_015203,1.0,10,5074,job
llm_infer_qwen25_14b_fp16|9bdd69d7_20260420_233533,1.0,10,5074,job
llm_infer_qwen25_32b_fp16|0e1acfb8_20260824_214418,0.9,10,5074,job
llm_infer_qwen25_32b_fp16|43218758_20260421_031401,1.0,10,5074,job
llm_infer_qwen25_32b_fp16|54f1bd71_20260419_205959,1.0,1,5074,job
llm_infer_qwen25_3b_bs16|0765cbf1_20260420_215052,1.0,10,5074,job
llm_infer_qwen25_3b_bs16|22ecde82_20260419_032802,1.0,10,5074,job
llm_infer_qwen25_3b_bs16|301efde2_20260419_225807,1.0,10,5074,job
llm_infer_qwen25_3b_bs4|acde3618_20260419_221540,1.0,10,5074,job
llm_infer_qwen25_3b|7de76a76_20260420_211352,1.0,10,5074,job
llm_infer_qwen25_3b|f8a46936_20260420_211909,1.0,10,5074,job
llm_infer_qwen25_72b_fp16|1d53cfd5_20260421_004034,1.0,10,5074,job
llm_infer_qwen25_72b_fp8|1949bd09_20260420_003236,0.9,10,5074,job
llm_infer_qwen25_72b_fp8|36625af8_20260420_235243,1.0,10,5074,job
llm_infer_qwen25_72b_fp8|8ae2fbd4_20260420_004029,1.0,10,5074,job
llm_infer_qwen25_72b_tp2|11ae41c37687_20260419_045923,1.0,20,5074,job
llm_infer_qwen25_7b_fp16|4052c194_20260824_200842,1.0,10,5074,job
llm_infer_qwen25_7b_fp16|61bf5366_20260420_231727,1.0,10,5074,job
llm_infer_qwen25_7b_fp16|87b75337_20260824_200626,1.0,2,5074,job
llm_infer_qwen25_7b_fp16|abd7cc9c_20260420_230458,1.0,10,5074,job
llm_infer_qwen25_7b_fp16|febf963c_20260419_205933,1.0,1,5074,job
llm_infer_sdxl|5477dea8_20260419_223149,0.0,10,5074,job
llm_infer_sdxl|adc8a3d2_20260419_222624,0.1,10,5074,job
llm_infer_tinyllama_bs8|0c587cbd_20260419_022959,1.0,10,5074,job
llm_infer_tinyllama_seq4096|026a1f9a_20260420_221753,1.0,10,5074,job
llm_infer_vit_l_bs64|38e37d2f_20260419_034355,1.0,10,5074,job
llm_infer_vit_l_bs64|5e01a928_20260419_034907,1.0,10,5074,job
llm_train_mistral_7b_lora|8af16eaa_20260824_231421,1.0,10,5074,job
llm_train_phi3_mini_lora|5fb0d553_20260824_225222,1.0,10,5074,job
llm_train_qwen25_3b_lora|46b96f38_20260419_224930,1.0,10,5074,job
mining_ethash_proxy|304ec693_20260420_003055,1.0,10,5074,job
mining_ethash_proxy|417dd7cd_20260420_002049,1.0,10,5074,job
mining_proxy|mining_proxy_a7ed85,0.0,1,5074,job
nbody_sim|bf32f0fa_20260413_033224,1.0,1,5074,job
nvlink_p2p|858acb89_20260413_033414,1.0,1,5074,job
ppo_rlhf_r32_rep1|2b37c1ae_20260804_170110,1.0,10,5074,job
pytorch_mlp_cifar10|743face9_20260412_231705,1.0,2,5074,job
pytorch_resnet_cifar10_amp|29320233_20260825_073152,1.0,1,5074,job
pytorch_resnet_cifar10_amp|7184c09f_20260825_073235,1.0,1,5074,job
pytorch_resnet_cifar10_amp|964987b7_20260825_021328,1.0,1,5074,job
pytorch_resnet_cifar10_amp|e9662cc3_20260412_223541,0.6666666666666666,3,5074,job
pytorch_resnet_cifar10|0d79ee94_20260825_005047,0.0,10,5074,job
pytorch_resnet_cifar10|30653101_20260412_231132,0.6666666666666666,3,5074,job
resnet50_inference|d120b7ba_20260825_024340,1.0,10,5074,job
resnet50_inference|f65b4403_20260413_033014,1.0,1,5074,job
resnet_fp32|resnet_fp32_f7ebcf,1.0,1,5074,job
symgemm_L0_fwd1_rep2|3c32c629_20260802_204034,1.0,10,5074,job
symgemm_L1_fwd3_7b_rep1|1da12b31_20260802_215024,0.5,10,5074,job
symgemm_L1_fwd3_rep4|cbddae2b_20260802_230858,1.0,10,5074,job
symgemm_L4_sgdfused_long1b_rep1|e77f32f2_20260803_062646,0.6,10,5074,job
symgemm_L4_sgdfused_m8192_rep1|e3f3bb2f_20260802_184108,1.0,10,5074,job
symgemm_L5_adam_rep1|24f173d4_20260802_180735,1.0,10,5074,job
symgemm_L5_adam_rep4|b36d56ef_20260802_232008,1.0,10,5074,job
symgemm_decode_g256_rep1|37d9b353_20260803_004828,0.9,10,5074,job
symgemm_ppo_fused_r32_rep2|c6b8724c_20260803_011053,1.0,10,5074,job
symgemm_ppo_fused_r8_rep3|be11f759_20260803_013316,1.0,10,5074,job
training_dual_gpu_dp|multi_gpu_telemetry_gpu1,1.0,2,5074,job
training_dual_gpu_dp|training_dual_gpu_dp_gpu0_1c7245,1.0,1,5074,job
training_dual_gpu_dp|training_dual_gpu_dp_gpu0_e63285,1.0,1,5074,job
training_single_gpu|training_single_gpu_gpu0_199317,0.0,1,5074,job
training_single_gpu|training_single_gpu_gpu1_a2ce5b,0.0,1,5074,job
whitebox_diluted_N20|d8b176f8_20260725_212116,1.0,10,5074,job
whitebox_diluted_N5|e9df56b8_20260725_202339,1.0,10,5074,job
whitebox_inference_3b_rep2|92741c8b_20260728_020004,0.9,10,5074,job
whitebox_inference_7b_2h|2c53509d_20260727_215058,0.9,10,5074,job
whitebox_inference|2c3fb377_20260725_205514,1.0,10,5074,job
whitebox_inference|f59e111e_20260725_194134,1.0,10,5074,job
whitebox_lora_7b_N1_1h|d26abcf1_20260727_110823,1.0,10,5074,job
whitebox_lora_7b_N20_1h|8c105125_20260727_142117,1.0,10,5074,job
whitebox_lora_7b_pilot_N2|849422c3_20260726_114431,1.0,10,5074,job
whitebox_lora_7b_pilot_N5|8d4c0881_20260726_121646,1.0,10,5074,job
whitebox_lora_7b_pilot_N8|a2326a19_20260726_130940,1.0,10,5074,job
width_sweep_dp|width_sweep_dp_gpu1_cd4011,1.0,1,5074,job
adversarial_E_memory_minimal|f5727cea_20260825_040148,1.0,10,5075,job
adversarial_F_interleave_50|46a73a4e_20260725_234614,1.0,10,5075,job
adversarial_H_mimicry_cufft|983fad80_20260412_053508,1.0,1,5075,job
adversarial_H_mimicry_cufft|bf336e54_20260825_051722,1.0,10,5075,job
adversarial_H_mimicry_mining|26c55d63_20260412_230551,1.0,10,5075,job
adversarial_H_mimicry_mining|5ac32145_20260825_051158,1.0,10,5075,job
adversarial_I_stochastic_30|15190e45_20260725_234104,1.0,10,5075,job
adversarial_I_stochastic_30|650fb51f_20260412_223016,0.9,10,5075,job
adversarial_I_stochastic_30|b5fea657_20260825_053857,1.0,10,5075,job
adversarial_J_pid_75|6aa98cf6_20260412_053508,1.0,1,5075,job
adversarial_J_pid_75|cf944e31_20260412_230551,1.0,1,5075,job
adversarial_K_ddp_accum_4|ccdbb46fc1a0_20260413_001726,1.0,80,5075,job
adversarial_K_ddp_accum_8|036fb65cffea_20260413_002258,1.0,80,5075,job
adversarial_K_ddp_accum_8|4e915a9d238b_20260412_065453,1.0,80,5075,job
adversarial_K_ddp|41b734487b5e_20260412_235331,1.0,80,5075,job
adversarial_K_online_learning|5e90b4fe_20260412_223541,1.0,10,5075,job
adversarial_K_online_learning|cff6d675_20260825_061644,1.0,10,5075,job
adversarial_K_online_learning|da312bfa_20260412_054054,1.0,10,5075,job
adversarial_L_ddp_5|a9a551652c04_20260412_235905,1.0,80,5075,job
adversarial_L_diluted_10_mw8|453df7c0_20260726_170248,1.0,10,5075,job
adversarial_L_diluted_10_mw8|51a40fcc_20260726_171309,1.0,10,5075,job
adversarial_L_diluted_10|5904fb3d_20260412_223541,1.0,10,5075,job
adversarial_L_diluted_200_mw8|a38a444f_20260726_174828,1.0,10,5075,job
adversarial_L_diluted_20|2a9e51e9_20260725_235723,1.0,10,5075,job
adversarial_L_diluted_2|07fb94ee_20260412_054054,1.0,10,5075,job
adversarial_L_diluted_2|354119ef_20260412_223541,1.0,10,5075,job
adversarial_L_diluted_5|05e951a9_20260825_063819,1.0,10,5075,job
adversarial_L_diluted_5|29aaeb3c_20260825_064907,1.0,10,5075,job
adversarial_training|b1c5e184_20260413_033330,0.0,1,5075,job
batch_size_sweep_dp|batch_size_sweep_dp_gpu1_f04813,1.0,1,5075,job
bert_sst2_amp_ext|cb252747_20260420_204010,1.0,1,5075,job
bert_sst2_amp|e682e23c_20260412_231705,1.0,1,5075,job
bert_sst2_ext|49545bf6_20260420_204947,1.0,3,5075,job
bert_sst2|30b0dab5_20260412_231705,1.0,1,5075,job
bert_sst2|675c6c84_20260412_222753,1.0,2,5075,job
cufft_benchmark|2cf468dc_20260421_013631,1.0,10,5075,job
cufft_benchmark|540552ce_20260824_234024,1.0,10,5075,job
cufft_benchmark|7529bef2_20260824_233001,1.0,10,5075,job
cufft_benchmark|f97558fa_20260412_231705,1.0,10,5075,job
cufft_hpc|cufft_hpc_c78372,1.0,1,5075,job
ddp_resnet18_cifar10_amp|972309ed66bd_20260412_231156,1.0,80,5075,job
ddp_resnet50_cifar10|3477d94c3a9e_20260412_060843,1.0,80,5075,job
fsdp_30b_adamw_nvlink|29f631dc5b8a_20260413_002943,1.0,80,5075,job
fsdp_30b_nvlink|8726f6620517_20260413_001627,1.0,80,5075,job
fsdp_70b_nvlink|3e8e00c5f514_20260413_010753,1.0,80,5075,job
gpt2_finetune|f22ba689_20260413_032930,0.0,1,5075,job
gpt2_wikitext2_ext|ab0d938a_20260420_203614,1.0,6,5075,job
gpt2_wikitext2|13f0dd2f_20260825_021915,1.0,2,5075,job
idle|03110fa2_20260824_232519,1.0,7,5075,job
idle|idle_e3e53d,1.0,1,5075,job
llm_infer_mistral_7b_q4|1039bea2_20260825_074800,1.0,10,5075,job
llm_infer_mistral_7b_q4|53e3e332_20260419_210248,1.0,1,5075,job
llm_infer_mistral_7b_q4|8bb0be41_20260420_015335,1.0,1,5075,job
llm_infer_mistral_7b_q4|ce7f27f7_20260825_075353,1.0,10,5075,job
llm_infer_phi3_mini|aafcc35f_20260419_015203,1.0,10,5075,job
llm_infer_phi3_mini|cd6a5e78_20260419_212123,1.0,10,5075,job
llm_infer_phi3_mini|d0a32c71_20260419_213210,1.0,10,5075,job
llm_infer_phi3_mini|e7151e88_20260420_205129,1.0,10,5075,job
llm_infer_qwen25_14b_fp16|1eda1bef_20260824_213225,1.0,10,5075,job
llm_infer_qwen25_14b_fp16|875f3c6d_20260420_232314,1.0,10,5075,job
llm_infer_qwen25_14b_fp16|98601a67_20260824_213822,1.0,10,5075,job
llm_infer_qwen25_14b_fp16|9bdd69d7_20260420_233533,1.0,10,5075,job
llm_infer_qwen25_14b_fp16|a5960172_20260420_232931,1.0,10,5075,job
llm_infer_qwen25_14b_fp16|c1adb329_20260419_205942,1.0,1,5075,job
llm_infer_qwen25_32b_fp16|08c0cbfe_20260420_001804,1.0,10,5075,job
llm_infer_qwen25_32b_fp16|097ee7e4_20260420_002519,1.0,10,5075,job
llm_infer_qwen25_32b_fp16|43218758_20260421_031401,1.0,10,5075,job
llm_infer_qwen25_3b_bs16|dfe991b8_20260420_215605,1.0,10,5075,job
llm_infer_qwen25_3b_bs4|16c726fc_20260419_222104,1.0,10,5075,job
llm_infer_qwen25_3b|1fd463ca_20260419_021328,1.0,10,5075,job
llm_infer_qwen25_3b|372a1387_20260420_212426,1.0,10,5075,job
llm_infer_qwen25_72b_fp8|ad1ee08d_20260419_041746,1.0,10,5075,job
llm_infer_qwen25_7b_fp16|0088cce0_20260419_205928,1.0,1,5075,job
llm_infer_qwen25_7b_fp16|4052c194_20260824_200842,1.0,10,5075,job
llm_infer_qwen25_7b_fp16|4f69bded_20260824_200743,1.0,1,5075,job
llm_infer_qwen25_7b_fp16|c98d90af_20260420_231133,1.0,10,5075,job
llm_infer_qwen25_7b_fp16|f6638e51_20260419_211613,1.0,10,5075,job
llm_infer_sdxl|827523c5_20260420_223333,1.0,10,5075,job
llm_infer_sdxl|adc8a3d2_20260419_222624,1.0,10,5075,job
llm_infer_tinyllama_bs8|00313478_20260419_215951,1.0,10,5075,job
llm_infer_tinyllama_bs8|bcad42c3_20260419_220507,1.0,10,5075,job
llm_infer_tinyllama_bs8|ce7d83fd_20260419_022445,1.0,10,5075,job
llm_infer_tinyllama_seq4096|026a1f9a_20260420_221753,1.0,10,5075,job
llm_infer_vit_l_bs64|27cbf4a5_20260419_231919,1.0,10,5075,job
llm_infer_vit_l_bs64|38e37d2f_20260419_034355,1.0,10,5075,job
llm_infer_vit_l_bs64|7be29623_20260420_224924,1.0,10,5075,job
llm_infer_vit_l_bs64|7bf48cb7_20260419_231402,1.0,10,5075,job
llm_infer_vit_l_bs64|9c5aafb1_20260419_232432,1.0,10,5075,job
llm_train_qwen25_3b_lora|074568ba_20260824_224126,1.0,10,5075,job
llm_train_qwen25_3b_lora|e8114b07_20260419_225441,1.0,10,5075,job
mining_ethash_proxy|5a291891_20260420_200144,1.0,10,5075,job
mining_ethash_proxy|8c86200c_20260412_232321,1.0,10,5075,job
nbody_sim|98b49f2f_20260412_224117,1.0,10,5075,job
nvlink_bandwidth|nvlink_bandwidth_gpu1_b97b50,1.0,1,5075,job
nvlink_latency|nvlink_latency_gpu0_1c6087,1.0,1,5075,job
nvlink_p2p|927418b1_20260413_033435,1.0,1,5075,job
ppo_rlhf_r32_rep1|2b37c1ae_20260804_170110,1.0,10,5075,job
ppo_rlhf_r32_rep3|9c5afa29_20260804_174554,1.0,10,5075,job
pytorch_mlp_cifar10|2cd679aa_20260412_224117,1.0,2,5075,job
pytorch_resnet_cifar10_amp_ext|0e16abc8_20260420_204227,1.0,5,5075,job
pytorch_resnet_cifar10_amp|1f7efb5a_20260825_021236,1.0,1,5075,job
pytorch_resnet_cifar10_amp|7184c09f_20260825_073235,1.0,1,5075,job
pytorch_resnet_cifar10_amp|7e69c6dd_20260825_021041,1.0,1,5075,job
pytorch_resnet_cifar10_ext|41c19de5_20260420_204048,1.0,5,5075,job
pytorch_training|2a94287a_20260413_032802,1.0,1,5075,job
rendering_proxy|307d16fe_20260825_032515,1.0,10,5075,job
rendering_proxy|5278c256_20260412_232321,1.0,10,5075,job
scientific_hpc|2369d03f_20260413_033308,1.0,1,5075,job
symgemm_L0_fwd1_rep1|7e021360_20260802_181845,1.0,10,5075,job
symgemm_L0_fwd1_rep2|3c32c629_20260802_204034,1.0,10,5075,job
symgemm_L1_fwd3_7b_rep1|1da12b31_20260802_215024,0.9,10,5075,job
symgemm_L1_fwd3_rep2|e04a3490_20260802_201813,1.0,10,5075,job
symgemm_L3_graddiscard_rep3|3abcefec_20260802_224637,0.9,10,5075,job
symgemm_L5_adam_rep3|f1871cc2_20260802_222417,1.0,10,5075,job
symgemm_ppo_fused_r32_rep2|c6b8724c_20260803_011053,1.0,10,5075,job
training_dual_gpu_dp|multi_gpu_telemetry_gpu1,0.5,2,5075,job
training_dual_gpu_dp|training_dual_gpu_dp_gpu1_278acd,1.0,1,5075,job
training_single_gpu|training_single_gpu_gpu0_199317,1.0,1,5075,job
whitebox_diluted_N20|6305ed40_20260725_204431,1.0,10,5075,job
whitebox_inference_long|877db838_20260725_055129,0.9,10,5075,job
whitebox_inference|3d92903b_20260725_201826,0.9,10,5075,job
whitebox_lora_7b_N500_long|43be1ab2_20260726_203116,1.0,10,5075,job
whitebox_lora_7b_N50_1h|f9ff4b5d_20260727_152145,0.9,10,5075,job
whitebox_lora_7b_long|98ae0ecb_20260725_114106,1.0,10,5075,job
whitebox_lora_7b_pilot_N3|083f6968_20260726_120119,1.0,10,5075,job
whitebox_lora_7b_pilot_N7|b7b290a9_20260726_125420,1.0,10,5075,job
whitebox_lora_N10_long|58e5a6e6_20260724_215116,1.0,10,5075,job
whitebox_lora_N10|12837863_20260725_200230,1.0,10,5075,job
whitebox_lora_N20|fa5f7994_20260725_204944,1.0,10,5075,job
whitebox_lora_N5|5d8cb134_20260725_210538,1.0,10,5075,job
adversarial_E_memory_minimal|09b77236_20260412_230551,0.0,1,5076,job
adversarial_E_memory_minimal|7b692854_20260412_053508,0.9,10,5076,job
adversarial_F_interleave_50|46a73a4e_20260725_234614,1.0,10,5076,job
adversarial_F_interleave_50|972b5cb1_20260412_230551,1.0,1,5076,job
adversarial_F_interleave_50|9b9ece1a_20260825_043411,1.0,10,5076,job
adversarial_F_interleave_50|e70f6fc4_20260412_053508,1.0,10,5076,job
adversarial_G_clock_throttled|26e4120c_20260825_045023,1.0,10,5076,job
adversarial_H_mimicry_mining|30dc1b59_20260412_053508,1.0,1,5076,job
adversarial_I_stochastic_30|b5fea657_20260825_053857,1.0,10,5076,job
adversarial_K_ddp_accum_4|ccdbb46fc1a0_20260413_001726,1.0,80,5076,job
adversarial_K_ddp_accum_8|036fb65cffea_20260413_002258,1.0,80,5076,job
adversarial_K_online_learning|5e90b4fe_20260412_223541,1.0,10,5076,job
adversarial_K_online_learning|901b510d_20260825_061120,1.0,10,5076,job
adversarial_L_diluted_10|2c305d90_20260725_232752,1.0,10,5076,job
adversarial_L_diluted_200_mw8|fd4fadc3_20260726_171819,1.0,10,5076,job
adversarial_L_diluted_20|2a9e51e9_20260725_235723,1.0,10,5076,job
adversarial_L_diluted_20|c504ec15_20260726_002055,1.0,10,5076,job
adversarial_L_diluted_2|07fb94ee_20260412_054054,1.0,10,5076,job
adversarial_L_diluted_2|0e8e28c2_20260825_062208,1.0,10,5076,job
adversarial_L_diluted_5|8f922c0f_20260825_064343,1.0,10,5076,job
batch_size_sweep_dp|batch_size_sweep_dp_gpu1_f04813,1.0,1,5076,job
bert_sst2_amp_ext|550d0003_20260420_205051,1.0,1,5076,job
bert_sst2_amp|e682e23c_20260412_231705,1.0,1,5076,job
bert_sst2_ext|d1b7b9e7_20260420_202822,1.0,3,5076,job
bert_sst2|0a64dc16_20260825_021827,1.0,1,5076,job
bert_sst2|4a0aab7a_20260825_021739,1.0,1,5076,job
bert_sst2|675c6c84_20260412_222753,1.0,2,5076,job
cufft_benchmark|f97558fa_20260412_231705,1.0,10,5076,job
ddp_resnet18_cifar10_amp|452a0a67a4fb_20260412_061559,1.0,80,5076,job
ddp_resnet50_cifar10|9fc805ce081e_20260412_234039,1.0,80,5076,job
fsdp_30b_nvlink|cb97612d27e1_20260412_074413,1.0,70,5076,job
fsdp_70b_adamw|e53e253f883d_20260413_012900,1.0,2,5076,job
fsdp_70b_nvlink|15cced21b9b1_20260413_012238,1.0,8,5076,job
fsdp_70b_nvlink|3e8e00c5f514_20260413_010753,0.9375,80,5076,job
fsdp_70b_nvlink|c632fe2971fa_20260412_071411,1.0,8,5076,job
fsdp_70b_seqlen512|27c89ff855c9_20260413_012837,0.1875,80,5076,job
fsdp_70b_sgd_momentum|465819c33b0c_20260413_012319,0.7875,80,5076,job
gpt2_finetune|cfe318c2_20260413_032930,0.0,1,5076,job
gpt2_finetune|eb4a005e_20260413_032908,1.0,1,5076,job
gpt2_wikitext2_ext|7a20f073_20260420_204656,1.0,6,5076,job
gpt2_wikitext2_ext|daa304a2_20260421_011634,1.0,6,5076,job
gpt2_wikitext2|f1162cf3_20260412_222753,0.6666666666666666,3,5076,job
inference|inference_c1b4c6,1.0,1,5076,job
llm_infer_mistral_7b_q4|280943b7_20260421_011827,0.9,10,5076,job
llm_infer_mistral_7b_q4|793c412e_20260420_010538,1.0,10,5076,job
llm_infer_mistral_7b_q4|7dcec1a2_20260420_020500,0.9,10,5076,job
llm_infer_mistral_7b_q4|85d8feff_20260419_215354,1.0,1,5076,job
llm_infer_mistral_7b_q4|bd933593_20260419_221051,1.0,1,5076,job
llm_infer_mistral_7b_q4|c36eab64_20260419_220847,1.0,1,5076,job
llm_infer_mistral_7b_q4|d52344f3_20260419_220856,1.0,1,5076,job
llm_infer_mistral_7b_q4|dbde8feb_20260419_210231,1.0,1,5076,job
llm_infer_mistral_7b_q4|e81dfe47_20260420_015946,0.9,10,5076,job
llm_infer_mixtral_8x7b|2136c735_20260421_001254,1.0,10,5076,job
llm_infer_phi3_mini|3bce5480_20260420_210836,1.0,10,5076,job
llm_infer_phi3_mini|52a2bd28_20260420_210319,1.0,10,5076,job
llm_infer_phi3_mini|e7320dff_20260420_205804,0.9,10,5076,job
llm_infer_qwen25_14b_fp16|200c729c_20260419_235621,1.0,10,5076,job
llm_infer_qwen25_32b_fp16|097ee7e4_20260420_002519,1.0,10,5076,job
llm_infer_qwen25_32b_fp16|949b75e6_20260419_215643,1.0,10,5076,job
llm_infer_qwen25_3b_bs16|0765cbf1_20260420_215052,1.0,10,5076,job
llm_infer_qwen25_3b_bs16|301efde2_20260419_225807,1.0,10,5076,job
llm_infer_qwen25_3b_bs4|a3bb4757_20260419_221022,1.0,10,5076,job
llm_infer_qwen25_3b_bs4|acde3618_20260419_221540,1.0,10,5076,job
llm_infer_qwen25_3b_bs4|d16da8aa_20260420_212943,1.0,10,5076,job
llm_infer_qwen25_3b|1fd463ca_20260419_021328,1.0,10,5076,job
llm_infer_qwen25_3b|7de76a76_20260420_211352,1.0,10,5076,job
llm_infer_qwen25_72b_fp16|1d53cfd5_20260421_004034,1.0,10,5076,job
llm_infer_qwen25_72b_fp8|ad1ee08d_20260419_041746,1.0,10,5076,job
llm_infer_qwen25_7b_fp16|0088cce0_20260419_205928,1.0,1,5076,job
llm_infer_qwen25_7b_fp16|5ff414f8_20260419_211038,1.0,10,5076,job
llm_infer_qwen25_7b_fp16|730da3ab_20260419_234250,1.0,10,5076,job
llm_infer_qwen25_7b_fp16|a694acd9_20260419_210256,0.8,10,5076,job
llm_infer_qwen25_7b_fp16|f70331c1_20260419_233641,1.0,10,5076,job
llm_infer_qwen25_7b_fp16|febf963c_20260419_205933,1.0,1,5076,job
llm_infer_sdxl|3761f92b_20260419_223705,1.0,10,5076,job
llm_infer_tinyllama_bs8|00313478_20260419_215951,1.0,10,5076,job
llm_infer_tinyllama_bs8|0c587cbd_20260419_022959,1.0,10,5076,job
llm_infer_tinyllama_bs8|ce7d83fd_20260419_022445,1.0,10,5076,job
llm_infer_tinyllama_bs8|ecdf6ee5_20260420_220215,1.0,10,5076,job
llm_infer_tinyllama_seq4096|0b0351ce_20260420_222819,1.0,10,5076,job
llm_infer_tinyllama_seq4096|eac7968c_20260419_224733,1.0,10,5076,job
llm_infer_vit_l_bs64|5e01a928_20260419_034907,1.0,10,5076,job
llm_train_qwen25_3b_lora|66980709_20260824_223555,1.0,10,5076,job
llm_train_smollm2_1p7b_lora|ad1a6473_20260419_222727,1.0,10,5076,job
llm_train_smollm2_1p7b_lora|bc185109_20260419_223818,1.0,10,5076,job
mining_ethash_proxy|814335b9_20260421_020654,1.0,10,5076,job
mining_ethash_proxy|b6f2e520_20260825_001133,1.0,10,5076,job
mining_ethash_proxy|c56e618e_20260412_224732,1.0,10,5076,job
nbody_sim|b9568c1a_20260413_033202,1.0,1,5076,job
nbody_sim|bf32f0fa_20260413_033224,1.0,1,5076,job
pytorch_mlp_cifar10_ext|22ac55c7_20260420_203325,1.0,10,5076,job
pytorch_resnet_cifar10_amp|09c94605_20260412_222753,1.0,2,5076,job
pytorch_resnet_cifar10_amp|29320233_20260825_073152,1.0,1,5076,job
pytorch_resnet_cifar10_amp|7184c09f_20260825_073235,1.0,1,5076,job
pytorch_resnet_cifar10|71c3cb1a_20260825_020519,1.0,1,5076,job
pytorch_training|2a94287a_20260413_032802,1.0,1,5076,job
rendering_proxy|5278c256_20260412_232321,1.0,10,5076,job
rendering_proxy|8aeaf443_20260825_033538,1.0,10,5076,job
resnet50_inference|0464d734_20260825_022250,1.0,10,5076,job
resnet50_inference|277c9073_20260825_023315,1.0,10,5076,job
resnet50_inference|d45705f9_20260412_231705,0.1,10,5076,job
resnet50_inference|d6707f42_20260413_033014,0.0,1,5076,job
resnet50_inference|f65b4403_20260413_033014,0.0,1,5076,job
scientific_hpc|3cf03b97_20260413_033308,1.0,1,5076,job
symgemm_L1_fwd3_7b_rep1|1da12b31_20260802_215024,0.5,10,5076,job
symgemm_L1_fwd3_m8192_rep1|128a6c86_20260802_185218,0.5,10,5076,job
symgemm_L1_fwd3_rep3|956006bf_20260802_221307,1.0,10,5076,job
symgemm_L1_fwd3_rep4|cbddae2b_20260802_230858,0.9,10,5076,job
symgemm_L3_graddiscard_rep2|eaf8a014_20260802_205144,1.0,10,5076,job
symgemm_L4_sgdfused_rep3|719fe5b8_20260802_220158,1.0,10,5076,job
symgemm_L5_adam_rep2|498da780_20260802_202923,1.0,10,5076,job
symgemm_ppo_fused_r32_rep1|52af0173_20260803_003717,1.0,10,5076,job
symgemm_ppo_fused_r8_rep3|be11f759_20260803_013316,1.0,10,5076,job
training_dual_gpu_dp|training_dual_gpu_dp_gpu1_278acd,1.0,1,5076,job
training_single_gpu|training_single_gpu_gpu0_4f9586,1.0,1,5076,job
training_single_gpu|training_single_gpu_gpu1_552ff1,0.0,1,5076,job
whitebox_diluted_N10|8891b439_20260725_211051,1.0,10,5076,job
whitebox_diluted_N10|d7e25a80_20260725_203405,1.0,10,5076,job
whitebox_inference_3b_rep2|92741c8b_20260728_020004,0.9,10,5076,job
whitebox_inference_7b_2h|2c53509d_20260727_215058,0.9,10,5076,job
whitebox_inference_7b_rep3|62149f64_20260728_050902,0.8,10,5076,job
whitebox_inference|f59e111e_20260725_194134,0.9,10,5076,job
whitebox_lora_7b_N20_1h|8c105125_20260727_142117,1.0,10,5076,job
whitebox_lora_7b_long|98ae0ecb_20260725_114106,1.0,10,5076,job
whitebox_lora_7b_pilot_N7|b7b290a9_20260726_125420,1.0,10,5076,job
whitebox_lora_N10|12837863_20260725_200230,1.0,10,5076,job
whitebox_lora_N10|c738d40d_20260725_203918,1.0,10,5076,job
whitebox_lora_N20|b5e22ab8_20260725_212628,1.0,10,5076,job
whitebox_lora_N5|de90ed7d_20260725_202852,1.0,10,5076,job
whitebox_oracle|75298cf9_20260725_225503,1.0,10,5076,job
adversarial_E_memory_minimal|72186530_20260825_040712,1.0,10,5077,job
adversarial_E_memory_minimal|c443df01_20260825_035624,1.0,10,5077,job
adversarial_G_clock_throttled|b38cd060_20260825_044459,1.0,10,5077,job
adversarial_H_mimicry_cufft|49dbd077_20260412_223016,1.0,10,5077,job
adversarial_H_mimicry_cufft|bf336e54_20260825_051722,1.0,10,5077,job
adversarial_H_mimicry_mining|30dc1b59_20260412_053508,1.0,1,5077,job
adversarial_H_mimicry_mining|88fd4004_20260825_050111,1.0,10,5077,job
adversarial_I_stochastic_30|5e185d96_20260412_053508,1.0,10,5077,job
adversarial_I_stochastic_30|b5fea657_20260825_053857,1.0,10,5077,job
adversarial_K_ddp_accum_4|6e24c995c923_20260412_064737,1.0,80,5077,job
adversarial_K_ddp_accum_8|4e915a9d238b_20260412_065453,1.0,80,5077,job
adversarial_K_ddp_accum_8|73431dec5f44_20260412_234640,1.0,80,5077,job
adversarial_K_online_learning|5e90b4fe_20260412_223541,1.0,10,5077,job
adversarial_L_ddp_10|740abd236207_20260413_000621,1.0,80,5077,job
adversarial_L_ddp_10|a3adf2258b52_20260412_063635,1.0,80,5077,job
adversarial_L_ddp_5|eb1c85843b4a_20260412_062919,1.0,80,5077,job
adversarial_L_ddp_stagger_5|9018a40f5999_20260412_233540,1.0,80,5077,job
adversarial_L_diluted_10_mw8|453df7c0_20260726_170248,1.0,10,5077,job
adversarial_L_diluted_10|9712fcda_20260825_065431,1.0,10,5077,job
adversarial_L_diluted_10|d4cc031f_20260726_001456,1.0,10,5077,job
adversarial_L_diluted_20|405a7452_20260412_223541,1.0,10,5077,job
adversarial_L_diluted_2|354119ef_20260412_223541,1.0,10,5077,job
adversarial_L_diluted_5|05e951a9_20260825_063819,1.0,10,5077,job
adversarial_training|33aa4cb4_20260413_033352,1.0,1,5077,job
adversarial_training|b1c5e184_20260413_033330,0.0,1,5077,job
batch_size_sweep_dp|batch_size_sweep_dp_gpu1_f04813,1.0,1,5077,job
bert_finetune|9311265c_20260413_032824,0.0,1,5077,job
bert_sst2|30b0dab5_20260412_231705,1.0,1,5077,job
bert_sst2|906cb48d_20260825_021650,1.0,1,5077,job
cufft_benchmark|4bfa16e2_20260824_235047,1.0,10,5077,job
cufft_benchmark|7eb3b0fd_20260420_000038,1.0,10,5077,job
fsdp_30b_nvlink|2f237772ccc3_20260413_004957,0.9375,80,5077,job
fsdp_70b_nvlink|3e8e00c5f514_20260413_010753,1.0,80,5077,job
fsdp_7b_nvlink|755f005b3557_20260412_070444,1.0,80,5077,job
gpt2_finetune|cfe318c2_20260413_032930,0.0,1,5077,job
gpt2_finetune|f22ba689_20260413_032930,0.0,1,5077,job
gpt2_wikitext2_ext|7a20f073_20260420_204656,1.0,6,5077,job
idle|3a7e56ce_20260412_223541,1.0,7,5077,job
idle|964c62f7_20260420_194932,1.0,7,5077,job
idle|9c0d0d21_20260824_232740,1.0,7,5077,job
idle|b37a89ff_20260824_180358,1.0,7,5077,job
idle|b3e73340_20260419_233617,1.0,7,5077,job
llm_infer_deepseek_v3_tp8|acb00ac39728_20260419_002312,1.0,30,5077,job
llm_infer_mistral_7b_q4|0546326b_20260420_015345,1.0,1,5077,job
llm_infer_mistral_7b_q4|199b8710_20260825_074125,1.0,10,5077,job
llm_infer_mistral_7b_q4|9e359ed7_20260825_003757,0.4,10,5077,job
llm_infer_mistral_7b_q4|afe01b8f_20260419_205857,1.0,1,5077,job
llm_infer_mistral_7b_q4|b0506bd3_20260419_205916,1.0,1,5077,job
llm_infer_mistral_7b_q4|ce7f27f7_20260825_075353,1.0,10,5077,job
llm_infer_mistral_7b_q4|d4a0ca97_20260419_215339,0.0,1,5077,job
llm_infer_mistral_7b_q4|dc6bbdac_20260420_010008,1.0,10,5077,job
llm_infer_mixtral_8x7b|6d7f6e16_20260419_035827,1.0,10,5077,job
llm_infer_mixtral_8x7b|7c6d4b81_20260421_000537,1.0,10,5077,job
llm_infer_phi3_mini|3bce5480_20260420_210836,1.0,10,5077,job
llm_infer_phi3_mini|52a2bd28_20260420_210319,1.0,10,5077,job
llm_infer_phi3_mini|e7320dff_20260420_205804,0.9,10,5077,job
llm_infer_qwen25_14b_fp16|085bd1c8_20260420_000301,1.0,10,5077,job
llm_infer_qwen25_14b_fp16|1eda1bef_20260824_213225,1.0,10,5077,job
llm_infer_qwen25_14b_fp16|62b1513a_20260419_205946,1.0,1,5077,job
llm_infer_qwen25_14b_fp16|b9923a39_20260419_213654,1.0,10,5077,job
llm_infer_qwen25_14b_fp16|c2bcc1e0_20260419_213116,1.0,10,5077,job
llm_infer_qwen25_32b_fp16|0e1acfb8_20260824_214418,0.9,10,5077,job
llm_infer_qwen25_3b_bs16|72bf234c_20260419_230326,1.0,10,5077,job
llm_infer_qwen25_3b_bs4|16c726fc_20260419_222104,1.0,10,5077,job
llm_infer_qwen25_3b_bs4|32bdfeb6_20260419_024034,1.0,10,5077,job
llm_infer_qwen25_3b|3f309572_20260419_214259,1.0,10,5077,job
llm_infer_qwen25_72b_fp8|78a77a8b_20260420_235909,1.0,10,5077,job
llm_infer_qwen25_72b_fp8|b39fa450_20260419_042425,0.9,10,5077,job
llm_infer_qwen25_72b_tp2|11ae41c37687_20260419_045923,1.0,20,5077,job
llm_infer_qwen25_7b_fp16|0088cce0_20260419_205928,1.0,1,5077,job
llm_infer_qwen25_7b_fp16|4052c194_20260824_200842,1.0,10,5077,job
llm_infer_qwen25_7b_fp16|58527b11_20260419_232945,0.9,10,5077,job
llm_infer_qwen25_7b_fp16|87b75337_20260824_200626,1.0,2,5077,job
llm_infer_qwen25_7b_fp16|abd7cc9c_20260420_230458,1.0,10,5077,job
llm_infer_qwen25_7b_fp16|c98d90af_20260420_231133,1.0,10,5077,job
llm_infer_tinyllama_bs8|43f9b961_20260420_221242,1.0,10,5077,job
llm_infer_tinyllama_bs8|75a3d2cd_20260419_215432,1.0,10,5077,job
llm_infer_tinyllama_bs8|ce7d83fd_20260419_022445,1.0,10,5077,job
llm_infer_tinyllama_bs8|ecdf6ee5_20260420_220215,1.0,10,5077,job
llm_infer_vit_l_bs64|9c5aafb1_20260419_232432,1.0,10,5077,job
llm_train_mistral_7b_lora|8af16eaa_20260824_231421,1.0,10,5077,job
llm_train_mistral_7b_lora|b31642c6_20260419_231627,0.7,10,5077,job
llm_train_mistral_7b_lora|e2b30e58_20260419_232842,1.0,10,5077,job
llm_train_phi3_mini_lora|48da72bf_20260824_230320,1.0,10,5077,job
llm_train_qwen25_1p5b_lora|a219bf6f_20260419_221705,1.0,10,5077,job
llm_train_qwen25_3b_lora|074568ba_20260824_224126,1.0,10,5077,job
llm_train_qwen25_3b_lora|46b96f38_20260419_224930,1.0,10,5077,job
llm_train_qwen25_3b_lora|dfde664f_20260419_224329,0.9,10,5077,job
llm_train_smollm2_1p7b_lora|ad1a6473_20260419_222727,0.9,10,5077,job
mining_ethash_proxy|814335b9_20260421_020654,1.0,10,5077,job
mining_ethash_proxy|8c86200c_20260412_232321,1.0,10,5077,job
modern_inference|165eedde_20260413_033036,1.0,1,5077,job
nbody_sim|98b49f2f_20260412_224117,1.0,10,5077,job
nbody_sim|e90ecd1d_20260825_031452,1.0,10,5077,job
nvlink_bandwidth|nvlink_bandwidth_gpu1_30ea2a,1.0,1,5077,job
nvlink_latency|nvlink_latency_gpu0_5aa1ba,1.0,1,5077,job
nvlink_p2p|927418b1_20260413_033435,1.0,1,5077,job
pytorch_resnet_cifar10_amp|09c94605_20260412_222753,1.0,2,5077,job
pytorch_resnet_cifar10_amp|73475ab0_20260412_231132,1.0,4,5077,job
pytorch_resnet_cifar10_ext|76d6663a_20260420_203006,1.0,6,5077,job
pytorch_resnet_cifar10|0de6fc56_20260825_020340,1.0,1,5077,job
pytorch_training|2a94287a_20260413_032802,1.0,1,5077,job
rendering_proxy|8aeaf443_20260825_033538,1.0,10,5077,job
resnet50_inference|277c9073_20260825_023315,1.0,10,5077,job
resnet50_inference|f8907ec1_20260413_032952,1.0,1,5077,job
resnet_amp|resnet_amp_efa494,1.0,1,5077,job
scientific_hpc|b957a0bf_20260413_033246,1.0,1,5077,job
symgemm_L1_fwd3_m8192_rep1|128a6c86_20260802_185218,0.0,10,5077,job
symgemm_L3_graddiscard_rep1|f12dea2b_20260802_182955,0.9,10,5077,job
symgemm_L3_graddiscard_rep3|3abcefec_20260802_224637,0.9,10,5077,job
symgemm_L3_graddiscard_rep4|7a0468e5_20260802_234229,1.0,10,5077,job
symgemm_L4_sgdfused_long1b_rep1|e77f32f2_20260803_062646,0.7,10,5077,job
symgemm_L5_adam_rep1|24f173d4_20260802_180735,1.0,10,5077,job
symgemm_ppo_fused_r32_rep1|52af0173_20260803_003717,1.0,10,5077,job
training_dual_gpu_dp|multi_gpu_telemetry_gpu0,1.0,2,5077,job
training_dual_gpu_dp|training_dual_gpu_dp_gpu0_e63285,1.0,1,5077,job
training_single_gpu|single_gpu_telemetry,1.0,1,5077,job
training_single_gpu|training_single_gpu_gpu0_199317,1.0,1,5077,job
whitebox_diluted_7b_N10_1h|f65c515b_20260727_121946,0.9,10,5077,job
whitebox_diluted_N10|e6a6ba30_20260725_195717,1.0,10,5077,job
whitebox_diluted_N20|6305ed40_20260725_204431,1.0,10,5077,job
whitebox_inference_3b_1h|ac7b2aaa_20260727_205044,0.0,10,5077,job
whitebox_inference_long|877db838_20260725_055129,0.9,10,5077,job
whitebox_inference|f59e111e_20260725_194134,0.9,10,5077,job
whitebox_lora_1b_N1_1h|861a8dfb_20260727_173343,1.0,10,5077,job
whitebox_lora_3b_N1_1h|070267f7_20260727_194926,1.0,10,5077,job
whitebox_lora_7b_pilot_N5|8d4c0881_20260726_121646,1.0,10,5077,job
whitebox_lora_7b_pilot_N8|a2326a19_20260726_130940,1.0,10,5077,job
whitebox_lora_N20|fa5f7994_20260725_204944,1.0,10,5077,job
whitebox_oracle|ba2654c8_20260725_224635,1.0,10,5077,job
adversarial_F_interleave_50|13089340_20260825_043935,1.0,10,5078,job
adversarial_F_interleave_50|468ad378_20260825_042847,1.0,10,5078,job
adversarial_F_interleave_50|82b69908_20260412_223016,1.0,10,5078,job
adversarial_F_interleave_50|bc02cbc2_20260726_000947,1.0,10,5078,job
adversarial_G_clock_throttled|26e4120c_20260825_045023,1.0,10,5078,job
adversarial_G_clock_throttled|8a017bab_20260412_223016,1.0,10,5078,job
adversarial_H_mimicry_cufft|49dbd077_20260412_223016,1.0,10,5078,job
adversarial_H_mimicry_cufft|8a52b6f9_20260825_052246,1.0,10,5078,job
adversarial_H_mimicry_mining|30dc1b59_20260412_053508,1.0,1,5078,job
adversarial_H_mimicry_mining|5ac32145_20260825_051158,1.0,10,5078,job
adversarial_J_pid_75|6aa98cf6_20260412_053508,1.0,1,5078,job
adversarial_J_pid_75|ddd52b74_20260825_055509,1.0,10,5078,job
adversarial_K_ddp_accum_8|4e915a9d238b_20260412_065453,1.0,80,5078,job
adversarial_K_ddp|41b734487b5e_20260412_235331,1.0,80,5078,job
adversarial_K_online_learning|5e90b4fe_20260412_223541,1.0,10,5078,job
adversarial_L_ddp_10|4f087fae7c56_20260412_233011,1.0,80,5078,job
adversarial_L_ddp_5|a9a551652c04_20260412_235905,1.0,80,5078,job
adversarial_L_ddp_5|eb1c85843b4a_20260412_062919,1.0,80,5078,job
adversarial_L_diluted_10|9712fcda_20260825_065431,1.0,10,5078,job
adversarial_L_diluted_20|c1b0e51f_20260825_071606,1.0,10,5078,job
adversarial_L_diluted_5|2471d189_20260412_231132,1.0,10,5078,job
adversarial_L_diluted_5|478eaec5_20260412_223541,1.0,10,5078,job
adversarial_L_diluted_5|5e0891fb_20260412_054054,1.0,10,5078,job
adversarial_training|33aa4cb4_20260413_033352,1.0,1,5078,job
adversarial_training|b1c5e184_20260413_033330,0.0,1,5078,job
bert_sst2_amp_ext|cb252747_20260420_204010,1.0,1,5078,job
bert_sst2_amp|dd87fb92_20260412_222753,1.0,1,5078,job
bert_sst2|19873577_20260412_224117,1.0,1,5078,job
bert_sst2|675c6c84_20260412_222753,1.0,2,5078,job
cufft_benchmark|227faa64_20260413_033119,1.0,1,5078,job
cufft_benchmark|38fd661e_20260419_235032,1.0,10,5078,job
cufft_benchmark|540552ce_20260824_234024,1.0,10,5078,job
cufft_benchmark|7529bef2_20260824_233001,1.0,10,5078,job
cufft_benchmark|fa1982fd_20260419_234026,1.0,10,5078,job
cufft_hpc|cufft_hpc_58ecd2,1.0,1,5078,job
ddp_training|ddp_telemetry_gpu0,1.0,1,5078,job
fsdp_13b_nvlink|cf8cfa835835_20260413_000312,1.0,80,5078,job
fsdp_30b_nvlink|165add02433c_20260412_071335,1.0,8,5078,job
fsdp_30b_nvlink|cb97612d27e1_20260412_074412,1.0,10,5078,job
fsdp_30b_nvlink|cb97612d27e1_20260412_074413,1.0,70,5078,job
fsdp_70b_nvlink|3e8e00c5f514_20260413_010753,1.0,80,5078,job
fsdp_70b_nvlink|c632fe2971fa_20260412_071411,1.0,8,5078,job
fsdp_70b_seqlen512|27c89ff855c9_20260413_012837,0.8125,80,5078,job
gpt2_finetune|cfe318c2_20260413_032930,0.0,1,5078,job
gpt2_wikitext2|13f0dd2f_20260825_021915,1.0,2,5078,job
gpt2_wikitext2|f1162cf3_20260412_222753,1.0,3,5078,job
idle|03110fa2_20260824_232519,1.0,7,5078,job
idle|9883933c_20260420_201152,1.0,7,5078,job
idle|9d362947_20260419_233822,1.0,7,5078,job
idle|dd455a95_20260824_171422,1.0,7,5078,job
idle|f63d327d_20260421_013426,1.0,7,5078,job
idle|idle_e3e53d,1.0,1,5078,job
inference|inference_c1b4c6,1.0,1,5078,job
llm_infer_mistral_7b_q4|143e0113_20260419_220838,1.0,1,5078,job
llm_infer_mistral_7b_q4|280943b7_20260421_011827,1.0,10,5078,job
llm_infer_mistral_7b_q4|9e359ed7_20260825_003757,0.9,10,5078,job
llm_infer_mistral_7b_q4|b8b0e618_20260420_005449,1.0,10,5078,job
llm_infer_mistral_7b_q4|bd933593_20260419_221051,0.0,1,5078,job
llm_infer_mistral_7b_q4|d4a0ca97_20260419_215339,1.0,1,5078,job
llm_infer_phi3_mini|aafcc35f_20260419_015203,1.0,10,5078,job
llm_infer_qwen25_14b_fp16|62b1513a_20260419_205946,1.0,1,5078,job
llm_infer_qwen25_14b_fp16|c1adb329_20260419_205942,1.0,1,5078,job
llm_infer_qwen25_14b_fp16|e481b484_20260419_234859,1.0,10,5078,job
llm_infer_qwen25_32b_fp16|50c83347_20260421_030757,1.0,10,5078,job
llm_infer_qwen25_32b_fp16|a14ebdea_20260824_215053,1.0,10,5078,job
llm_infer_qwen25_32b_fp16|dffbfb17_20260421_030111,0.9,10,5078,job
llm_infer_qwen25_3b_bs4|766c2eff_20260419_024551,1.0,10,5078,job
llm_infer_qwen25_3b_bs4|d16da8aa_20260420_212943,1.0,10,5078,job
llm_infer_qwen25_72b_fp16|1d53cfd5_20260421_004034,1.0,10,5078,job
llm_infer_qwen25_72b_fp16|d793b310_20260421_003349,1.0,10,5078,job
llm_infer_qwen25_72b_fp8|8ae2fbd4_20260420_004029,1.0,10,5078,job
llm_infer_qwen25_72b_fp8|b39fa450_20260419_042425,1.0,10,5078,job
llm_infer_qwen25_72b_fp8|cd098693_20260420_004709,0.9,10,5078,job
llm_infer_qwen25_7b_fp16|0c4a3bb2_20260824_212015,1.0,10,5078,job
llm_infer_qwen25_7b_fp16|8c50624a_20260824_211339,1.0,10,5078,job
llm_infer_sdxl|3761f92b_20260419_223705,0.9,10,5078,job
llm_infer_sdxl|43c64a98_20260420_224406,1.0,10,5078,job
llm_infer_sdxl|81d0af5a_20260419_030149,1.0,10,5078,job
llm_infer_sdxl|827523c5_20260420_223333,0.9,10,5078,job
llm_infer_tinyllama_bs8|0c587cbd_20260419_022959,1.0,10,5078,job
llm_infer_tinyllama_bs8|43f9b961_20260420_221242,1.0,10,5078,job
llm_infer_vit_l_bs64|27cbf4a5_20260419_231919,1.0,10,5078,job
llm_infer_vit_l_bs64|7bf48cb7_20260419_231402,0.9,10,5078,job
llm_infer_vit_l_bs64|9c5aafb1_20260419_232432,1.0,10,5078,job
llm_train_mistral_7b_lora|e954b9ae_20260824_231951,1.0,10,5078,job
llm_train_qwen25_1p5b_lora|4f537ca3_20260419_222216,1.0,10,5078,job
llm_train_qwen25_3b_lora|66980709_20260824_223555,1.0,10,5078,job
llm_train_qwen25_3b_lora|dd7204cf_20260824_224654,1.0,10,5078,job
llm_train_qwen25_3b_lora|dfde664f_20260419_224329,0.9,10,5078,job
mining_ethash_proxy|59292457_20260420_001044,1.0,10,5078,job
nbody_sim|bf32f0fa_20260413_033224,1.0,1,5078,job
nvlink_bandwidth|nvlink_bandwidth_gpu0_0eb88f,1.0,1,5078,job
nvlink_bandwidth|nvlink_bandwidth_gpu1_30ea2a,1.0,1,5078,job
nvlink_p2p|7e14f65e_20260413_033435,1.0,1,5078,job
pytorch_resnet_cifar10_amp|7b05a6ae_20260825_021143,1.0,1,5078,job
pytorch_resnet_cifar10_amp|bc16a2c3_20260825_020856,1.0,1,5078,job
pytorch_resnet_cifar10|81f71774_20260412_222753,0.0,1,5078,job
pytorch_training|1b83c94e_20260413_032802,1.0,1,5078,job
rendering_proxy|630b9e74_20260825_034601,1.0,10,5078,job
rendering_proxy|c76a250c_20260412_224732,1.0,10,5078,job
resnet50_inference|0464d734_20260825_022250,1.0,10,5078,job
resnet50_inference|d120b7ba_20260825_024340,1.0,10,5078,job
resnet50_inference|d6707f42_20260413_033014,0.0,1,5078,job
resnet_amp|resnet_amp_0c34ce,1.0,1,5078,job
resnet_amp|resnet_amp_cc435c,1.0,1,5078,job
resnet_fp32|resnet_fp32_f7ebcf,1.0,1,5078,job
scientific_hpc|b957a0bf_20260413_033246,1.0,1,5078,job
symgemm_L0_fwd1_rep2|3c32c629_20260802_204034,1.0,10,5078,job
symgemm_L1_fwd3_rep1|9c7b9bc7_20260802_175625,1.0,10,5078,job
symgemm_L1_fwd3_rep3|956006bf_20260802_221307,1.0,10,5078,job
symgemm_L4_sgdfused_7b_rep1|d75e1ca4_20260802_212515,0.4,10,5078,job
symgemm_L4_sgdfused_short7b_rep1|2f4f2eb2_20260803_072657,0.9,10,5078,job
symgemm_decode_g256_rep2|4fc9bf1b_20260803_012205,1.0,10,5078,job
symgemm_idle|06d5a273_20260802_173910,0.3,10,5078,job
training_dual_gpu_dp|training_dual_gpu_dp_gpu0_1c7245,1.0,1,5078,job
training_single_gpu|training_single_gpu_gpu0_199317,1.0,1,5078,job
whitebox_diluted_3b_N1_1h|814de13f_20260728_005931,0.9,10,5078,job
whitebox_diluted_7b_N10_1h|f65c515b_20260727_121946,0.9,10,5078,job
whitebox_diluted_7b_N1_1h|5df04b7a_20260727_183421,0.8,10,5078,job
whitebox_diluted_N10|d7e25a80_20260725_203405,1.0,10,5078,job
whitebox_inference_long|877db838_20260725_055129,0.9,10,5078,job
whitebox_inference|f59e111e_20260725_194134,0.9,10,5078,job
whitebox_lora_3b_N1_1h|070267f7_20260727_194926,1.0,10,5078,job
whitebox_lora_7b_N100_1h|53c015c3_20260727_162214,0.8,10,5078,job
whitebox_lora_7b_N1_1h|d26abcf1_20260727_110823,0.8,10,5078,job
whitebox_lora_7b_N3_1h|1291fbf0_20260727_132029,1.0,10,5078,job
whitebox_lora_N20|7d319b8f_20260725_201255,1.0,10,5078,job
whitebox_lora_N20|b5e22ab8_20260725_212628,1.0,10,5078,job
whitebox_lora_N20|fa5f7994_20260725_204944,1.0,10,5078,job
whitebox_lora_N5|5d8cb134_20260725_210538,1.0,10,5078,job
adversarial_E_memory_minimal|72186530_20260825_040712,1.0,10,5079,job
adversarial_E_memory_minimal|7b692854_20260412_053508,1.0,10,5079,job
adversarial_F_interleave_30|314da66d_20260412_053508,1.0,1,5079,job
adversarial_F_interleave_50|46a73a4e_20260725_234614,1.0,10,5079,job
adversarial_F_interleave_50|e70f6fc4_20260412_053508,1.0,10,5079,job
adversarial_G_clock_throttled|26e4120c_20260825_045023,1.0,10,5079,job
adversarial_G_clock_throttled|4471bfa7_20260412_230551,1.0,1,5079,job
adversarial_G_clock_throttled|d38b3081_20260412_053508,1.0,10,5079,job
adversarial_G_clock_throttled|d64b14fc_20260825_045547,1.0,10,5079,job
adversarial_H_mimicry_cufft|49dbd077_20260412_223016,1.0,10,5079,job
adversarial_H_mimicry_mining|5ac32145_20260825_051158,1.0,10,5079,job
adversarial_H_mimicry_mining|bf6e3698_20260413_011721,1.0,10,5079,job
adversarial_I_stochastic_30|0790698e_20260726_000437,1.0,10,5079,job
adversarial_I_stochastic_30|15190e45_20260725_234104,1.0,10,5079,job
adversarial_I_stochastic_30|18b857be_20260412_230551,0.0,1,5079,job
adversarial_I_stochastic_30|3978f906_20260825_053334,1.0,10,5079,job
adversarial_J_pid_75|94ea2465_20260825_054945,1.0,10,5079,job
adversarial_J_pid_75|c205c1d2_20260413_014428,1.0,10,5079,job
adversarial_J_pid_75|cf944e31_20260412_230551,0.0,1,5079,job
adversarial_J_pid_75|ddd52b74_20260825_055509,1.0,10,5079,job
adversarial_K_ddp_accum_4|b28bb647b0ef_20260412_234110,1.0,80,5079,job
adversarial_K_ddp|41b734487b5e_20260412_235331,1.0,80,5079,job
adversarial_K_ddp|af5daab2a59a_20260412_062347,1.0,80,5079,job
adversarial_L_ddp_10|4f087fae7c56_20260412_233011,1.0,80,5079,job
adversarial_L_ddp_5|a9a551652c04_20260412_235905,1.0,80,5079,job
adversarial_L_diluted_10_mw8|2a0a1abb_20260726_170758,1.0,10,5079,job
adversarial_L_diluted_10|5904fb3d_20260412_223541,1.0,10,5079,job
adversarial_L_diluted_10|7a3fb3e9_20260825_070518,1.0,10,5079,job
adversarial_L_diluted_10|8d5f2101_20260725_235123,1.0,10,5079,job
adversarial_L_diluted_200_mw8|fd4fadc3_20260726_171819,1.0,10,5079,job
adversarial_L_diluted_20|1746ff55_20260412_054054,1.0,10,5079,job
adversarial_L_diluted_20|ee8eddb5_20260825_071042,1.0,10,5079,job
adversarial_L_diluted_2|354119ef_20260412_223541,1.0,10,5079,job
adversarial_L_diluted_2|463541b6_20260825_062731,1.0,10,5079,job
adversarial_L_diluted_2|9a292575_20260825_063255,1.0,10,5079,job
adversarial_L_diluted_5|5e0891fb_20260412_054054,1.0,10,5079,job
adversarial_training|0ff8862b_20260413_033352,1.0,1,5079,job
adversarial_training|b1c5e184_20260413_033330,0.0,1,5079,job
bert_sst2_amp_ext|550d0003_20260420_205051,1.0,1,5079,job
bert_sst2_amp_ext|7d5929da_20260420_202928,0.0,1,5079,job
bert_sst2_ext|39b13cda_20260420_203906,1.0,3,5079,job
bert_sst2|30b0dab5_20260412_231705,1.0,1,5079,job
cufft_benchmark|ff25783f_20260413_033141,1.0,1,5079,job
fsdp_13b_nvlink|0b39d5a9bdb4_20260413_003641,1.0,80,5079,job
fsdp_70b_adamw|e53e253f883d_20260413_012859,1.0,6,5079,job
fsdp_70b_nvlink|a7ff05fcabd2_20260413_003024,1.0,8,5079,job
fsdp_70b_nvlink|c632fe2971fa_20260412_071411,1.0,8,5079,job
fsdp_70b_seqlen512|27c89ff855c9_20260413_012837,0.75,80,5079,job
fsdp_7b_nvlink|a2f8d14a4ed2_20260413_003114,1.0,80,5079,job
gpt2_wikitext2_amp|62c86ac7_20260412_222753,1.0,2,5079,job
gpt2_wikitext2|917b93fb_20260412_224117,1.0,3,5079,job
idle|9689d8b0_20260413_032720,1.0,1,5079,job
idle|d840e0b6_20260824_171640,1.0,7,5079,job
idle|dd455a95_20260824_171422,1.0,7,5079,job
idle|idle_96fcac,1.0,1,5079,job
inference|inference_c1b4c6,1.0,1,5079,job
llm_infer_mistral_7b_q4|280943b7_20260421_011827,1.0,10,5079,job
llm_infer_mistral_7b_q4|8bb0be41_20260420_015335,1.0,1,5079,job
llm_infer_mistral_7b_q4|afe01b8f_20260419_205857,1.0,1,5079,job
llm_infer_mistral_7b_q4|ca02ad41_20260420_015354,1.0,1,5079,job
llm_infer_mistral_7b_q4|d4a0ca97_20260419_215339,1.0,1,5079,job
llm_infer_mistral_7b_q4|dc6bbdac_20260420_010008,1.0,10,5079,job
llm_infer_mixtral_8x7b|6d7f6e16_20260419_035827,1.0,10,5079,job
llm_infer_qwen25_14b_fp16|085bd1c8_20260420_000301,1.0,10,5079,job
llm_infer_qwen25_14b_fp16|200c729c_20260419_235621,1.0,10,5079,job
llm_infer_qwen25_14b_fp16|875f3c6d_20260420_232314,1.0,10,5079,job
llm_infer_qwen25_14b_fp16|9bdd69d7_20260420_233533,1.0,10,5079,job
llm_infer_qwen25_14b_fp16|c2bcc1e0_20260419_213116,1.0,10,5079,job
llm_infer_qwen25_32b_fp16|54f1bd71_20260419_205959,1.0,1,5079,job
llm_infer_qwen25_32b_fp16|cbe6294b_20260824_215701,1.0,10,5079,job
llm_infer_qwen25_3b_bs16|45cf0574_20260419_230842,1.0,10,5079,job
llm_infer_qwen25_3b_bs16|dfe991b8_20260420_215605,1.0,10,5079,job
llm_infer_qwen25_3b_bs4|766c2eff_20260419_024551,1.0,10,5079,job
llm_infer_qwen25_72b_fp8|b39fa450_20260419_042425,0.9,10,5079,job
llm_infer_qwen25_72b_tp2|173cf665d203_20260419_044434,1.0,10,5079,job
llm_infer_qwen25_7b_fp16|febf963c_20260419_205933,1.0,1,5079,job
llm_infer_tinyllama_bs8|00313478_20260419_215951,1.0,10,5079,job
llm_infer_tinyllama_bs8|bcad42c3_20260419_220507,1.0,10,5079,job
llm_infer_tinyllama_seq4096|ac0a588a_20260419_031732,1.0,10,5079,job
llm_infer_vit_l_bs64|38e37d2f_20260419_034355,1.0,10,5079,job
llm_infer_vit_l_bs64|7bf48cb7_20260419_231402,1.0,10,5079,job
llm_infer_vit_l_bs64|9c5aafb1_20260419_232432,1.0,10,5079,job
llm_infer_vit_l_bs64|fde5cf55_20260420_225435,1.0,10,5079,job
llm_train_mistral_7b_lora|e2b30e58_20260419_232842,1.0,10,5079,job
llm_train_mistral_7b_lora|f79dbad9_20260824_230849,1.0,10,5079,job
llm_train_qwen25_1p5b_lora|2a4e8583_20260419_221125,0.9,10,5079,job
llm_train_qwen25_1p5b_lora|8a368ac5_20260824_220307,1.0,10,5079,job
llm_train_qwen25_1p5b_lora|e0c86e62_20260824_220836,1.0,10,5079,job
llm_train_qwen25_3b_lora|074568ba_20260824_224126,1.0,10,5079,job
llm_train_qwen25_3b_lora|e8114b07_20260419_225441,1.0,10,5079,job
mining_ethash_proxy|b5c42733_20260825_002157,1.0,10,5079,job
mining_ethash_proxy|fad55191_20260421_015646,1.0,10,5079,job
mining_proxy|mining_proxy_a7ed85,0.0,1,5079,job
mlp_training|mlp_training_c52a21,1.0,1,5079,job
nbody_sim|4bf2dc52_20260412_231705,1.0,10,5079,job
nbody_sim|bcbaef15_20260413_033224,1.0,1,5079,job
nbody_sim|e828c825_20260825_025405,1.0,10,5079,job
nvlink_bandwidth|nvlink_bandwidth_gpu1_b97b50,1.0,1,5079,job
pytorch_mlp_cifar10_ext|91abd671_20260420_204403,1.0,10,5079,job
pytorch_mlp_cifar10|4c4e6778_20260825_021431,1.0,1,5079,job
pytorch_resnet_cifar10_amp|e9662cc3_20260412_223541,1.0,3,5079,job
pytorch_resnet_cifar10_ext|76d6663a_20260420_203006,1.0,6,5079,job
pytorch_resnet_cifar10_ext|d18ec4ea_20260421_011036,1.0,5,5079,job
pytorch_resnet_cifar10|0de6fc56_20260825_020340,1.0,1,5079,job
pytorch_training|1b83c94e_20260413_032802,1.0,1,5079,job
rendering_proxy|307d16fe_20260825_032515,1.0,10,5079,job
rendering_proxy|630b9e74_20260825_034601,1.0,10,5079,job
rendering_proxy|c76a250c_20260412_224732,1.0,10,5079,job
scientific_hpc|2369d03f_20260413_033308,1.0,1,5079,job
scientific_hpc|3cf03b97_20260413_033308,1.0,1,5079,job
symgemm_L0_fwd1_rep2|3c32c629_20260802_204034,1.0,10,5079,job
symgemm_L0_fwd1_rep3|0ad604b3_20260802_223527,0.9,10,5079,job
symgemm_L0_fwd1_rep4|03ed95b1_20260802_233118,1.0,10,5079,job
symgemm_L4_sgdfused_long1b_rep1|e77f32f2_20260803_062646,0.8,10,5079,job
symgemm_L5_adam_rep1|24f173d4_20260802_180735,1.0,10,5079,job
symgemm_L5_adam_rep4|b36d56ef_20260802_232008,1.0,10,5079,job
symgemm_decode_g256_rep2|4fc9bf1b_20260803_012205,1.0,10,5079,job
symgemm_ppo_fused_r32_rep2|c6b8724c_20260803_011053,1.0,10,5079,job
training_dual_gpu_dp|training_dual_gpu_dp_gpu0_1c7245,1.0,1,5079,job
whitebox_diluted_1b_N1_1h|e9c0ff07_20260727_235850,1.0,10,5079,job
whitebox_diluted_7b_N10_1h|f65c515b_20260727_121946,0.9,10,5079,job
whitebox_diluted_N20|2b6c90aa_20260725_200743,1.0,10,5079,job
whitebox_diluted_N5|a37b10ba_20260725_194651,1.0,10,5079,job
whitebox_inference_7b_2h|2c53509d_20260727_215058,0.9,10,5079,job
whitebox_inference|2c3fb377_20260725_205514,0.9,10,5079,job
whitebox_lora_7b_N10_rep2|a1f5446a_20260728_040109,1.0,10,5079,job
whitebox_lora_7b_pilot_N3|083f6968_20260726_120119,1.0,10,5079,job
whitebox_lora_7b_pilot_N7|b7b290a9_20260726_125420,1.0,10,5079,job
whitebox_lora_N10_long|58e5a6e6_20260724_215116,1.0,10,5079,job
whitebox_lora_N20|fa5f7994_20260725_204944,1.0,10,5079,job
adversarial_F_interleave_50|972b5cb1_20260412_230551,1.0,1,5080,job
adversarial_G_clock_throttled|26e4120c_20260825_045023,1.0,10,5080,job
adversarial_G_clock_throttled|4471bfa7_20260412_230551,1.0,1,5080,job
adversarial_H_mimicry_mining|26c55d63_20260412_230551,1.0,10,5080,job
adversarial_H_mimicry_mining|bf6e3698_20260413_011721,1.0,10,5080,job
adversarial_I_stochastic_30|3978f906_20260825_053334,1.0,10,5080,job
adversarial_I_stochastic_30|b5fea657_20260825_053857,1.0,10,5080,job
adversarial_I_stochastic_30|d13c6696_20260825_054421,1.0,10,5080,job
adversarial_K_ddp_accum_4|ccdbb46fc1a0_20260413_001726,1.0,80,5080,job
adversarial_K_ddp_accum_8|4e915a9d238b_20260412_065453,1.0,80,5080,job
adversarial_K_online_learning|3ca87735_20260825_060556,1.0,10,5080,job
adversarial_L_ddp_5|7f7c7caec1c9_20260412_232441,1.0,80,5080,job
adversarial_L_diluted_10_mw8|2a0a1abb_20260726_170758,1.0,10,5080,job
adversarial_L_diluted_10|5904fb3d_20260412_223541,1.0,10,5080,job
adversarial_L_diluted_10|9712fcda_20260825_065431,1.0,10,5080,job
adversarial_L_diluted_10|d4cc031f_20260726_001456,1.0,10,5080,job
adversarial_L_diluted_20|02cfd70b_20260412_231132,1.0,10,5080,job
adversarial_L_diluted_20|c1b0e51f_20260825_071606,1.0,10,5080,job
adversarial_L_diluted_20|ee8eddb5_20260825_071042,0.6,10,5080,job
adversarial_L_diluted_2|0e8e28c2_20260825_062208,1.0,10,5080,job
adversarial_L_diluted_2|463541b6_20260825_062731,1.0,10,5080,job
adversarial_L_diluted_5|5e0891fb_20260412_054054,1.0,10,5080,job
batch_size_sweep_dp|batch_size_sweep_dp_gpu1_f04813,1.0,1,5080,job
bert_sst2_amp_ext|7d5929da_20260420_202928,1.0,1,5080,job
cufft_benchmark|15fa4bd9_20260413_033141,1.0,1,5080,job
cufft_benchmark|38fd661e_20260419_235032,1.0,10,5080,job
cufft_benchmark|540552ce_20260824_234024,1.0,10,5080,job
cufft_benchmark|83e14a25_20260421_014638,1.0,10,5080,job
cufft_benchmark|fa1982fd_20260419_234026,1.0,10,5080,job
ddp_resnet18_cifar10_amp|972309ed66bd_20260412_231156,1.0,80,5080,job
fsdp_30b_nvlink|cb97612d27e1_20260412_074412,1.0,10,5080,job
fsdp_70b_adamw|e53e253f883d_20260413_012859,1.0,6,5080,job
gpt2_wikitext2_amp_ext|058cfbc9_20260420_204849,1.0,2,5080,job
gpt2_wikitext2_amp_ext|ec2b4d42_20260420_202719,1.0,3,5080,job
gpt2_wikitext2_amp|f2bd8e13_20260412_231705,1.0,2,5080,job
idle|03110fa2_20260824_232519,1.0,7,5080,job
idle|9c0d0d21_20260824_232740,1.0,7,5080,job
idle|9eb24edf_20260824_171857,1.0,7,5080,job
idle|b37a89ff_20260824_180358,1.0,7,5080,job
idle|d840e0b6_20260824_171640,1.0,7,5080,job
inference|inference_8fd998,1.0,1,5080,job
inference|inference_c1b4c6,1.0,1,5080,job
llm_infer_deepseek_v3_tp8|acb00ac39728_20260419_002312,0.2,30,5080,job
llm_infer_mistral_7b_q4|199b8710_20260825_074125,0.8,10,5080,job
llm_infer_mistral_7b_q4|280943b7_20260421_011827,1.0,10,5080,job
llm_infer_mistral_7b_q4|afe01b8f_20260419_205857,1.0,1,5080,job
llm_infer_mistral_7b_q4|eff20385_20260419_205907,1.0,1,5080,job
llm_infer_mixtral_8x7b|2136c735_20260421_001254,1.0,10,5080,job
llm_infer_phi3_mini|745171c6_20260419_015720,1.0,10,5080,job
llm_infer_phi3_mini|d0a32c71_20260419_213210,1.0,10,5080,job
llm_infer_phi3_mini|e7151e88_20260420_205129,1.0,10,5080,job
llm_infer_qwen25_14b_fp16|0467d4a3_20260824_212608,1.0,10,5080,job
llm_infer_qwen25_14b_fp16|085bd1c8_20260420_000301,1.0,10,5080,job
llm_infer_qwen25_14b_fp16|200c729c_20260419_235621,1.0,10,5080,job
llm_infer_qwen25_14b_fp16|62b1513a_20260419_205946,1.0,1,5080,job
llm_infer_qwen25_14b_fp16|a5960172_20260420_232931,1.0,10,5080,job
llm_infer_qwen25_14b_fp16|e481b484_20260419_234859,1.0,10,5080,job
llm_infer_qwen25_32b_fp16|08c0cbfe_20260420_001804,1.0,10,5080,job
llm_infer_qwen25_32b_fp16|0e1acfb8_20260824_214418,0.9,10,5080,job
llm_infer_qwen25_32b_fp16|cbe6294b_20260824_215701,1.0,10,5080,job
llm_infer_qwen25_3b_bs16|301efde2_20260419_225807,1.0,10,5080,job
llm_infer_qwen25_3b_bs4|d16da8aa_20260420_212943,1.0,10,5080,job
llm_infer_qwen25_3b|59a892fe_20260419_020238,1.0,10,5080,job
llm_infer_qwen25_3b|b3849090_20260419_213727,1.0,10,5080,job
llm_infer_qwen25_72b_fp16|1d53cfd5_20260421_004034,1.0,10,5080,job
llm_infer_qwen25_72b_fp16|d793b310_20260421_003349,1.0,10,5080,job
llm_infer_qwen25_72b_fp8|1949bd09_20260420_003236,1.0,10,5080,job
llm_infer_qwen25_72b_fp8|4bc4cd75_20260420_234536,1.0,10,5080,job
llm_infer_qwen25_72b_fp8|b39fa450_20260419_042425,0.9,10,5080,job
llm_infer_qwen25_7b_fp16|4052c194_20260824_200842,0.9,10,5080,job
llm_infer_qwen25_7b_fp16|730da3ab_20260419_234250,1.0,10,5080,job
llm_infer_qwen25_7b_fp16|87b75337_20260824_200626,1.0,2,5080,job
llm_infer_qwen25_7b_fp16|8c50624a_20260824_211339,0.9,10,5080,job
llm_infer_qwen25_7b_fp16|a694acd9_20260419_210256,0.6,10,5080,job
llm_infer_sdxl|f3c09865_20260419_025108,0.9,10,5080,job
llm_infer_tinyllama_bs8|bcad42c3_20260419_220507,1.0,10,5080,job
llm_infer_tinyllama_bs8|efe8ddc5_20260419_021922,0.9,10,5080,job
llm_infer_tinyllama_seq4096|026a1f9a_20260420_221753,1.0,10,5080,job
llm_infer_tinyllama_seq4096|ac0a588a_20260419_031732,1.0,10,5080,job
llm_infer_tinyllama_seq4096|ff9add28_20260419_224220,1.0,10,5080,job
llm_infer_vit_l_bs64|9c5aafb1_20260419_232432,1.0,10,5080,job
llm_infer_vit_l_bs64|fde5cf55_20260420_225435,1.0,10,5080,job
llm_train_phi3_mini_lora|5fb0d553_20260824_225222,1.0,10,5080,job
llm_train_qwen25_1p5b_lora|a219bf6f_20260419_221705,1.0,10,5080,job
llm_train_qwen25_1p5b_lora|f2ab89f9_20260824_221404,1.0,10,5080,job
llm_train_qwen25_3b_lora|e8114b07_20260419_225441,1.0,10,5080,job
llm_train_smollm2_1p7b_lora|2958dde3_20260824_221932,1.0,10,5080,job
llm_train_smollm2_1p7b_lora|bc185109_20260419_223818,1.0,10,5080,job
mining_ethash_proxy|59292457_20260420_001044,1.0,10,5080,job
mining_ethash_proxy|c56e618e_20260412_224732,0.9,10,5080,job
mlp_training|mlp_training_c52a21,1.0,1,5080,job
nbody_sim|nbody_sim_66a459,1.0,1,5080,job
nvlink_bandwidth|nvlink_bandwidth_gpu1_b97b50,1.0,1,5080,job
nvlink_latency|nvlink_latency_gpu1_9a8612,1.0,1,5080,job
nvlink_p2p|7e14f65e_20260413_033435,1.0,1,5080,job
pytorch_resnet_cifar10_amp_ext|0e16abc8_20260420_204227,1.0,5,5080,job
pytorch_resnet_cifar10_amp|7184c09f_20260825_073235,1.0,1,5080,job
pytorch_resnet_cifar10_amp|7b05a6ae_20260825_021143,1.0,1,5080,job
pytorch_resnet_cifar10_amp|e9662cc3_20260412_223541,1.0,3,5080,job
pytorch_resnet_cifar10_ext|41c19de5_20260420_204048,1.0,5,5080,job
pytorch_resnet_cifar10_ext|d18ec4ea_20260421_011036,1.0,5,5080,job
pytorch_resnet_cifar10|0de6fc56_20260825_020340,1.0,1,5080,job
rendering_proxy|5278c256_20260412_232321,0.9,10,5080,job
resnet50_inference|d120b7ba_20260825_024340,1.0,10,5080,job
resnet50_inference|ee8f3e1f_20260412_224117,1.0,10,5080,job
symgemm_L0_fwd1_rep2|3c32c629_20260802_204034,1.0,10,5080,job
symgemm_L0_fwd1_rep4|03ed95b1_20260802_233118,1.0,10,5080,job
symgemm_L1_fwd3_rep2|e04a3490_20260802_201813,1.0,10,5080,job
symgemm_L1_fwd3_rep4|cbddae2b_20260802_230858,1.0,10,5080,job
symgemm_L4_sgdfused_rep1|dbbf7955_20260802_174515,0.7,10,5080,job
symgemm_L4_sgdfused_rep3|719fe5b8_20260802_220158,0.6,10,5080,job
symgemm_L4_sgdfused_short7b_rep1|2f4f2eb2_20260803_072657,0.9,10,5080,job
symgemm_L5_adam_rep1|24f173d4_20260802_180735,1.0,10,5080,job
symgemm_decode_g256_rep2|4fc9bf1b_20260803_012205,1.0,10,5080,job
symgemm_ppo_fused_r8_rep3|be11f759_20260803_013316,1.0,10,5080,job
training_dual_gpu_dp|training_dual_gpu_dp_gpu1_d95db4,1.0,1,5080,job
training_single_gpu|training_single_gpu_gpu0_199317,1.0,1,5080,job
whitebox_diluted_1b_N1_1h|e9c0ff07_20260727_235850,1.0,10,5080,job
whitebox_diluted_7b_N1_1h|5df04b7a_20260727_183421,0.8,10,5080,job
whitebox_diluted_N10|d7e25a80_20260725_203405,1.0,10,5080,job
whitebox_inference_1b_matched|c6927996_20260728_061814,0.8,10,5080,job
whitebox_inference|2c3fb377_20260725_205514,0.9,10,5080,job
whitebox_inference|3d92903b_20260725_201826,0.9,10,5080,job
whitebox_lora_3b_N1_rep2|71e45f69_20260728_030033,1.0,10,5080,job
whitebox_lora_7b_N100_1h|53c015c3_20260727_162214,1.0,10,5080,job
whitebox_lora_7b_N1_1h|d26abcf1_20260727_110823,0.8,10,5080,job
whitebox_lora_7b_N500_long|43be1ab2_20260726_203116,0.9,10,5080,job
whitebox_lora_7b_pilot_N2|849422c3_20260726_114431,0.9,10,5080,job
whitebox_lora_7b_pilot_N8|a2326a19_20260726_130940,1.0,10,5080,job
whitebox_lora_N10_long|58e5a6e6_20260724_215116,1.0,10,5080,job
adversarial_E_memory_minimal|7b692854_20260412_053508,1.0,10,5081,job
adversarial_F_interleave_30|314da66d_20260412_053508,1.0,1,5081,job
adversarial_F_interleave_30|42e0d626_20260412_223016,1.0,10,5081,job
adversarial_F_interleave_50|13089340_20260825_043935,1.0,10,5081,job
adversarial_F_interleave_50|468ad378_20260825_042847,1.0,10,5081,job
adversarial_F_interleave_50|4cde77c0_20260726_003313,1.0,10,5081,job
adversarial_G_clock_throttled|b38cd060_20260825_044459,1.0,10,5081,job
adversarial_G_clock_throttled|d64b14fc_20260825_045547,1.0,10,5081,job
adversarial_H_mimicry_cufft|983fad80_20260412_053508,1.0,1,5081,job
adversarial_H_mimicry_cufft|ce9f5c9f_20260412_230551,1.0,1,5081,job
adversarial_H_mimicry_mining|bedfd354_20260412_223016,1.0,10,5081,job
adversarial_I_stochastic_30|15190e45_20260725_234104,1.0,10,5081,job
adversarial_J_pid_75|cf944e31_20260412_230551,1.0,1,5081,job
adversarial_J_pid_75|e3f49bde_20260412_223016,1.0,10,5081,job
adversarial_K_ddp_accum_4|6e24c995c923_20260412_064737,1.0,80,5081,job
adversarial_K_ddp_accum_4|ccdbb46fc1a0_20260413_001726,1.0,80,5081,job
adversarial_K_ddp_accum_8|4e915a9d238b_20260412_065453,1.0,80,5081,job
adversarial_L_ddp_10|a3adf2258b52_20260412_063635,1.0,80,5081,job
adversarial_L_diluted_10_mw8|51a40fcc_20260726_171309,1.0,10,5081,job
adversarial_L_diluted_10|5904fb3d_20260412_223541,1.0,10,5081,job
adversarial_L_diluted_10|d4cc031f_20260726_001456,1.0,10,5081,job
adversarial_L_diluted_20|25326617_20260725_233354,1.0,10,5081,job
adversarial_L_diluted_20|c1b0e51f_20260825_071606,1.0,10,5081,job
adversarial_L_diluted_2|0e8e28c2_20260825_062208,1.0,10,5081,job
adversarial_L_diluted_2|9a292575_20260825_063255,1.0,10,5081,job
adversarial_L_diluted_5|05e951a9_20260825_063819,1.0,10,5081,job
adversarial_L_diluted_5|8f922c0f_20260825_064343,1.0,10,5081,job
adversarial_training|33aa4cb4_20260413_033352,1.0,1,5081,job
batch_size_sweep_dp|batch_size_sweep_dp_gpu1_f04813,1.0,1,5081,job
bert_finetune|d969416f_20260413_032846,1.0,1,5081,job
bert_sst2_amp|e682e23c_20260412_231705,1.0,1,5081,job
bert_sst2|30b0dab5_20260412_231705,1.0,1,5081,job
cufft_benchmark|15fa4bd9_20260413_033141,1.0,1,5081,job
cufft_benchmark|83e14a25_20260421_014638,1.0,10,5081,job
ddp_resnet18_cifar10|b6ee4dbc9fc2_20260412_225907,1.0,80,5081,job
ddp_resnet50_cifar10|3477d94c3a9e_20260412_060843,1.0,80,5081,job
ddp_training|ddp_telemetry_gpu0,1.0,1,5081,job
fsdp_13b_nvlink|0b39d5a9bdb4_20260413_003641,1.0,80,5081,job
fsdp_30b_nvlink|2f237772ccc3_20260413_004957,1.0,80,5081,job
fsdp_70b_seq512_nvlink|78349b23d251_20260413_013913,1.0,80,5081,job
fsdp_7b_nvlink|5de962c92de9_20260412_235456,1.0,80,5081,job
gpt2_wikitext2|f1162cf3_20260412_222753,1.0,3,5081,job
idle|9689d8b0_20260413_032720,1.0,1,5081,job
idle|b3e73340_20260419_233617,1.0,7,5081,job
idle|bda38c7a_20260412_231132,1.0,7,5081,job
inference|inference_8fd998,1.0,1,5081,job
llm_infer_mistral_7b_q4|280943b7_20260421_011827,1.0,10,5081,job
llm_infer_mistral_7b_q4|793c412e_20260420_010538,1.0,10,5081,job
llm_infer_mistral_7b_q4|b0506bd3_20260419_205916,1.0,1,5081,job
llm_infer_mistral_7b_q4|c36eab64_20260419_220847,1.0,1,5081,job
llm_infer_mistral_7b_q4|ca02ad41_20260420_015354,1.0,1,5081,job
llm_infer_mistral_7b_q4|d52344f3_20260419_220856,1.0,1,5081,job
llm_infer_mistral_7b_q4|dbde8feb_20260419_210231,1.0,1,5081,job
llm_infer_mixtral_8x7b|74ae4709_20260421_001937,1.0,10,5081,job
llm_infer_phi3_mini|52a2bd28_20260420_210319,1.0,10,5081,job
llm_infer_phi3_mini|e0bd0272_20260419_212652,1.0,10,5081,job
llm_infer_qwen25_14b_fp16|200c729c_20260419_235621,1.0,10,5081,job
llm_infer_qwen25_14b_fp16|2e76122c_20260419_212144,0.6,10,5081,job
llm_infer_qwen25_14b_fp16|62b1513a_20260419_205946,1.0,1,5081,job
llm_infer_qwen25_14b_fp16|875f3c6d_20260420_232314,1.0,10,5081,job
llm_infer_qwen25_14b_fp16|a5960172_20260420_232931,1.0,10,5081,job
llm_infer_qwen25_14b_fp16|b9923a39_20260419_213654,1.0,10,5081,job
llm_infer_qwen25_14b_fp16|c2bcc1e0_20260419_213116,1.0,10,5081,job
llm_infer_qwen25_32b_fp16|0e1acfb8_20260824_214418,0.9,10,5081,job
llm_infer_qwen25_32b_fp16|a14ebdea_20260824_215053,1.0,10,5081,job
llm_infer_qwen25_3b_bs16|22ecde82_20260419_032802,1.0,10,5081,job
llm_infer_qwen25_3b|f8a46936_20260420_211909,1.0,10,5081,job
llm_infer_qwen25_72b_fp8|cd098693_20260420_004709,0.9,10,5081,job
llm_infer_qwen25_72b_tp2|173cf665d203_20260419_044434,1.0,10,5081,job
llm_infer_qwen25_72b_tp2|d667bcd68796_20260419_045202,1.0,20,5081,job
llm_infer_qwen25_7b_fp16|58527b11_20260419_232945,1.0,10,5081,job
llm_infer_qwen25_7b_fp16|5ff414f8_20260419_211038,1.0,10,5081,job
llm_infer_qwen25_7b_fp16|febf963c_20260419_205933,1.0,1,5081,job
llm_infer_sdxl|5477dea8_20260419_223149,0.9,10,5081,job
llm_infer_sdxl|f3c09865_20260419_025108,0.9,10,5081,job
llm_infer_tinyllama_bs8|0c587cbd_20260419_022959,1.0,10,5081,job
llm_infer_tinyllama_bs8|75a3d2cd_20260419_215432,1.0,10,5081,job
llm_infer_tinyllama_seq4096|026a1f9a_20260420_221753,1.0,10,5081,job
llm_infer_tinyllama_seq4096|0b0351ce_20260420_222819,1.0,10,5081,job
llm_infer_tinyllama_seq4096|367c872f_20260420_222307,1.0,10,5081,job
llm_infer_vit_l_bs64|5e01a928_20260419_034907,1.0,10,5081,job
llm_infer_vit_l_bs64|7bf48cb7_20260419_231402,1.0,10,5081,job
llm_train_mistral_7b_lora|408384ba_20260419_232329,1.0,10,5081,job
llm_train_phi3_mini_lora|0d707150_20260419_230604,1.0,10,5081,job
llm_train_phi3_mini_lora|5fb0d553_20260824_225222,1.0,10,5081,job
llm_train_phi3_mini_lora|61242a7d_20260419_225953,0.9,10,5081,job
llm_train_qwen25_3b_lora|66980709_20260824_223555,1.0,10,5081,job
llm_train_qwen25_3b_lora|e8114b07_20260419_225441,1.0,10,5081,job
mining_ethash_proxy|b5c42733_20260825_002157,1.0,10,5081,job
mining_proxy|mining_proxy_a7ed85,0.0,1,5081,job
modern_inference|165eedde_20260413_033036,1.0,1,5081,job
nbody_sim|6c13c5ae_20260825_030429,1.0,10,5081,job
nbody_sim|b9568c1a_20260413_033202,1.0,1,5081,job
nbody_sim|nbody_sim_66a459,1.0,1,5081,job
nbody_sim|nbody_sim_d50046,1.0,1,5081,job
nvlink_bandwidth|nvlink_bandwidth_gpu1_30ea2a,1.0,1,5081,job
ppo_rlhf_r32_rep3|9c5afa29_20260804_174554,1.0,10,5081,job
pytorch_mlp_cifar10|22fad3bd_20260825_021517,1.0,1,5081,job
pytorch_mlp_cifar10|4c4e6778_20260825_021431,1.0,1,5081,job
pytorch_mlp_cifar10|6726c8ff_20260825_021604,1.0,1,5081,job
pytorch_resnet_cifar10_amp_ext|0e16abc8_20260420_204227,1.0,5,5081,job
pytorch_resnet_cifar10_amp|73475ab0_20260412_231132,1.0,4,5081,job
pytorch_resnet_cifar10_amp|7b05a6ae_20260825_021143,1.0,1,5081,job
pytorch_resnet_cifar10_amp|7e69c6dd_20260825_021041,1.0,1,5081,job
pytorch_resnet_cifar10_amp|a2af05e4_20260825_020701,1.0,1,5081,job
pytorch_resnet_cifar10_amp|fcd1f0dc_20260825_073317,1.0,1,5081,job
pytorch_resnet_cifar10|0de6fc56_20260825_020340,1.0,1,5081,job
pytorch_training|1b83c94e_20260413_032802,1.0,1,5081,job
resnet50_inference|0464d734_20260825_022250,1.0,10,5081,job
resnet50_inference|f8907ec1_20260413_032952,0.0,1,5081,job
scientific_hpc|2369d03f_20260413_033308,1.0,1,5081,job
symgemm_L1_fwd3_7b_rep1|1da12b31_20260802_215024,0.8,10,5081,job
symgemm_L1_fwd3_rep3|956006bf_20260802_221307,1.0,10,5081,job
symgemm_L3_graddiscard_rep4|7a0468e5_20260802_234229,1.0,10,5081,job
symgemm_L4_sgdfused_7b_rep1|d75e1ca4_20260802_212515,0.8,10,5081,job
symgemm_L4_sgdfused_long1b_rep1|e77f32f2_20260803_062646,0.7,10,5081,job
symgemm_L4_sgdfused_rep2|a86d6744_20260802_200703,1.0,10,5081,job
symgemm_L5_adam_rep1|24f173d4_20260802_180735,1.0,10,5081,job
symgemm_decode_g256_rep2|4fc9bf1b_20260803_012205,0.9,10,5081,job
symgemm_ppo_fused_r8_rep3|be11f759_20260803_013316,1.0,10,5081,job
training_single_gpu|training_single_gpu_gpu1_a2ce5b,0.0,1,5081,job
whitebox_inference_3b_rep2|92741c8b_20260728_020004,0.0,10,5081,job
whitebox_lora_3b_N1_1h|070267f7_20260727_194926,1.0,10,5081,job
whitebox_lora_3b_N1_rep2|71e45f69_20260728_030033,1.0,10,5081,job
whitebox_lora_7b_N100_1h|53c015c3_20260727_162214,1.0,10,5081,job
whitebox_lora_N10_long|58e5a6e6_20260724_215116,1.0,10,5081,job
whitebox_lora_N10|c738d40d_20260725_203918,1.0,10,5081,job
whitebox_lora_N20|b5e22ab8_20260725_212628,1.0,10,5081,job
whitebox_lora_N5|5d8cb134_20260725_210538,1.0,10,5081,job
whitebox_oracle|75298cf9_20260725_225503,1.0,10,5081,job
adversarial_E_memory_minimal|09b77236_20260412_230551,0.0,1,5082,job
adversarial_E_memory_minimal|7b692854_20260412_053508,1.0,10,5082,job
adversarial_E_memory_minimal|bd61daeb_20260412_223016,1.0,10,5082,job
adversarial_F_interleave_30|314da66d_20260412_053508,1.0,1,5082,job
adversarial_F_interleave_30|a1e40da7_20260825_041236,1.0,10,5082,job
adversarial_F_interleave_30|df47671a_20260825_041800,1.0,10,5082,job
adversarial_F_interleave_50|468ad378_20260825_042847,1.0,10,5082,job
adversarial_F_interleave_50|4cde77c0_20260726_003313,1.0,10,5082,job
adversarial_F_interleave_50|972b5cb1_20260412_230551,1.0,1,5082,job
adversarial_F_interleave_50|bc02cbc2_20260726_000947,1.0,10,5082,job
adversarial_G_clock_throttled|d38b3081_20260412_053508,1.0,10,5082,job
adversarial_H_mimicry_cufft|bf336e54_20260825_051722,0.7,10,5082,job
adversarial_H_mimicry_mining|30dc1b59_20260412_053508,1.0,1,5082,job
adversarial_H_mimicry_mining|bf6e3698_20260413_011721,1.0,10,5082,job
adversarial_I_stochastic_30|0790698e_20260726_000437,1.0,10,5082,job
adversarial_I_stochastic_30|650fb51f_20260412_223016,0.9,10,5082,job
adversarial_I_stochastic_30|d13c6696_20260825_054421,1.0,10,5082,job
adversarial_J_pid_75|cf944e31_20260412_230551,1.0,1,5082,job
adversarial_J_pid_75|ddd52b74_20260825_055509,1.0,10,5082,job
adversarial_K_ddp_accum_8|73431dec5f44_20260412_234640,1.0,80,5082,job
adversarial_L_ddp_stagger_5|2739e0598ddb_20260413_001154,1.0,80,5082,job
adversarial_L_diluted_10_mw8|51a40fcc_20260726_171309,1.0,10,5082,job
adversarial_L_diluted_10|2c305d90_20260725_232752,1.0,10,5082,job
adversarial_L_diluted_10|5904fb3d_20260412_223541,1.0,10,5082,job
adversarial_L_diluted_10|8d5f2101_20260725_235123,1.0,10,5082,job
adversarial_L_diluted_20|2a9e51e9_20260725_235723,1.0,10,5082,job
adversarial_L_diluted_20|405a7452_20260412_223541,1.0,10,5082,job
adversarial_L_diluted_20|951bef7b_20260825_072130,1.0,10,5082,job
adversarial_L_diluted_2|316523f7_20260412_231132,1.0,10,5082,job
adversarial_L_diluted_2|463541b6_20260825_062731,1.0,10,5082,job
adversarial_L_diluted_5|29aaeb3c_20260825_064907,1.0,10,5082,job
adversarial_L_diluted_5|478eaec5_20260412_223541,1.0,10,5082,job
bert_finetune|2a2a5f3e_20260413_032846,1.0,1,5082,job
bert_sst2_amp_ext|550d0003_20260420_205051,1.0,1,5082,job
bert_sst2_amp|49d3ba57_20260412_224117,1.0,1,5082,job
bert_sst2_ext|49545bf6_20260420_204947,1.0,3,5082,job
bert_sst2|30b0dab5_20260412_231705,1.0,1,5082,job
bert_sst2|675c6c84_20260412_222753,1.0,2,5082,job
cufft_benchmark|4bfa16e2_20260824_235047,1.0,10,5082,job
cufft_benchmark|540552ce_20260824_234024,1.0,10,5082,job
cufft_benchmark|7529bef2_20260824_233001,1.0,10,5082,job
cufft_benchmark|f97558fa_20260412_231705,1.0,10,5082,job
cufft_benchmark|fa1982fd_20260419_234026,1.0,10,5082,job
ddp_resnet18_cifar10_amp|95f2a16cc1a5_20260412_234616,1.0,80,5082,job
ddp_resnet18_cifar10_amp|972309ed66bd_20260412_231156,1.0,80,5082,job
ddp_resnet18_cifar10|b6ee4dbc9fc2_20260412_225907,1.0,80,5082,job
fsdp_30b_nvlink|cb97612d27e1_20260412_074412,1.0,10,5082,job
fsdp_70b_nvlink|c88e29e18a8a_20260413_010413,1.0,80,5082,job
fsdp_70b_sgd_momentum|465819c33b0c_20260413_012319,0.9625,80,5082,job
fsdp_7b_nvlink|a2f8d14a4ed2_20260413_003114,1.0,80,5082,job
gpt2_wikitext2|3a8eee76_20260825_022139,1.0,2,5082,job
gpt2_wikitext2|f1162cf3_20260412_222753,1.0,3,5082,job
idle|395fbdc4_20260413_032720,1.0,1,5082,job
idle|964c62f7_20260420_194932,1.0,7,5082,job
idle|d840e0b6_20260824_171640,1.0,7,5082,job
idle|idle_96fcac,1.0,1,5082,job
llm_infer_mistral_7b_q4|199b8710_20260825_074125,0.2,10,5082,job
llm_infer_mistral_7b_q4|1aa4e562_20260825_004332,1.0,10,5082,job
llm_infer_mistral_7b_q4|53e3e332_20260419_210248,1.0,1,5082,job
llm_infer_mistral_7b_q4|85d8feff_20260419_215354,0.0,1,5082,job
llm_infer_mixtral_8x7b|74ae4709_20260421_001937,1.0,10,5082,job
llm_infer_phi3_mini|cd6a5e78_20260419_212123,1.0,10,5082,job
llm_infer_qwen25_14b_fp16|0467d4a3_20260824_212608,1.0,10,5082,job
llm_infer_qwen25_14b_fp16|875f3c6d_20260420_232314,1.0,10,5082,job
llm_infer_qwen25_32b_fp16|08c0cbfe_20260420_001804,1.0,10,5082,job
llm_infer_qwen25_32b_fp16|0e1acfb8_20260824_214418,1.0,10,5082,job
llm_infer_qwen25_3b|59a892fe_20260419_020238,1.0,10,5082,job
llm_infer_qwen25_3b|b3849090_20260419_213727,1.0,10,5082,job
llm_infer_qwen25_72b_fp16|aaa06495_20260421_002643,1.0,10,5082,job
llm_infer_qwen25_72b_tp2|11ae41c37687_20260419_045923,1.0,20,5082,job
llm_infer_qwen25_72b_tp2|173cf665d203_20260419_044434,1.0,10,5082,job
llm_infer_qwen25_7b_fp16|730da3ab_20260419_234250,1.0,10,5082,job
llm_infer_qwen25_7b_fp16|fff7de88_20260419_205924,1.0,1,5082,job
llm_infer_sdxl|43c64a98_20260420_224406,1.0,10,5082,job
llm_infer_sdxl|81e16ec3_20260419_025634,0.0,10,5082,job
llm_infer_sdxl|adc8a3d2_20260419_222624,1.0,10,5082,job
llm_infer_sdxl|f3c09865_20260419_025108,0.0,10,5082,job
llm_infer_tinyllama_bs8|00313478_20260419_215951,1.0,10,5082,job
llm_infer_tinyllama_seq4096|0b0351ce_20260420_222819,1.0,10,5082,job
llm_infer_vit_l_bs64|38e37d2f_20260419_034355,1.0,10,5082,job
llm_infer_vit_l_bs64|a2d462c4_20260420_225947,1.0,10,5082,job
llm_infer_vit_l_bs64|fde5cf55_20260420_225435,1.0,10,5082,job
llm_train_phi3_mini_lora|4bf06f5e_20260824_225752,1.0,10,5082,job
llm_train_qwen25_1p5b_lora|8a368ac5_20260824_220307,1.0,10,5082,job
llm_train_smollm2_1p7b_lora|4124c198_20260824_222500,1.0,10,5082,job
mining_ethash_proxy|59292457_20260420_001044,1.0,10,5082,job
mlp_training|mlp_training_c52a21,1.0,1,5082,job
modern_inference|6ce8e009_20260413_033057,1.0,1,5082,job
nbody_sim|bcbaef15_20260413_033224,1.0,1,5082,job
nbody_sim|nbody_sim_c0054d,1.0,1,5082,job
nvlink_latency|nvlink_latency_gpu0_1c6087,1.0,1,5082,job
nvlink_latency|nvlink_latency_gpu1_3ab445,0.0,1,5082,job
ppo_rlhf_r32_rep1|2b37c1ae_20260804_170110,1.0,10,5082,job
ppo_rlhf_r8_rep1|6394bf01_20260804_164958,1.0,10,5082,job
ppo_rlhf_r8_rep3|5a1e4c08_20260804_173443,1.0,10,5082,job
pytorch_mlp_cifar10_ext|22ac55c7_20260420_203325,1.0,10,5082,job
pytorch_resnet_cifar10_amp|29320233_20260825_073152,1.0,1,5082,job
pytorch_resnet_cifar10_amp|7e69c6dd_20260825_021041,1.0,1,5082,job
pytorch_resnet_cifar10_amp|964987b7_20260825_021328,1.0,1,5082,job
pytorch_resnet_cifar10_amp|e9662cc3_20260412_223541,1.0,3,5082,job
pytorch_resnet_cifar10_amp|fcd1f0dc_20260825_073317,1.0,1,5082,job
pytorch_resnet_cifar10_ext|41c19de5_20260420_204048,1.0,5,5082,job
pytorch_resnet_cifar10_ext|76d6663a_20260420_203006,1.0,6,5082,job
pytorch_resnet_cifar10_ext|d18ec4ea_20260421_011036,1.0,5,5082,job
pytorch_resnet_cifar10|0d79ee94_20260825_005047,0.0,10,5082,job
pytorch_resnet_cifar10|71c3cb1a_20260825_020519,1.0,1,5082,job
pytorch_training|1b83c94e_20260413_032802,1.0,1,5082,job
rendering_proxy|307d16fe_20260825_032515,1.0,10,5082,job
rendering_proxy|c76a250c_20260412_224732,1.0,10,5082,job
resnet50_inference|d6707f42_20260413_033014,0.0,1,5082,job
resnet50_inference|f65b4403_20260413_033014,0.0,1,5082,job
resnet_amp|resnet_amp_efa494,1.0,1,5082,job
resnet_fp32|resnet_fp32_b4973a,1.0,1,5082,job
scientific_hpc|b957a0bf_20260413_033246,1.0,1,5082,job
symgemm_L0_fwd1_rep1|7e021360_20260802_181845,1.0,10,5082,job
symgemm_L0_fwd1_rep3|0ad604b3_20260802_223527,1.0,10,5082,job
symgemm_L0_fwd1_rep4|03ed95b1_20260802_233118,1.0,10,5082,job
symgemm_L4_sgdfused_m8192_rep1|e3f3bb2f_20260802_184108,1.0,10,5082,job
symgemm_L5_adam_rep4|b36d56ef_20260802_232008,1.0,10,5082,job
symgemm_ppo_fused_r8_rep2|ab3e57f5_20260803_005942,1.0,10,5082,job
training_dual_gpu_dp|training_dual_gpu_dp_gpu1_d95db4,1.0,1,5082,job
whitebox_diluted_3b_N1_1h|814de13f_20260728_005931,1.0,10,5082,job
whitebox_diluted_7b_N10_1h|f65c515b_20260727_121946,0.9,10,5082,job
whitebox_diluted_7b_N1_1h|5df04b7a_20260727_183421,0.9,10,5082,job
whitebox_diluted_N5|e9df56b8_20260725_202339,1.0,10,5082,job
whitebox_inference_1b_matched|c6927996_20260728_061814,0.8,10,5082,job
whitebox_inference_3b_rep2|92741c8b_20260728_020004,0.9,10,5082,job
whitebox_inference|2c3fb377_20260725_205514,0.9,10,5082,job
whitebox_lora_7b_pilot_N8|a2326a19_20260726_130940,1.0,10,5082,job
whitebox_lora_N10_long|58e5a6e6_20260724_215116,1.0,10,5082,job
adversarial_E_memory_minimal|09b77236_20260412_230551,0.0,1,5083,job
adversarial_E_memory_minimal|bd61daeb_20260412_223016,1.0,10,5083,job
adversarial_F_interleave_30|42e0d626_20260412_223016,1.0,10,5083,job
adversarial_F_interleave_50|13089340_20260825_043935,1.0,10,5083,job
adversarial_F_interleave_50|4cde77c0_20260726_003313,1.0,10,5083,job
adversarial_G_clock_throttled|d38b3081_20260412_053508,1.0,10,5083,job
adversarial_H_mimicry_cufft|3d49af99_20260413_013919,1.0,10,5083,job
adversarial_H_mimicry_mining|30dc1b59_20260412_053508,1.0,1,5083,job
adversarial_H_mimicry_mining|5ac32145_20260825_051158,1.0,10,5083,job
adversarial_I_stochastic_30|18b857be_20260412_230551,1.0,1,5083,job
adversarial_J_pid_75|94ea2465_20260825_054945,1.0,10,5083,job
adversarial_J_pid_75|c205c1d2_20260413_014428,1.0,10,5083,job
adversarial_J_pid_75|ddd52b74_20260825_055509,1.0,10,5083,job
adversarial_K_ddp_accum_4|6e24c995c923_20260412_064737,1.0,80,5083,job
adversarial_K_ddp_accum_4|b28bb647b0ef_20260412_234110,1.0,80,5083,job
adversarial_K_ddp_accum_8|4e915a9d238b_20260412_065453,1.0,80,5083,job
adversarial_K_ddp|af5daab2a59a_20260412_062347,1.0,80,5083,job
adversarial_K_online_learning|3ca87735_20260825_060556,1.0,10,5083,job
adversarial_K_online_learning|da312bfa_20260412_054054,1.0,10,5083,job
adversarial_L_ddp_10|740abd236207_20260413_000621,1.0,80,5083,job
adversarial_L_diluted_10|03656a60_20260825_065954,1.0,10,5083,job
adversarial_L_diluted_10|512934b1_20260412_054054,1.0,10,5083,job
adversarial_L_diluted_10|9712fcda_20260825_065431,1.0,10,5083,job
adversarial_L_diluted_20|2a9e51e9_20260725_235723,1.0,10,5083,job
adversarial_L_diluted_20|ee8eddb5_20260825_071042,1.0,10,5083,job
adversarial_L_diluted_2|9a292575_20260825_063255,1.0,10,5083,job
adversarial_L_diluted_5|5e0891fb_20260412_054054,1.0,10,5083,job
adversarial_training|0ff8862b_20260413_033352,1.0,1,5083,job
batch_size_sweep_dp|batch_size_sweep_dp_gpu1_f04813,1.0,1,5083,job
bert_finetune|9311265c_20260413_032824,1.0,1,5083,job
bert_sst2_amp_ext|cb252747_20260420_204010,1.0,1,5083,job
bert_sst2_ext|49545bf6_20260420_204947,1.0,3,5083,job
bert_sst2_ext|d1b7b9e7_20260420_202822,1.0,3,5083,job
cufft_benchmark|227faa64_20260413_033119,1.0,1,5083,job
cufft_benchmark|7eb3b0fd_20260420_000038,1.0,10,5083,job
cufft_hpc|cufft_hpc_c78372,1.0,1,5083,job
ddp_training|ddp_telemetry_gpu1,1.0,1,5083,job
fsdp_13b_nvlink|943b54f5deb5_20260412_071300,1.0,80,5083,job
fsdp_30b_nvlink|165add02433c_20260412_071335,1.0,8,5083,job
fsdp_70b_nvlink|a7ff05fcabd2_20260413_003024,1.0,8,5083,job
gpt2_finetune|cfe318c2_20260413_032930,0.0,1,5083,job
gpt2_wikitext2_amp_ext|058cfbc9_20260420_204849,1.0,2,5083,job
gpt2_wikitext2_amp|62c86ac7_20260412_222753,1.0,2,5083,job
gpt2_wikitext2_ext|ab0d938a_20260420_203614,1.0,6,5083,job
gpt2_wikitext2|917b93fb_20260412_224117,1.0,3,5083,job
idle|964c62f7_20260420_194932,1.0,7,5083,job
idle|9eb24edf_20260824_171857,1.0,7,5083,job
idle|idle_96fcac,1.0,1,5083,job
inference|inference_8fd998,1.0,1,5083,job
llm_infer_mistral_7b_q4|0546326b_20260420_015345,1.0,1,5083,job
llm_infer_mistral_7b_q4|0e400173_20260419_215405,1.0,1,5083,job
llm_infer_mistral_7b_q4|0f8555a9_20260825_003220,0.9,10,5083,job
llm_infer_mistral_7b_q4|24353de9_20260420_015430,1.0,10,5083,job
llm_infer_mistral_7b_q4|9e359ed7_20260825_003757,1.0,10,5083,job
llm_infer_mistral_7b_q4|afe01b8f_20260419_205857,1.0,1,5083,job
llm_infer_mistral_7b_q4|b0506bd3_20260419_205916,1.0,1,5083,job
llm_infer_mistral_7b_q4|b8b0e618_20260420_005449,1.0,10,5083,job
llm_infer_mistral_7b_q4|ca02ad41_20260420_015354,1.0,1,5083,job
llm_infer_mistral_7b_q4|d52344f3_20260419_220856,1.0,1,5083,job
llm_infer_phi3_mini|3bce5480_20260420_210836,1.0,10,5083,job
llm_infer_phi3_mini|cd6a5e78_20260419_212123,1.0,10,5083,job
llm_infer_qwen25_14b_fp16|9bdd69d7_20260420_233533,1.0,10,5083,job
llm_infer_qwen25_14b_fp16|c1adb329_20260419_205942,1.0,1,5083,job
llm_infer_qwen25_32b_fp16|0e1acfb8_20260824_214418,1.0,10,5083,job
llm_infer_qwen25_3b_bs16|dfe991b8_20260420_215605,1.0,10,5083,job
llm_infer_qwen25_3b_bs4|766c2eff_20260419_024551,1.0,10,5083,job
llm_infer_qwen25_3b_bs4|dbfd03f1_20260419_023515,1.0,10,5083,job
llm_infer_qwen25_3b|7de76a76_20260420_211352,1.0,10,5083,job
llm_infer_qwen25_3b|b3849090_20260419_213727,1.0,10,5083,job
llm_infer_qwen25_72b_fp16|aaa06495_20260421_002643,1.0,10,5083,job
llm_infer_qwen25_72b_fp8|36625af8_20260420_235243,1.0,10,5083,job
llm_infer_qwen25_72b_fp8|8ae2fbd4_20260420_004029,1.0,10,5083,job
llm_infer_qwen25_72b_fp8|cd098693_20260420_004709,1.0,10,5083,job
llm_infer_qwen25_7b_fp16|61bf5366_20260420_231727,1.0,10,5083,job
llm_infer_qwen25_7b_fp16|c98d90af_20260420_231133,1.0,10,5083,job
llm_infer_sdxl|adc8a3d2_20260419_222624,1.0,10,5083,job
llm_infer_tinyllama_bs8|43f9b961_20260420_221242,1.0,10,5083,job
llm_infer_tinyllama_bs8|75a3d2cd_20260419_215432,1.0,10,5083,job
llm_infer_tinyllama_seq4096|ff9add28_20260419_224220,1.0,10,5083,job
llm_infer_vit_l_bs64|27cbf4a5_20260419_231919,1.0,10,5083,job
llm_infer_vit_l_bs64|7be29623_20260420_224924,1.0,10,5083,job
llm_infer_vit_l_bs64|fde5cf55_20260420_225435,0.9,10,5083,job
llm_train_mistral_7b_lora|8af16eaa_20260824_231421,1.0,10,5083,job
llm_train_mistral_7b_lora|f79dbad9_20260824_230849,1.0,10,5083,job
llm_train_qwen25_1p5b_lora|f2ab89f9_20260824_221404,1.0,10,5083,job
llm_train_qwen25_3b_lora|dd7204cf_20260824_224654,1.0,10,5083,job
llm_train_smollm2_1p7b_lora|4124c198_20260824_222500,1.0,10,5083,job
llm_train_smollm2_1p7b_lora|ad1a6473_20260419_222727,1.0,10,5083,job
mining_ethash_proxy|5a291891_20260420_200144,1.0,10,5083,job
nvlink_bandwidth|nvlink_bandwidth_gpu0_ef7777,0.0,1,5083,job
nvlink_latency|nvlink_latency_gpu1_9a8612,1.0,1,5083,job
pytorch_mlp_cifar10|2cd679aa_20260412_224117,1.0,2,5083,job
pytorch_resnet_cifar10_amp_ext|912880ba_20260421_011212,1.0,5,5083,job
pytorch_resnet_cifar10_amp_ext|a0c58ed2_20260420_203152,1.0,5,5083,job
pytorch_resnet_cifar10_amp|09c94605_20260412_222753,1.0,2,5083,job
pytorch_resnet_cifar10_amp|7184c09f_20260825_073235,1.0,1,5083,job
pytorch_resnet_cifar10_amp|7b05a6ae_20260825_021143,1.0,1,5083,job
pytorch_resnet_cifar10_amp|7e69c6dd_20260825_021041,1.0,1,5083,job
pytorch_resnet_cifar10_amp|964987b7_20260825_021328,1.0,1,5083,job
pytorch_resnet_cifar10_ext|d18ec4ea_20260421_011036,1.0,5,5083,job
pytorch_resnet_cifar10|0d79ee94_20260825_005047,0.0,10,5083,job
pytorch_resnet_cifar10|30653101_20260412_231132,1.0,3,5083,job
pytorch_resnet_cifar10|81f71774_20260412_222753,0.0,1,5083,job
pytorch_training|1b83c94e_20260413_032802,1.0,1,5083,job
resnet50_inference|0464d734_20260825_022250,0.0,10,5083,job
resnet50_inference|277c9073_20260825_023315,0.0,10,5083,job
resnet50_inference|d120b7ba_20260825_024340,0.0,10,5083,job
resnet_fp32|resnet_fp32_b4973a,1.0,1,5083,job
scientific_hpc|b957a0bf_20260413_033246,0.0,1,5083,job
symgemm_L1_fwd3_m8192_rep2|e044c3fe_20260802_211404,0.9,10,5083,job
symgemm_L1_fwd3_rep1|9c7b9bc7_20260802_175625,1.0,10,5083,job
symgemm_L3_graddiscard_rep3|3abcefec_20260802_224637,1.0,10,5083,job
symgemm_L4_sgdfused_rep2|a86d6744_20260802_200703,0.9,10,5083,job
symgemm_L4_sgdfused_rep4|8f5f5e11_20260802_225748,0.9,10,5083,job
symgemm_L5_adam_rep1|24f173d4_20260802_180735,1.0,10,5083,job
symgemm_L5_adam_rep2|498da780_20260802_202923,1.0,10,5083,job
symgemm_decode_g256_rep1|37d9b353_20260803_004828,0.9,10,5083,job
symgemm_decode_g256_rep2|4fc9bf1b_20260803_012205,0.9,10,5083,job
training_single_gpu|single_gpu_telemetry,0.0,1,5083,job
training_single_gpu|training_single_gpu_gpu1_552ff1,0.0,1,5083,job
whitebox_diluted_1b_N1_1h|e9c0ff07_20260727_235850,1.0,10,5083,job
whitebox_diluted_N10|d7e25a80_20260725_203405,1.0,10,5083,job
whitebox_inference|2c3fb377_20260725_205514,0.9,10,5083,job
whitebox_lora_7b_N3_1h|1291fbf0_20260727_132029,1.0,10,5083,job
whitebox_lora_7b_pilot_N5|8d4c0881_20260726_121646,1.0,10,5083,job
whitebox_lora_N10|00ea9b4c_20260725_211603,1.0,10,5083,job
whitebox_lora_N20|fa5f7994_20260725_204944,1.0,10,5083,job
whitebox_lora_N5|de90ed7d_20260725_202852,1.0,10,5083,job
whitebox_oracle|75298cf9_20260725_225503,1.0,10,5083,job
width_sweep_dp|width_sweep_dp_gpu1_cd4011,1.0,1,5083,job
adversarial_E_memory_minimal|72186530_20260825_040712,1.0,10,5084,job
adversarial_E_memory_minimal|f5727cea_20260825_040148,1.0,10,5084,job
adversarial_F_interleave_30|a1e40da7_20260825_041236,1.0,10,5084,job
adversarial_F_interleave_50|13089340_20260825_043935,1.0,10,5084,job
adversarial_F_interleave_50|4cde77c0_20260726_003313,1.0,10,5084,job
adversarial_F_interleave_50|bc02cbc2_20260726_000947,1.0,10,5084,job
adversarial_G_clock_throttled|b38cd060_20260825_044459,1.0,10,5084,job
adversarial_H_mimicry_cufft|983fad80_20260412_053508,1.0,1,5084,job
adversarial_H_mimicry_cufft|ce9f5c9f_20260412_230551,1.0,1,5084,job
adversarial_I_stochastic_30|650fb51f_20260412_223016,0.9,10,5084,job
adversarial_I_stochastic_30|d13c6696_20260825_054421,1.0,10,5084,job
adversarial_K_ddp_accum_4|b28bb647b0ef_20260412_234110,1.0,80,5084,job
adversarial_K_online_learning|901b510d_20260825_061120,1.0,10,5084,job
adversarial_L_ddp_5|a9a551652c04_20260412_235905,1.0,80,5084,job
adversarial_L_diluted_10|2c305d90_20260725_232752,1.0,10,5084,job
adversarial_L_diluted_10|d4cc031f_20260726_001456,1.0,10,5084,job
adversarial_L_diluted_200_mw8|fd4fadc3_20260726_171819,1.0,10,5084,job
adversarial_L_diluted_20|1746ff55_20260412_054054,1.0,10,5084,job
adversarial_L_diluted_20|2a9e51e9_20260725_235723,1.0,10,5084,job
adversarial_L_diluted_2|9a292575_20260825_063255,1.0,10,5084,job
adversarial_training|33aa4cb4_20260413_033352,1.0,1,5084,job
batch_size_sweep_dp|batch_size_sweep_dp_gpu0_2c05fa,1.0,1,5084,job
bert_sst2_amp|e682e23c_20260412_231705,1.0,1,5084,job
cufft_benchmark|38fd661e_20260419_235032,1.0,10,5084,job
cufft_benchmark|7eb3b0fd_20260420_000038,1.0,10,5084,job
cufft_benchmark|83e14a25_20260421_014638,1.0,10,5084,job
cufft_benchmark|f97558fa_20260412_231705,1.0,10,5084,job
cufft_benchmark|ff25783f_20260413_033141,1.0,1,5084,job
cufft_hpc|cufft_hpc_58ecd2,1.0,1,5084,job
ddp_resnet50_cifar10|3477d94c3a9e_20260412_060843,1.0,80,5084,job
ddp_resnet50_cifar10|c83757ac5731_20260412_230440,1.0,80,5084,job
fsdp_70b_adamw|e53e253f883d_20260413_012859,0.5,6,5084,job
fsdp_70b_nvlink|a7ff05fcabd2_20260413_003024,1.0,8,5084,job
fsdp_70b_seqlen512|27c89ff855c9_20260413_012837,0.125,80,5084,job
fsdp_70b_sgd_momentum|465819c33b0c_20260413_012319,0.8125,80,5084,job
fsdp_7b_nvlink|755f005b3557_20260412_070444,1.0,80,5084,job
gpt2_finetune|eb4a005e_20260413_032908,1.0,1,5084,job
gpt2_wikitext2|3a8eee76_20260825_022139,0.5,2,5084,job
idle|3a7e56ce_20260412_223541,1.0,7,5084,job
idle|964c62f7_20260420_194932,1.0,7,5084,job
idle|9883933c_20260420_201152,1.0,7,5084,job
idle|f26e1461_20260419_233413,1.0,7,5084,job
idle|idle_e3e53d,1.0,1,5084,job
inference|inference_c1b4c6,1.0,1,5084,job
llm_infer_deepseek_v3_tp8|acb00ac39728_20260419_002312,1.0,30,5084,job
llm_infer_mistral_7b_q4|1039bea2_20260825_074800,1.0,10,5084,job
llm_infer_mistral_7b_q4|177996c6_20260421_012908,1.0,10,5084,job
llm_infer_mistral_7b_q4|280943b7_20260421_011827,1.0,10,5084,job
llm_infer_mistral_7b_q4|53e3e332_20260419_210248,1.0,1,5084,job
llm_infer_mistral_7b_q4|793c412e_20260420_010538,1.0,10,5084,job
llm_infer_mistral_7b_q4|7dcec1a2_20260420_020500,1.0,10,5084,job
llm_infer_mistral_7b_q4|bd933593_20260419_221051,1.0,1,5084,job
llm_infer_phi3_mini|aafcc35f_20260419_015203,1.0,10,5084,job
llm_infer_phi3_mini|e7320dff_20260420_205804,0.9,10,5084,job
llm_infer_qwen25_14b_fp16|62b1513a_20260419_205946,1.0,1,5084,job
llm_infer_qwen25_14b_fp16|85bf5790_20260419_205937,1.0,1,5084,job
llm_infer_qwen25_32b_fp16|097ee7e4_20260420_002519,1.0,10,5084,job
llm_infer_qwen25_32b_fp16|43218758_20260421_031401,1.0,10,5084,job
llm_infer_qwen25_32b_fp16|50c83347_20260421_030757,1.0,10,5084,job
llm_infer_qwen25_32b_fp16|54f1bd71_20260419_205959,1.0,1,5084,job
llm_infer_qwen25_32b_fp16|c89b4098_20260419_214232,0.9,10,5084,job
llm_infer_qwen25_3b_bs16|dfe991b8_20260420_215605,1.0,10,5084,job
llm_infer_qwen25_3b_bs4|a3bb4757_20260419_221022,1.0,10,5084,job
llm_infer_qwen25_3b_bs4|aa80c128_20260420_213501,1.0,10,5084,job
llm_infer_qwen25_3b_bs4|acde3618_20260419_221540,1.0,10,5084,job
llm_infer_qwen25_3b_bs4|d16da8aa_20260420_212943,1.0,10,5084,job
llm_infer_qwen25_3b|59a892fe_20260419_020238,1.0,10,5084,job
llm_infer_qwen25_72b_fp16|aaa06495_20260421_002643,1.0,10,5084,job
llm_infer_qwen25_72b_fp8|cd098693_20260420_004709,0.9,10,5084,job
llm_infer_qwen25_72b_tp2|173cf665d203_20260419_044435,1.0,10,5084,job
llm_infer_qwen25_7b_fp16|0088cce0_20260419_205928,1.0,1,5084,job
llm_infer_qwen25_7b_fp16|5ff414f8_20260419_211038,1.0,10,5084,job
llm_infer_qwen25_7b_fp16|61bf5366_20260420_231727,1.0,10,5084,job
llm_infer_qwen25_7b_fp16|87b75337_20260824_200626,1.0,2,5084,job
llm_infer_sdxl|43c64a98_20260420_224406,0.9,10,5084,job
llm_infer_sdxl|81d0af5a_20260419_030149,1.0,10,5084,job
llm_infer_vit_l_bs64|7bf48cb7_20260419_231402,1.0,10,5084,job
llm_infer_vit_l_bs64|fde5cf55_20260420_225435,1.0,10,5084,job
llm_train_mistral_7b_lora|e2b30e58_20260419_232842,1.0,10,5084,job
llm_train_phi3_mini_lora|5fb0d553_20260824_225222,1.0,10,5084,job
llm_train_qwen25_1p5b_lora|8a368ac5_20260824_220307,1.0,10,5084,job
llm_train_smollm2_1p7b_lora|4124c198_20260824_222500,1.0,10,5084,job
llm_train_smollm2_1p7b_lora|896b1640_20260824_223027,1.0,10,5084,job
mining_ethash_proxy|417dd7cd_20260420_002049,1.0,10,5084,job
mining_ethash_proxy|59292457_20260420_001044,1.0,10,5084,job
mining_ethash_proxy|5a291891_20260420_200144,1.0,10,5084,job
mining_proxy|mining_proxy_a7ed85,0.0,1,5084,job
nbody_sim|4bf2dc52_20260412_231705,1.0,10,5084,job
nbody_sim|bcbaef15_20260413_033224,1.0,1,5084,job
nbody_sim|nbody_sim_c0054d,1.0,1,5084,job
nvlink_bandwidth|nvlink_bandwidth_gpu1_b97b50,1.0,1,5084,job
nvlink_latency|nvlink_latency_gpu0_1c6087,1.0,1,5084,job
nvlink_latency|nvlink_latency_gpu1_3ab445,1.0,1,5084,job
ppo_rlhf_r8_rep2|4735a4fb_20260804_171221,1.0,10,5084,job
ppo_rlhf_r8_rep3|5a1e4c08_20260804_173443,1.0,10,5084,job
pytorch_resnet_cifar10_amp_ext|0e16abc8_20260420_204227,1.0,5,5084,job
pytorch_resnet_cifar10_amp|29320233_20260825_073152,1.0,1,5084,job
pytorch_resnet_cifar10_amp|7184c09f_20260825_073235,1.0,1,5084,job
pytorch_resnet_cifar10_ext|41c19de5_20260420_204048,1.0,5,5084,job
pytorch_resnet_cifar10_ext|76d6663a_20260420_203006,1.0,6,5084,job
pytorch_resnet_cifar10|1c3ed317_20260825_020430,1.0,1,5084,job
pytorch_resnet_cifar10|71c3cb1a_20260825_020519,1.0,1,5084,job
pytorch_training|1b83c94e_20260413_032802,1.0,1,5084,job
rendering_proxy|8aeaf443_20260825_033538,1.0,10,5084,job
resnet50_inference|0464d734_20260825_022250,1.0,10,5084,job
resnet_fp32|resnet_fp32_d1d694,1.0,1,5084,job
resnet_fp32|resnet_fp32_f7ebcf,1.0,1,5084,job
symgemm_L0_fwd1_rep1|7e021360_20260802_181845,1.0,10,5084,job
symgemm_L1_fwd3_rep4|cbddae2b_20260802_230858,1.0,10,5084,job
symgemm_L3_graddiscard_rep4|7a0468e5_20260802_234229,1.0,10,5084,job
symgemm_L4_sgdfused_m8192_rep2|b0c570a7_20260802_210254,0.9,10,5084,job
symgemm_L4_sgdfused_rep3|719fe5b8_20260802_220158,0.5,10,5084,job
symgemm_L5_adam_rep1|24f173d4_20260802_180735,1.0,10,5084,job
symgemm_decode_g256_rep2|4fc9bf1b_20260803_012205,0.9,10,5084,job
training_single_gpu|single_gpu_telemetry,1.0,1,5084,job
training_single_gpu|training_single_gpu_gpu1_a2ce5b,0.0,1,5084,job
whitebox_diluted_1b_N1_1h|e9c0ff07_20260727_235850,1.0,10,5084,job
whitebox_diluted_N10|8891b439_20260725_211051,1.0,10,5084,job
whitebox_diluted_N10|e6a6ba30_20260725_195717,1.0,10,5084,job
whitebox_diluted_N5|e9df56b8_20260725_202339,1.0,10,5084,job
whitebox_inference_1b_matched|c6927996_20260728_061814,0.8,10,5084,job
whitebox_lora_3b_N1_rep2|71e45f69_20260728_030033,0.9,10,5084,job
whitebox_lora_7b_N100_1h|53c015c3_20260727_162214,1.0,10,5084,job
whitebox_lora_7b_N3_1h|1291fbf0_20260727_132029,1.0,10,5084,job
whitebox_lora_7b_pilot_N3|083f6968_20260726_120119,1.0,10,5084,job
whitebox_lora_7b_pilot_N8|a2326a19_20260726_130940,1.0,10,5084,job
whitebox_lora_N20|7d319b8f_20260725_201255,1.0,10,5084,job
whitebox_lora_N20|b5e22ab8_20260725_212628,1.0,10,5084,job
whitebox_lora_N5|5d8cb134_20260725_210538,1.0,10,5084,job
whitebox_oracle|75298cf9_20260725_225503,1.0,10,5084,job
adversarial_F_interleave_30|7edc637e_20260825_042324,1.0,10,5085,job
adversarial_F_interleave_30|a1e40da7_20260825_041236,1.0,10,5085,job
adversarial_F_interleave_50|9b9ece1a_20260825_043411,1.0,10,5085,job
adversarial_F_interleave_50|e70f6fc4_20260412_053508,1.0,10,5085,job
adversarial_G_clock_throttled|4471bfa7_20260412_230551,1.0,1,5085,job
adversarial_I_stochastic_30|15190e45_20260725_234104,1.0,10,5085,job
adversarial_J_pid_75|6aa98cf6_20260412_053508,1.0,1,5085,job
adversarial_J_pid_75|e3f49bde_20260412_223016,1.0,10,5085,job
adversarial_K_online_learning|1468f533_20260412_231132,1.0,10,5085,job
adversarial_K_online_learning|5e90b4fe_20260412_223541,1.0,10,5085,job
adversarial_L_ddp_10|740abd236207_20260413_000621,1.0,80,5085,job
adversarial_L_ddp_5|a9a551652c04_20260412_235905,1.0,80,5085,job
adversarial_L_diluted_10_mw8|453df7c0_20260726_170248,1.0,10,5085,job
adversarial_L_diluted_10_mw8|51a40fcc_20260726_171309,1.0,10,5085,job
adversarial_L_diluted_10|5904fb3d_20260412_223541,1.0,10,5085,job
adversarial_L_diluted_20|951bef7b_20260825_072130,1.0,10,5085,job
adversarial_L_diluted_20|c1b0e51f_20260825_071606,1.0,10,5085,job
adversarial_L_diluted_2|354119ef_20260412_223541,1.0,10,5085,job
adversarial_L_diluted_2|9a292575_20260825_063255,1.0,10,5085,job
adversarial_L_diluted_5|5e0891fb_20260412_054054,1.0,10,5085,job
batch_size_sweep_dp|batch_size_sweep_dp_gpu0_2c05fa,1.0,1,5085,job
bert_sst2|4a0aab7a_20260825_021739,1.0,1,5085,job
bert_sst2|906cb48d_20260825_021650,1.0,1,5085,job
cufft_benchmark|540552ce_20260824_234024,1.0,10,5085,job
cufft_benchmark|83e14a25_20260421_014638,1.0,10,5085,job
cufft_benchmark|fa1982fd_20260419_234026,1.0,10,5085,job
cufft_benchmark|ff25783f_20260413_033141,1.0,1,5085,job
ddp_resnet18_cifar10_amp|972309ed66bd_20260412_231156,1.0,80,5085,job
ddp_training|ddp_telemetry_gpu1,1.0,1,5085,job
fsdp_13b_nvlink|943b54f5deb5_20260412_071300,1.0,80,5085,job
fsdp_30b_nvlink|165add02433c_20260412_071335,1.0,8,5085,job
fsdp_30b_nvlink|cb97612d27e1_20260412_074413,1.0,70,5085,job
fsdp_70b_adamw|e53e253f883d_20260413_012859,0.6666666666666666,6,5085,job
fsdp_70b_nvlink|a7ff05fcabd2_20260413_003024,1.0,8,5085,job
fsdp_70b_nvlink|c632fe2971fa_20260412_071411,1.0,8,5085,job
fsdp_7b_nvlink|a2f8d14a4ed2_20260413_003114,1.0,80,5085,job
gpt2_finetune|cfe318c2_20260413_032930,0.0,1,5085,job
gpt2_wikitext2_amp|025c9b24_20260412_224117,1.0,1,5085,job
gpt2_wikitext2_ext|ab0d938a_20260420_203614,1.0,6,5085,job
idle|idle_96fcac,1.0,1,5085,job
inference|inference_8fd998,0.0,1,5085,job
inference|inference_986d16,1.0,1,5085,job
llm_infer_deepseek_v3_tp8|acb00ac39728_20260419_002311,0.4,50,5085,job
llm_infer_mistral_7b_q4|24353de9_20260420_015430,1.0,10,5085,job
llm_infer_mistral_7b_q4|280943b7_20260421_011827,1.0,10,5085,job
llm_infer_mistral_7b_q4|9e359ed7_20260825_003757,1.0,10,5085,job
llm_infer_mistral_7b_q4|afe01b8f_20260419_205857,1.0,1,5085,job
llm_infer_mistral_7b_q4|b0506bd3_20260419_205916,1.0,1,5085,job
llm_infer_mistral_7b_q4|c36eab64_20260419_220847,1.0,1,5085,job
llm_infer_mistral_7b_q4|ca02ad41_20260420_015354,1.0,1,5085,job
llm_infer_mistral_7b_q4|dbde8feb_20260419_210231,1.0,1,5085,job
llm_infer_mixtral_8x7b|2136c735_20260421_001254,1.0,10,5085,job
llm_infer_phi3_mini|745171c6_20260419_015720,1.0,10,5085,job
llm_infer_phi3_mini|d0a32c71_20260419_213210,1.0,10,5085,job
llm_infer_phi3_mini|e7320dff_20260420_205804,0.9,10,5085,job
llm_infer_qwen25_14b_fp16|98601a67_20260824_213822,1.0,10,5085,job
llm_infer_qwen25_14b_fp16|b9923a39_20260419_213654,1.0,10,5085,job
llm_infer_qwen25_14b_fp16|c1adb329_20260419_205942,1.0,1,5085,job
llm_infer_qwen25_14b_fp16|e481b484_20260419_234859,1.0,10,5085,job
llm_infer_qwen25_32b_fp16|08c0cbfe_20260420_001804,1.0,10,5085,job
llm_infer_qwen25_32b_fp16|50c83347_20260421_030757,1.0,10,5085,job
llm_infer_qwen25_32b_fp16|54f1bd71_20260419_205959,1.0,1,5085,job
llm_infer_qwen25_32b_fp16|bb94db96_20260419_205955,1.0,1,5085,job
llm_infer_qwen25_32b_fp16|dffbfb17_20260421_030111,1.0,10,5085,job
llm_infer_qwen25_3b_bs16|3d9be7b5_20260419_033318,1.0,10,5085,job
llm_infer_qwen25_3b_bs16|ee6ca6af_20260420_214537,1.0,10,5085,job
llm_infer_qwen25_3b_bs4|dbfd03f1_20260419_023515,1.0,10,5085,job
llm_infer_qwen25_3b|7de76a76_20260420_211352,1.0,10,5085,job
llm_infer_qwen25_3b|b3849090_20260419_213727,1.0,10,5085,job
llm_infer_qwen25_72b_fp8|36625af8_20260420_235243,1.0,10,5085,job
llm_infer_qwen25_72b_fp8|78a77a8b_20260420_235909,1.0,10,5085,job
llm_infer_qwen25_72b_tp2|11ae41c37687_20260419_045923,1.0,20,5085,job
llm_infer_qwen25_7b_fp16|4052c194_20260824_200842,1.0,10,5085,job
llm_infer_qwen25_7b_fp16|8c50624a_20260824_211339,1.0,10,5085,job
llm_infer_qwen25_7b_fp16|f70331c1_20260419_233641,1.0,10,5085,job
llm_infer_qwen25_7b_fp16|fff7de88_20260419_205924,1.0,1,5085,job
llm_infer_sdxl|43c64a98_20260420_224406,1.0,10,5085,job
llm_infer_sdxl|5477dea8_20260419_223149,1.0,10,5085,job
llm_infer_sdxl|f3c09865_20260419_025108,0.9,10,5085,job
llm_infer_tinyllama_bs8|43f9b961_20260420_221242,1.0,10,5085,job
llm_infer_tinyllama_bs8|ecdf6ee5_20260420_220215,1.0,10,5085,job
llm_infer_tinyllama_bs8|efe8ddc5_20260419_021922,0.9,10,5085,job
llm_infer_tinyllama_seq4096|0b0351ce_20260420_222819,1.0,10,5085,job
llm_infer_tinyllama_seq4096|eac7968c_20260419_224733,1.0,10,5085,job
llm_train_mistral_7b_lora|8af16eaa_20260824_231421,1.0,10,5085,job
llm_train_mistral_7b_lora|f79dbad9_20260824_230849,1.0,10,5085,job
llm_train_smollm2_1p7b_lora|4124c198_20260824_222500,1.0,10,5085,job
mining_ethash_proxy|304ec693_20260420_003055,1.0,10,5085,job
mining_ethash_proxy|814335b9_20260421_020654,1.0,10,5085,job
mining_ethash_proxy|8c86200c_20260412_232321,1.0,10,5085,job
nbody_sim|4bf2dc52_20260412_231705,1.0,10,5085,job
nbody_sim|98b49f2f_20260412_224117,1.0,10,5085,job
nbody_sim|b9568c1a_20260413_033202,1.0,1,5085,job
nbody_sim|bcbaef15_20260413_033224,1.0,1,5085,job
nvlink_bandwidth|nvlink_bandwidth_gpu1_30ea2a,1.0,1,5085,job
nvlink_p2p|927418b1_20260413_033435,1.0,1,5085,job
pytorch_resnet_cifar10_amp|1f7efb5a_20260825_021236,1.0,1,5085,job
pytorch_resnet_cifar10_amp|5543e12f_20260825_020949,1.0,1,5085,job
pytorch_resnet_cifar10_amp|7b05a6ae_20260825_021143,1.0,1,5085,job
pytorch_resnet_cifar10_amp|bc16a2c3_20260825_020856,1.0,1,5085,job
pytorch_resnet_cifar10_amp|e9662cc3_20260412_223541,1.0,3,5085,job
pytorch_resnet_cifar10_amp|fcd1f0dc_20260825_073317,1.0,1,5085,job
pytorch_resnet_cifar10_ext|41c19de5_20260420_204048,1.0,5,5085,job
pytorch_resnet_cifar10_ext|76d6663a_20260420_203006,1.0,6,5085,job
pytorch_resnet_cifar10|1c3ed317_20260825_020430,1.0,1,5085,job
rendering_proxy|c76a250c_20260412_224732,1.0,10,5085,job
resnet50_inference|d6707f42_20260413_033014,0.0,1,5085,job
resnet50_inference|f65b4403_20260413_033014,0.0,1,5085,job
resnet_amp|resnet_amp_efa494,1.0,1,5085,job
symgemm_L1_fwd3_rep1|9c7b9bc7_20260802_175625,1.0,10,5085,job
symgemm_L3_graddiscard_rep2|eaf8a014_20260802_205144,1.0,10,5085,job
symgemm_L4_sgdfused_m8192_rep1|e3f3bb2f_20260802_184108,0.9,10,5085,job
symgemm_L5_adam_rep1|24f173d4_20260802_180735,1.0,10,5085,job
symgemm_ppo_fused_r32_rep3|6b1c2a3b_20260803_014427,1.0,10,5085,job
symgemm_ppo_fused_r8_rep2|ab3e57f5_20260803_005942,1.0,10,5085,job
training_dual_gpu_dp|training_dual_gpu_dp_gpu0_e63285,1.0,1,5085,job
training_single_gpu|single_gpu_telemetry,1.0,1,5085,job
whitebox_diluted_N10|8891b439_20260725_211051,1.0,10,5085,job
whitebox_diluted_N10|d7e25a80_20260725_203405,1.0,10,5085,job
whitebox_diluted_N5|a37b10ba_20260725_194651,1.0,10,5085,job
whitebox_diluted_N5|e9df56b8_20260725_202339,1.0,10,5085,job
whitebox_diluted_N5|eaaa7663_20260725_210026,1.0,10,5085,job
whitebox_inference_7b_2h|2c53509d_20260727_215058,0.9,10,5085,job
whitebox_inference|3d92903b_20260725_201826,1.0,10,5085,job
whitebox_lora_1b_N1_1h|861a8dfb_20260727_173343,0.8,10,5085,job
whitebox_lora_7b_N100_1h|53c015c3_20260727_162214,1.0,10,5085,job
whitebox_lora_N10|c738d40d_20260725_203918,1.0,10,5085,job
whitebox_lora_N20|7d319b8f_20260725_201255,1.0,10,5085,job
whitebox_lora_N5|25cd8989_20260725_195205,1.0,10,5085,job
whitebox_oracle|75298cf9_20260725_225503,1.0,10,5085,job
adversarial_E_memory_minimal|72186530_20260825_040712,1.0,10,5086,job
adversarial_E_memory_minimal|7b692854_20260412_053508,1.0,10,5086,job
adversarial_F_interleave_50|4cde77c0_20260726_003313,1.0,10,5086,job
adversarial_G_clock_throttled|8a017bab_20260412_223016,1.0,10,5086,job
adversarial_G_clock_throttled|d38b3081_20260412_053508,1.0,10,5086,job
adversarial_H_mimicry_cufft|983fad80_20260412_053508,1.0,1,5086,job
adversarial_H_mimicry_mining|26c55d63_20260412_230551,1.0,10,5086,job
adversarial_H_mimicry_mining|88fd4004_20260825_050111,1.0,10,5086,job
adversarial_I_stochastic_30|1319ffe7_20260726_002804,1.0,10,5086,job
adversarial_I_stochastic_30|5e185d96_20260412_053508,1.0,10,5086,job
adversarial_I_stochastic_30|d13c6696_20260825_054421,1.0,10,5086,job
adversarial_J_pid_75|6aa98cf6_20260412_053508,1.0,1,5086,job
adversarial_K_ddp_accum_4|b28bb647b0ef_20260412_234110,1.0,80,5086,job
adversarial_K_online_learning|3ca87735_20260825_060556,1.0,10,5086,job
adversarial_K_online_learning|5e90b4fe_20260412_223541,1.0,10,5086,job
adversarial_L_ddp_10|4f087fae7c56_20260412_233011,1.0,80,5086,job
adversarial_L_diluted_10|03656a60_20260825_065954,1.0,10,5086,job
adversarial_L_diluted_10|2c305d90_20260725_232752,1.0,10,5086,job
adversarial_L_diluted_10|d4cc031f_20260726_001456,1.0,10,5086,job
adversarial_L_diluted_2|316523f7_20260412_231132,1.0,10,5086,job
adversarial_L_diluted_2|9a292575_20260825_063255,1.0,10,5086,job
bert_sst2_amp_ext|550d0003_20260420_205051,1.0,1,5086,job
bert_sst2_ext|49545bf6_20260420_204947,0.3333333333333333,3,5086,job
bert_sst2|906cb48d_20260825_021650,1.0,1,5086,job
cufft_benchmark|2cf468dc_20260421_013631,1.0,10,5086,job
cufft_benchmark|4bfa16e2_20260824_235047,1.0,10,5086,job
cufft_hpc|cufft_hpc_e7ea4b,1.0,1,5086,job
ddp_resnet18_cifar10_amp|95f2a16cc1a5_20260412_234616,1.0,80,5086,job
ddp_resnet18_cifar10_amp|972309ed66bd_20260412_231156,1.0,80,5086,job
ddp_resnet18_cifar10|b6ee4dbc9fc2_20260412_225907,1.0,80,5086,job
fsdp_13b_nvlink|0b39d5a9bdb4_20260413_003641,1.0,80,5086,job
fsdp_30b_nvlink|8726f6620517_20260413_001627,1.0,80,5086,job
fsdp_30b_nvlink|cb97612d27e1_20260412_074412,1.0,10,5086,job
fsdp_70b_adamw|e53e253f883d_20260413_012900,1.0,2,5086,job
fsdp_70b_nvlink|15cced21b9b1_20260413_012238,1.0,8,5086,job
fsdp_70b_nvlink|3e8e00c5f514_20260413_010753,1.0,80,5086,job
fsdp_70b_seqlen512|27c89ff855c9_20260413_012837,0.6,80,5086,job
fsdp_7b_nvlink|a2f8d14a4ed2_20260413_003114,1.0,80,5086,job
gpt2_finetune|cfe318c2_20260413_032930,0.0,1,5086,job
gpt2_finetune|eb4a005e_20260413_032908,1.0,1,5086,job
gpt2_wikitext2|3a8eee76_20260825_022139,0.5,2,5086,job
gpt2_wikitext2|60a1ee17_20260825_022027,0.5,2,5086,job
idle|03110fa2_20260824_232519,1.0,7,5086,job
idle|3a7e56ce_20260412_223541,1.0,7,5086,job
idle|9d362947_20260419_233822,1.0,7,5086,job
idle|f63d327d_20260421_013426,1.0,7,5086,job
inference|inference_c1b4c6,1.0,1,5086,job
llm_infer_deepseek_v3_tp8|f41d4d3c1247_20260419_014514,0.8375,80,5086,job
llm_infer_mistral_7b_q4|1039bea2_20260825_074800,0.9,10,5086,job
llm_infer_mistral_7b_q4|199b8710_20260825_074125,0.9,10,5086,job
llm_infer_mistral_7b_q4|7dcec1a2_20260420_020500,1.0,10,5086,job
llm_infer_mistral_7b_q4|85d8feff_20260419_215354,1.0,1,5086,job
llm_infer_mistral_7b_q4|9e359ed7_20260825_003757,1.0,10,5086,job
llm_infer_mistral_7b_q4|b0506bd3_20260419_205916,1.0,1,5086,job
llm_infer_mistral_7b_q4|ce7f27f7_20260825_075353,0.9,10,5086,job
llm_infer_mistral_7b_q4|d52344f3_20260419_220856,1.0,1,5086,job
llm_infer_mixtral_8x7b|74ae4709_20260421_001937,1.0,10,5086,job
llm_infer_phi3_mini|3bce5480_20260420_210836,1.0,10,5086,job
llm_infer_phi3_mini|aafcc35f_20260419_015203,1.0,10,5086,job
llm_infer_qwen25_14b_fp16|0467d4a3_20260824_212608,1.0,10,5086,job
llm_infer_qwen25_14b_fp16|1eda1bef_20260824_213225,1.0,10,5086,job
llm_infer_qwen25_14b_fp16|85bf5790_20260419_205937,1.0,1,5086,job
llm_infer_qwen25_14b_fp16|875f3c6d_20260420_232314,1.0,10,5086,job
llm_infer_qwen25_14b_fp16|9bdd69d7_20260420_233533,1.0,10,5086,job
llm_infer_qwen25_32b_fp16|0e1acfb8_20260824_214418,0.9,10,5086,job
llm_infer_qwen25_32b_fp16|7efd8ad1_20260419_220234,1.0,10,5086,job
llm_infer_qwen25_32b_fp16|949b75e6_20260419_215643,1.0,10,5086,job
llm_infer_qwen25_32b_fp16|a14ebdea_20260824_215053,1.0,10,5086,job
llm_infer_qwen25_3b_bs16|0765cbf1_20260420_215052,1.0,10,5086,job
llm_infer_qwen25_3b_bs16|ee6ca6af_20260420_214537,1.0,10,5086,job
llm_infer_qwen25_3b_bs4|32bdfeb6_20260419_024034,1.0,10,5086,job
llm_infer_qwen25_3b_bs4|766c2eff_20260419_024551,1.0,10,5086,job
llm_infer_qwen25_3b_bs4|dbfd03f1_20260419_023515,1.0,10,5086,job
llm_infer_qwen25_3b|372a1387_20260420_212426,1.0,10,5086,job
llm_infer_qwen25_72b_fp16|1d53cfd5_20260421_004034,1.0,10,5086,job
llm_infer_qwen25_72b_fp8|1949bd09_20260420_003236,0.8,10,5086,job
llm_infer_qwen25_72b_fp8|8ae2fbd4_20260420_004029,0.9,10,5086,job
llm_infer_qwen25_72b_tp2|11ae41c37687_20260419_045923,1.0,20,5086,job
llm_infer_qwen25_72b_tp2|173cf665d203_20260419_044434,1.0,10,5086,job
llm_infer_qwen25_7b_fp16|4052c194_20260824_200842,1.0,10,5086,job
llm_infer_qwen25_7b_fp16|58527b11_20260419_232945,0.9,10,5086,job
llm_infer_qwen25_7b_fp16|87b75337_20260824_200626,1.0,2,5086,job
llm_infer_sdxl|212903bb_20260420_223849,1.0,10,5086,job
llm_infer_sdxl|81e16ec3_20260419_025634,1.0,10,5086,job
llm_infer_tinyllama_bs8|0c587cbd_20260419_022959,1.0,10,5086,job
llm_infer_tinyllama_seq4096|72177ae6_20260419_031218,1.0,10,5086,job
llm_infer_tinyllama_seq4096|ff9add28_20260419_224220,1.0,10,5086,job
llm_infer_vit_l_bs64|27cbf4a5_20260419_231919,1.0,10,5086,job
llm_infer_vit_l_bs64|7be29623_20260420_224924,1.0,10,5086,job
llm_infer_vit_l_bs64|a2d462c4_20260420_225947,1.0,10,5086,job
llm_train_phi3_mini_lora|5fb0d553_20260824_225222,1.0,10,5086,job
llm_train_qwen25_1p5b_lora|e0c86e62_20260824_220836,1.0,10,5086,job
llm_train_qwen25_3b_lora|dfde664f_20260419_224329,0.9,10,5086,job
llm_train_smollm2_1p7b_lora|ad1a6473_20260419_222727,0.9,10,5086,job
mining_ethash_proxy|304ec693_20260420_003055,1.0,10,5086,job
mining_ethash_proxy|8c86200c_20260412_232321,1.0,10,5086,job
mining_ethash_proxy|b6f2e520_20260825_001133,1.0,10,5086,job
mining_proxy|mining_proxy_a7ed85,0.0,1,5086,job
nvlink_bandwidth|nvlink_bandwidth_gpu0_0eb88f,1.0,1,5086,job
nvlink_latency|nvlink_latency_gpu0_5aa1ba,1.0,1,5086,job
nvlink_p2p|7e14f65e_20260413_033435,1.0,1,5086,job
nvlink_p2p|858acb89_20260413_033414,1.0,1,5086,job
ppo_rlhf_r8_rep1|6394bf01_20260804_164958,1.0,10,5086,job
ppo_rlhf_r8_rep2|4735a4fb_20260804_171221,1.0,10,5086,job
pytorch_mlp_cifar10_ext|91abd671_20260420_204403,1.0,10,5086,job
pytorch_mlp_cifar10_ext|a9cd45e0_20260421_011343,1.0,10,5086,job
pytorch_mlp_cifar10|4c4e6778_20260825_021431,1.0,1,5086,job
pytorch_resnet_cifar10_amp_ext|912880ba_20260421_011212,1.0,5,5086,job
pytorch_resnet_cifar10_amp|7184c09f_20260825_073235,1.0,1,5086,job
pytorch_resnet_cifar10_ext|41c19de5_20260420_204048,1.0,5,5086,job
rendering_proxy|307d16fe_20260825_032515,1.0,10,5086,job
rendering_proxy|8aeaf443_20260825_033538,1.0,10,5086,job
resnet50_inference|277c9073_20260825_023315,1.0,10,5086,job
resnet50_inference|d120b7ba_20260825_024340,1.0,10,5086,job
resnet_fp32|resnet_fp32_b4973a,1.0,1,5086,job
symgemm_L0_fwd1_rep3|0ad604b3_20260802_223527,1.0,10,5086,job
symgemm_L1_fwd3_m8192_rep1|128a6c86_20260802_185218,1.0,10,5086,job
symgemm_L1_fwd3_rep1|9c7b9bc7_20260802_175625,1.0,10,5086,job
symgemm_L4_sgdfused_m8192_rep1|e3f3bb2f_20260802_184108,0.9,10,5086,job
symgemm_L4_sgdfused_rep3|719fe5b8_20260802_220158,0.9,10,5086,job
symgemm_decode_g256_rep2|4fc9bf1b_20260803_012205,0.9,10,5086,job
symgemm_ppo_fused_r8_rep3|be11f759_20260803_013316,1.0,10,5086,job
training_dual_gpu_dp|multi_gpu_telemetry_gpu1,1.0,2,5086,job
training_dual_gpu_dp|training_dual_gpu_dp_gpu1_278acd,1.0,1,5086,job
whitebox_diluted_N5|e9df56b8_20260725_202339,1.0,10,5086,job
whitebox_inference_1b_matched|c6927996_20260728_061814,0.8,10,5086,job
whitebox_lora_1b_N1_1h|861a8dfb_20260727_173343,1.0,10,5086,job
whitebox_lora_7b_pilot_N5|8d4c0881_20260726_121646,1.0,10,5086,job
whitebox_lora_N10|00ea9b4c_20260725_211603,1.0,10,5086,job
whitebox_lora_N10|c738d40d_20260725_203918,1.0,10,5086,job
adversarial_E_memory_minimal|7b692854_20260412_053508,0.9,10,5087,job
adversarial_F_interleave_30|314da66d_20260412_053508,1.0,1,5087,job
adversarial_F_interleave_50|13089340_20260825_043935,1.0,10,5087,job
adversarial_F_interleave_50|46a73a4e_20260725_234614,1.0,10,5087,job
adversarial_F_interleave_50|4cde77c0_20260726_003313,1.0,10,5087,job
adversarial_H_mimicry_cufft|49dbd077_20260412_223016,1.0,10,5087,job
adversarial_H_mimicry_mining|30dc1b59_20260412_053508,1.0,1,5087,job
adversarial_H_mimicry_mining|bedfd354_20260412_223016,1.0,10,5087,job
adversarial_I_stochastic_30|18b857be_20260412_230551,1.0,1,5087,job
adversarial_I_stochastic_30|3978f906_20260825_053334,1.0,10,5087,job
adversarial_J_pid_75|c205c1d2_20260413_014428,1.0,10,5087,job
adversarial_K_ddp_accum_4|6e24c995c923_20260412_064737,1.0,80,5087,job
adversarial_K_ddp_accum_4|ccdbb46fc1a0_20260413_001726,1.0,80,5087,job
adversarial_K_ddp_accum_8|4e915a9d238b_20260412_065453,1.0,80,5087,job
adversarial_K_ddp|2b7d13785ecf_20260412_231725,1.0,80,5087,job
adversarial_K_ddp|af5daab2a59a_20260412_062347,1.0,80,5087,job
adversarial_L_ddp_10|4f087fae7c56_20260412_233011,1.0,80,5087,job
adversarial_L_ddp_10|740abd236207_20260413_000621,1.0,80,5087,job
adversarial_L_ddp_5|a9a551652c04_20260412_235905,1.0,80,5087,job
adversarial_L_ddp_stagger_5|8e9728362385_20260412_064206,1.0,80,5087,job
adversarial_L_ddp_stagger_5|9018a40f5999_20260412_233540,1.0,80,5087,job
adversarial_L_diluted_10_mw8|453df7c0_20260726_170248,1.0,10,5087,job
adversarial_L_diluted_10|2c305d90_20260725_232752,1.0,10,5087,job
adversarial_L_diluted_10|7a3fb3e9_20260825_070518,1.0,10,5087,job
adversarial_L_diluted_10|8d5f2101_20260725_235123,1.0,10,5087,job
adversarial_L_diluted_20|1746ff55_20260412_054054,1.0,10,5087,job
adversarial_L_diluted_20|c1b0e51f_20260825_071606,1.0,10,5087,job
adversarial_L_diluted_2|354119ef_20260412_223541,1.0,10,5087,job
adversarial_L_diluted_5|5e0891fb_20260412_054054,1.0,10,5087,job
adversarial_L_diluted_5|8f922c0f_20260825_064343,1.0,10,5087,job
adversarial_training|0ff8862b_20260413_033352,1.0,1,5087,job
bert_finetune|9311265c_20260413_032824,1.0,1,5087,job
bert_sst2_amp_ext|550d0003_20260420_205051,1.0,1,5087,job
bert_sst2|19873577_20260412_224117,1.0,1,5087,job
cufft_benchmark|692a3d5e_20260412_224117,1.0,10,5087,job
cufft_benchmark|a3a1b5b0_20260420_195136,1.0,10,5087,job
cufft_hpc|cufft_hpc_c78372,1.0,1,5087,job
ddp_resnet18_cifar10|b6ee4dbc9fc2_20260412_225907,1.0,80,5087,job
fsdp_30b_adamw_nvlink|29f631dc5b8a_20260413_002943,1.0,80,5087,job
fsdp_30b_nvlink|cb97612d27e1_20260412_074412,1.0,10,5087,job
fsdp_70b_seqlen512|27c89ff855c9_20260413_012837,0.6125,80,5087,job
fsdp_70b_sgd_momentum|465819c33b0c_20260413_012319,1.0,80,5087,job
fsdp_7b_nvlink|755f005b3557_20260412_070444,1.0,80,5087,job
gpt2_wikitext2_ext|ab0d938a_20260420_203614,1.0,6,5087,job
idle|f26e1461_20260419_233413,0.5714285714285714,7,5087,job
idle|idle_e3e53d,1.0,1,5087,job
llm_infer_deepseek_v3_tp8|30d7ed7e6e81_20260419_013711,1.0,80,5087,job
llm_infer_deepseek_v3_tp8|acb00ac39728_20260419_002311,0.4,50,5087,job
llm_infer_mistral_7b_q4|177996c6_20260421_012908,1.0,10,5087,job
llm_infer_mistral_7b_q4|24353de9_20260420_015430,0.9,10,5087,job
llm_infer_mistral_7b_q4|2ec733be_20260419_221039,1.0,1,5087,job
llm_infer_mistral_7b_q4|7936d649_20260419_220948,0.5,2,5087,job
llm_infer_mistral_7b_q4|85d8feff_20260419_215354,1.0,1,5087,job
llm_infer_mistral_7b_q4|8bb0be41_20260420_015335,1.0,1,5087,job
llm_infer_mistral_7b_q4|b8b0e618_20260420_005449,1.0,10,5087,job
llm_infer_mistral_7b_q4|bd933593_20260419_221051,1.0,1,5087,job
llm_infer_mistral_7b_q4|d4a0ca97_20260419_215339,1.0,1,5087,job
llm_infer_mistral_7b_q4|eff20385_20260419_205907,1.0,1,5087,job
llm_infer_mixtral_8x7b|2136c735_20260421_001254,1.0,10,5087,job
llm_infer_mixtral_8x7b|7c6d4b81_20260421_000537,0.9,10,5087,job
llm_infer_phi3_mini|e0bd0272_20260419_212652,1.0,10,5087,job
llm_infer_qwen25_14b_fp16|b9923a39_20260419_213654,1.0,10,5087,job
llm_infer_qwen25_14b_fp16|e481b484_20260419_234859,1.0,10,5087,job
llm_infer_qwen25_32b_fp16|c89b4098_20260419_214232,1.0,10,5087,job
llm_infer_qwen25_3b_bs16|301efde2_20260419_225807,1.0,10,5087,job
llm_infer_qwen25_3b_bs4|27632d17_20260420_214020,1.0,10,5087,job
llm_infer_qwen25_3b|1fd463ca_20260419_021328,1.0,10,5087,job
llm_infer_qwen25_3b|372a1387_20260420_212426,1.0,10,5087,job
llm_infer_qwen25_3b|59a892fe_20260419_020238,1.0,10,5087,job
llm_infer_qwen25_3b|f8a46936_20260420_211909,1.0,10,5087,job
llm_infer_qwen25_72b_fp8|36625af8_20260420_235243,1.0,10,5087,job
llm_infer_qwen25_72b_fp8|78a77a8b_20260420_235909,1.0,10,5087,job
llm_infer_qwen25_72b_tp2|d667bcd68796_20260419_045202,1.0,20,5087,job
llm_infer_qwen25_7b_fp16|4052c194_20260824_200842,1.0,10,5087,job
llm_infer_qwen25_7b_fp16|61bf5366_20260420_231727,1.0,10,5087,job
llm_infer_sdxl|81e16ec3_20260419_025634,1.0,10,5087,job
llm_infer_sdxl|adc8a3d2_20260419_222624,0.1,10,5087,job
llm_infer_tinyllama_bs8|ce7d83fd_20260419_022445,1.0,10,5087,job
llm_infer_tinyllama_seq4096|367c872f_20260420_222307,1.0,10,5087,job
llm_infer_tinyllama_seq4096|72177ae6_20260419_031218,1.0,10,5087,job
llm_infer_tinyllama_seq4096|bf1e9e48_20260419_030704,1.0,10,5087,job
llm_infer_vit_l_bs64|e895e0da_20260419_033836,0.9,10,5087,job
llm_train_qwen25_1p5b_lora|2a4e8583_20260419_221125,0.9,10,5087,job
llm_train_qwen25_1p5b_lora|a219bf6f_20260419_221705,1.0,10,5087,job
llm_train_smollm2_1p7b_lora|19738386_20260419_223307,1.0,10,5087,job
nbody_sim|bf32f0fa_20260413_033224,1.0,1,5087,job
nbody_sim|nbody_sim_c0054d,1.0,1,5087,job
nvlink_bandwidth|nvlink_bandwidth_gpu0_0eb88f,1.0,1,5087,job
nvlink_bandwidth|nvlink_bandwidth_gpu0_ef7777,1.0,1,5087,job
nvlink_p2p|7e14f65e_20260413_033435,1.0,1,5087,job
nvlink_p2p|858acb89_20260413_033414,1.0,1,5087,job
ppo_rlhf_r8_rep1|6394bf01_20260804_164958,1.0,10,5087,job
ppo_rlhf_r8_rep2|4735a4fb_20260804_171221,1.0,10,5087,job
pytorch_mlp_cifar10_ext|a9cd45e0_20260421_011343,1.0,10,5087,job
pytorch_mlp_cifar10|22fad3bd_20260825_021517,1.0,1,5087,job
pytorch_mlp_cifar10|c7886665_20260412_222753,0.0,1,5087,job
pytorch_resnet_cifar10_amp|5543e12f_20260825_020949,1.0,1,5087,job
pytorch_resnet_cifar10_amp|7e69c6dd_20260825_021041,1.0,1,5087,job
pytorch_resnet_cifar10_amp|a2af05e4_20260825_020701,1.0,1,5087,job
pytorch_resnet_cifar10|0de6fc56_20260825_020340,1.0,1,5087,job
pytorch_resnet_cifar10|1c3ed317_20260825_020430,1.0,1,5087,job
pytorch_resnet_cifar10|71c3cb1a_20260825_020519,1.0,1,5087,job
pytorch_resnet_cifar10|94104fc8_20260412_223541,1.0,2,5087,job
rendering_proxy|c76a250c_20260412_224732,0.9,10,5087,job
resnet50_inference|0464d734_20260825_022250,1.0,10,5087,job
resnet50_inference|d45705f9_20260412_231705,1.0,10,5087,job
resnet50_inference|d6707f42_20260413_033014,0.0,1,5087,job
resnet50_inference|f65b4403_20260413_033014,0.0,1,5087,job
symgemm_L0_fwd1_rep2|3c32c629_20260802_204034,1.0,10,5087,job
symgemm_L0_fwd1_rep3|0ad604b3_20260802_223527,1.0,10,5087,job
symgemm_L1_fwd3_rep1|9c7b9bc7_20260802_175625,1.0,10,5087,job
symgemm_L1_fwd3_rep3|956006bf_20260802_221307,1.0,10,5087,job
symgemm_L3_graddiscard_rep1|f12dea2b_20260802_182955,1.0,10,5087,job
symgemm_L4_sgdfused_rep1|dbbf7955_20260802_174515,0.1,10,5087,job
symgemm_decode_g256_rep1|37d9b353_20260803_004828,1.0,10,5087,job
symgemm_ppo_fused_r8_rep2|ab3e57f5_20260803_005942,1.0,10,5087,job
training_single_gpu|single_gpu_telemetry,1.0,1,5087,job
whitebox_diluted_1b_N1_1h|e9c0ff07_20260727_235850,1.0,10,5087,job
whitebox_diluted_N10|e6a6ba30_20260725_195717,1.0,10,5087,job
whitebox_diluted_N5|e9df56b8_20260725_202339,1.0,10,5087,job
whitebox_inference_7b_1h|4bf42831_20260727_095532,0.8,10,5087,job
whitebox_inference_long|877db838_20260725_055129,0.9,10,5087,job
whitebox_inference|2c3fb377_20260725_205514,0.9,10,5087,job
whitebox_lora_3b_N1_rep2|71e45f69_20260728_030033,1.0,10,5087,job
whitebox_lora_7b_N50_1h|f9ff4b5d_20260727_152145,1.0,10,5087,job
whitebox_lora_7b_long|98ae0ecb_20260725_114106,1.0,10,5087,job
whitebox_lora_7b_pilot_N2|849422c3_20260726_114431,1.0,10,5087,job
whitebox_lora_7b_pilot_N6|13c5d8f6_20260726_123856,1.0,10,5087,job
whitebox_lora_N5|5d8cb134_20260725_210538,1.0,10,5087,job
whitebox_oracle|dfb4b131_20260725_230325,1.0,10,5087,job
adversarial_E_memory_minimal|72186530_20260825_040712,1.0,10,5088,job
adversarial_E_memory_minimal|7b692854_20260412_053508,1.0,10,5088,job
adversarial_E_memory_minimal|c443df01_20260825_035624,1.0,10,5088,job
adversarial_F_interleave_30|a1e40da7_20260825_041236,1.0,10,5088,job
adversarial_F_interleave_30|df47671a_20260825_041800,1.0,10,5088,job
adversarial_F_interleave_50|46a73a4e_20260725_234614,1.0,10,5088,job
adversarial_F_interleave_50|82b69908_20260412_223016,1.0,10,5088,job
adversarial_F_interleave_50|bc02cbc2_20260726_000947,1.0,10,5088,job
adversarial_G_clock_throttled|26e4120c_20260825_045023,1.0,10,5088,job
adversarial_G_clock_throttled|4471bfa7_20260412_230551,1.0,1,5088,job
adversarial_G_clock_throttled|b38cd060_20260825_044459,1.0,10,5088,job
adversarial_H_mimicry_cufft|3d49af99_20260413_013919,1.0,10,5088,job
adversarial_H_mimicry_cufft|ce9f5c9f_20260412_230551,1.0,1,5088,job
adversarial_I_stochastic_30|1319ffe7_20260726_002804,1.0,10,5088,job
adversarial_I_stochastic_30|15190e45_20260725_234104,1.0,10,5088,job
adversarial_I_stochastic_30|650fb51f_20260412_223016,0.9,10,5088,job
adversarial_I_stochastic_30|d13c6696_20260825_054421,1.0,10,5088,job
adversarial_J_pid_75|e3f49bde_20260412_223016,1.0,10,5088,job
adversarial_K_ddp_accum_8|4e915a9d238b_20260412_065453,1.0,80,5088,job
adversarial_K_online_learning|1468f533_20260412_231132,1.0,10,5088,job
adversarial_K_online_learning|cff6d675_20260825_061644,1.0,10,5088,job
adversarial_K_online_learning|da312bfa_20260412_054054,1.0,10,5088,job
adversarial_L_ddp_5|eb1c85843b4a_20260412_062919,1.0,80,5088,job
adversarial_L_diluted_10_mw8|2a0a1abb_20260726_170758,1.0,10,5088,job
adversarial_L_diluted_10|d4cc031f_20260726_001456,1.0,10,5088,job
adversarial_L_diluted_200_mw8|a38a444f_20260726_174828,1.0,10,5088,job
adversarial_L_diluted_20|1746ff55_20260412_054054,1.0,10,5088,job
adversarial_L_diluted_20|ee8eddb5_20260825_071042,1.0,10,5088,job
adversarial_L_diluted_5|478eaec5_20260412_223541,1.0,10,5088,job
adversarial_training|33aa4cb4_20260413_033352,1.0,1,5088,job
bert_sst2_amp_ext|550d0003_20260420_205051,1.0,1,5088,job
bert_sst2_ext|49545bf6_20260420_204947,1.0,3,5088,job
cufft_benchmark|38fd661e_20260419_235032,1.0,10,5088,job
cufft_benchmark|540552ce_20260824_234024,1.0,10,5088,job
cufft_benchmark|f97558fa_20260412_231705,1.0,10,5088,job
cufft_benchmark|fa1982fd_20260419_234026,1.0,10,5088,job
ddp_resnet50_cifar10|3477d94c3a9e_20260412_060843,1.0,80,5088,job
ddp_resnet50_cifar10|c83757ac5731_20260412_230440,1.0,80,5088,job
fsdp_30b_adamw_nvlink|29f631dc5b8a_20260413_002943,1.0,80,5088,job
fsdp_30b_nvlink|8726f6620517_20260413_001627,1.0,80,5088,job
fsdp_70b_seq512_nvlink|78349b23d251_20260413_013913,1.0,80,5088,job
gpt2_finetune|eb4a005e_20260413_032908,1.0,1,5088,job
gpt2_finetune|f22ba689_20260413_032930,0.0,1,5088,job
gpt2_wikitext2|1f4b6ea6_20260412_231705,1.0,3,5088,job
idle|395fbdc4_20260413_032720,1.0,1,5088,job
idle|9eb24edf_20260824_171857,1.0,7,5088,job
idle|b3e73340_20260419_233617,1.0,7,5088,job
idle|f63d327d_20260421_013426,1.0,7,5088,job
llm_infer_deepseek_v3_tp8|f41d4d3c1247_20260419_014514,0.9,80,5088,job
llm_infer_mistral_7b_q4|0546326b_20260420_015345,1.0,1,5088,job
llm_infer_mistral_7b_q4|0e400173_20260419_215405,1.0,1,5088,job
llm_infer_mistral_7b_q4|7dcec1a2_20260420_020500,0.9,10,5088,job
llm_infer_mistral_7b_q4|8bb0be41_20260420_015335,1.0,1,5088,job
llm_infer_mistral_7b_q4|ce7f27f7_20260825_075353,1.0,10,5088,job
llm_infer_mixtral_8x7b|7c6d4b81_20260421_000537,0.9,10,5088,job
llm_infer_phi3_mini|3bce5480_20260420_210836,1.0,10,5088,job
llm_infer_qwen25_14b_fp16|085bd1c8_20260420_000301,1.0,10,5088,job
llm_infer_qwen25_14b_fp16|c1adb329_20260419_205942,1.0,1,5088,job
llm_infer_qwen25_32b_fp16|097ee7e4_20260420_002519,1.0,10,5088,job
llm_infer_qwen25_32b_fp16|949b75e6_20260419_215643,1.0,10,5088,job
llm_infer_qwen25_32b_fp16|cbe6294b_20260824_215701,1.0,10,5088,job
llm_infer_qwen25_3b_bs16|0765cbf1_20260420_215052,1.0,10,5088,job
llm_infer_qwen25_3b_bs16|0918ee71_20260419_032245,1.0,10,5088,job
llm_infer_qwen25_3b_bs16|22ecde82_20260419_032802,1.0,10,5088,job
llm_infer_qwen25_3b_bs16|301efde2_20260419_225807,1.0,10,5088,job
llm_infer_qwen25_3b_bs16|dfe991b8_20260420_215605,1.0,10,5088,job
llm_infer_qwen25_3b_bs4|d16da8aa_20260420_212943,1.0,10,5088,job
llm_infer_qwen25_72b_fp16|1d53cfd5_20260421_004034,1.0,10,5088,job
llm_infer_qwen25_72b_fp8|78a77a8b_20260420_235909,1.0,10,5088,job
llm_infer_qwen25_72b_fp8|8ae2fbd4_20260420_004029,1.0,10,5088,job
llm_infer_qwen25_72b_fp8|b39fa450_20260419_042425,1.0,10,5088,job
llm_infer_qwen25_7b_fp16|8c50624a_20260824_211339,1.0,10,5088,job
llm_infer_qwen25_7b_fp16|abd7cc9c_20260420_230458,0.9,10,5088,job
llm_infer_qwen25_7b_fp16|c98d90af_20260420_231133,1.0,10,5088,job
llm_infer_qwen25_7b_fp16|febf963c_20260419_205933,1.0,1,5088,job
llm_infer_qwen25_7b_fp16|fff7de88_20260419_205924,1.0,1,5088,job
llm_infer_sdxl|81e16ec3_20260419_025634,0.9,10,5088,job
llm_infer_tinyllama_bs8|bcad42c3_20260419_220507,1.0,10,5088,job
llm_infer_tinyllama_bs8|efe8ddc5_20260419_021922,0.9,10,5088,job
llm_infer_tinyllama_seq4096|0b0351ce_20260420_222819,1.0,10,5088,job
llm_infer_tinyllama_seq4096|25a7da9a_20260419_225251,1.0,10,5088,job
llm_infer_vit_l_bs64|a2d462c4_20260420_225947,1.0,10,5088,job
llm_train_mistral_7b_lora|8af16eaa_20260824_231421,1.0,10,5088,job
llm_train_mistral_7b_lora|f79dbad9_20260824_230849,1.0,10,5088,job
llm_train_phi3_mini_lora|4bf06f5e_20260824_225752,1.0,10,5088,job
llm_train_phi3_mini_lora|61242a7d_20260419_225953,1.0,10,5088,job
llm_train_qwen25_1p5b_lora|f2ab89f9_20260824_221404,1.0,10,5088,job
llm_train_smollm2_1p7b_lora|19738386_20260419_223307,1.0,10,5088,job
mining_ethash_proxy|304ec693_20260420_003055,1.0,10,5088,job
mining_ethash_proxy|b6f2e520_20260825_001133,1.0,10,5088,job
nbody_sim|4bf2dc52_20260412_231705,1.0,10,5088,job
nbody_sim|bf32f0fa_20260413_033224,1.0,1,5088,job
nbody_sim|e828c825_20260825_025405,1.0,10,5088,job
ppo_rlhf_r32_rep3|9c5afa29_20260804_174554,1.0,10,5088,job
ppo_rlhf_r8_rep1|6394bf01_20260804_164958,1.0,10,5088,job
pytorch_mlp_cifar10_ext|a9cd45e0_20260421_011343,1.0,10,5088,job
pytorch_resnet_cifar10_amp_ext|0e16abc8_20260420_204227,1.0,5,5088,job
pytorch_resnet_cifar10_amp|09c94605_20260412_222753,1.0,2,5088,job
pytorch_resnet_cifar10_amp|5543e12f_20260825_020949,1.0,1,5088,job
pytorch_resnet_cifar10_amp|7184c09f_20260825_073235,1.0,1,5088,job
pytorch_resnet_cifar10_amp|7e69c6dd_20260825_021041,1.0,1,5088,job
pytorch_resnet_cifar10_amp|f1be0dfb_20260825_020609,1.0,1,5088,job
pytorch_resnet_cifar10_amp|fcd1f0dc_20260825_073317,1.0,1,5088,job
pytorch_resnet_cifar10_ext|d18ec4ea_20260421_011036,1.0,5,5088,job
pytorch_training|1b83c94e_20260413_032802,1.0,1,5088,job
rendering_proxy|307d16fe_20260825_032515,1.0,10,5088,job
rendering_proxy|630b9e74_20260825_034601,1.0,10,5088,job
resnet50_inference|0464d734_20260825_022250,1.0,10,5088,job
resnet50_inference|d6707f42_20260413_033014,0.0,1,5088,job
resnet50_inference|ee8f3e1f_20260412_224117,0.9,10,5088,job
scientific_hpc|2369d03f_20260413_033308,1.0,1,5088,job
symgemm_L0_fwd1_rep1|7e021360_20260802_181845,1.0,10,5088,job
symgemm_L0_fwd1_rep2|3c32c629_20260802_204034,1.0,10,5088,job
symgemm_L4_sgdfused_m8192_rep1|e3f3bb2f_20260802_184108,1.0,10,5088,job
symgemm_L4_sgdfused_rep3|719fe5b8_20260802_220158,1.0,10,5088,job
symgemm_decode_g256_rep1|37d9b353_20260803_004828,0.0,10,5088,job
symgemm_decode_g256_rep2|4fc9bf1b_20260803_012205,0.0,10,5088,job
symgemm_decode_g256_rep3|6e25438a_20260803_015538,0.0,10,5088,job
symgemm_ppo_fused_r32_rep2|c6b8724c_20260803_011053,1.0,10,5088,job
training_dual_gpu_dp|training_dual_gpu_dp_gpu0_1c7245,0.0,1,5088,job
training_dual_gpu_dp|training_dual_gpu_dp_gpu1_d95db4,0.0,1,5088,job
whitebox_diluted_3b_N1_1h|814de13f_20260728_005931,1.0,10,5088,job
whitebox_diluted_N20|2b6c90aa_20260725_200743,1.0,10,5088,job
whitebox_diluted_N20|d8b176f8_20260725_212116,1.0,10,5088,job
whitebox_inference|f59e111e_20260725_194134,1.0,10,5088,job
whitebox_lora_7b_N100_1h|53c015c3_20260727_162214,1.0,10,5088,job
whitebox_lora_7b_N1_1h|d26abcf1_20260727_110823,1.0,10,5088,job
whitebox_lora_7b_pilot_N8|a2326a19_20260726_130940,1.0,10,5088,job
whitebox_lora_N10|12837863_20260725_200230,1.0,10,5088,job
whitebox_oracle|dfb4b131_20260725_230325,1.0,10,5088,job
adversarial_F_interleave_30|ff338fa1_20260412_230551,1.0,10,5089,job
adversarial_F_interleave_50|13089340_20260825_043935,1.0,10,5089,job
adversarial_F_interleave_50|46a73a4e_20260725_234614,1.0,10,5089,job
adversarial_F_interleave_50|972b5cb1_20260412_230551,1.0,1,5089,job
adversarial_G_clock_throttled|b38cd060_20260825_044459,1.0,10,5089,job
adversarial_H_mimicry_mining|26c55d63_20260412_230551,1.0,10,5089,job
adversarial_H_mimicry_mining|5ac32145_20260825_051158,1.0,10,5089,job
adversarial_I_stochastic_30|0790698e_20260726_000437,1.0,10,5089,job
adversarial_I_stochastic_30|5e185d96_20260412_053508,1.0,10,5089,job
adversarial_J_pid_75|ddd52b74_20260825_055509,1.0,10,5089,job
adversarial_K_ddp_accum_8|4e915a9d238b_20260412_065453,1.0,80,5089,job
adversarial_K_online_learning|3ca87735_20260825_060556,1.0,10,5089,job
adversarial_L_ddp_5|eb1c85843b4a_20260412_062919,1.0,80,5089,job
adversarial_L_diluted_200_mw8|a38a444f_20260726_174828,1.0,10,5089,job
adversarial_L_diluted_200_mw8|fd4fadc3_20260726_171819,1.0,10,5089,job
adversarial_L_diluted_20|c1b0e51f_20260825_071606,1.0,10,5089,job
adversarial_L_diluted_2|0e8e28c2_20260825_062208,1.0,10,5089,job
adversarial_L_diluted_2|316523f7_20260412_231132,1.0,10,5089,job
adversarial_L_diluted_5|29aaeb3c_20260825_064907,1.0,10,5089,job
bert_finetune|9311265c_20260413_032824,0.0,1,5089,job
bert_finetune|d969416f_20260413_032846,1.0,1,5089,job
bert_sst2_ext|49545bf6_20260420_204947,1.0,3,5089,job
cufft_hpc|cufft_hpc_e7ea4b,1.0,1,5089,job
ddp_resnet18_cifar10_amp|972309ed66bd_20260412_231156,1.0,80,5089,job
fsdp_13b_nvlink|cf8cfa835835_20260413_000312,1.0,80,5089,job
fsdp_30b_nvlink|2f237772ccc3_20260413_004957,1.0,80,5089,job
fsdp_30b_nvlink|8726f6620517_20260413_001627,1.0,80,5089,job
fsdp_70b_adamw|e53e253f883d_20260413_012900,1.0,2,5089,job
fsdp_70b_nvlink|c88e29e18a8a_20260413_010413,1.0,80,5089,job
fsdp_7b_nvlink|a2f8d14a4ed2_20260413_003114,1.0,80,5089,job
gpt2_finetune|eb4a005e_20260413_032908,1.0,1,5089,job
gpt2_wikitext2_amp_ext|058cfbc9_20260420_204849,1.0,2,5089,job
gpt2_wikitext2_amp|62c86ac7_20260412_222753,1.0,2,5089,job
gpt2_wikitext2_ext|daa304a2_20260421_011634,1.0,6,5089,job
gpt2_wikitext2|1f4b6ea6_20260412_231705,1.0,3,5089,job
gpt2_wikitext2|f1162cf3_20260412_222753,0.6666666666666666,3,5089,job
idle|5edd7d6c_20260413_032703,1.0,1,5089,job
idle|9eb24edf_20260824_171857,1.0,7,5089,job
idle|idle_96fcac,1.0,1,5089,job
llm_infer_mistral_7b_q4|143e0113_20260419_220838,1.0,1,5089,job
llm_infer_mistral_7b_q4|7dcec1a2_20260420_020500,0.9,10,5089,job
llm_infer_mistral_7b_q4|afe01b8f_20260419_205857,1.0,1,5089,job
llm_infer_mistral_7b_q4|d4a0ca97_20260419_215339,1.0,1,5089,job
llm_infer_mistral_7b_q4|e81dfe47_20260420_015946,1.0,10,5089,job
llm_infer_mixtral_8x7b|d574e683_20260419_041135,1.0,10,5089,job
llm_infer_qwen25_14b_fp16|1eda1bef_20260824_213225,1.0,10,5089,job
llm_infer_qwen25_14b_fp16|200c729c_20260419_235621,1.0,10,5089,job
llm_infer_qwen25_14b_fp16|62b1513a_20260419_205946,1.0,1,5089,job
llm_infer_qwen25_14b_fp16|c1adb329_20260419_205942,1.0,1,5089,job
llm_infer_qwen25_32b_fp16|08c0cbfe_20260420_001804,1.0,10,5089,job
llm_infer_qwen25_32b_fp16|949b75e6_20260419_215643,1.0,10,5089,job
llm_infer_qwen25_32b_fp16|cbe6294b_20260824_215701,1.0,10,5089,job
llm_infer_qwen25_32b_fp16|dffbfb17_20260421_030111,0.9,10,5089,job
llm_infer_qwen25_3b_bs16|72bf234c_20260419_230326,1.0,10,5089,job
llm_infer_qwen25_3b_bs4|32bdfeb6_20260419_024034,1.0,10,5089,job
llm_infer_qwen25_3b_bs4|766c2eff_20260419_024551,1.0,10,5089,job
llm_infer_qwen25_3b_bs4|acde3618_20260419_221540,1.0,10,5089,job
llm_infer_qwen25_3b|b3849090_20260419_213727,1.0,10,5089,job
llm_infer_qwen25_72b_fp8|6ee178e0_20260419_043033,1.0,10,5089,job
llm_infer_qwen25_7b_fp16|febf963c_20260419_205933,1.0,1,5089,job
llm_infer_sdxl|81e16ec3_20260419_025634,1.0,10,5089,job
llm_infer_sdxl|827523c5_20260420_223333,1.0,10,5089,job
llm_infer_sdxl|f3c09865_20260419_025108,0.9,10,5089,job
llm_infer_tinyllama_seq4096|72177ae6_20260419_031218,1.0,10,5089,job
llm_infer_tinyllama_seq4096|ac0a588a_20260419_031732,1.0,10,5089,job
llm_infer_tinyllama_seq4096|eac7968c_20260419_224733,1.0,10,5089,job
llm_infer_vit_l_bs64|27cbf4a5_20260419_231919,1.0,10,5089,job
llm_infer_vit_l_bs64|7be29623_20260420_224924,1.0,10,5089,job
llm_infer_vit_l_bs64|7bf48cb7_20260419_231402,1.0,10,5089,job
llm_train_mistral_7b_lora|408384ba_20260419_232329,1.0,10,5089,job
llm_train_phi3_mini_lora|0d707150_20260419_230604,1.0,10,5089,job
llm_train_phi3_mini_lora|38657ab0_20260419_231116,1.0,10,5089,job
llm_train_phi3_mini_lora|48da72bf_20260824_230320,1.0,10,5089,job
llm_train_phi3_mini_lora|5fb0d553_20260824_225222,1.0,10,5089,job
llm_train_qwen25_1p5b_lora|e0c86e62_20260824_220836,1.0,10,5089,job
llm_train_qwen25_3b_lora|074568ba_20260824_224126,1.0,10,5089,job
llm_train_smollm2_1p7b_lora|2958dde3_20260824_221932,1.0,10,5089,job
mining_ethash_proxy|b6f2e520_20260825_001133,1.0,10,5089,job
mining_proxy|mining_proxy_a7ed85,0.0,1,5089,job
mlp_training|mlp_training_c52a21,1.0,1,5089,job
nbody_sim|4bf2dc52_20260412_231705,1.0,10,5089,job
nbody_sim|6c13c5ae_20260825_030429,1.0,10,5089,job
nvlink_bandwidth|nvlink_bandwidth_gpu0_0eb88f,1.0,1,5089,job
nvlink_p2p|927418b1_20260413_033435,1.0,1,5089,job
pytorch_mlp_cifar10_ext|91abd671_20260420_204403,1.0,10,5089,job
pytorch_mlp_cifar10|4c4e6778_20260825_021431,1.0,1,5089,job
pytorch_mlp_cifar10|743face9_20260412_231705,1.0,2,5089,job
pytorch_resnet_cifar10_amp|09c94605_20260412_222753,1.0,2,5089,job
pytorch_resnet_cifar10_amp|5543e12f_20260825_020949,1.0,1,5089,job
pytorch_resnet_cifar10_amp|a2af05e4_20260825_020701,1.0,1,5089,job
pytorch_resnet_cifar10_amp|e9662cc3_20260412_223541,1.0,3,5089,job
pytorch_resnet_cifar10_amp|f1be0dfb_20260825_020609,1.0,1,5089,job
pytorch_resnet_cifar10_ext|76d6663a_20260420_203006,1.0,6,5089,job
pytorch_resnet_cifar10|0d79ee94_20260825_005047,0.0,10,5089,job
pytorch_resnet_cifar10|71c3cb1a_20260825_020519,1.0,1,5089,job
pytorch_training|1b83c94e_20260413_032802,1.0,1,5089,job
pytorch_training|2a94287a_20260413_032802,1.0,1,5089,job
rendering_proxy|630b9e74_20260825_034601,1.0,10,5089,job
rendering_proxy|8aeaf443_20260825_033538,1.0,10,5089,job
resnet50_inference|d6707f42_20260413_033014,0.0,1,5089,job
resnet_amp|resnet_amp_0c34ce,1.0,1,5089,job
resnet_fp32|resnet_fp32_d1d694,1.0,1,5089,job
scientific_hpc|3cf03b97_20260413_033308,1.0,1,5089,job
symgemm_L0_fwd1_rep4|03ed95b1_20260802_233118,1.0,10,5089,job
symgemm_L1_fwd3_m8192_rep2|e044c3fe_20260802_211404,1.0,10,5089,job
symgemm_L1_fwd3_rep1|9c7b9bc7_20260802_175625,1.0,10,5089,job
symgemm_L3_graddiscard_rep1|f12dea2b_20260802_182955,0.9,10,5089,job
symgemm_L4_sgdfused_7b_rep1|d75e1ca4_20260802_212515,1.0,10,5089,job
symgemm_L4_sgdfused_m8192_rep1|e3f3bb2f_20260802_184108,1.0,10,5089,job
symgemm_L4_sgdfused_rep2|a86d6744_20260802_200703,1.0,10,5089,job
symgemm_L5_adam_rep4|b36d56ef_20260802_232008,1.0,10,5089,job
symgemm_idle|06d5a273_20260802_173910,0.0,10,5089,job
symgemm_ppo_fused_r8_rep2|ab3e57f5_20260803_005942,1.0,10,5089,job
symgemm_ppo_fused_r8_rep3|be11f759_20260803_013316,1.0,10,5089,job
training_dual_gpu_dp|training_dual_gpu_dp_gpu1_d95db4,1.0,1,5089,job
training_single_gpu|single_gpu_telemetry,1.0,1,5089,job
whitebox_diluted_N10|8891b439_20260725_211051,1.0,10,5089,job
whitebox_diluted_N20|6305ed40_20260725_204431,1.0,10,5089,job
whitebox_inference_1b_matched|c6927996_20260728_061814,0.7,10,5089,job
whitebox_inference_3b_1h|ac7b2aaa_20260727_205044,0.3,10,5089,job
whitebox_inference_long|877db838_20260725_055129,0.9,10,5089,job
whitebox_inference|2c3fb377_20260725_205514,0.8,10,5089,job
whitebox_inference|f59e111e_20260725_194134,0.7,10,5089,job
whitebox_lora_7b_N100_1h|53c015c3_20260727_162214,0.8,10,5089,job
whitebox_lora_7b_N500_long|43be1ab2_20260726_203116,1.0,10,5089,job
whitebox_lora_7b_pilot_N2|849422c3_20260726_114431,0.9,10,5089,job
whitebox_lora_7b_pilot_N5|8d4c0881_20260726_121646,1.0,10,5089,job
whitebox_lora_7b_pilot_N6|13c5d8f6_20260726_123856,1.0,10,5089,job
whitebox_lora_N10|12837863_20260725_200230,1.0,10,5089,job
whitebox_oracle|75298cf9_20260725_225503,1.0,10,5089,job
adversarial_E_memory_minimal|bd61daeb_20260412_223016,1.0,10,5090,job
adversarial_F_interleave_30|a1e40da7_20260825_041236,1.0,10,5090,job
adversarial_F_interleave_30|ff338fa1_20260412_230551,1.0,10,5090,job
adversarial_F_interleave_50|e70f6fc4_20260412_053508,1.0,10,5090,job
adversarial_G_clock_throttled|d64b14fc_20260825_045547,1.0,10,5090,job
adversarial_H_mimicry_cufft|bf336e54_20260825_051722,1.0,10,5090,job
adversarial_I_stochastic_30|3978f906_20260825_053334,1.0,10,5090,job
adversarial_K_ddp_accum_4|b28bb647b0ef_20260412_234110,1.0,80,5090,job
adversarial_K_ddp_accum_4|ccdbb46fc1a0_20260413_001726,1.0,80,5090,job
adversarial_K_ddp_accum_8|036fb65cffea_20260413_002258,1.0,80,5090,job
adversarial_K_online_learning|1468f533_20260412_231132,1.0,10,5090,job
adversarial_K_online_learning|5e90b4fe_20260412_223541,1.0,10,5090,job
adversarial_K_online_learning|901b510d_20260825_061120,1.0,10,5090,job
adversarial_L_ddp_stagger_5|8e9728362385_20260412_064206,1.0,80,5090,job
adversarial_L_diluted_10_mw8|453df7c0_20260726_170248,1.0,10,5090,job
adversarial_L_diluted_10|7a3fb3e9_20260825_070518,1.0,10,5090,job
adversarial_L_diluted_10|9712fcda_20260825_065431,1.0,10,5090,job
adversarial_L_diluted_20|25326617_20260725_233354,1.0,10,5090,job
adversarial_L_diluted_20|2a9e51e9_20260725_235723,1.0,10,5090,job
adversarial_L_diluted_20|c1b0e51f_20260825_071606,1.0,10,5090,job
adversarial_L_diluted_20|ee8eddb5_20260825_071042,1.0,10,5090,job
adversarial_L_diluted_2|07fb94ee_20260412_054054,1.0,10,5090,job
adversarial_L_diluted_2|0e8e28c2_20260825_062208,1.0,10,5090,job
adversarial_L_diluted_2|354119ef_20260412_223541,1.0,10,5090,job
adversarial_L_diluted_2|9a292575_20260825_063255,1.0,10,5090,job
adversarial_L_diluted_5|05e951a9_20260825_063819,1.0,10,5090,job
batch_size_sweep_dp|batch_size_sweep_dp_gpu0_2c05fa,1.0,1,5090,job
bert_finetune|9311265c_20260413_032824,0.0,1,5090,job
bert_sst2_amp_ext|7d5929da_20260420_202928,1.0,1,5090,job
bert_sst2_amp_ext|cb252747_20260420_204010,1.0,1,5090,job
bert_sst2_ext|d1b7b9e7_20260420_202822,1.0,3,5090,job
bert_sst2|19873577_20260412_224117,1.0,1,5090,job
bert_sst2|30b0dab5_20260412_231705,1.0,1,5090,job
bert_sst2|675c6c84_20260412_222753,1.0,2,5090,job
cufft_benchmark|2cf468dc_20260421_013631,1.0,10,5090,job
cufft_benchmark|692a3d5e_20260412_224117,1.0,10,5090,job
cufft_benchmark|a3a1b5b0_20260420_195136,1.0,10,5090,job
cufft_benchmark|f97558fa_20260412_231705,1.0,10,5090,job
cufft_hpc|cufft_hpc_58ecd2,1.0,1,5090,job
cufft_hpc|cufft_hpc_c78372,1.0,1,5090,job
ddp_resnet18_cifar10|a76b540db268_20260412_233502,1.0,80,5090,job
ddp_resnet18_cifar10|ce5c33bebcdd_20260412_060311,1.0,80,5090,job
ddp_resnet50_cifar10|3477d94c3a9e_20260412_060843,1.0,80,5090,job
ddp_resnet50_cifar10|9fc805ce081e_20260412_234039,1.0,80,5090,job
ddp_resnet50_cifar10|c83757ac5731_20260412_230440,1.0,80,5090,job
ddp_training|ddp_telemetry_gpu1,1.0,1,5090,job
fsdp_13b_nvlink|0b39d5a9bdb4_20260413_003641,1.0,80,5090,job
fsdp_13b_nvlink|943b54f5deb5_20260412_071300,1.0,80,5090,job
fsdp_70b_nvlink|15cced21b9b1_20260413_012238,1.0,8,5090,job
fsdp_70b_nvlink|3e8e00c5f514_20260413_010753,1.0,80,5090,job
fsdp_70b_nvlink|c632fe2971fa_20260412_071411,1.0,8,5090,job
gpt2_wikitext2_amp|f2bd8e13_20260412_231705,1.0,2,5090,job
gpt2_wikitext2|f1162cf3_20260412_222753,0.6666666666666666,3,5090,job
idle|395fbdc4_20260413_032720,1.0,1,5090,job
idle|3a7e56ce_20260412_223541,1.0,7,5090,job
idle|9d362947_20260419_233822,1.0,7,5090,job
idle|b3e73340_20260419_233617,1.0,7,5090,job
idle|bda38c7a_20260412_231132,1.0,7,5090,job
idle|d840e0b6_20260824_171640,1.0,7,5090,job
idle|idle_9cb91e,1.0,1,5090,job
inference|inference_986d16,1.0,1,5090,job
llm_infer_deepseek_v3_tp8|f41d4d3c1247_20260419_014514,0.925,80,5090,job
llm_infer_mistral_7b_q4|1039bea2_20260825_074800,1.0,10,5090,job
llm_infer_mistral_7b_q4|1aa4e562_20260825_004332,0.9,10,5090,job
llm_infer_mistral_7b_q4|53e3e332_20260419_210248,1.0,1,5090,job
llm_infer_mistral_7b_q4|7dcec1a2_20260420_020500,1.0,10,5090,job
llm_infer_mistral_7b_q4|b8b0e618_20260420_005449,1.0,10,5090,job
llm_infer_phi3_mini|4d756fdb_20260419_014632,1.0,10,5090,job
llm_infer_qwen25_14b_fp16|1eda1bef_20260824_213225,1.0,10,5090,job
llm_infer_qwen25_14b_fp16|c1adb329_20260419_205942,1.0,1,5090,job
llm_infer_qwen25_32b_fp16|08c0cbfe_20260420_001804,1.0,10,5090,job
llm_infer_qwen25_32b_fp16|54f1bd71_20260419_205959,1.0,1,5090,job
llm_infer_qwen25_32b_fp16|949b75e6_20260419_215643,1.0,10,5090,job
llm_infer_qwen25_3b_bs16|22ecde82_20260419_032802,1.0,10,5090,job
llm_infer_qwen25_3b_bs4|766c2eff_20260419_024551,1.0,10,5090,job
llm_infer_qwen25_3b_bs4|a3bb4757_20260419_221022,1.0,10,5090,job
llm_infer_qwen25_3b_bs4|aa80c128_20260420_213501,1.0,10,5090,job
llm_infer_qwen25_3b_bs4|dbfd03f1_20260419_023515,1.0,10,5090,job
llm_infer_qwen25_3b|59a892fe_20260419_020238,1.0,10,5090,job
llm_infer_qwen25_3b|f8a46936_20260420_211909,1.0,10,5090,job
llm_infer_qwen25_7b_fp16|4052c194_20260824_200842,1.0,10,5090,job
llm_infer_qwen25_7b_fp16|730da3ab_20260419_234250,1.0,10,5090,job
llm_infer_sdxl|212903bb_20260420_223849,1.0,10,5090,job
llm_infer_sdxl|adc8a3d2_20260419_222624,1.0,10,5090,job
llm_infer_tinyllama_bs8|0c587cbd_20260419_022959,1.0,10,5090,job
llm_infer_tinyllama_seq4096|026a1f9a_20260420_221753,1.0,10,5090,job
llm_infer_tinyllama_seq4096|bf1e9e48_20260419_030704,1.0,10,5090,job
llm_train_phi3_mini_lora|38657ab0_20260419_231116,1.0,10,5090,job
llm_train_smollm2_1p7b_lora|2958dde3_20260824_221932,1.0,10,5090,job
mining_ethash_proxy|59292457_20260420_001044,1.0,10,5090,job
nbody_sim|e828c825_20260825_025405,1.0,10,5090,job
nbody_sim|nbody_sim_66a459,1.0,1,5090,job
nvlink_bandwidth|nvlink_bandwidth_gpu1_b97b50,1.0,1,5090,job
nvlink_p2p|7e14f65e_20260413_033435,1.0,1,5090,job
pytorch_resnet_cifar10_amp|29320233_20260825_073152,1.0,1,5090,job
pytorch_resnet_cifar10_ext|76d6663a_20260420_203006,1.0,6,5090,job
rendering_proxy|307d16fe_20260825_032515,1.0,10,5090,job
rendering_proxy|5278c256_20260412_232321,1.0,10,5090,job
resnet50_inference|0464d734_20260825_022250,1.0,10,5090,job
resnet50_inference|f8907ec1_20260413_032952,0.0,1,5090,job
resnet_amp|resnet_amp_cc435c,1.0,1,5090,job
resnet_amp|resnet_amp_efa494,1.0,1,5090,job
resnet_fp32|resnet_fp32_f7ebcf,1.0,1,5090,job
symgemm_L0_fwd1_rep1|7e021360_20260802_181845,1.0,10,5090,job
symgemm_L0_fwd1_rep3|0ad604b3_20260802_223527,1.0,10,5090,job
symgemm_L0_fwd1_rep4|03ed95b1_20260802_233118,1.0,10,5090,job
symgemm_L1_fwd3_rep3|956006bf_20260802_221307,1.0,10,5090,job
symgemm_L4_sgdfused_short7b_rep1|2f4f2eb2_20260803_072657,1.0,10,5090,job
symgemm_L5_adam_rep2|498da780_20260802_202923,1.0,10,5090,job
symgemm_decode_g256_rep3|6e25438a_20260803_015538,0.0,10,5090,job
symgemm_idle|06d5a273_20260802_173910,0.3,10,5090,job
symgemm_ppo_fused_r8_rep1|3a9327e2_20260803_002606,1.0,10,5090,job
symgemm_ppo_fused_r8_rep3|be11f759_20260803_013316,1.0,10,5090,job
training_dual_gpu_dp|multi_gpu_telemetry_gpu0,0.5,2,5090,job
training_dual_gpu_dp|multi_gpu_telemetry_gpu1,0.0,2,5090,job
training_dual_gpu_dp|training_dual_gpu_dp_gpu0_1c7245,1.0,1,5090,job
training_single_gpu|training_single_gpu_gpu1_a2ce5b,0.0,1,5090,job
whitebox_diluted_7b_N1_1h|5df04b7a_20260727_183421,0.8,10,5090,job
whitebox_diluted_N20|2b6c90aa_20260725_200743,1.0,10,5090,job
whitebox_diluted_N20|d8b176f8_20260725_212116,1.0,10,5090,job
whitebox_inference_1b_matched|c6927996_20260728_061814,0.7,10,5090,job
whitebox_inference_long|877db838_20260725_055129,0.9,10,5090,job
whitebox_inference|2c3fb377_20260725_205514,0.9,10,5090,job
whitebox_lora_7b_N1_1h|d26abcf1_20260727_110823,0.9,10,5090,job
whitebox_lora_7b_N500_long|43be1ab2_20260726_203116,1.0,10,5090,job
whitebox_lora_7b_N50_1h|f9ff4b5d_20260727_152145,1.0,10,5090,job
whitebox_lora_7b_long|98ae0ecb_20260725_114106,1.0,10,5090,job
whitebox_lora_N20|fa5f7994_20260725_204944,1.0,10,5090,job
whitebox_lora_N5|5d8cb134_20260725_210538,1.0,10,5090,job
whitebox_lora_N5|de90ed7d_20260725_202852,1.0,10,5090,job
adversarial_E_memory_minimal|f5727cea_20260825_040148,1.0,10,5091,job
adversarial_H_mimicry_cufft|3d49af99_20260413_013919,1.0,10,5091,job
adversarial_H_mimicry_cufft|407d2529_20260825_052810,1.0,10,5091,job
adversarial_H_mimicry_mining|26c55d63_20260412_230551,1.0,10,5091,job
adversarial_I_stochastic_30|0790698e_20260726_000437,1.0,10,5091,job
adversarial_I_stochastic_30|1319ffe7_20260726_002804,1.0,10,5091,job
adversarial_I_stochastic_30|5e185d96_20260412_053508,1.0,10,5091,job
adversarial_J_pid_75|6aa98cf6_20260412_053508,1.0,1,5091,job
adversarial_J_pid_75|c205c1d2_20260413_014428,1.0,10,5091,job
adversarial_J_pid_75|e3f49bde_20260412_223016,1.0,10,5091,job
adversarial_K_ddp_accum_4|ccdbb46fc1a0_20260413_001726,1.0,80,5091,job
adversarial_K_ddp|af5daab2a59a_20260412_062347,1.0,80,5091,job
adversarial_L_ddp_stagger_5|2739e0598ddb_20260413_001154,1.0,80,5091,job
adversarial_L_diluted_10|03656a60_20260825_065954,1.0,10,5091,job
adversarial_L_diluted_10|2c305d90_20260725_232752,1.0,10,5091,job
adversarial_L_diluted_10|7a3fb3e9_20260825_070518,1.0,10,5091,job
adversarial_L_diluted_10|8d5f2101_20260725_235123,1.0,10,5091,job
adversarial_L_diluted_10|d4cc031f_20260726_001456,1.0,10,5091,job
adversarial_L_diluted_20|02cfd70b_20260412_231132,1.0,10,5091,job
adversarial_L_diluted_20|1746ff55_20260412_054054,1.0,10,5091,job
adversarial_L_diluted_2|354119ef_20260412_223541,1.0,10,5091,job
adversarial_L_diluted_2|463541b6_20260825_062731,1.0,10,5091,job
adversarial_L_diluted_2|9a292575_20260825_063255,1.0,10,5091,job
adversarial_L_diluted_5|8f922c0f_20260825_064343,1.0,10,5091,job
adversarial_training|0ff8862b_20260413_033352,1.0,1,5091,job
adversarial_training|b1c5e184_20260413_033330,0.0,1,5091,job
bert_sst2_ext|49545bf6_20260420_204947,1.0,3,5091,job
bert_sst2|0a64dc16_20260825_021827,1.0,1,5091,job
cufft_benchmark|4bfa16e2_20260824_235047,1.0,10,5091,job
cufft_benchmark|83e14a25_20260421_014638,1.0,10,5091,job
cufft_hpc|cufft_hpc_e7ea4b,1.0,1,5091,job
ddp_training|ddp_telemetry_gpu0,1.0,1,5091,job
fsdp_30b_nvlink|8726f6620517_20260413_001627,1.0,80,5091,job
fsdp_30b_nvlink|cb97612d27e1_20260412_074412,1.0,10,5091,job
fsdp_70b_adamw|e53e253f883d_20260413_012859,0.8333333333333334,6,5091,job
gpt2_wikitext2_amp|f2bd8e13_20260412_231705,1.0,2,5091,job
gpt2_wikitext2|13f0dd2f_20260825_021915,1.0,2,5091,job
idle|9c0d0d21_20260824_232740,1.0,7,5091,job
idle|9eb24edf_20260824_171857,1.0,7,5091,job
idle|f63d327d_20260421_013426,1.0,7,5091,job
inference|inference_8fd998,1.0,1,5091,job
llm_infer_mistral_7b_q4|177996c6_20260421_012908,0.9,10,5091,job
llm_infer_mistral_7b_q4|199b8710_20260825_074125,1.0,10,5091,job
llm_infer_mistral_7b_q4|1aa4e562_20260825_004332,1.0,10,5091,job
llm_infer_mistral_7b_q4|2ec733be_20260419_221039,1.0,1,5091,job
llm_infer_mistral_7b_q4|c36eab64_20260419_220847,1.0,1,5091,job
llm_infer_mistral_7b_q4|ce7f27f7_20260825_075353,1.0,10,5091,job
llm_infer_mistral_7b_q4|dc6bbdac_20260420_010008,1.0,10,5091,job
llm_infer_phi3_mini|3bce5480_20260420_210836,1.0,10,5091,job
llm_infer_phi3_mini|4d756fdb_20260419_014632,1.0,10,5091,job
llm_infer_phi3_mini|e7320dff_20260420_205804,0.9,10,5091,job
llm_infer_qwen25_14b_fp16|1eda1bef_20260824_213225,1.0,10,5091,job
llm_infer_qwen25_14b_fp16|62b1513a_20260419_205946,1.0,1,5091,job
llm_infer_qwen25_14b_fp16|b9923a39_20260419_213654,1.0,10,5091,job
llm_infer_qwen25_14b_fp16|e481b484_20260419_234859,1.0,10,5091,job
llm_infer_qwen25_32b_fp16|50c83347_20260421_030757,1.0,10,5091,job
llm_infer_qwen25_32b_fp16|cbe6294b_20260824_215701,1.0,10,5091,job
llm_infer_qwen25_3b_bs16|0918ee71_20260419_032245,1.0,10,5091,job
llm_infer_qwen25_3b_bs16|45cf0574_20260419_230842,1.0,10,5091,job
llm_infer_qwen25_3b_bs4|27632d17_20260420_214020,1.0,10,5091,job
llm_infer_qwen25_3b_bs4|766c2eff_20260419_024551,1.0,10,5091,job
llm_infer_qwen25_3b_bs4|a3bb4757_20260419_221022,1.0,10,5091,job
llm_infer_qwen25_3b_bs4|aa80c128_20260420_213501,1.0,10,5091,job
llm_infer_qwen25_72b_fp8|4bc4cd75_20260420_234536,1.0,10,5091,job
llm_infer_qwen25_7b_fp16|0088cce0_20260419_205928,1.0,1,5091,job
llm_infer_qwen25_7b_fp16|4f69bded_20260824_200743,1.0,1,5091,job
llm_infer_qwen25_7b_fp16|8c50624a_20260824_211339,1.0,10,5091,job
llm_infer_tinyllama_bs8|ecdf6ee5_20260420_220215,1.0,10,5091,job
llm_infer_tinyllama_bs8|fd185e9d_20260420_220729,1.0,10,5091,job
llm_infer_tinyllama_seq4096|026a1f9a_20260420_221753,1.0,10,5091,job
llm_infer_tinyllama_seq4096|25a7da9a_20260419_225251,1.0,10,5091,job
llm_infer_vit_l_bs64|fde5cf55_20260420_225435,1.0,10,5091,job
llm_train_phi3_mini_lora|0d707150_20260419_230604,1.0,10,5091,job
llm_train_qwen25_1p5b_lora|2a4e8583_20260419_221125,0.9,10,5091,job
llm_train_qwen25_1p5b_lora|8a368ac5_20260824_220307,1.0,10,5091,job
llm_train_qwen25_3b_lora|46b96f38_20260419_224930,1.0,10,5091,job
llm_train_qwen25_3b_lora|dfde664f_20260419_224329,0.9,10,5091,job
llm_train_qwen25_3b_lora|e8114b07_20260419_225441,1.0,10,5091,job
llm_train_smollm2_1p7b_lora|19738386_20260419_223307,1.0,10,5091,job
llm_train_smollm2_1p7b_lora|ad1a6473_20260419_222727,1.0,10,5091,job
mining_ethash_proxy|417dd7cd_20260420_002049,1.0,10,5091,job
nbody_sim|4bf2dc52_20260412_231705,1.0,10,5091,job
nbody_sim|e90ecd1d_20260825_031452,1.0,10,5091,job
nvlink_bandwidth|nvlink_bandwidth_gpu0_0eb88f,1.0,1,5091,job
nvlink_bandwidth|nvlink_bandwidth_gpu1_b97b50,1.0,1,5091,job
nvlink_latency|nvlink_latency_gpu0_1c6087,0.0,1,5091,job
nvlink_latency|nvlink_latency_gpu1_3ab445,1.0,1,5091,job
nvlink_latency|nvlink_latency_gpu1_9a8612,1.0,1,5091,job
nvlink_p2p|858acb89_20260413_033414,1.0,1,5091,job
ppo_rlhf_r32_rep1|2b37c1ae_20260804_170110,1.0,10,5091,job
ppo_rlhf_r8_rep2|4735a4fb_20260804_171221,1.0,10,5091,job
pytorch_mlp_cifar10_ext|22ac55c7_20260420_203325,1.0,10,5091,job
pytorch_mlp_cifar10|22fad3bd_20260825_021517,1.0,1,5091,job
pytorch_mlp_cifar10|2cd679aa_20260412_224117,1.0,2,5091,job
pytorch_mlp_cifar10|4c4e6778_20260825_021431,1.0,1,5091,job
pytorch_mlp_cifar10|743face9_20260412_231705,1.0,2,5091,job
pytorch_resnet_cifar10_amp|09c94605_20260412_222753,1.0,2,5091,job
pytorch_resnet_cifar10_amp|5543e12f_20260825_020949,1.0,1,5091,job
pytorch_resnet_cifar10_amp|7184c09f_20260825_073235,1.0,1,5091,job
pytorch_resnet_cifar10_amp|fcd1f0dc_20260825_073317,1.0,1,5091,job
pytorch_resnet_cifar10|0de6fc56_20260825_020340,1.0,1,5091,job
pytorch_resnet_cifar10|71c3cb1a_20260825_020519,1.0,1,5091,job
pytorch_resnet_cifar10|81f71774_20260412_222753,0.0,1,5091,job
pytorch_training|1b83c94e_20260413_032802,1.0,1,5091,job
rendering_proxy|630b9e74_20260825_034601,1.0,10,5091,job
rendering_proxy|8aeaf443_20260825_033538,1.0,10,5091,job
resnet50_inference|d120b7ba_20260825_024340,1.0,10,5091,job
resnet_amp|resnet_amp_cc435c,1.0,1,5091,job
symgemm_L0_fwd1_rep4|03ed95b1_20260802_233118,1.0,10,5091,job
symgemm_L1_fwd3_m8192_rep1|128a6c86_20260802_185218,1.0,10,5091,job
symgemm_L3_graddiscard_rep3|3abcefec_20260802_224637,1.0,10,5091,job
symgemm_L4_sgdfused_m8192_rep2|b0c570a7_20260802_210254,1.0,10,5091,job
symgemm_L4_sgdfused_rep2|a86d6744_20260802_200703,1.0,10,5091,job
symgemm_L5_adam_rep3|f1871cc2_20260802_222417,1.0,10,5091,job
symgemm_L5_adam_rep4|b36d56ef_20260802_232008,1.0,10,5091,job
symgemm_decode_g256_rep3|6e25438a_20260803_015538,0.9,10,5091,job
training_dual_gpu_dp|multi_gpu_telemetry_gpu1,1.0,2,5091,job
training_single_gpu|training_single_gpu_gpu0_4f9586,1.0,1,5091,job
whitebox_diluted_7b_N10_1h|f65c515b_20260727_121946,0.9,10,5091,job
whitebox_diluted_7b_N1_1h|5df04b7a_20260727_183421,0.9,10,5091,job
whitebox_diluted_N10|d7e25a80_20260725_203405,1.0,10,5091,job
whitebox_diluted_N20|6305ed40_20260725_204431,1.0,10,5091,job
whitebox_diluted_N5|eaaa7663_20260725_210026,1.0,10,5091,job
whitebox_inference_7b_rep3|62149f64_20260728_050902,0.9,10,5091,job
whitebox_inference_long|877db838_20260725_055129,1.0,10,5091,job
whitebox_inference|f59e111e_20260725_194134,0.9,10,5091,job
whitebox_lora_1b_N1_1h|861a8dfb_20260727_173343,1.0,10,5091,job
whitebox_lora_7b_pilot_N3|083f6968_20260726_120119,1.0,10,5091,job
whitebox_lora_N10|00ea9b4c_20260725_211603,1.0,10,5091,job
whitebox_lora_N20|fa5f7994_20260725_204944,1.0,10,5091,job
adversarial_E_memory_minimal|09b77236_20260412_230551,0.0,1,5092,job
adversarial_E_memory_minimal|7b692854_20260412_053508,1.0,10,5092,job
adversarial_F_interleave_50|13089340_20260825_043935,1.0,10,5092,job
adversarial_F_interleave_50|468ad378_20260825_042847,1.0,10,5092,job
adversarial_F_interleave_50|4cde77c0_20260726_003313,1.0,10,5092,job
adversarial_F_interleave_50|9b9ece1a_20260825_043411,1.0,10,5092,job
adversarial_F_interleave_50|bc02cbc2_20260726_000947,1.0,10,5092,job
adversarial_H_mimicry_cufft|ce9f5c9f_20260412_230551,1.0,1,5092,job
adversarial_H_mimicry_mining|26c55d63_20260412_230551,1.0,10,5092,job
adversarial_H_mimicry_mining|30dc1b59_20260412_053508,1.0,1,5092,job
adversarial_I_stochastic_30|15190e45_20260725_234104,1.0,10,5092,job
adversarial_I_stochastic_30|18b857be_20260412_230551,1.0,1,5092,job
adversarial_J_pid_75|94ea2465_20260825_054945,1.0,10,5092,job
adversarial_K_ddp_accum_8|036fb65cffea_20260413_002258,1.0,80,5092,job
adversarial_K_ddp_accum_8|4e915a9d238b_20260412_065453,1.0,80,5092,job
adversarial_K_online_learning|3ca87735_20260825_060556,1.0,10,5092,job
adversarial_K_online_learning|5e90b4fe_20260412_223541,1.0,10,5092,job
adversarial_K_online_learning|901b510d_20260825_061120,1.0,10,5092,job
adversarial_L_diluted_10_mw8|2a0a1abb_20260726_170758,1.0,10,5092,job
adversarial_L_diluted_10|03656a60_20260825_065954,1.0,10,5092,job
adversarial_L_diluted_10|5904fb3d_20260412_223541,1.0,10,5092,job
adversarial_L_diluted_10|7a3fb3e9_20260825_070518,1.0,10,5092,job
adversarial_L_diluted_200_mw8|a38a444f_20260726_174828,1.0,10,5092,job
adversarial_L_diluted_20|25326617_20260725_233354,1.0,10,5092,job
adversarial_L_diluted_20|2a9e51e9_20260725_235723,1.0,10,5092,job
adversarial_L_diluted_20|405a7452_20260412_223541,1.0,10,5092,job
adversarial_L_diluted_20|951bef7b_20260825_072130,1.0,10,5092,job
adversarial_L_diluted_2|354119ef_20260412_223541,1.0,10,5092,job
adversarial_L_diluted_5|29aaeb3c_20260825_064907,1.0,10,5092,job
adversarial_training|0ff8862b_20260413_033352,1.0,1,5092,job
bert_finetune|9311265c_20260413_032824,1.0,1,5092,job
bert_sst2_amp_ext|cb252747_20260420_204010,1.0,1,5092,job
bert_sst2_ext|49545bf6_20260420_204947,1.0,3,5092,job
bert_sst2_ext|d1b7b9e7_20260420_202822,1.0,3,5092,job
bert_sst2|19873577_20260412_224117,1.0,1,5092,job
bert_sst2|30b0dab5_20260412_231705,1.0,1,5092,job
cufft_benchmark|fa1982fd_20260419_234026,1.0,10,5092,job
ddp_resnet18_cifar10|b6ee4dbc9fc2_20260412_225907,1.0,80,5092,job
ddp_resnet50_cifar10|c83757ac5731_20260412_230440,1.0,80,5092,job
ddp_training|ddp_telemetry_gpu0,1.0,1,5092,job
fsdp_13b_nvlink|0b39d5a9bdb4_20260413_003641,1.0,80,5092,job
fsdp_13b_nvlink|943b54f5deb5_20260412_071300,1.0,80,5092,job
fsdp_70b_nvlink|3e8e00c5f514_20260413_010753,1.0,80,5092,job
fsdp_70b_nvlink|a7ff05fcabd2_20260413_003024,1.0,8,5092,job
fsdp_70b_nvlink|c88e29e18a8a_20260413_010413,1.0,80,5092,job
fsdp_7b_nvlink|a2f8d14a4ed2_20260413_003114,1.0,80,5092,job
gpt2_finetune|f22ba689_20260413_032930,1.0,1,5092,job
gpt2_wikitext2|917b93fb_20260412_224117,1.0,3,5092,job
idle|964c62f7_20260420_194932,1.0,7,5092,job
idle|9689d8b0_20260413_032720,1.0,1,5092,job
idle|9c0d0d21_20260824_232740,1.0,7,5092,job
idle|f26e1461_20260419_233413,0.8571428571428571,7,5092,job
idle|idle_96fcac,1.0,1,5092,job
idle|idle_e3e53d,1.0,1,5092,job
llm_infer_mistral_7b_q4|0e400173_20260419_215405,1.0,1,5092,job
llm_infer_mistral_7b_q4|0f8555a9_20260825_003220,0.9,10,5092,job
llm_infer_mistral_7b_q4|1aa4e562_20260825_004332,0.9,10,5092,job
llm_infer_mistral_7b_q4|b0506bd3_20260419_205916,1.0,1,5092,job
llm_infer_mistral_7b_q4|c36eab64_20260419_220847,1.0,1,5092,job
llm_infer_mistral_7b_q4|d52344f3_20260419_220856,1.0,1,5092,job
llm_infer_mistral_7b_q4|dbde8feb_20260419_210231,1.0,1,5092,job
llm_infer_mixtral_8x7b|a79f0a84_20260419_040511,1.0,10,5092,job
llm_infer_phi3_mini|aafcc35f_20260419_015203,1.0,10,5092,job
llm_infer_phi3_mini|e0bd0272_20260419_212652,1.0,10,5092,job
llm_infer_qwen25_14b_fp16|200c729c_20260419_235621,1.0,10,5092,job
llm_infer_qwen25_14b_fp16|85bf5790_20260419_205937,1.0,1,5092,job
llm_infer_qwen25_14b_fp16|875f3c6d_20260420_232314,1.0,10,5092,job
llm_infer_qwen25_32b_fp16|463349dc_20260420_000940,1.0,10,5092,job
llm_infer_qwen25_32b_fp16|50c83347_20260421_030757,1.0,10,5092,job
llm_infer_qwen25_32b_fp16|c89b4098_20260419_214232,0.5,10,5092,job
llm_infer_qwen25_3b_bs4|16c726fc_20260419_222104,1.0,10,5092,job
llm_infer_qwen25_3b_bs4|d16da8aa_20260420_212943,1.0,10,5092,job
llm_infer_qwen25_3b|1fd463ca_20260419_021328,1.0,10,5092,job
llm_infer_qwen25_72b_fp8|b39fa450_20260419_042425,1.0,10,5092,job
llm_infer_qwen25_7b_fp16|61bf5366_20260420_231727,1.0,10,5092,job
llm_infer_qwen25_7b_fp16|730da3ab_20260419_234250,1.0,10,5092,job
llm_infer_qwen25_7b_fp16|abd7cc9c_20260420_230458,1.0,10,5092,job
llm_infer_qwen25_7b_fp16|f70331c1_20260419_233641,1.0,10,5092,job
llm_infer_sdxl|827523c5_20260420_223333,0.9,10,5092,job
llm_infer_tinyllama_bs8|ce7d83fd_20260419_022445,1.0,10,5092,job
llm_infer_tinyllama_bs8|ecdf6ee5_20260420_220215,1.0,10,5092,job
llm_infer_tinyllama_bs8|fd185e9d_20260420_220729,1.0,10,5092,job
llm_infer_tinyllama_seq4096|026a1f9a_20260420_221753,1.0,10,5092,job
llm_infer_tinyllama_seq4096|367c872f_20260420_222307,1.0,10,5092,job
llm_infer_tinyllama_seq4096|bf1e9e48_20260419_030704,1.0,10,5092,job
llm_infer_vit_l_bs64|9c5aafb1_20260419_232432,1.0,10,5092,job
llm_train_phi3_mini_lora|4bf06f5e_20260824_225752,1.0,10,5092,job
llm_train_phi3_mini_lora|61242a7d_20260419_225953,1.0,10,5092,job
llm_train_qwen25_1p5b_lora|2a4e8583_20260419_221125,0.9,10,5092,job
llm_train_qwen25_3b_lora|46b96f38_20260419_224930,1.0,10,5092,job
llm_train_smollm2_1p7b_lora|19738386_20260419_223307,1.0,10,5092,job
llm_train_smollm2_1p7b_lora|896b1640_20260824_223027,1.0,10,5092,job
llm_train_smollm2_1p7b_lora|ad1a6473_20260419_222727,1.0,10,5092,job
mining_ethash_proxy|417dd7cd_20260420_002049,1.0,10,5092,job
mining_ethash_proxy|fad55191_20260421_015646,1.0,10,5092,job
modern_inference|5c76e8e5_20260413_033057,1.0,1,5092,job
nbody_sim|6c13c5ae_20260825_030429,1.0,10,5092,job
nbody_sim|bf32f0fa_20260413_033224,1.0,1,5092,job
nvlink_bandwidth|nvlink_bandwidth_gpu1_30ea2a,1.0,1,5092,job
nvlink_latency|nvlink_latency_gpu1_3ab445,1.0,1,5092,job
nvlink_p2p|858acb89_20260413_033414,1.0,1,5092,job
ppo_rlhf_r32_rep1|2b37c1ae_20260804_170110,1.0,10,5092,job
ppo_rlhf_r8_rep1|6394bf01_20260804_164958,1.0,10,5092,job
ppo_rlhf_r8_rep3|5a1e4c08_20260804_173443,1.0,10,5092,job
pytorch_resnet_cifar10_amp_ext|0e16abc8_20260420_204227,1.0,5,5092,job
pytorch_resnet_cifar10_amp_ext|a0c58ed2_20260420_203152,1.0,5,5092,job
pytorch_resnet_cifar10_amp|29320233_20260825_073152,1.0,1,5092,job
pytorch_resnet_cifar10|0d79ee94_20260825_005047,0.0,10,5092,job
pytorch_training|1540ec8b_20260413_032737,1.0,1,5092,job
rendering_proxy|5278c256_20260412_232321,0.9,10,5092,job
symgemm_L1_fwd3_m8192_rep1|128a6c86_20260802_185218,0.8,10,5092,job
symgemm_L1_fwd3_rep2|e04a3490_20260802_201813,1.0,10,5092,job
symgemm_L5_adam_rep1|24f173d4_20260802_180735,1.0,10,5092,job
symgemm_L5_adam_rep4|b36d56ef_20260802_232008,1.0,10,5092,job
symgemm_decode_g256_rep1|37d9b353_20260803_004828,1.0,10,5092,job
symgemm_idle|06d5a273_20260802_173910,0.0,10,5092,job
symgemm_ppo_fused_r32_rep1|52af0173_20260803_003717,1.0,10,5092,job
training_single_gpu|single_gpu_telemetry,1.0,1,5092,job
training_single_gpu|training_single_gpu_gpu0_199317,0.0,1,5092,job
whitebox_diluted_7b_N10_1h|f65c515b_20260727_121946,0.9,10,5092,job
whitebox_diluted_7b_N1_1h|5df04b7a_20260727_183421,0.8,10,5092,job
whitebox_diluted_N20|2b6c90aa_20260725_200743,1.0,10,5092,job
whitebox_diluted_N5|eaaa7663_20260725_210026,1.0,10,5092,job
whitebox_lora_7b_N100_1h|53c015c3_20260727_162214,0.9,10,5092,job
whitebox_lora_7b_N500_long|43be1ab2_20260726_203116,0.9,10,5092,job
whitebox_lora_7b_long|98ae0ecb_20260725_114106,0.9,10,5092,job
whitebox_lora_N10_long|58e5a6e6_20260724_215116,1.0,10,5092,job
whitebox_lora_N5|5d8cb134_20260725_210538,1.0,10,5092,job
whitebox_oracle|75298cf9_20260725_225503,1.0,10,5092,job
width_sweep_dp|width_sweep_dp_gpu0_a80bfa,1.0,1,5092,job
adversarial_E_memory_minimal|09b77236_20260412_230551,0.0,1,5093,job
adversarial_F_interleave_30|314da66d_20260412_053508,1.0,1,5093,job
adversarial_F_interleave_30|42e0d626_20260412_223016,1.0,10,5093,job
adversarial_F_interleave_30|7edc637e_20260825_042324,1.0,10,5093,job
adversarial_F_interleave_30|ff338fa1_20260412_230551,1.0,10,5093,job
adversarial_F_interleave_50|4cde77c0_20260726_003313,1.0,10,5093,job
adversarial_H_mimicry_cufft|407d2529_20260825_052810,1.0,10,5093,job
adversarial_H_mimicry_cufft|983fad80_20260412_053508,1.0,1,5093,job
adversarial_H_mimicry_cufft|ce9f5c9f_20260412_230551,1.0,1,5093,job
adversarial_H_mimicry_mining|88fd4004_20260825_050111,1.0,10,5093,job
adversarial_J_pid_75|4b39fbdf_20260825_060033,1.0,10,5093,job
adversarial_J_pid_75|6aa98cf6_20260412_053508,1.0,1,5093,job
adversarial_J_pid_75|94ea2465_20260825_054945,1.0,10,5093,job
adversarial_J_pid_75|ddd52b74_20260825_055509,1.0,10,5093,job
adversarial_K_ddp_accum_4|6e24c995c923_20260412_064737,1.0,80,5093,job
adversarial_K_ddp_accum_8|73431dec5f44_20260412_234640,1.0,80,5093,job
adversarial_K_ddp|af5daab2a59a_20260412_062347,1.0,80,5093,job
adversarial_K_online_learning|3ca87735_20260825_060556,1.0,10,5093,job
adversarial_K_online_learning|da312bfa_20260412_054054,1.0,10,5093,job
adversarial_L_diluted_10_mw8|453df7c0_20260726_170248,1.0,10,5093,job
adversarial_L_diluted_10|8d5f2101_20260725_235123,1.0,10,5093,job
adversarial_L_diluted_20|c1b0e51f_20260825_071606,1.0,10,5093,job
adversarial_L_diluted_5|29aaeb3c_20260825_064907,1.0,10,5093,job
adversarial_L_diluted_5|5e0891fb_20260412_054054,1.0,10,5093,job
batch_size_sweep_dp|batch_size_sweep_dp_gpu1_f04813,0.0,1,5093,job
bert_finetune|9311265c_20260413_032824,0.0,1,5093,job
bert_sst2_amp|49d3ba57_20260412_224117,1.0,1,5093,job
bert_sst2|0a64dc16_20260825_021827,1.0,1,5093,job
cufft_benchmark|38fd661e_20260419_235032,1.0,10,5093,job
cufft_benchmark|692a3d5e_20260412_224117,1.0,10,5093,job
cufft_benchmark|7529bef2_20260824_233001,1.0,10,5093,job
cufft_benchmark|7eb3b0fd_20260420_000038,1.0,10,5093,job
cufft_benchmark|83e14a25_20260421_014638,1.0,10,5093,job
cufft_benchmark|ff25783f_20260413_033141,1.0,1,5093,job
cufft_hpc|cufft_hpc_e7ea4b,1.0,1,5093,job
ddp_resnet50_cifar10|9fc805ce081e_20260412_234039,1.0,80,5093,job
fsdp_13b_nvlink|0b39d5a9bdb4_20260413_003641,1.0,80,5093,job
fsdp_30b_nvlink|8726f6620517_20260413_001627,1.0,80,5093,job
fsdp_30b_nvlink|cb97612d27e1_20260412_074413,1.0,70,5093,job
fsdp_70b_nvlink|3e8e00c5f514_20260413_010753,1.0,80,5093,job
fsdp_7b_nvlink|a2f8d14a4ed2_20260413_003114,1.0,80,5093,job
gpt2_finetune|eb4a005e_20260413_032908,1.0,1,5093,job
gpt2_wikitext2_amp_ext|ec2b4d42_20260420_202719,0.6666666666666666,3,5093,job
gpt2_wikitext2_amp|62c86ac7_20260412_222753,1.0,2,5093,job
gpt2_wikitext2_ext|daa304a2_20260421_011634,1.0,6,5093,job
gpt2_wikitext2|60a1ee17_20260825_022027,1.0,2,5093,job
idle|3a7e56ce_20260412_223541,1.0,7,5093,job
idle|9689d8b0_20260413_032720,1.0,1,5093,job
idle|9d362947_20260419_233822,1.0,7,5093,job
idle|b37a89ff_20260824_180358,1.0,7,5093,job
llm_infer_mistral_7b_q4|0f8555a9_20260825_003220,1.0,10,5093,job
llm_infer_mistral_7b_q4|143e0113_20260419_220838,1.0,1,5093,job
llm_infer_mistral_7b_q4|7dcec1a2_20260420_020500,0.9,10,5093,job
llm_infer_mistral_7b_q4|b0506bd3_20260419_205916,1.0,1,5093,job
llm_infer_mistral_7b_q4|ca02ad41_20260420_015354,1.0,1,5093,job
llm_infer_phi3_mini|d0a32c71_20260419_213210,1.0,10,5093,job
llm_infer_qwen25_14b_fp16|875f3c6d_20260420_232314,1.0,10,5093,job
llm_infer_qwen25_14b_fp16|98601a67_20260824_213822,1.0,10,5093,job
llm_infer_qwen25_14b_fp16|b9923a39_20260419_213654,1.0,10,5093,job
llm_infer_qwen25_32b_fp16|bb94db96_20260419_205955,1.0,1,5093,job
llm_infer_qwen25_3b_bs16|0918ee71_20260419_032245,1.0,10,5093,job
llm_infer_qwen25_3b_bs16|3d9be7b5_20260419_033318,1.0,10,5093,job
llm_infer_qwen25_3b_bs16|72bf234c_20260419_230326,1.0,10,5093,job
llm_infer_qwen25_3b_bs4|32bdfeb6_20260419_024034,1.0,10,5093,job
llm_infer_qwen25_3b_bs4|766c2eff_20260419_024551,1.0,10,5093,job
llm_infer_qwen25_3b_bs4|aa80c128_20260420_213501,1.0,10,5093,job
llm_infer_qwen25_3b|f36beab2_20260419_214818,1.0,10,5093,job
llm_infer_qwen25_72b_fp16|1d53cfd5_20260421_004034,1.0,10,5093,job
llm_infer_qwen25_72b_fp16|aaa06495_20260421_002643,1.0,10,5093,job
llm_infer_qwen25_72b_fp8|cd098693_20260420_004709,1.0,10,5093,job
llm_infer_qwen25_7b_fp16|0088cce0_20260419_205928,1.0,1,5093,job
llm_infer_qwen25_7b_fp16|4f69bded_20260824_200743,1.0,1,5093,job
llm_infer_qwen25_7b_fp16|f6638e51_20260419_211613,1.0,10,5093,job
llm_infer_sdxl|43c64a98_20260420_224406,1.0,10,5093,job
llm_infer_sdxl|827523c5_20260420_223333,1.0,10,5093,job
llm_infer_tinyllama_bs8|bcad42c3_20260419_220507,1.0,10,5093,job
llm_infer_tinyllama_bs8|ecdf6ee5_20260420_220215,1.0,10,5093,job
llm_infer_tinyllama_seq4096|eac7968c_20260419_224733,1.0,10,5093,job
llm_infer_tinyllama_seq4096|ff9add28_20260419_224220,1.0,10,5093,job
llm_infer_vit_l_bs64|9c5aafb1_20260419_232432,1.0,10,5093,job
llm_train_mistral_7b_lora|8af16eaa_20260824_231421,1.0,10,5093,job
llm_train_mistral_7b_lora|e2b30e58_20260419_232842,1.0,10,5093,job
llm_train_phi3_mini_lora|0d707150_20260419_230604,1.0,10,5093,job
llm_train_qwen25_1p5b_lora|2a4e8583_20260419_221125,0.9,10,5093,job
llm_train_qwen25_1p5b_lora|4f537ca3_20260419_222216,1.0,10,5093,job
llm_train_qwen25_1p5b_lora|a219bf6f_20260419_221705,1.0,10,5093,job
mining_ethash_proxy|3cac048c_20260825_000110,1.0,10,5093,job
mining_ethash_proxy|59292457_20260420_001044,1.0,10,5093,job
mining_ethash_proxy|814335b9_20260421_020654,1.0,10,5093,job
mining_ethash_proxy|fad55191_20260421_015646,1.0,10,5093,job
modern_inference|165eedde_20260413_033036,1.0,1,5093,job
modern_inference|6ce8e009_20260413_033057,1.0,1,5093,job
nbody_sim|6c13c5ae_20260825_030429,1.0,10,5093,job
nbody_sim|98b49f2f_20260412_224117,1.0,10,5093,job
nbody_sim|b9568c1a_20260413_033202,1.0,1,5093,job
nvlink_bandwidth|nvlink_bandwidth_gpu0_0eb88f,1.0,1,5093,job
ppo_rlhf_r32_rep3|9c5afa29_20260804_174554,1.0,10,5093,job
ppo_rlhf_r8_rep1|6394bf01_20260804_164958,1.0,10,5093,job
pytorch_mlp_cifar10_ext|22ac55c7_20260420_203325,1.0,10,5093,job
pytorch_resnet_cifar10_amp_ext|0e16abc8_20260420_204227,1.0,5,5093,job
pytorch_resnet_cifar10_amp|7b05a6ae_20260825_021143,1.0,1,5093,job
pytorch_resnet_cifar10_amp|7e69c6dd_20260825_021041,1.0,1,5093,job
pytorch_resnet_cifar10|0d79ee94_20260825_005047,0.0,10,5093,job
pytorch_resnet_cifar10|30653101_20260412_231132,1.0,3,5093,job
pytorch_resnet_cifar10|94104fc8_20260412_223541,1.0,2,5093,job
resnet50_inference|0464d734_20260825_022250,0.0,10,5093,job
resnet50_inference|277c9073_20260825_023315,0.0,10,5093,job
resnet50_inference|ee8f3e1f_20260412_224117,0.6,10,5093,job
symgemm_L0_fwd1_rep3|0ad604b3_20260802_223527,1.0,10,5093,job
symgemm_L1_fwd3_rep4|cbddae2b_20260802_230858,0.9,10,5093,job
symgemm_L3_graddiscard_rep1|f12dea2b_20260802_182955,0.9,10,5093,job
symgemm_L3_graddiscard_rep2|eaf8a014_20260802_205144,0.9,10,5093,job
symgemm_L4_sgdfused_m8192_rep1|e3f3bb2f_20260802_184108,1.0,10,5093,job
symgemm_L4_sgdfused_rep1|dbbf7955_20260802_174515,1.0,10,5093,job
symgemm_L4_sgdfused_rep4|8f5f5e11_20260802_225748,0.9,10,5093,job
symgemm_L5_adam_rep1|24f173d4_20260802_180735,1.0,10,5093,job
symgemm_L5_adam_rep3|f1871cc2_20260802_222417,1.0,10,5093,job
symgemm_L5_adam_rep4|b36d56ef_20260802_232008,1.0,10,5093,job
symgemm_decode_g256_rep1|37d9b353_20260803_004828,0.9,10,5093,job
symgemm_idle|06d5a273_20260802_173910,0.5,10,5093,job
symgemm_ppo_fused_r32_rep1|52af0173_20260803_003717,1.0,10,5093,job
training_dual_gpu_dp|multi_gpu_telemetry_gpu0,0.0,2,5093,job
training_dual_gpu_dp|multi_gpu_telemetry_gpu1,0.0,2,5093,job
training_single_gpu|single_gpu_telemetry,1.0,1,5093,job
whitebox_diluted_N5|a37b10ba_20260725_194651,1.0,10,5093,job
whitebox_lora_7b_N10_rep2|a1f5446a_20260728_040109,1.0,10,5093,job
whitebox_lora_7b_N1_1h|d26abcf1_20260727_110823,1.0,10,5093,job
whitebox_lora_7b_N20_1h|8c105125_20260727_142117,1.0,10,5093,job
whitebox_lora_7b_pilot_N3|083f6968_20260726_120119,1.0,10,5093,job
whitebox_lora_7b_pilot_N8|a2326a19_20260726_130940,1.0,10,5093,job
adversarial_E_memory_minimal|c443df01_20260825_035624,1.0,10,5094,job
adversarial_F_interleave_30|a1e40da7_20260825_041236,1.0,10,5094,job
adversarial_F_interleave_50|468ad378_20260825_042847,1.0,10,5094,job
adversarial_G_clock_throttled|26e4120c_20260825_045023,1.0,10,5094,job
adversarial_G_clock_throttled|4471bfa7_20260412_230551,1.0,1,5094,job
adversarial_G_clock_throttled|d38b3081_20260412_053508,1.0,10,5094,job
adversarial_G_clock_throttled|d64b14fc_20260825_045547,1.0,10,5094,job
adversarial_H_mimicry_cufft|8a52b6f9_20260825_052246,0.4,10,5094,job
adversarial_H_mimicry_cufft|bf336e54_20260825_051722,0.7,10,5094,job
adversarial_H_mimicry_mining|5ac32145_20260825_051158,1.0,10,5094,job
adversarial_H_mimicry_mining|bedfd354_20260412_223016,1.0,10,5094,job
adversarial_I_stochastic_30|1319ffe7_20260726_002804,1.0,10,5094,job
adversarial_I_stochastic_30|b5fea657_20260825_053857,1.0,10,5094,job
adversarial_I_stochastic_30|d13c6696_20260825_054421,1.0,10,5094,job
adversarial_J_pid_75|ddd52b74_20260825_055509,1.0,10,5094,job
adversarial_J_pid_75|e3f49bde_20260412_223016,1.0,10,5094,job
adversarial_K_ddp_accum_8|036fb65cffea_20260413_002258,1.0,80,5094,job
adversarial_K_ddp_accum_8|73431dec5f44_20260412_234640,1.0,80,5094,job
adversarial_K_online_learning|3ca87735_20260825_060556,1.0,10,5094,job
adversarial_K_online_learning|901b510d_20260825_061120,1.0,10,5094,job
adversarial_L_ddp_5|a9a551652c04_20260412_235905,1.0,80,5094,job
adversarial_L_diluted_2|354119ef_20260412_223541,1.0,10,5094,job
adversarial_L_diluted_2|9a292575_20260825_063255,1.0,10,5094,job
adversarial_L_diluted_5|05e951a9_20260825_063819,1.0,10,5094,job
adversarial_training|b1c5e184_20260413_033330,0.0,1,5094,job
batch_size_sweep_dp|batch_size_sweep_dp_gpu1_f04813,1.0,1,5094,job
bert_sst2_amp|49d3ba57_20260412_224117,1.0,1,5094,job
bert_sst2_amp|dd87fb92_20260412_222753,1.0,1,5094,job
bert_sst2_amp|e682e23c_20260412_231705,1.0,1,5094,job
bert_sst2|19873577_20260412_224117,1.0,1,5094,job
bert_sst2|675c6c84_20260412_222753,1.0,2,5094,job
cufft_benchmark|4bfa16e2_20260824_235047,1.0,10,5094,job
cufft_benchmark|a3a1b5b0_20260420_195136,1.0,10,5094,job
ddp_resnet18_cifar10_amp|452a0a67a4fb_20260412_061559,1.0,80,5094,job
ddp_resnet18_cifar10|a76b540db268_20260412_233502,1.0,80,5094,job
ddp_resnet18_cifar10|b6ee4dbc9fc2_20260412_225907,1.0,80,5094,job
ddp_training|ddp_telemetry_gpu1,1.0,1,5094,job
fsdp_30b_nvlink|cb97612d27e1_20260412_074412,1.0,10,5094,job
fsdp_70b_adamw|e53e253f883d_20260413_012859,1.0,6,5094,job
fsdp_70b_nvlink|a7ff05fcabd2_20260413_003024,1.0,8,5094,job
fsdp_70b_nvlink|c632fe2971fa_20260412_071411,1.0,8,5094,job
fsdp_70b_seq512_nvlink|78349b23d251_20260413_013913,1.0,80,5094,job
fsdp_70b_sgd_momentum|465819c33b0c_20260413_012319,0.975,80,5094,job
gpt2_finetune|cfe318c2_20260413_032930,0.0,1,5094,job
gpt2_wikitext2_amp_ext|058cfbc9_20260420_204849,1.0,2,5094,job
gpt2_wikitext2_amp|025c9b24_20260412_224117,1.0,1,5094,job
gpt2_wikitext2_ext|ab0d938a_20260420_203614,1.0,6,5094,job
gpt2_wikitext2|3a8eee76_20260825_022139,0.5,2,5094,job
idle|03110fa2_20260824_232519,1.0,7,5094,job
idle|3a7e56ce_20260412_223541,1.0,7,5094,job
idle|964c62f7_20260420_194932,1.0,7,5094,job
idle|dd455a95_20260824_171422,1.0,7,5094,job
llm_infer_mistral_7b_q4|0f8555a9_20260825_003220,0.9,10,5094,job
llm_infer_mistral_7b_q4|177996c6_20260421_012908,1.0,10,5094,job
llm_infer_mistral_7b_q4|9e359ed7_20260825_003757,1.0,10,5094,job
llm_infer_mistral_7b_q4|afe01b8f_20260419_205857,1.0,1,5094,job
llm_infer_mistral_7b_q4|b0506bd3_20260419_205916,1.0,1,5094,job
llm_infer_mistral_7b_q4|d4a0ca97_20260419_215339,1.0,1,5094,job
llm_infer_mistral_7b_q4|dbde8feb_20260419_210231,1.0,1,5094,job
llm_infer_phi3_mini|3bce5480_20260420_210836,1.0,10,5094,job
llm_infer_qwen25_14b_fp16|1eda1bef_20260824_213225,1.0,10,5094,job
llm_infer_qwen25_14b_fp16|9bdd69d7_20260420_233533,1.0,10,5094,job
llm_infer_qwen25_32b_fp16|097ee7e4_20260420_002519,1.0,10,5094,job
llm_infer_qwen25_32b_fp16|0e1acfb8_20260824_214418,1.0,10,5094,job
llm_infer_qwen25_32b_fp16|43218758_20260421_031401,1.0,10,5094,job
llm_infer_qwen25_32b_fp16|54f1bd71_20260419_205959,1.0,1,5094,job
llm_infer_qwen25_3b_bs16|0918ee71_20260419_032245,1.0,10,5094,job
llm_infer_qwen25_3b_bs4|32bdfeb6_20260419_024034,1.0,10,5094,job
llm_infer_qwen25_72b_fp16|1d53cfd5_20260421_004034,1.0,10,5094,job
llm_infer_qwen25_72b_fp16|d793b310_20260421_003349,1.0,10,5094,job
llm_infer_qwen25_72b_fp8|78a77a8b_20260420_235909,1.0,10,5094,job
llm_infer_qwen25_72b_tp2|d667bcd68796_20260419_045202,1.0,20,5094,job
llm_infer_qwen25_7b_fp16|4052c194_20260824_200842,0.9,10,5094,job
llm_infer_qwen25_7b_fp16|730da3ab_20260419_234250,1.0,10,5094,job
llm_infer_qwen25_7b_fp16|8c50624a_20260824_211339,1.0,10,5094,job
llm_infer_qwen25_7b_fp16|f70331c1_20260419_233641,1.0,10,5094,job
llm_infer_sdxl|f3c09865_20260419_025108,0.9,10,5094,job
llm_infer_tinyllama_bs8|0c587cbd_20260419_022959,1.0,10,5094,job
llm_infer_tinyllama_bs8|efe8ddc5_20260419_021922,1.0,10,5094,job
llm_infer_tinyllama_seq4096|ff9add28_20260419_224220,1.0,10,5094,job
llm_infer_vit_l_bs64|27cbf4a5_20260419_231919,1.0,10,5094,job
llm_infer_vit_l_bs64|5e01a928_20260419_034907,1.0,10,5094,job
llm_infer_vit_l_bs64|e895e0da_20260419_033836,0.9,10,5094,job
llm_train_mistral_7b_lora|b31642c6_20260419_231627,0.7,10,5094,job
llm_train_mistral_7b_lora|e954b9ae_20260824_231951,1.0,10,5094,job
llm_train_phi3_mini_lora|61242a7d_20260419_225953,0.8,10,5094,job
llm_train_qwen25_3b_lora|66980709_20260824_223555,1.0,10,5094,job
llm_train_smollm2_1p7b_lora|896b1640_20260824_223027,1.0,10,5094,job
llm_train_smollm2_1p7b_lora|ad1a6473_20260419_222727,0.9,10,5094,job
mining_ethash_proxy|3cac048c_20260825_000110,1.0,10,5094,job
mining_ethash_proxy|8c86200c_20260412_232321,1.0,10,5094,job
mining_ethash_proxy|b6f2e520_20260825_001133,1.0,10,5094,job
mining_ethash_proxy|c56e618e_20260412_224732,1.0,10,5094,job
modern_inference|165eedde_20260413_033036,1.0,1,5094,job
modern_inference|5c76e8e5_20260413_033057,1.0,1,5094,job
nbody_sim|e828c825_20260825_025405,1.0,10,5094,job
nvlink_p2p|927418b1_20260413_033435,1.0,1,5094,job
ppo_rlhf_r32_rep2|580ad642_20260804_172333,1.0,10,5094,job
ppo_rlhf_r8_rep3|5a1e4c08_20260804_173443,1.0,10,5094,job
pytorch_resnet_cifar10_amp_ext|0e16abc8_20260420_204227,1.0,5,5094,job
pytorch_resnet_cifar10_amp|09c94605_20260412_222753,1.0,2,5094,job
pytorch_resnet_cifar10_amp|1f7efb5a_20260825_021236,1.0,1,5094,job
pytorch_resnet_cifar10_amp|73475ab0_20260412_231132,1.0,4,5094,job
pytorch_resnet_cifar10_amp|8ab3bfd2_20260825_020754,1.0,1,5094,job
pytorch_resnet_cifar10_amp|a2af05e4_20260825_020701,1.0,1,5094,job
pytorch_resnet_cifar10_amp|e9662cc3_20260412_223541,0.6666666666666666,3,5094,job
pytorch_resnet_cifar10_amp|fcd1f0dc_20260825_073317,1.0,1,5094,job
rendering_proxy|307d16fe_20260825_032515,1.0,10,5094,job
resnet_amp|resnet_amp_cc435c,1.0,1,5094,job
resnet_fp32|resnet_fp32_b4973a,1.0,1,5094,job
resnet_fp32|resnet_fp32_f7ebcf,1.0,1,5094,job
symgemm_L1_fwd3_m8192_rep1|128a6c86_20260802_185218,1.0,10,5094,job
symgemm_L1_fwd3_rep3|956006bf_20260802_221307,1.0,10,5094,job
symgemm_L1_fwd3_rep4|cbddae2b_20260802_230858,1.0,10,5094,job
symgemm_L3_graddiscard_rep3|3abcefec_20260802_224637,1.0,10,5094,job
symgemm_L4_sgdfused_rep1|dbbf7955_20260802_174515,0.0,10,5094,job
symgemm_L4_sgdfused_rep2|a86d6744_20260802_200703,0.0,10,5094,job
symgemm_L4_sgdfused_rep4|8f5f5e11_20260802_225748,0.0,10,5094,job
symgemm_L4_sgdfused_short7b_rep1|2f4f2eb2_20260803_072657,1.0,10,5094,job
symgemm_L5_adam_rep4|b36d56ef_20260802_232008,1.0,10,5094,job
training_dual_gpu_dp|multi_gpu_telemetry_gpu0,1.0,2,5094,job
training_dual_gpu_dp|training_dual_gpu_dp_gpu0_1c7245,1.0,1,5094,job
training_dual_gpu_dp|training_dual_gpu_dp_gpu1_278acd,1.0,1,5094,job
training_single_gpu|single_gpu_telemetry,0.0,1,5094,job
whitebox_inference_7b_1h|4bf42831_20260727_095532,0.8,10,5094,job
whitebox_lora_7b_N1_1h|d26abcf1_20260727_110823,1.0,10,5094,job
whitebox_lora_N10|00ea9b4c_20260725_211603,1.0,10,5094,job
whitebox_lora_N5|25cd8989_20260725_195205,1.0,10,5094,job
whitebox_lora_N5|de90ed7d_20260725_202852,1.0,10,5094,job
whitebox_oracle_7b_long|dd20b782_20260726_181838,1.0,10,5094,job
adversarial_E_memory_minimal|c443df01_20260825_035624,1.0,10,5095,job
adversarial_F_interleave_50|972b5cb1_20260412_230551,1.0,1,5095,job
adversarial_H_mimicry_cufft|407d2529_20260825_052810,1.0,10,5095,job
adversarial_H_mimicry_cufft|8a52b6f9_20260825_052246,1.0,10,5095,job
adversarial_H_mimicry_cufft|ce9f5c9f_20260412_230551,1.0,1,5095,job
adversarial_I_stochastic_30|15190e45_20260725_234104,1.0,10,5095,job
adversarial_K_ddp_accum_8|036fb65cffea_20260413_002258,1.0,80,5095,job
adversarial_K_ddp|41b734487b5e_20260412_235331,1.0,80,5095,job
adversarial_K_ddp|af5daab2a59a_20260412_062347,1.0,80,5095,job
adversarial_K_online_learning|901b510d_20260825_061120,1.0,10,5095,job
adversarial_K_online_learning|cff6d675_20260825_061644,1.0,10,5095,job
adversarial_L_ddp_5|a9a551652c04_20260412_235905,1.0,80,5095,job
adversarial_L_ddp_stagger_5|9018a40f5999_20260412_233540,1.0,80,5095,job
adversarial_L_diluted_10|8d5f2101_20260725_235123,1.0,10,5095,job
adversarial_L_diluted_20|405a7452_20260412_223541,1.0,10,5095,job
adversarial_L_diluted_5|2471d189_20260412_231132,1.0,10,5095,job
bert_finetune|2a2a5f3e_20260413_032846,1.0,1,5095,job
bert_sst2_amp_ext|7d5929da_20260420_202928,1.0,1,5095,job
bert_sst2_amp|dd87fb92_20260412_222753,1.0,1,5095,job
bert_sst2_amp|e682e23c_20260412_231705,1.0,1,5095,job
cufft_benchmark|2cf468dc_20260421_013631,1.0,10,5095,job
cufft_benchmark|83e14a25_20260421_014638,1.0,10,5095,job
cufft_benchmark|ff25783f_20260413_033141,1.0,1,5095,job
ddp_resnet18_cifar10_amp|452a0a67a4fb_20260412_061559,1.0,80,5095,job
ddp_resnet18_cifar10|b6ee4dbc9fc2_20260412_225907,1.0,80,5095,job
fsdp_13b_nvlink|943b54f5deb5_20260412_071300,1.0,80,5095,job
fsdp_30b_nvlink|8726f6620517_20260413_001627,1.0,80,5095,job
fsdp_70b_adamw|e53e253f883d_20260413_012859,1.0,6,5095,job
fsdp_70b_nvlink|15cced21b9b1_20260413_012238,1.0,8,5095,job
fsdp_70b_nvlink|3e8e00c5f514_20260413_010753,1.0,80,5095,job
fsdp_70b_nvlink|a7ff05fcabd2_20260413_003024,1.0,8,5095,job
fsdp_7b_nvlink|a2f8d14a4ed2_20260413_003114,1.0,80,5095,job
gpt2_wikitext2_amp|62c86ac7_20260412_222753,1.0,2,5095,job
gpt2_wikitext2_ext|7a20f073_20260420_204656,1.0,6,5095,job
gpt2_wikitext2|917b93fb_20260412_224117,1.0,3,5095,job
idle|9d362947_20260419_233822,1.0,7,5095,job
idle|b3e73340_20260419_233617,1.0,7,5095,job
idle|dd455a95_20260824_171422,1.0,7,5095,job
idle|idle_e3e53d,1.0,1,5095,job
llm_infer_mistral_7b_q4|0f8555a9_20260825_003220,0.9,10,5095,job
llm_infer_mistral_7b_q4|280943b7_20260421_011827,1.0,10,5095,job
llm_infer_mistral_7b_q4|53e3e332_20260419_210248,1.0,1,5095,job
llm_infer_mistral_7b_q4|85d8feff_20260419_215354,1.0,1,5095,job
llm_infer_mistral_7b_q4|e81dfe47_20260420_015946,1.0,10,5095,job
llm_infer_mixtral_8x7b|a79f0a84_20260419_040511,1.0,10,5095,job
llm_infer_phi3_mini|745171c6_20260419_015720,1.0,10,5095,job
llm_infer_phi3_mini|e7151e88_20260420_205129,1.0,10,5095,job
llm_infer_phi3_mini|e7320dff_20260420_205804,0.9,10,5095,job
llm_infer_qwen25_14b_fp16|085bd1c8_20260420_000301,1.0,10,5095,job
llm_infer_qwen25_14b_fp16|1eda1bef_20260824_213225,1.0,10,5095,job
llm_infer_qwen25_14b_fp16|62b1513a_20260419_205946,1.0,1,5095,job
llm_infer_qwen25_14b_fp16|85bf5790_20260419_205937,1.0,1,5095,job
llm_infer_qwen25_32b_fp16|08c0cbfe_20260420_001804,1.0,10,5095,job
llm_infer_qwen25_32b_fp16|43218758_20260421_031401,1.0,10,5095,job
llm_infer_qwen25_32b_fp16|463349dc_20260420_000940,0.9,10,5095,job
llm_infer_qwen25_32b_fp16|50c83347_20260421_030757,1.0,10,5095,job
llm_infer_qwen25_3b_bs16|0765cbf1_20260420_215052,1.0,10,5095,job
llm_infer_qwen25_3b_bs16|45cf0574_20260419_230842,1.0,10,5095,job
llm_infer_qwen25_3b_bs16|72bf234c_20260419_230326,0.9,10,5095,job
llm_infer_qwen25_3b_bs4|766c2eff_20260419_024551,1.0,10,5095,job
llm_infer_qwen25_3b_bs4|dbfd03f1_20260419_023515,1.0,10,5095,job
llm_infer_qwen25_3b|7de76a76_20260420_211352,1.0,10,5095,job
llm_infer_qwen25_3b|f8a46936_20260420_211909,1.0,10,5095,job
llm_infer_qwen25_72b_fp16|d793b310_20260421_003349,1.0,10,5095,job
llm_infer_qwen25_72b_fp8|1949bd09_20260420_003236,0.8,10,5095,job
llm_infer_qwen25_72b_fp8|4bc4cd75_20260420_234536,1.0,10,5095,job
llm_infer_qwen25_72b_fp8|b39fa450_20260419_042425,1.0,10,5095,job
llm_infer_qwen25_72b_tp2|11ae41c37687_20260419_045923,1.0,20,5095,job
llm_infer_qwen25_7b_fp16|4f69bded_20260824_200743,1.0,1,5095,job
llm_infer_qwen25_7b_fp16|730da3ab_20260419_234250,1.0,10,5095,job
llm_infer_qwen25_7b_fp16|a694acd9_20260419_210256,0.8,10,5095,job
llm_infer_qwen25_7b_fp16|f6638e51_20260419_211613,1.0,10,5095,job
llm_infer_sdxl|43c64a98_20260420_224406,1.0,10,5095,job
llm_infer_tinyllama_bs8|43f9b961_20260420_221242,1.0,10,5095,job
llm_infer_tinyllama_bs8|75a3d2cd_20260419_215432,1.0,10,5095,job
llm_infer_tinyllama_bs8|ce7d83fd_20260419_022445,1.0,10,5095,job
llm_infer_tinyllama_bs8|ecdf6ee5_20260420_220215,1.0,10,5095,job
llm_infer_tinyllama_seq4096|026a1f9a_20260420_221753,1.0,10,5095,job
llm_infer_tinyllama_seq4096|25a7da9a_20260419_225251,0.7,10,5095,job
llm_infer_tinyllama_seq4096|72177ae6_20260419_031218,1.0,10,5095,job
llm_infer_tinyllama_seq4096|ff9add28_20260419_224220,1.0,10,5095,job
llm_infer_vit_l_bs64|27cbf4a5_20260419_231919,1.0,10,5095,job
llm_train_mistral_7b_lora|8af16eaa_20260824_231421,1.0,10,5095,job
llm_train_phi3_mini_lora|48da72bf_20260824_230320,1.0,10,5095,job
llm_train_phi3_mini_lora|5fb0d553_20260824_225222,1.0,10,5095,job
llm_train_qwen25_1p5b_lora|e0c86e62_20260824_220836,1.0,10,5095,job
llm_train_qwen25_3b_lora|e8114b07_20260419_225441,1.0,10,5095,job
llm_train_smollm2_1p7b_lora|19738386_20260419_223307,1.0,10,5095,job
mining_ethash_proxy|814335b9_20260421_020654,1.0,10,5095,job
mlp_training|mlp_training_c52a21,1.0,1,5095,job
modern_inference|165eedde_20260413_033036,1.0,1,5095,job
nbody_sim|4bf2dc52_20260412_231705,1.0,10,5095,job
nbody_sim|e90ecd1d_20260825_031452,1.0,10,5095,job
nvlink_latency|nvlink_latency_gpu1_9a8612,1.0,1,5095,job
ppo_rlhf_r32_rep2|580ad642_20260804_172333,0.9,10,5095,job
ppo_rlhf_r8_rep3|5a1e4c08_20260804_173443,1.0,10,5095,job
pytorch_mlp_cifar10|2cd679aa_20260412_224117,1.0,2,5095,job
pytorch_mlp_cifar10|6726c8ff_20260825_021604,1.0,1,5095,job
pytorch_resnet_cifar10_amp|7184c09f_20260825_073235,1.0,1,5095,job
pytorch_resnet_cifar10_amp|7e69c6dd_20260825_021041,1.0,1,5095,job
pytorch_resnet_cifar10_amp|fcd1f0dc_20260825_073317,1.0,1,5095,job
pytorch_resnet_cifar10_ext|76d6663a_20260420_203006,1.0,6,5095,job
pytorch_resnet_cifar10|94104fc8_20260412_223541,1.0,2,5095,job
pytorch_training|1b83c94e_20260413_032802,1.0,1,5095,job
rendering_proxy|630b9e74_20260825_034601,1.0,10,5095,job
resnet_amp|resnet_amp_cc435c,1.0,1,5095,job
resnet_fp32|resnet_fp32_f7ebcf,1.0,1,5095,job
scientific_hpc|2369d03f_20260413_033308,1.0,1,5095,job
symgemm_L1_fwd3_m8192_rep2|e044c3fe_20260802_211404,1.0,10,5095,job
symgemm_L4_sgdfused_long1b_rep1|e77f32f2_20260803_062646,0.5,10,5095,job
symgemm_L4_sgdfused_m8192_rep2|b0c570a7_20260802_210254,0.9,10,5095,job
symgemm_L4_sgdfused_rep4|8f5f5e11_20260802_225748,0.8,10,5095,job
symgemm_L5_adam_rep3|f1871cc2_20260802_222417,1.0,10,5095,job
training_dual_gpu_dp|multi_gpu_telemetry_gpu1,1.0,2,5095,job
training_dual_gpu_dp|training_dual_gpu_dp_gpu0_e63285,1.0,1,5095,job
training_dual_gpu_dp|training_dual_gpu_dp_gpu1_278acd,1.0,1,5095,job
training_single_gpu|training_single_gpu_gpu0_199317,1.0,1,5095,job
whitebox_diluted_1b_N1_1h|e9c0ff07_20260727_235850,1.0,10,5095,job
whitebox_diluted_N20|6305ed40_20260725_204431,1.0,10,5095,job
whitebox_diluted_N5|e9df56b8_20260725_202339,1.0,10,5095,job
whitebox_inference_3b_rep2|92741c8b_20260728_020004,0.9,10,5095,job
whitebox_inference|3d92903b_20260725_201826,1.0,10,5095,job
whitebox_lora_7b_N20_1h|8c105125_20260727_142117,1.0,10,5095,job
whitebox_lora_7b_pilot_N3|083f6968_20260726_120119,1.0,10,5095,job
whitebox_lora_7b_pilot_N5|8d4c0881_20260726_121646,1.0,10,5095,job
whitebox_lora_7b_pilot_N7|b7b290a9_20260726_125420,1.0,10,5095,job
whitebox_lora_N5|5d8cb134_20260725_210538,1.0,10,5095,job
whitebox_lora_N5|de90ed7d_20260725_202852,1.0,10,5095,job
whitebox_oracle_7b_long|dd20b782_20260726_181838,1.0,10,5095,job
whitebox_oracle|75298cf9_20260725_225503,1.0,10,5095,job
adversarial_E_memory_minimal|09b77236_20260412_230551,0.0,1,5096,job
adversarial_E_memory_minimal|bd61daeb_20260412_223016,1.0,10,5096,job
adversarial_E_memory_minimal|c443df01_20260825_035624,1.0,10,5096,job
adversarial_E_memory_minimal|f5727cea_20260825_040148,1.0,10,5096,job
adversarial_F_interleave_30|ff338fa1_20260412_230551,1.0,10,5096,job
adversarial_F_interleave_50|468ad378_20260825_042847,1.0,10,5096,job
adversarial_F_interleave_50|46a73a4e_20260725_234614,1.0,10,5096,job
adversarial_F_interleave_50|82b69908_20260412_223016,1.0,10,5096,job
adversarial_H_mimicry_cufft|407d2529_20260825_052810,0.8,10,5096,job
adversarial_H_mimicry_cufft|8a52b6f9_20260825_052246,0.4,10,5096,job
adversarial_H_mimicry_cufft|bf336e54_20260825_051722,0.7,10,5096,job
adversarial_H_mimicry_cufft|ce9f5c9f_20260412_230551,0.0,1,5096,job
adversarial_H_mimicry_mining|bf6e3698_20260413_011721,1.0,10,5096,job
adversarial_K_ddp_accum_4|6e24c995c923_20260412_064737,1.0,80,5096,job
adversarial_K_online_learning|1468f533_20260412_231132,1.0,10,5096,job
adversarial_L_diluted_10_mw8|453df7c0_20260726_170248,1.0,10,5096,job
adversarial_L_diluted_10_mw8|51a40fcc_20260726_171309,1.0,10,5096,job
adversarial_L_diluted_10|5904fb3d_20260412_223541,1.0,10,5096,job
adversarial_L_diluted_10|6ef8b233_20260412_231132,1.0,10,5096,job
adversarial_L_diluted_10|8d5f2101_20260725_235123,1.0,10,5096,job
adversarial_L_diluted_10|d4cc031f_20260726_001456,1.0,10,5096,job
adversarial_L_diluted_200_mw8|fd4fadc3_20260726_171819,1.0,10,5096,job
adversarial_L_diluted_20|1746ff55_20260412_054054,1.0,10,5096,job
adversarial_L_diluted_2|463541b6_20260825_062731,1.0,10,5096,job
batch_size_sweep_dp|batch_size_sweep_dp_gpu0_2c05fa,1.0,1,5096,job
bert_finetune|d969416f_20260413_032846,1.0,1,5096,job
bert_sst2_amp_ext|550d0003_20260420_205051,1.0,1,5096,job
bert_sst2_amp_ext|7d5929da_20260420_202928,1.0,1,5096,job
bert_sst2_ext|d1b7b9e7_20260420_202822,1.0,3,5096,job
bert_sst2|30b0dab5_20260412_231705,1.0,1,5096,job
bert_sst2|4a0aab7a_20260825_021739,1.0,1,5096,job
bert_sst2|906cb48d_20260825_021650,1.0,1,5096,job
cufft_benchmark|38fd661e_20260419_235032,1.0,10,5096,job
cufft_benchmark|7529bef2_20260824_233001,1.0,10,5096,job
cufft_hpc|cufft_hpc_c78372,1.0,1,5096,job
cufft_hpc|cufft_hpc_e7ea4b,1.0,1,5096,job
ddp_resnet18_cifar10_amp|95f2a16cc1a5_20260412_234616,1.0,80,5096,job
ddp_resnet18_cifar10_amp|972309ed66bd_20260412_231156,1.0,80,5096,job
ddp_resnet50_cifar10|c83757ac5731_20260412_230440,1.0,80,5096,job
fsdp_70b_nvlink|3e8e00c5f514_20260413_010753,1.0,80,5096,job
fsdp_7b_nvlink|5de962c92de9_20260412_235456,1.0,80,5096,job
fsdp_7b_nvlink|a2f8d14a4ed2_20260413_003114,0.85,80,5096,job
gpt2_finetune|f22ba689_20260413_032930,1.0,1,5096,job
gpt2_wikitext2|1f4b6ea6_20260412_231705,1.0,3,5096,job
gpt2_wikitext2|60a1ee17_20260825_022027,0.0,2,5096,job
gpt2_wikitext2|f1162cf3_20260412_222753,1.0,3,5096,job
idle|3a7e56ce_20260412_223541,1.0,7,5096,job
idle|5edd7d6c_20260413_032703,1.0,1,5096,job
idle|9689d8b0_20260413_032720,1.0,1,5096,job
idle|b37a89ff_20260824_180358,1.0,7,5096,job
idle|idle_9cb91e,1.0,1,5096,job
inference|inference_8fd998,1.0,1,5096,job
inference|inference_986d16,1.0,1,5096,job
llm_infer_deepseek_v3_tp8|acb00ac39728_20260419_002311,0.5,50,5096,job
llm_infer_deepseek_v3_tp8|acb00ac39728_20260419_002312,0.43333333333333335,30,5096,job
llm_infer_mistral_7b_q4|177996c6_20260421_012908,0.9,10,5096,job
llm_infer_mistral_7b_q4|280943b7_20260421_011827,1.0,10,5096,job
llm_infer_mistral_7b_q4|960c6bbd_20260421_012347,1.0,10,5096,job
llm_infer_mistral_7b_q4|b0506bd3_20260419_205916,1.0,1,5096,job
llm_infer_mistral_7b_q4|c36eab64_20260419_220847,1.0,1,5096,job
llm_infer_mistral_7b_q4|dc6bbdac_20260420_010008,1.0,10,5096,job
llm_infer_mistral_7b_q4|e81dfe47_20260420_015946,1.0,10,5096,job
llm_infer_phi3_mini|e0bd0272_20260419_212652,1.0,10,5096,job
llm_infer_qwen25_14b_fp16|b9923a39_20260419_213654,1.0,10,5096,job
llm_infer_qwen25_32b_fp16|097ee7e4_20260420_002519,1.0,10,5096,job
llm_infer_qwen25_32b_fp16|0e1acfb8_20260824_214418,1.0,10,5096,job
llm_infer_qwen25_3b_bs4|766c2eff_20260419_024551,1.0,10,5096,job
llm_infer_qwen25_3b_bs4|aa80c128_20260420_213501,1.0,10,5096,job
llm_infer_qwen25_3b_bs4|acde3618_20260419_221540,1.0,10,5096,job
llm_infer_qwen25_3b|b3849090_20260419_213727,1.0,10,5096,job
llm_infer_qwen25_3b|df5ce46a_20260419_020809,1.0,10,5096,job
llm_infer_qwen25_72b_fp8|36625af8_20260420_235243,1.0,10,5096,job
llm_infer_qwen25_72b_fp8|4bc4cd75_20260420_234536,0.9,10,5096,job
llm_infer_qwen25_72b_fp8|78a77a8b_20260420_235909,1.0,10,5096,job
llm_infer_qwen25_72b_fp8|cd098693_20260420_004709,1.0,10,5096,job
llm_infer_qwen25_72b_tp2|11ae41c37687_20260419_045923,1.0,20,5096,job
llm_infer_qwen25_72b_tp2|d667bcd68796_20260419_045202,1.0,20,5096,job
llm_infer_qwen25_7b_fp16|0c4a3bb2_20260824_212015,1.0,10,5096,job
llm_infer_qwen25_7b_fp16|61bf5366_20260420_231727,1.0,10,5096,job
llm_infer_qwen25_7b_fp16|87b75337_20260824_200626,1.0,2,5096,job
llm_infer_qwen25_7b_fp16|abd7cc9c_20260420_230458,1.0,10,5096,job
llm_infer_qwen25_7b_fp16|c98d90af_20260420_231133,1.0,10,5096,job
llm_infer_qwen25_7b_fp16|f6638e51_20260419_211613,1.0,10,5096,job
llm_infer_sdxl|827523c5_20260420_223333,1.0,10,5096,job
llm_infer_sdxl|adc8a3d2_20260419_222624,1.0,10,5096,job
llm_infer_tinyllama_seq4096|026a1f9a_20260420_221753,1.0,10,5096,job
llm_infer_vit_l_bs64|38e37d2f_20260419_034355,1.0,10,5096,job
llm_infer_vit_l_bs64|5e01a928_20260419_034907,1.0,10,5096,job
llm_infer_vit_l_bs64|e895e0da_20260419_033836,0.9,10,5096,job
llm_train_qwen25_3b_lora|66980709_20260824_223555,0.9,10,5096,job
llm_train_smollm2_1p7b_lora|2958dde3_20260824_221932,1.0,10,5096,job
llm_train_smollm2_1p7b_lora|4124c198_20260824_222500,1.0,10,5096,job
llm_train_smollm2_1p7b_lora|bc185109_20260419_223818,1.0,10,5096,job
mining_ethash_proxy|b5c42733_20260825_002157,1.0,10,5096,job
mining_ethash_proxy|fad55191_20260421_015646,1.0,10,5096,job
nbody_sim|nbody_sim_d50046,1.0,1,5096,job
nvlink_latency|nvlink_latency_gpu1_9a8612,1.0,1,5096,job
ppo_rlhf_r32_rep3|9c5afa29_20260804_174554,1.0,10,5096,job
pytorch_resnet_cifar10_amp_ext|a0c58ed2_20260420_203152,1.0,5,5096,job
pytorch_resnet_cifar10_ext|41c19de5_20260420_204048,1.0,5,5096,job
pytorch_resnet_cifar10|94104fc8_20260412_223541,1.0,2,5096,job
rendering_proxy|5278c256_20260412_232321,1.0,10,5096,job
rendering_proxy|c76a250c_20260412_224732,1.0,10,5096,job
resnet50_inference|0464d734_20260825_022250,1.0,10,5096,job
resnet50_inference|277c9073_20260825_023315,1.0,10,5096,job
resnet50_inference|d6707f42_20260413_033014,0.0,1,5096,job
resnet50_inference|f8907ec1_20260413_032952,1.0,1,5096,job
resnet_amp|resnet_amp_cc435c,1.0,1,5096,job
symgemm_L0_fwd1_rep4|03ed95b1_20260802_233118,1.0,10,5096,job
symgemm_L1_fwd3_m8192_rep1|128a6c86_20260802_185218,1.0,10,5096,job
symgemm_L3_graddiscard_rep2|eaf8a014_20260802_205144,1.0,10,5096,job
symgemm_L4_sgdfused_7b_rep1|d75e1ca4_20260802_212515,1.0,10,5096,job
symgemm_L4_sgdfused_m8192_rep1|e3f3bb2f_20260802_184108,1.0,10,5096,job
symgemm_L4_sgdfused_rep3|719fe5b8_20260802_220158,0.8,10,5096,job
symgemm_L5_adam_rep2|498da780_20260802_202923,1.0,10,5096,job
symgemm_L5_adam_rep3|f1871cc2_20260802_222417,1.0,10,5096,job
symgemm_decode_g256_rep2|4fc9bf1b_20260803_012205,1.0,10,5096,job
symgemm_decode_g256_rep3|6e25438a_20260803_015538,1.0,10,5096,job
symgemm_ppo_fused_r32_rep2|c6b8724c_20260803_011053,1.0,10,5096,job
training_dual_gpu_dp|training_dual_gpu_dp_gpu0_1c7245,0.0,1,5096,job
training_single_gpu|training_single_gpu_gpu1_552ff1,0.0,1,5096,job
whitebox_diluted_3b_N1_1h|814de13f_20260728_005931,0.9,10,5096,job
whitebox_diluted_N10|e6a6ba30_20260725_195717,1.0,10,5096,job
whitebox_diluted_N20|6305ed40_20260725_204431,1.0,10,5096,job
whitebox_inference_1b_matched|c6927996_20260728_061814,0.9,10,5096,job
whitebox_lora_7b_N10_rep2|a1f5446a_20260728_040109,0.8,10,5096,job
whitebox_lora_7b_N1_1h|d26abcf1_20260727_110823,0.9,10,5096,job
whitebox_lora_7b_N3_1h|1291fbf0_20260727_132029,1.0,10,5096,job
whitebox_lora_7b_pilot_N5|8d4c0881_20260726_121646,1.0,10,5096,job
whitebox_lora_N20|b5e22ab8_20260725_212628,1.0,10,5096,job
adversarial_E_memory_minimal|09b77236_20260412_230551,0.0,1,5097,job
adversarial_F_interleave_30|df47671a_20260825_041800,1.0,10,5097,job
adversarial_F_interleave_50|13089340_20260825_043935,1.0,10,5097,job
adversarial_F_interleave_50|468ad378_20260825_042847,1.0,10,5097,job
adversarial_F_interleave_50|46a73a4e_20260725_234614,1.0,10,5097,job
adversarial_F_interleave_50|82b69908_20260412_223016,1.0,10,5097,job
adversarial_F_interleave_50|972b5cb1_20260412_230551,1.0,1,5097,job
adversarial_F_interleave_50|9b9ece1a_20260825_043411,1.0,10,5097,job
adversarial_G_clock_throttled|4471bfa7_20260412_230551,1.0,1,5097,job
adversarial_G_clock_throttled|d38b3081_20260412_053508,0.9,10,5097,job
adversarial_H_mimicry_cufft|49dbd077_20260412_223016,1.0,10,5097,job
adversarial_I_stochastic_30|0790698e_20260726_000437,1.0,10,5097,job
adversarial_I_stochastic_30|18b857be_20260412_230551,1.0,1,5097,job
adversarial_I_stochastic_30|650fb51f_20260412_223016,0.9,10,5097,job
adversarial_I_stochastic_30|b5fea657_20260825_053857,1.0,10,5097,job
adversarial_J_pid_75|c205c1d2_20260413_014428,1.0,10,5097,job
adversarial_K_ddp|2b7d13785ecf_20260412_231725,1.0,80,5097,job
adversarial_K_ddp|af5daab2a59a_20260412_062347,1.0,80,5097,job
adversarial_K_online_learning|1468f533_20260412_231132,1.0,10,5097,job
adversarial_K_online_learning|5e90b4fe_20260412_223541,1.0,10,5097,job
adversarial_K_online_learning|901b510d_20260825_061120,1.0,10,5097,job
adversarial_K_online_learning|da312bfa_20260412_054054,1.0,10,5097,job
adversarial_L_ddp_10|740abd236207_20260413_000621,1.0,80,5097,job
adversarial_L_ddp_5|7f7c7caec1c9_20260412_232441,1.0,80,5097,job
adversarial_L_diluted_200_mw8|fd4fadc3_20260726_171819,1.0,10,5097,job
adversarial_L_diluted_2|354119ef_20260412_223541,1.0,10,5097,job
adversarial_L_diluted_5|05e951a9_20260825_063819,1.0,10,5097,job
batch_size_sweep_dp|batch_size_sweep_dp_gpu0_2c05fa,1.0,1,5097,job
bert_sst2_amp_ext|7d5929da_20260420_202928,1.0,1,5097,job
bert_sst2_amp_ext|cb252747_20260420_204010,1.0,1,5097,job
cufft_benchmark|227faa64_20260413_033119,1.0,1,5097,job
cufft_benchmark|540552ce_20260824_234024,1.0,10,5097,job
cufft_benchmark|692a3d5e_20260412_224117,1.0,10,5097,job
cufft_benchmark|83e14a25_20260421_014638,1.0,10,5097,job
cufft_benchmark|a3a1b5b0_20260420_195136,1.0,10,5097,job
cufft_hpc|cufft_hpc_c78372,1.0,1,5097,job
ddp_resnet50_cifar10|3477d94c3a9e_20260412_060843,1.0,80,5097,job
ddp_training|ddp_telemetry_gpu0,1.0,1,5097,job
fsdp_13b_nvlink|943b54f5deb5_20260412_071300,1.0,80,5097,job
fsdp_30b_nvlink|cb97612d27e1_20260412_074413,1.0,70,5097,job
fsdp_70b_adamw|e53e253f883d_20260413_012859,1.0,6,5097,job
fsdp_70b_sgd_momentum|465819c33b0c_20260413_012319,1.0,80,5097,job
fsdp_7b_nvlink|5de962c92de9_20260412_235456,1.0,80,5097,job
idle|5edd7d6c_20260413_032703,1.0,1,5097,job
idle|964c62f7_20260420_194932,1.0,7,5097,job
idle|b37a89ff_20260824_180358,1.0,7,5097,job
idle|bda38c7a_20260412_231132,1.0,7,5097,job
idle|f63d327d_20260421_013426,1.0,7,5097,job
idle|idle_9cb91e,1.0,1,5097,job
inference|inference_8fd998,1.0,1,5097,job
llm_infer_deepseek_v3_tp8|f41d4d3c1247_20260419_014514,0.9,80,5097,job
llm_infer_mistral_7b_q4|177996c6_20260421_012908,1.0,10,5097,job
llm_infer_mistral_7b_q4|b0506bd3_20260419_205916,1.0,1,5097,job
llm_infer_mistral_7b_q4|c36eab64_20260419_220847,1.0,1,5097,job
llm_infer_mistral_7b_q4|ce7f27f7_20260825_075353,1.0,10,5097,job
llm_infer_mistral_7b_q4|dc6bbdac_20260420_010008,1.0,10,5097,job
llm_infer_mixtral_8x7b|74ae4709_20260421_001937,1.0,10,5097,job
llm_infer_mixtral_8x7b|d574e683_20260419_041135,1.0,10,5097,job
llm_infer_phi3_mini|aafcc35f_20260419_015203,1.0,10,5097,job
llm_infer_qwen25_14b_fp16|0467d4a3_20260824_212608,1.0,10,5097,job
llm_infer_qwen25_14b_fp16|c1adb329_20260419_205942,1.0,1,5097,job
llm_infer_qwen25_14b_fp16|c2bcc1e0_20260419_213116,1.0,10,5097,job
llm_infer_qwen25_14b_fp16|e481b484_20260419_234859,1.0,10,5097,job
llm_infer_qwen25_32b_fp16|43218758_20260421_031401,1.0,10,5097,job
llm_infer_qwen25_32b_fp16|463349dc_20260420_000940,0.9,10,5097,job
llm_infer_qwen25_32b_fp16|949b75e6_20260419_215643,1.0,10,5097,job
llm_infer_qwen25_3b_bs16|dfe991b8_20260420_215605,1.0,10,5097,job
llm_infer_qwen25_3b_bs16|ee6ca6af_20260420_214537,1.0,10,5097,job
llm_infer_qwen25_3b_bs4|16c726fc_20260419_222104,1.0,10,5097,job
llm_infer_qwen25_3b_bs4|32bdfeb6_20260419_024034,1.0,10,5097,job
llm_infer_qwen25_3b_bs4|dbfd03f1_20260419_023515,1.0,10,5097,job
llm_infer_qwen25_3b|1fd463ca_20260419_021328,1.0,10,5097,job
llm_infer_qwen25_3b|b3849090_20260419_213727,1.0,10,5097,job
llm_infer_qwen25_72b_fp8|1949bd09_20260420_003236,0.8,10,5097,job
llm_infer_qwen25_7b_fp16|87b75337_20260824_200626,1.0,2,5097,job
llm_infer_qwen25_7b_fp16|f6638e51_20260419_211613,1.0,10,5097,job
llm_infer_qwen25_7b_fp16|febf963c_20260419_205933,1.0,1,5097,job
llm_infer_sdxl|3761f92b_20260419_223705,0.8,10,5097,job
llm_infer_sdxl|827523c5_20260420_223333,1.0,10,5097,job
llm_infer_tinyllama_bs8|0c587cbd_20260419_022959,1.0,10,5097,job
llm_infer_tinyllama_bs8|ce7d83fd_20260419_022445,1.0,10,5097,job
llm_infer_tinyllama_seq4096|72177ae6_20260419_031218,1.0,10,5097,job
llm_train_mistral_7b_lora|b31642c6_20260419_231627,0.7,10,5097,job
llm_train_mistral_7b_lora|e954b9ae_20260824_231951,1.0,10,5097,job
llm_train_phi3_mini_lora|38657ab0_20260419_231116,1.0,10,5097,job
llm_train_phi3_mini_lora|5fb0d553_20260824_225222,1.0,10,5097,job
llm_train_qwen25_1p5b_lora|8a368ac5_20260824_220307,1.0,10,5097,job
llm_train_qwen25_1p5b_lora|f2ab89f9_20260824_221404,1.0,10,5097,job
mining_ethash_proxy|417dd7cd_20260420_002049,1.0,10,5097,job
mlp_training|mlp_training_c52a21,1.0,1,5097,job
nbody_sim|4bf2dc52_20260412_231705,1.0,10,5097,job
nbody_sim|98b49f2f_20260412_224117,1.0,10,5097,job
nbody_sim|b9568c1a_20260413_033202,1.0,1,5097,job
nbody_sim|e828c825_20260825_025405,1.0,10,5097,job
nvlink_p2p|927418b1_20260413_033435,1.0,1,5097,job
ppo_rlhf_r32_rep3|9c5afa29_20260804_174554,1.0,10,5097,job
pytorch_mlp_cifar10_ext|a9cd45e0_20260421_011343,1.0,10,5097,job
pytorch_mlp_cifar10|743face9_20260412_231705,1.0,2,5097,job
pytorch_resnet_cifar10_amp|5543e12f_20260825_020949,1.0,1,5097,job
pytorch_resnet_cifar10_amp|73475ab0_20260412_231132,1.0,4,5097,job
pytorch_resnet_cifar10_amp|7e69c6dd_20260825_021041,1.0,1,5097,job
pytorch_resnet_cifar10_amp|a2af05e4_20260825_020701,1.0,1,5097,job
pytorch_resnet_cifar10_amp|bc16a2c3_20260825_020856,1.0,1,5097,job
pytorch_resnet_cifar10_ext|d18ec4ea_20260421_011036,1.0,5,5097,job
pytorch_resnet_cifar10|81f71774_20260412_222753,0.0,1,5097,job
pytorch_training|1b83c94e_20260413_032802,1.0,1,5097,job
rendering_proxy|307d16fe_20260825_032515,0.2,10,5097,job
rendering_proxy|5278c256_20260412_232321,1.0,10,5097,job
rendering_proxy|630b9e74_20260825_034601,0.1,10,5097,job
rendering_proxy|8aeaf443_20260825_033538,0.1,10,5097,job
rendering|rendering_33f139,0.0,1,5097,job
resnet50_inference|d6707f42_20260413_033014,0.0,1,5097,job
symgemm_L1_fwd3_rep1|9c7b9bc7_20260802_175625,1.0,10,5097,job
symgemm_L1_fwd3_rep3|956006bf_20260802_221307,1.0,10,5097,job
symgemm_L1_fwd3_rep4|cbddae2b_20260802_230858,0.8,10,5097,job
symgemm_L3_graddiscard_rep3|3abcefec_20260802_224637,1.0,10,5097,job
symgemm_L4_sgdfused_7b_rep1|d75e1ca4_20260802_212515,1.0,10,5097,job
symgemm_L4_sgdfused_m8192_rep1|e3f3bb2f_20260802_184108,1.0,10,5097,job
symgemm_L4_sgdfused_m8192_rep2|b0c570a7_20260802_210254,1.0,10,5097,job
symgemm_L5_adam_rep1|24f173d4_20260802_180735,1.0,10,5097,job
symgemm_L5_adam_rep4|b36d56ef_20260802_232008,1.0,10,5097,job
training_dual_gpu_dp|multi_gpu_telemetry_gpu1,1.0,2,5097,job
training_single_gpu|training_single_gpu_gpu0_4f9586,0.0,1,5097,job
whitebox_diluted_N10|8891b439_20260725_211051,1.0,10,5097,job
whitebox_inference_3b_rep2|92741c8b_20260728_020004,0.9,10,5097,job
whitebox_inference_7b_rep3|62149f64_20260728_050902,0.8,10,5097,job
whitebox_lora_7b_pilot_N7|b7b290a9_20260726_125420,1.0,10,5097,job
whitebox_lora_7b_pilot_N8|a2326a19_20260726_130940,1.0,10,5097,job
whitebox_lora_N10|00ea9b4c_20260725_211603,1.0,10,5097,job
whitebox_lora_N10|12837863_20260725_200230,1.0,10,5097,job
adversarial_E_memory_minimal|09b77236_20260412_230551,1.0,1,5098,job
adversarial_E_memory_minimal|bd61daeb_20260412_223016,1.0,10,5098,job
adversarial_F_interleave_30|314da66d_20260412_053508,1.0,1,5098,job
adversarial_F_interleave_30|ff338fa1_20260412_230551,1.0,10,5098,job
adversarial_F_interleave_50|46a73a4e_20260725_234614,1.0,10,5098,job
adversarial_F_interleave_50|4cde77c0_20260726_003313,1.0,10,5098,job
adversarial_G_clock_throttled|8a017bab_20260412_223016,1.0,10,5098,job
adversarial_H_mimicry_cufft|407d2529_20260825_052810,1.0,10,5098,job
adversarial_H_mimicry_cufft|ce9f5c9f_20260412_230551,1.0,1,5098,job
adversarial_H_mimicry_mining|840df611_20260825_050635,1.0,10,5098,job
adversarial_I_stochastic_30|3978f906_20260825_053334,1.0,10,5098,job
adversarial_I_stochastic_30|5e185d96_20260412_053508,1.0,10,5098,job
adversarial_I_stochastic_30|d13c6696_20260825_054421,1.0,10,5098,job
adversarial_J_pid_75|4b39fbdf_20260825_060033,1.0,10,5098,job
adversarial_J_pid_75|6aa98cf6_20260412_053508,1.0,1,5098,job
adversarial_K_ddp_accum_8|036fb65cffea_20260413_002258,1.0,80,5098,job
adversarial_K_ddp_accum_8|4e915a9d238b_20260412_065453,1.0,80,5098,job
adversarial_K_online_learning|5e90b4fe_20260412_223541,1.0,10,5098,job
adversarial_L_ddp_10|740abd236207_20260413_000621,1.0,80,5098,job
adversarial_L_ddp_stagger_5|9018a40f5999_20260412_233540,1.0,80,5098,job
adversarial_L_diluted_10|6ef8b233_20260412_231132,1.0,10,5098,job
adversarial_L_diluted_10|8d5f2101_20260725_235123,1.0,10,5098,job
adversarial_L_diluted_200_mw8|fd4fadc3_20260726_171819,1.0,10,5098,job
adversarial_L_diluted_5|29aaeb3c_20260825_064907,1.0,10,5098,job
adversarial_L_diluted_5|5e0891fb_20260412_054054,1.0,10,5098,job
adversarial_training|33aa4cb4_20260413_033352,1.0,1,5098,job
batch_size_sweep_dp|batch_size_sweep_dp_gpu1_f04813,1.0,1,5098,job
bert_finetune|9311265c_20260413_032824,0.0,1,5098,job
bert_sst2_amp_ext|7d5929da_20260420_202928,1.0,1,5098,job
bert_sst2_ext|39b13cda_20260420_203906,1.0,3,5098,job
bert_sst2|675c6c84_20260412_222753,1.0,2,5098,job
cufft_benchmark|7eb3b0fd_20260420_000038,1.0,10,5098,job
cufft_benchmark|a3a1b5b0_20260420_195136,1.0,10,5098,job
cufft_hpc|cufft_hpc_c78372,1.0,1,5098,job
ddp_resnet18_cifar10|ce5c33bebcdd_20260412_060311,1.0,80,5098,job
ddp_training|ddp_telemetry_gpu1,1.0,1,5098,job
fsdp_30b_nvlink|165add02433c_20260412_071335,1.0,8,5098,job
fsdp_30b_nvlink|2f237772ccc3_20260413_004957,1.0,80,5098,job
fsdp_70b_nvlink|15cced21b9b1_20260413_012238,1.0,8,5098,job
fsdp_70b_nvlink|c88e29e18a8a_20260413_010413,0.8,80,5098,job
fsdp_7b_nvlink|a2f8d14a4ed2_20260413_003114,1.0,80,5098,job
gpt2_wikitext2_ext|ab0d938a_20260420_203614,1.0,6,5098,job
gpt2_wikitext2_ext|daa304a2_20260421_011634,1.0,6,5098,job
gpt2_wikitext2|60a1ee17_20260825_022027,1.0,2,5098,job
idle|f63d327d_20260421_013426,1.0,7,5098,job
llm_infer_deepseek_v3_tp8|acb00ac39728_20260419_002312,1.0,30,5098,job
llm_infer_mistral_7b_q4|1039bea2_20260825_074800,1.0,10,5098,job
llm_infer_mistral_7b_q4|280943b7_20260421_011827,1.0,10,5098,job
llm_infer_mistral_7b_q4|793c412e_20260420_010538,1.0,10,5098,job
llm_infer_mistral_7b_q4|bd933593_20260419_221051,1.0,1,5098,job
llm_infer_mixtral_8x7b|7c6d4b81_20260421_000537,0.9,10,5098,job
llm_infer_phi3_mini|4d756fdb_20260419_014632,1.0,10,5098,job
llm_infer_phi3_mini|cd6a5e78_20260419_212123,1.0,10,5098,job
llm_infer_phi3_mini|d0a32c71_20260419_213210,1.0,10,5098,job
llm_infer_phi3_mini|e0bd0272_20260419_212652,1.0,10,5098,job
llm_infer_qwen25_14b_fp16|200c729c_20260419_235621,1.0,10,5098,job
llm_infer_qwen25_14b_fp16|2e76122c_20260419_212144,0.7,10,5098,job
llm_infer_qwen25_32b_fp16|463349dc_20260420_000940,1.0,10,5098,job
llm_infer_qwen25_32b_fp16|54f1bd71_20260419_205959,1.0,1,5098,job
llm_infer_qwen25_32b_fp16|7efd8ad1_20260419_220234,1.0,10,5098,job
llm_infer_qwen25_3b_bs16|3d9be7b5_20260419_033318,0.9,10,5098,job
llm_infer_qwen25_3b_bs16|ee6ca6af_20260420_214537,1.0,10,5098,job
llm_infer_qwen25_3b_bs4|a3bb4757_20260419_221022,1.0,10,5098,job
llm_infer_qwen25_3b_bs4|dbfd03f1_20260419_023515,1.0,10,5098,job
llm_infer_qwen25_3b|372a1387_20260420_212426,1.0,10,5098,job
llm_infer_qwen25_3b|7de76a76_20260420_211352,1.0,10,5098,job
llm_infer_qwen25_72b_fp16|aaa06495_20260421_002643,1.0,10,5098,job
llm_infer_qwen25_72b_fp8|6ee178e0_20260419_043033,1.0,10,5098,job
llm_infer_qwen25_72b_tp2|d667bcd68796_20260419_045202,1.0,20,5098,job
llm_infer_qwen25_7b_fp16|4052c194_20260824_200842,1.0,10,5098,job
llm_infer_qwen25_7b_fp16|87b75337_20260824_200626,1.0,2,5098,job
llm_infer_qwen25_7b_fp16|abd7cc9c_20260420_230458,0.9,10,5098,job
llm_infer_sdxl|81d0af5a_20260419_030149,0.0,10,5098,job
llm_infer_sdxl|81e16ec3_20260419_025634,0.0,10,5098,job
llm_infer_tinyllama_bs8|ecdf6ee5_20260420_220215,1.0,10,5098,job
llm_infer_tinyllama_seq4096|25a7da9a_20260419_225251,1.0,10,5098,job
llm_infer_tinyllama_seq4096|367c872f_20260420_222307,1.0,10,5098,job
llm_infer_tinyllama_seq4096|eac7968c_20260419_224733,1.0,10,5098,job
llm_infer_tinyllama_seq4096|ff9add28_20260419_224220,1.0,10,5098,job
llm_train_mistral_7b_lora|b31642c6_20260419_231627,0.9,10,5098,job
llm_train_phi3_mini_lora|0d707150_20260419_230604,1.0,10,5098,job
llm_train_qwen25_3b_lora|074568ba_20260824_224126,1.0,10,5098,job
llm_train_qwen25_3b_lora|46b96f38_20260419_224930,1.0,10,5098,job
llm_train_qwen25_3b_lora|dd7204cf_20260824_224654,1.0,10,5098,job
llm_train_qwen25_3b_lora|e8114b07_20260419_225441,1.0,10,5098,job
llm_train_smollm2_1p7b_lora|4124c198_20260824_222500,1.0,10,5098,job
llm_train_smollm2_1p7b_lora|bc185109_20260419_223818,1.0,10,5098,job
mining_ethash_proxy|417dd7cd_20260420_002049,1.0,10,5098,job
mining_ethash_proxy|8c86200c_20260412_232321,1.0,10,5098,job
mining_ethash_proxy|b6f2e520_20260825_001133,1.0,10,5098,job
modern_inference|165eedde_20260413_033036,1.0,1,5098,job
nbody_sim|98b49f2f_20260412_224117,1.0,10,5098,job
nvlink_bandwidth|nvlink_bandwidth_gpu0_ef7777,0.0,1,5098,job
nvlink_p2p|7e14f65e_20260413_033435,1.0,1,5098,job
ppo_rlhf_r32_rep1|2b37c1ae_20260804_170110,1.0,10,5098,job
ppo_rlhf_r8_rep3|5a1e4c08_20260804_173443,1.0,10,5098,job
pytorch_mlp_cifar10_ext|91abd671_20260420_204403,1.0,10,5098,job
pytorch_mlp_cifar10|4c4e6778_20260825_021431,1.0,1,5098,job
pytorch_resnet_cifar10_amp_ext|0e16abc8_20260420_204227,1.0,5,5098,job
pytorch_resnet_cifar10_amp|5543e12f_20260825_020949,1.0,1,5098,job
pytorch_resnet_cifar10_ext|41c19de5_20260420_204048,1.0,5,5098,job
rendering_proxy|8aeaf443_20260825_033538,1.0,10,5098,job
rendering_proxy|c76a250c_20260412_224732,1.0,10,5098,job
rendering|rendering_33f139,0.0,1,5098,job
resnet50_inference|d6707f42_20260413_033014,0.0,1,5098,job
resnet50_inference|f65b4403_20260413_033014,1.0,1,5098,job
resnet_amp|resnet_amp_efa494,1.0,1,5098,job
symgemm_L0_fwd1_rep1|7e021360_20260802_181845,1.0,10,5098,job
symgemm_L1_fwd3_m8192_rep1|128a6c86_20260802_185218,0.5,10,5098,job
symgemm_L1_fwd3_rep1|9c7b9bc7_20260802_175625,1.0,10,5098,job
symgemm_L1_fwd3_rep4|cbddae2b_20260802_230858,0.8,10,5098,job
symgemm_L3_graddiscard_rep2|eaf8a014_20260802_205144,1.0,10,5098,job
symgemm_L4_sgdfused_long1b_rep1|e77f32f2_20260803_062646,0.9,10,5098,job
symgemm_L4_sgdfused_rep4|8f5f5e11_20260802_225748,1.0,10,5098,job
symgemm_L5_adam_rep4|b36d56ef_20260802_232008,1.0,10,5098,job
symgemm_ppo_fused_r32_rep2|c6b8724c_20260803_011053,1.0,10,5098,job
whitebox_diluted_7b_N10_1h|f65c515b_20260727_121946,1.0,10,5098,job
whitebox_diluted_N10|8891b439_20260725_211051,1.0,10,5098,job
whitebox_diluted_N10|d7e25a80_20260725_203405,1.0,10,5098,job
whitebox_diluted_N20|6305ed40_20260725_204431,1.0,10,5098,job
whitebox_inference_1b_matched|c6927996_20260728_061814,0.8,10,5098,job
whitebox_inference_7b_1h|4bf42831_20260727_095532,0.7,10,5098,job
whitebox_inference|2c3fb377_20260725_205514,0.9,10,5098,job
whitebox_inference|3d92903b_20260725_201826,0.9,10,5098,job
whitebox_lora_3b_N1_1h|070267f7_20260727_194926,1.0,10,5098,job
whitebox_lora_N10|12837863_20260725_200230,1.0,10,5098,job
whitebox_lora_N5|de90ed7d_20260725_202852,1.0,10,5098,job
whitebox_oracle_7b_long|dd20b782_20260726_181838,1.0,10,5098,job
whitebox_oracle|ba2654c8_20260725_224635,1.0,10,5098,job
width_sweep_dp|width_sweep_dp_gpu1_cd4011,1.0,1,5098,job
adversarial_E_memory_minimal|f5727cea_20260825_040148,1.0,10,5099,job
adversarial_F_interleave_30|ff338fa1_20260412_230551,1.0,10,5099,job
adversarial_F_interleave_50|4cde77c0_20260726_003313,1.0,10,5099,job
adversarial_F_interleave_50|82b69908_20260412_223016,1.0,10,5099,job
adversarial_G_clock_throttled|4471bfa7_20260412_230551,1.0,1,5099,job
adversarial_G_clock_throttled|8a017bab_20260412_223016,1.0,10,5099,job
adversarial_J_pid_75|6aa98cf6_20260412_053508,1.0,1,5099,job
adversarial_J_pid_75|e3f49bde_20260412_223016,1.0,10,5099,job
adversarial_K_ddp_accum_4|6e24c995c923_20260412_064737,1.0,80,5099,job
adversarial_K_ddp_accum_8|73431dec5f44_20260412_234640,1.0,80,5099,job
adversarial_K_online_learning|1468f533_20260412_231132,1.0,10,5099,job
adversarial_L_ddp_5|a9a551652c04_20260412_235905,1.0,80,5099,job
adversarial_L_diluted_10_mw8|453df7c0_20260726_170248,1.0,10,5099,job
adversarial_L_diluted_10|03656a60_20260825_065954,1.0,10,5099,job
adversarial_L_diluted_10|2c305d90_20260725_232752,1.0,10,5099,job
adversarial_L_diluted_10|512934b1_20260412_054054,1.0,10,5099,job
adversarial_L_diluted_10|9712fcda_20260825_065431,1.0,10,5099,job
adversarial_L_diluted_200_mw8|a38a444f_20260726_174828,1.0,10,5099,job
adversarial_L_diluted_20|1746ff55_20260412_054054,1.0,10,5099,job
adversarial_L_diluted_2|07fb94ee_20260412_054054,1.0,10,5099,job
adversarial_L_diluted_2|0e8e28c2_20260825_062208,1.0,10,5099,job
adversarial_L_diluted_5|2471d189_20260412_231132,1.0,10,5099,job
adversarial_L_diluted_5|29aaeb3c_20260825_064907,1.0,10,5099,job
adversarial_training|0ff8862b_20260413_033352,1.0,1,5099,job
bert_sst2|30b0dab5_20260412_231705,1.0,1,5099,job
cufft_benchmark|15fa4bd9_20260413_033141,1.0,1,5099,job
cufft_benchmark|227faa64_20260413_033119,1.0,1,5099,job
cufft_benchmark|540552ce_20260824_234024,1.0,10,5099,job
cufft_benchmark|692a3d5e_20260412_224117,1.0,10,5099,job
cufft_benchmark|7eb3b0fd_20260420_000038,1.0,10,5099,job
cufft_benchmark|f97558fa_20260412_231705,1.0,10,5099,job
ddp_resnet50_cifar10|c83757ac5731_20260412_230440,1.0,80,5099,job
fsdp_30b_nvlink|8726f6620517_20260413_001627,1.0,80,5099,job
fsdp_70b_nvlink|a7ff05fcabd2_20260413_003024,1.0,8,5099,job
fsdp_70b_nvlink|c88e29e18a8a_20260413_010413,0.9625,80,5099,job
gpt2_wikitext2_amp|f2bd8e13_20260412_231705,1.0,2,5099,job
gpt2_wikitext2_ext|ab0d938a_20260420_203614,1.0,6,5099,job
gpt2_wikitext2|13f0dd2f_20260825_021915,0.5,2,5099,job
gpt2_wikitext2|f1162cf3_20260412_222753,0.6666666666666666,3,5099,job
idle|03110fa2_20260824_232519,1.0,7,5099,job
idle|395fbdc4_20260413_032720,1.0,1,5099,job
idle|5edd7d6c_20260413_032703,1.0,1,5099,job
idle|b3e73340_20260419_233617,1.0,7,5099,job
idle|f26e1461_20260419_233413,1.0,7,5099,job
idle|idle_96fcac,1.0,1,5099,job
llm_infer_mistral_7b_q4|143e0113_20260419_220838,1.0,1,5099,job
llm_infer_mistral_7b_q4|199b8710_20260825_074125,1.0,10,5099,job
llm_infer_mistral_7b_q4|2ec733be_20260419_221039,0.0,1,5099,job
llm_infer_mistral_7b_q4|7dcec1a2_20260420_020500,0.9,10,5099,job
llm_infer_mistral_7b_q4|c36eab64_20260419_220847,1.0,1,5099,job
llm_infer_mistral_7b_q4|d52344f3_20260419_220856,1.0,1,5099,job
llm_infer_mistral_7b_q4|e81dfe47_20260420_015946,0.9,10,5099,job
llm_infer_phi3_mini|4d756fdb_20260419_014632,1.0,10,5099,job
llm_infer_phi3_mini|745171c6_20260419_015720,1.0,10,5099,job
llm_infer_phi3_mini|e7151e88_20260420_205129,1.0,10,5099,job
llm_infer_qwen25_14b_fp16|2e76122c_20260419_212144,0.6,10,5099,job
llm_infer_qwen25_14b_fp16|85bf5790_20260419_205937,1.0,1,5099,job
llm_infer_qwen25_32b_fp16|097ee7e4_20260420_002519,1.0,10,5099,job
llm_infer_qwen25_32b_fp16|463349dc_20260420_000940,1.0,10,5099,job
llm_infer_qwen25_32b_fp16|bb94db96_20260419_205955,1.0,1,5099,job
llm_infer_qwen25_32b_fp16|c89b4098_20260419_214232,0.5,10,5099,job
llm_infer_qwen25_32b_fp16|cbe6294b_20260824_215701,1.0,10,5099,job
llm_infer_qwen25_32b_fp16|d008e2dd_20260419_205950,1.0,1,5099,job
llm_infer_qwen25_3b_bs16|301efde2_20260419_225807,1.0,10,5099,job
llm_infer_qwen25_3b_bs16|3d9be7b5_20260419_033318,1.0,10,5099,job
llm_infer_qwen25_3b_bs4|27632d17_20260420_214020,1.0,10,5099,job
llm_infer_qwen25_3b_bs4|766c2eff_20260419_024551,1.0,10,5099,job
llm_infer_qwen25_3b|b3849090_20260419_213727,1.0,10,5099,job
llm_infer_qwen25_72b_fp8|4bc4cd75_20260420_234536,1.0,10,5099,job
llm_infer_qwen25_7b_fp16|5ff414f8_20260419_211038,1.0,10,5099,job
llm_infer_sdxl|212903bb_20260420_223849,1.0,10,5099,job
llm_infer_sdxl|3761f92b_20260419_223705,0.1,10,5099,job
llm_infer_tinyllama_bs8|75a3d2cd_20260419_215432,1.0,10,5099,job
llm_infer_tinyllama_seq4096|026a1f9a_20260420_221753,1.0,10,5099,job
llm_infer_tinyllama_seq4096|25a7da9a_20260419_225251,1.0,10,5099,job
llm_infer_tinyllama_seq4096|ff9add28_20260419_224220,1.0,10,5099,job
llm_train_mistral_7b_lora|408384ba_20260419_232329,1.0,10,5099,job
llm_train_mistral_7b_lora|b31642c6_20260419_231627,0.7,10,5099,job
llm_train_mistral_7b_lora|e2b30e58_20260419_232842,1.0,10,5099,job
llm_train_mistral_7b_lora|e954b9ae_20260824_231951,1.0,10,5099,job
llm_train_phi3_mini_lora|48da72bf_20260824_230320,1.0,10,5099,job
llm_train_phi3_mini_lora|4bf06f5e_20260824_225752,1.0,10,5099,job
llm_train_phi3_mini_lora|5fb0d553_20260824_225222,1.0,10,5099,job
llm_train_phi3_mini_lora|61242a7d_20260419_225953,0.8,10,5099,job
llm_train_qwen25_1p5b_lora|a219bf6f_20260419_221705,1.0,10,5099,job
llm_train_qwen25_1p5b_lora|f2ab89f9_20260824_221404,1.0,10,5099,job
llm_train_qwen25_3b_lora|dfde664f_20260419_224329,0.8,10,5099,job
llm_train_smollm2_1p7b_lora|4124c198_20260824_222500,1.0,10,5099,job
mining_ethash_proxy|304ec693_20260420_003055,1.0,10,5099,job
mining_ethash_proxy|5a291891_20260420_200144,1.0,10,5099,job
mining_proxy|mining_proxy_a7ed85,0.0,1,5099,job
modern_inference|6ce8e009_20260413_033057,1.0,1,5099,job
nbody_sim|4bf2dc52_20260412_231705,1.0,10,5099,job
nbody_sim|e90ecd1d_20260825_031452,1.0,10,5099,job
nbody_sim|nbody_sim_c0054d,1.0,1,5099,job
nbody_sim|nbody_sim_d50046,1.0,1,5099,job
nvlink_bandwidth|nvlink_bandwidth_gpu0_0eb88f,1.0,1,5099,job
nvlink_bandwidth|nvlink_bandwidth_gpu0_ef7777,0.0,1,5099,job
nvlink_p2p|858acb89_20260413_033414,1.0,1,5099,job
ppo_rlhf_r8_rep2|4735a4fb_20260804_171221,1.0,10,5099,job
pytorch_mlp_cifar10_ext|a9cd45e0_20260421_011343,1.0,10,5099,job
pytorch_mlp_cifar10|743face9_20260412_231705,1.0,2,5099,job
pytorch_resnet_cifar10_amp_ext|0e16abc8_20260420_204227,1.0,5,5099,job
pytorch_resnet_cifar10_amp|1f7efb5a_20260825_021236,1.0,1,5099,job
pytorch_resnet_cifar10|1c3ed317_20260825_020430,1.0,1,5099,job
rendering_proxy|8aeaf443_20260825_033538,1.0,10,5099,job
rendering_proxy|c76a250c_20260412_224732,0.9,10,5099,job
resnet50_inference|d120b7ba_20260825_024340,1.0,10,5099,job
resnet50_inference|d6707f42_20260413_033014,0.0,1,5099,job
scientific_hpc|3cf03b97_20260413_033308,1.0,1,5099,job
symgemm_L1_fwd3_m8192_rep2|e044c3fe_20260802_211404,1.0,10,5099,job
symgemm_L1_fwd3_rep1|9c7b9bc7_20260802_175625,1.0,10,5099,job
symgemm_L3_graddiscard_rep4|7a0468e5_20260802_234229,0.9,10,5099,job
symgemm_L4_sgdfused_7b_rep1|d75e1ca4_20260802_212515,1.0,10,5099,job
symgemm_L4_sgdfused_m8192_rep2|b0c570a7_20260802_210254,1.0,10,5099,job
symgemm_L4_sgdfused_rep1|dbbf7955_20260802_174515,1.0,10,5099,job
symgemm_L4_sgdfused_rep3|719fe5b8_20260802_220158,0.9,10,5099,job
symgemm_decode_g256_rep3|6e25438a_20260803_015538,0.9,10,5099,job
symgemm_ppo_fused_r32_rep2|c6b8724c_20260803_011053,1.0,10,5099,job
training_dual_gpu_dp|multi_gpu_telemetry_gpu0,1.0,2,5099,job
training_dual_gpu_dp|training_dual_gpu_dp_gpu0_1c7245,1.0,1,5099,job
training_single_gpu|training_single_gpu_gpu1_a2ce5b,0.0,1,5099,job
whitebox_diluted_N20|2b6c90aa_20260725_200743,1.0,10,5099,job
whitebox_diluted_N20|d8b176f8_20260725_212116,1.0,10,5099,job
whitebox_inference_long|877db838_20260725_055129,1.0,10,5099,job
whitebox_lora_7b_N500_long|43be1ab2_20260726_203116,0.7,10,5099,job
whitebox_lora_7b_pilot_N5|8d4c0881_20260726_121646,1.0,10,5099,job
whitebox_lora_N10|00ea9b4c_20260725_211603,1.0,10,5099,job
whitebox_lora_N5|de90ed7d_20260725_202852,1.0,10,5099,job
width_sweep_dp|width_sweep_dp_gpu0_a80bfa,1.0,1,5099,job
adversarial_E_memory_minimal|09b77236_20260412_230551,0.0,1,5100,job
adversarial_F_interleave_30|42e0d626_20260412_223016,1.0,10,5100,job
adversarial_F_interleave_30|7edc637e_20260825_042324,1.0,10,5100,job
adversarial_G_clock_throttled|26e4120c_20260825_045023,1.0,10,5100,job
adversarial_H_mimicry_cufft|49dbd077_20260412_223016,1.0,10,5100,job
adversarial_H_mimicry_cufft|ce9f5c9f_20260412_230551,0.0,1,5100,job
adversarial_H_mimicry_mining|26c55d63_20260412_230551,1.0,10,5100,job
adversarial_H_mimicry_mining|88fd4004_20260825_050111,1.0,10,5100,job
adversarial_H_mimicry_mining|bf6e3698_20260413_011721,1.0,10,5100,job
adversarial_I_stochastic_30|15190e45_20260725_234104,1.0,10,5100,job
adversarial_I_stochastic_30|d13c6696_20260825_054421,1.0,10,5100,job
adversarial_J_pid_75|c205c1d2_20260413_014428,1.0,10,5100,job
adversarial_J_pid_75|e3f49bde_20260412_223016,1.0,10,5100,job
adversarial_K_ddp_accum_4|6e24c995c923_20260412_064737,1.0,80,5100,job
adversarial_L_diluted_10_mw8|2a0a1abb_20260726_170758,1.0,10,5100,job
adversarial_L_diluted_10|2c305d90_20260725_232752,1.0,10,5100,job
adversarial_L_diluted_10|512934b1_20260412_054054,1.0,10,5100,job
adversarial_L_diluted_10|5904fb3d_20260412_223541,1.0,10,5100,job
adversarial_L_diluted_20|1746ff55_20260412_054054,1.0,10,5100,job
adversarial_L_diluted_20|25326617_20260725_233354,1.0,10,5100,job
adversarial_L_diluted_20|c504ec15_20260726_002055,1.0,10,5100,job
adversarial_L_diluted_2|0e8e28c2_20260825_062208,1.0,10,5100,job
adversarial_L_diluted_2|354119ef_20260412_223541,1.0,10,5100,job
adversarial_L_diluted_5|29aaeb3c_20260825_064907,1.0,10,5100,job
adversarial_L_diluted_5|478eaec5_20260412_223541,1.0,10,5100,job
bert_finetune|d969416f_20260413_032846,1.0,1,5100,job
bert_sst2_amp|dd87fb92_20260412_222753,1.0,1,5100,job
bert_sst2_ext|49545bf6_20260420_204947,1.0,3,5100,job
bert_sst2|30b0dab5_20260412_231705,1.0,1,5100,job
cufft_benchmark|15fa4bd9_20260413_033141,1.0,1,5100,job
cufft_benchmark|4bfa16e2_20260824_235047,1.0,10,5100,job
cufft_hpc|cufft_hpc_e7ea4b,1.0,1,5100,job
ddp_resnet18_cifar10|b6ee4dbc9fc2_20260412_225907,1.0,80,5100,job
ddp_resnet50_cifar10|3477d94c3a9e_20260412_060843,1.0,80,5100,job
fsdp_70b_nvlink|15cced21b9b1_20260413_012238,0.125,8,5100,job
fsdp_70b_nvlink|3e8e00c5f514_20260413_010753,1.0,80,5100,job
fsdp_70b_seqlen512|27c89ff855c9_20260413_012837,0.0625,80,5100,job
fsdp_70b_sgd_momentum|465819c33b0c_20260413_012319,0.5125,80,5100,job
fsdp_7b_nvlink|755f005b3557_20260412_070444,1.0,80,5100,job
gpt2_finetune|eb4a005e_20260413_032908,1.0,1,5100,job
gpt2_wikitext2_amp|025c9b24_20260412_224117,1.0,1,5100,job
gpt2_wikitext2_amp|f2bd8e13_20260412_231705,1.0,2,5100,job
gpt2_wikitext2|13f0dd2f_20260825_021915,1.0,2,5100,job
gpt2_wikitext2|917b93fb_20260412_224117,1.0,3,5100,job
idle|395fbdc4_20260413_032720,1.0,1,5100,job
idle|d840e0b6_20260824_171640,1.0,7,5100,job
idle|dd455a95_20260824_171422,1.0,7,5100,job
idle|f26e1461_20260419_233413,0.7142857142857143,7,5100,job
idle|idle_9cb91e,1.0,1,5100,job
idle|idle_e3e53d,1.0,1,5100,job
inference|inference_986d16,1.0,1,5100,job
llm_infer_deepseek_v3_tp8|30d7ed7e6e81_20260419_013711,1.0,80,5100,job
llm_infer_mistral_7b_q4|177996c6_20260421_012908,0.9,10,5100,job
llm_infer_mistral_7b_q4|1aa4e562_20260825_004332,1.0,10,5100,job
llm_infer_mistral_7b_q4|280943b7_20260421_011827,1.0,10,5100,job
llm_infer_mixtral_8x7b|74ae4709_20260421_001937,1.0,10,5100,job
llm_infer_mixtral_8x7b|d574e683_20260419_041135,1.0,10,5100,job
llm_infer_phi3_mini|aafcc35f_20260419_015203,1.0,10,5100,job
llm_infer_qwen25_14b_fp16|e481b484_20260419_234859,1.0,10,5100,job
llm_infer_qwen25_32b_fp16|08c0cbfe_20260420_001804,1.0,10,5100,job
llm_infer_qwen25_32b_fp16|463349dc_20260420_000940,0.9,10,5100,job
llm_infer_qwen25_32b_fp16|7efd8ad1_20260419_220234,1.0,10,5100,job
llm_infer_qwen25_32b_fp16|bb94db96_20260419_205955,1.0,1,5100,job
llm_infer_qwen25_32b_fp16|cbe6294b_20260824_215701,1.0,10,5100,job
llm_infer_qwen25_3b_bs16|0765cbf1_20260420_215052,1.0,10,5100,job
llm_infer_qwen25_3b_bs4|27632d17_20260420_214020,1.0,10,5100,job
llm_infer_qwen25_3b_bs4|32bdfeb6_20260419_024034,1.0,10,5100,job
llm_infer_qwen25_3b_bs4|a3bb4757_20260419_221022,1.0,10,5100,job
llm_infer_qwen25_3b_bs4|dbfd03f1_20260419_023515,1.0,10,5100,job
llm_infer_qwen25_3b|df5ce46a_20260419_020809,1.0,10,5100,job
llm_infer_qwen25_3b|f8a46936_20260420_211909,1.0,10,5100,job
llm_infer_qwen25_72b_fp16|1d53cfd5_20260421_004034,1.0,10,5100,job
llm_infer_qwen25_7b_fp16|0088cce0_20260419_205928,1.0,1,5100,job
llm_infer_qwen25_7b_fp16|4f69bded_20260824_200743,1.0,1,5100,job
llm_infer_tinyllama_bs8|00313478_20260419_215951,1.0,10,5100,job
llm_infer_tinyllama_bs8|efe8ddc5_20260419_021922,1.0,10,5100,job
llm_train_phi3_mini_lora|4bf06f5e_20260824_225752,1.0,10,5100,job
llm_train_qwen25_1p5b_lora|a219bf6f_20260419_221705,1.0,10,5100,job
llm_train_qwen25_1p5b_lora|f2ab89f9_20260824_221404,1.0,10,5100,job
llm_train_smollm2_1p7b_lora|896b1640_20260824_223027,1.0,10,5100,job
mining_ethash_proxy|417dd7cd_20260420_002049,1.0,10,5100,job
mining_ethash_proxy|59292457_20260420_001044,1.0,10,5100,job
mining_ethash_proxy|c56e618e_20260412_224732,1.0,10,5100,job
mlp_training|mlp_training_c52a21,1.0,1,5100,job
nbody_sim|4bf2dc52_20260412_231705,1.0,10,5100,job
nbody_sim|bf32f0fa_20260413_033224,1.0,1,5100,job
nvlink_bandwidth|nvlink_bandwidth_gpu0_0eb88f,1.0,1,5100,job
nvlink_latency|nvlink_latency_gpu1_3ab445,0.0,1,5100,job
nvlink_p2p|858acb89_20260413_033414,1.0,1,5100,job
ppo_rlhf_r8_rep1|6394bf01_20260804_164958,1.0,10,5100,job
pytorch_mlp_cifar10_ext|a9cd45e0_20260421_011343,1.0,10,5100,job
pytorch_mlp_cifar10|c7886665_20260412_222753,0.0,1,5100,job
pytorch_resnet_cifar10_amp|5543e12f_20260825_020949,1.0,1,5100,job
pytorch_resnet_cifar10_amp|bc16a2c3_20260825_020856,1.0,1,5100,job
pytorch_resnet_cifar10_amp|fcd1f0dc_20260825_073317,1.0,1,5100,job
pytorch_resnet_cifar10_ext|76d6663a_20260420_203006,1.0,6,5100,job
pytorch_resnet_cifar10|30653101_20260412_231132,1.0,3,5100,job
pytorch_resnet_cifar10|94104fc8_20260412_223541,1.0,2,5100,job
pytorch_training|2a94287a_20260413_032802,1.0,1,5100,job
rendering_proxy|8aeaf443_20260825_033538,1.0,10,5100,job
resnet50_inference|0464d734_20260825_022250,1.0,10,5100,job
resnet_fp32|resnet_fp32_b4973a,1.0,1,5100,job
resnet_fp32|resnet_fp32_f7ebcf,1.0,1,5100,job
symgemm_L0_fwd1_rep2|3c32c629_20260802_204034,1.0,10,5100,job
symgemm_L1_fwd3_rep4|cbddae2b_20260802_230858,0.9,10,5100,job
symgemm_L3_graddiscard_rep4|7a0468e5_20260802_234229,1.0,10,5100,job
symgemm_L4_sgdfused_long1b_rep1|e77f32f2_20260803_062646,0.5,10,5100,job
symgemm_L4_sgdfused_m8192_rep2|b0c570a7_20260802_210254,1.0,10,5100,job
symgemm_L4_sgdfused_rep1|dbbf7955_20260802_174515,0.9,10,5100,job
symgemm_L4_sgdfused_short7b_rep1|2f4f2eb2_20260803_072657,1.0,10,5100,job
symgemm_decode_g256_rep2|4fc9bf1b_20260803_012205,1.0,10,5100,job
training_dual_gpu_dp|multi_gpu_telemetry_gpu1,1.0,2,5100,job
training_single_gpu|single_gpu_telemetry,1.0,1,5100,job
training_single_gpu|training_single_gpu_gpu0_199317,1.0,1,5100,job
whitebox_diluted_1b_N1_1h|e9c0ff07_20260727_235850,1.0,10,5100,job
whitebox_diluted_N5|e9df56b8_20260725_202339,1.0,10,5100,job
whitebox_inference_3b_rep2|92741c8b_20260728_020004,0.9,10,5100,job
whitebox_inference_7b_2h|2c53509d_20260727_215058,0.9,10,5100,job
whitebox_inference_7b_rep3|62149f64_20260728_050902,0.8,10,5100,job
whitebox_inference_long|877db838_20260725_055129,1.0,10,5100,job
whitebox_lora_3b_N1_rep2|71e45f69_20260728_030033,1.0,10,5100,job
whitebox_lora_7b_N3_1h|1291fbf0_20260727_132029,1.0,10,5100,job
whitebox_lora_7b_pilot_N5|8d4c0881_20260726_121646,1.0,10,5100,job
whitebox_lora_7b_pilot_N7|b7b290a9_20260726_125420,1.0,10,5100,job
whitebox_lora_7b_pilot_N8|a2326a19_20260726_130940,1.0,10,5100,job
whitebox_lora_N10_long|58e5a6e6_20260724_215116,1.0,10,5100,job
whitebox_lora_N20|b5e22ab8_20260725_212628,1.0,10,5100,job
whitebox_lora_N5|25cd8989_20260725_195205,1.0,10,5100,job
whitebox_lora_N5|5d8cb134_20260725_210538,1.0,10,5100,job
whitebox_oracle_7b_long|dd20b782_20260726_181838,1.0,10,5100,job
adversarial_F_interleave_50|468ad378_20260825_042847,1.0,10,5101,job
adversarial_H_mimicry_mining|bedfd354_20260412_223016,1.0,10,5101,job
adversarial_I_stochastic_30|3978f906_20260825_053334,1.0,10,5101,job
adversarial_I_stochastic_30|650fb51f_20260412_223016,0.9,10,5101,job
adversarial_J_pid_75|4b39fbdf_20260825_060033,1.0,10,5101,job
adversarial_J_pid_75|c205c1d2_20260413_014428,1.0,10,5101,job
adversarial_J_pid_75|cf944e31_20260412_230551,1.0,1,5101,job
adversarial_J_pid_75|e3f49bde_20260412_223016,1.0,10,5101,job
adversarial_K_ddp_accum_4|b28bb647b0ef_20260412_234110,1.0,80,5101,job
adversarial_K_ddp|2b7d13785ecf_20260412_231725,1.0,80,5101,job
adversarial_K_online_learning|1468f533_20260412_231132,1.0,10,5101,job
adversarial_K_online_learning|5e90b4fe_20260412_223541,1.0,10,5101,job
adversarial_K_online_learning|901b510d_20260825_061120,1.0,10,5101,job
adversarial_L_ddp_10|4f087fae7c56_20260412_233011,1.0,80,5101,job
adversarial_L_ddp_stagger_5|9018a40f5999_20260412_233540,1.0,80,5101,job
adversarial_L_diluted_10|6ef8b233_20260412_231132,1.0,10,5101,job
adversarial_training|0ff8862b_20260413_033352,1.0,1,5101,job
adversarial_training|33aa4cb4_20260413_033352,1.0,1,5101,job
adversarial_training|b1c5e184_20260413_033330,0.0,1,5101,job
bert_sst2_amp_ext|7d5929da_20260420_202928,1.0,1,5101,job
bert_sst2_ext|39b13cda_20260420_203906,1.0,3,5101,job
bert_sst2|30b0dab5_20260412_231705,1.0,1,5101,job
bert_sst2|675c6c84_20260412_222753,1.0,2,5101,job
cufft_benchmark|ff25783f_20260413_033141,1.0,1,5101,job
ddp_resnet18_cifar10_amp|452a0a67a4fb_20260412_061559,1.0,80,5101,job
ddp_resnet18_cifar10|b6ee4dbc9fc2_20260412_225907,1.0,80,5101,job
ddp_resnet18_cifar10|ce5c33bebcdd_20260412_060311,1.0,80,5101,job
ddp_resnet50_cifar10|3477d94c3a9e_20260412_060843,1.0,80,5101,job
ddp_resnet50_cifar10|9fc805ce081e_20260412_234039,1.0,80,5101,job
ddp_training|ddp_telemetry_gpu0,1.0,1,5101,job
ddp_training|ddp_telemetry_gpu1,1.0,1,5101,job
fsdp_13b_nvlink|cf8cfa835835_20260413_000312,1.0,80,5101,job
fsdp_30b_adamw_nvlink|29f631dc5b8a_20260413_002943,1.0,80,5101,job
fsdp_30b_nvlink|cb97612d27e1_20260412_074413,1.0,70,5101,job
fsdp_70b_nvlink|15cced21b9b1_20260413_012238,1.0,8,5101,job
fsdp_7b_nvlink|a2f8d14a4ed2_20260413_003114,1.0,80,5101,job
gpt2_finetune|f22ba689_20260413_032930,0.0,1,5101,job
gpt2_wikitext2_amp|62c86ac7_20260412_222753,1.0,2,5101,job
gpt2_wikitext2|917b93fb_20260412_224117,1.0,3,5101,job
idle|9eb24edf_20260824_171857,1.0,7,5101,job
idle|idle_e3e53d,1.0,1,5101,job
llm_infer_deepseek_v3_tp8|f41d4d3c1247_20260419_014514,1.0,80,5101,job
llm_infer_mistral_7b_q4|0f8555a9_20260825_003220,0.9,10,5101,job
llm_infer_mistral_7b_q4|199b8710_20260825_074125,1.0,10,5101,job
llm_infer_mistral_7b_q4|1aa4e562_20260825_004332,0.9,10,5101,job
llm_infer_mistral_7b_q4|24353de9_20260420_015430,1.0,10,5101,job
llm_infer_mistral_7b_q4|7dcec1a2_20260420_020500,1.0,10,5101,job
llm_infer_mistral_7b_q4|b0506bd3_20260419_205916,1.0,1,5101,job
llm_infer_mistral_7b_q4|b8b0e618_20260420_005449,1.0,10,5101,job
llm_infer_mistral_7b_q4|dbde8feb_20260419_210231,1.0,1,5101,job
llm_infer_mistral_7b_q4|eff20385_20260419_205907,1.0,1,5101,job
llm_infer_mixtral_8x7b|6d7f6e16_20260419_035827,1.0,10,5101,job
llm_infer_mixtral_8x7b|74ae4709_20260421_001937,1.0,10,5101,job
llm_infer_phi3_mini|4d756fdb_20260419_014632,1.0,10,5101,job
llm_infer_phi3_mini|745171c6_20260419_015720,1.0,10,5101,job
llm_infer_phi3_mini|e7151e88_20260420_205129,1.0,10,5101,job
llm_infer_qwen25_14b_fp16|200c729c_20260419_235621,1.0,10,5101,job
llm_infer_qwen25_14b_fp16|c1adb329_20260419_205942,1.0,1,5101,job
llm_infer_qwen25_14b_fp16|c2bcc1e0_20260419_213116,1.0,10,5101,job
llm_infer_qwen25_32b_fp16|08c0cbfe_20260420_001804,1.0,10,5101,job
llm_infer_qwen25_32b_fp16|949b75e6_20260419_215643,1.0,10,5101,job
llm_infer_qwen25_3b_bs16|0918ee71_20260419_032245,1.0,10,5101,job
llm_infer_qwen25_3b_bs16|301efde2_20260419_225807,1.0,10,5101,job
llm_infer_qwen25_3b_bs16|45cf0574_20260419_230842,1.0,10,5101,job
llm_infer_qwen25_3b|372a1387_20260420_212426,1.0,10,5101,job
llm_infer_qwen25_72b_fp16|aaa06495_20260421_002643,1.0,10,5101,job
llm_infer_qwen25_72b_fp8|78a77a8b_20260420_235909,1.0,10,5101,job
llm_infer_qwen25_72b_fp8|cd098693_20260420_004709,0.9,10,5101,job
llm_infer_qwen25_7b_fp16|a694acd9_20260419_210256,0.8,10,5101,job
llm_infer_sdxl|5477dea8_20260419_223149,1.0,10,5101,job
llm_infer_sdxl|81d0af5a_20260419_030149,0.9,10,5101,job
llm_infer_sdxl|81e16ec3_20260419_025634,0.9,10,5101,job
llm_infer_sdxl|827523c5_20260420_223333,1.0,10,5101,job
llm_infer_tinyllama_bs8|ecdf6ee5_20260420_220215,1.0,10,5101,job
llm_infer_tinyllama_seq4096|0b0351ce_20260420_222819,1.0,10,5101,job
llm_infer_tinyllama_seq4096|25a7da9a_20260419_225251,1.0,10,5101,job
llm_infer_vit_l_bs64|a2d462c4_20260420_225947,1.0,10,5101,job
llm_train_mistral_7b_lora|b31642c6_20260419_231627,1.0,10,5101,job
llm_train_mistral_7b_lora|e954b9ae_20260824_231951,1.0,10,5101,job
llm_train_phi3_mini_lora|38657ab0_20260419_231116,1.0,10,5101,job
llm_train_phi3_mini_lora|48da72bf_20260824_230320,1.0,10,5101,job
llm_train_qwen25_1p5b_lora|4f537ca3_20260419_222216,1.0,10,5101,job
llm_train_qwen25_1p5b_lora|8a368ac5_20260824_220307,1.0,10,5101,job
llm_train_qwen25_1p5b_lora|a219bf6f_20260419_221705,1.0,10,5101,job
llm_train_qwen25_1p5b_lora|e0c86e62_20260824_220836,1.0,10,5101,job
llm_train_smollm2_1p7b_lora|896b1640_20260824_223027,1.0,10,5101,job
llm_train_smollm2_1p7b_lora|ad1a6473_20260419_222727,1.0,10,5101,job
mining_ethash_proxy|fad55191_20260421_015646,1.0,10,5101,job
nbody_sim|b9568c1a_20260413_033202,1.0,1,5101,job
nbody_sim|bcbaef15_20260413_033224,1.0,1,5101,job
nbody_sim|e90ecd1d_20260825_031452,1.0,10,5101,job
nbody_sim|nbody_sim_c0054d,1.0,1,5101,job
nvlink_latency|nvlink_latency_gpu0_5aa1ba,0.0,1,5101,job
nvlink_latency|nvlink_latency_gpu1_3ab445,0.0,1,5101,job
nvlink_p2p|7e14f65e_20260413_033435,1.0,1,5101,job
ppo_rlhf_r32_rep2|580ad642_20260804_172333,0.9,10,5101,job
pytorch_mlp_cifar10_ext|22ac55c7_20260420_203325,1.0,10,5101,job
pytorch_mlp_cifar10|4c4e6778_20260825_021431,1.0,1,5101,job
pytorch_resnet_cifar10_amp_ext|0e16abc8_20260420_204227,1.0,5,5101,job
pytorch_resnet_cifar10_amp_ext|912880ba_20260421_011212,1.0,5,5101,job
pytorch_resnet_cifar10_amp|29320233_20260825_073152,1.0,1,5101,job
pytorch_resnet_cifar10_amp|5543e12f_20260825_020949,1.0,1,5101,job
pytorch_resnet_cifar10_amp|7184c09f_20260825_073235,1.0,1,5101,job
pytorch_resnet_cifar10_amp|964987b7_20260825_021328,1.0,1,5101,job
pytorch_resnet_cifar10_amp|bc16a2c3_20260825_020856,1.0,1,5101,job
pytorch_resnet_cifar10_ext|d18ec4ea_20260421_011036,1.0,5,5101,job
pytorch_training|1540ec8b_20260413_032737,1.0,1,5101,job
pytorch_training|1b83c94e_20260413_032802,1.0,1,5101,job
rendering_proxy|630b9e74_20260825_034601,1.0,10,5101,job
resnet50_inference|f65b4403_20260413_033014,0.0,1,5101,job
resnet50_inference|f8907ec1_20260413_032952,0.0,1,5101,job
scientific_hpc|3cf03b97_20260413_033308,1.0,1,5101,job
symgemm_L0_fwd1_rep1|7e021360_20260802_181845,1.0,10,5101,job
symgemm_L0_fwd1_rep4|03ed95b1_20260802_233118,1.0,10,5101,job
symgemm_L1_fwd3_7b_rep1|1da12b31_20260802_215024,0.9,10,5101,job
symgemm_L4_sgdfused_rep1|dbbf7955_20260802_174515,1.0,10,5101,job
symgemm_L4_sgdfused_rep3|719fe5b8_20260802_220158,0.8,10,5101,job
symgemm_L5_adam_rep1|24f173d4_20260802_180735,1.0,10,5101,job
symgemm_ppo_fused_r32_rep1|52af0173_20260803_003717,1.0,10,5101,job
symgemm_ppo_fused_r8_rep3|be11f759_20260803_013316,1.0,10,5101,job
training_single_gpu|training_single_gpu_gpu0_199317,0.0,1,5101,job
whitebox_diluted_1b_N1_1h|e9c0ff07_20260727_235850,1.0,10,5101,job
whitebox_diluted_N10|d7e25a80_20260725_203405,1.0,10,5101,job
whitebox_diluted_N20|2b6c90aa_20260725_200743,1.0,10,5101,job
whitebox_diluted_N20|6305ed40_20260725_204431,1.0,10,5101,job
whitebox_diluted_N5|e9df56b8_20260725_202339,1.0,10,5101,job
whitebox_lora_3b_N1_1h|070267f7_20260727_194926,0.9,10,5101,job
whitebox_lora_3b_N1_rep2|71e45f69_20260728_030033,1.0,10,5101,job
whitebox_lora_7b_N20_1h|8c105125_20260727_142117,1.0,10,5101,job
whitebox_lora_7b_pilot_N5|8d4c0881_20260726_121646,1.0,10,5101,job
adversarial_E_memory_minimal|bd61daeb_20260412_223016,1.0,10,5102,job
adversarial_E_memory_minimal|f5727cea_20260825_040148,1.0,10,5102,job
adversarial_F_interleave_30|df47671a_20260825_041800,1.0,10,5102,job
adversarial_G_clock_throttled|26e4120c_20260825_045023,1.0,10,5102,job
adversarial_I_stochastic_30|15190e45_20260725_234104,0.9,10,5102,job
adversarial_I_stochastic_30|5e185d96_20260412_053508,1.0,10,5102,job
adversarial_J_pid_75|4b39fbdf_20260825_060033,1.0,10,5102,job
adversarial_J_pid_75|cf944e31_20260412_230551,1.0,1,5102,job
adversarial_K_ddp|41b734487b5e_20260412_235331,1.0,80,5102,job
adversarial_K_online_learning|da312bfa_20260412_054054,1.0,10,5102,job
adversarial_L_ddp_10|4f087fae7c56_20260412_233011,1.0,80,5102,job
adversarial_L_ddp_5|7f7c7caec1c9_20260412_232441,1.0,80,5102,job
adversarial_L_ddp_stagger_5|2739e0598ddb_20260413_001154,1.0,80,5102,job
adversarial_L_diluted_10|512934b1_20260412_054054,1.0,10,5102,job
adversarial_L_diluted_200_mw8|fd4fadc3_20260726_171819,1.0,10,5102,job
adversarial_L_diluted_20|2a9e51e9_20260725_235723,1.0,10,5102,job
adversarial_training|33aa4cb4_20260413_033352,1.0,1,5102,job
batch_size_sweep_dp|batch_size_sweep_dp_gpu1_f04813,1.0,1,5102,job
bert_finetune|2a2a5f3e_20260413_032846,1.0,1,5102,job
bert_finetune|9311265c_20260413_032824,0.0,1,5102,job
cufft_benchmark|2cf468dc_20260421_013631,1.0,10,5102,job
cufft_benchmark|692a3d5e_20260412_224117,1.0,10,5102,job
cufft_benchmark|83e14a25_20260421_014638,1.0,10,5102,job
ddp_resnet18_cifar10_amp|452a0a67a4fb_20260412_061559,1.0,80,5102,job
ddp_resnet18_cifar10_amp|95f2a16cc1a5_20260412_234616,1.0,80,5102,job
ddp_resnet18_cifar10_amp|972309ed66bd_20260412_231156,1.0,80,5102,job
ddp_resnet18_cifar10|ce5c33bebcdd_20260412_060311,0.975,80,5102,job
ddp_training|ddp_telemetry_gpu0,1.0,1,5102,job
fsdp_13b_nvlink|0b39d5a9bdb4_20260413_003641,1.0,80,5102,job
fsdp_30b_nvlink|165add02433c_20260412_071335,1.0,8,5102,job
fsdp_30b_nvlink|cb97612d27e1_20260412_074413,1.0,70,5102,job
fsdp_70b_adamw|e53e253f883d_20260413_012900,1.0,2,5102,job
fsdp_70b_nvlink|c88e29e18a8a_20260413_010413,1.0,80,5102,job
gpt2_finetune|cfe318c2_20260413_032930,0.0,1,5102,job
gpt2_finetune|f22ba689_20260413_032930,0.0,1,5102,job
gpt2_wikitext2_amp_ext|ec2b4d42_20260420_202719,1.0,3,5102,job
gpt2_wikitext2_amp_ext|f609adef_20260420_203807,1.0,2,5102,job
gpt2_wikitext2|13f0dd2f_20260825_021915,0.5,2,5102,job
gpt2_wikitext2|3a8eee76_20260825_022139,0.5,2,5102,job
gpt2_wikitext2|917b93fb_20260412_224117,1.0,3,5102,job
idle|b3e73340_20260419_233617,1.0,7,5102,job
idle|bda38c7a_20260412_231132,1.0,7,5102,job
idle|d840e0b6_20260824_171640,1.0,7,5102,job
llm_infer_deepseek_v3_tp8|acb00ac39728_20260419_002311,1.0,50,5102,job
llm_infer_mistral_7b_q4|0e400173_20260419_215405,1.0,1,5102,job
llm_infer_mistral_7b_q4|7936d649_20260419_220948,0.5,2,5102,job
llm_infer_mistral_7b_q4|9e359ed7_20260825_003757,1.0,10,5102,job
llm_infer_mistral_7b_q4|bd933593_20260419_221051,1.0,1,5102,job
llm_infer_mistral_7b_q4|e81dfe47_20260420_015946,1.0,10,5102,job
llm_infer_mixtral_8x7b|2136c735_20260421_001254,1.0,10,5102,job
llm_infer_mixtral_8x7b|6d7f6e16_20260419_035827,1.0,10,5102,job
llm_infer_mixtral_8x7b|74ae4709_20260421_001937,1.0,10,5102,job
llm_infer_phi3_mini|52a2bd28_20260420_210319,1.0,10,5102,job
llm_infer_phi3_mini|d0a32c71_20260419_213210,1.0,10,5102,job
llm_infer_qwen25_14b_fp16|085bd1c8_20260420_000301,1.0,10,5102,job
llm_infer_qwen25_14b_fp16|1eda1bef_20260824_213225,1.0,10,5102,job
llm_infer_qwen25_14b_fp16|200c729c_20260419_235621,1.0,10,5102,job
llm_infer_qwen25_14b_fp16|62b1513a_20260419_205946,1.0,1,5102,job
llm_infer_qwen25_32b_fp16|50c83347_20260421_030757,1.0,10,5102,job
llm_infer_qwen25_3b_bs4|32bdfeb6_20260419_024034,1.0,10,5102,job
llm_infer_qwen25_3b_bs4|766c2eff_20260419_024551,1.0,10,5102,job
llm_infer_qwen25_3b_bs4|d16da8aa_20260420_212943,1.0,10,5102,job
llm_infer_qwen25_72b_tp2|11ae41c37687_20260419_045923,1.0,20,5102,job
llm_infer_qwen25_72b_tp2|d667bcd68796_20260419_045202,1.0,20,5102,job
llm_infer_qwen25_7b_fp16|0c4a3bb2_20260824_212015,1.0,10,5102,job
llm_infer_qwen25_7b_fp16|4052c194_20260824_200842,1.0,10,5102,job
llm_infer_qwen25_7b_fp16|87b75337_20260824_200626,1.0,2,5102,job
llm_infer_qwen25_7b_fp16|8c50624a_20260824_211339,1.0,10,5102,job
llm_infer_sdxl|212903bb_20260420_223849,1.0,10,5102,job
llm_infer_sdxl|3761f92b_20260419_223705,0.9,10,5102,job
llm_infer_sdxl|f3c09865_20260419_025108,0.9,10,5102,job
llm_infer_tinyllama_bs8|75a3d2cd_20260419_215432,1.0,10,5102,job
llm_infer_tinyllama_bs8|efe8ddc5_20260419_021922,0.9,10,5102,job
llm_infer_tinyllama_seq4096|25a7da9a_20260419_225251,1.0,10,5102,job
llm_infer_vit_l_bs64|27cbf4a5_20260419_231919,1.0,10,5102,job
llm_infer_vit_l_bs64|38e37d2f_20260419_034355,1.0,10,5102,job
llm_infer_vit_l_bs64|9c5aafb1_20260419_232432,1.0,10,5102,job
llm_infer_vit_l_bs64|a2d462c4_20260420_225947,1.0,10,5102,job
llm_train_qwen25_1p5b_lora|2a4e8583_20260419_221125,0.9,10,5102,job
mining_ethash_proxy|8c86200c_20260412_232321,1.0,10,5102,job
mining_ethash_proxy|fad55191_20260421_015646,1.0,10,5102,job
nbody_sim|nbody_sim_66a459,1.0,1,5102,job
nbody_sim|nbody_sim_d50046,1.0,1,5102,job
nvlink_bandwidth|nvlink_bandwidth_gpu0_ef7777,1.0,1,5102,job
nvlink_p2p|7e14f65e_20260413_033435,1.0,1,5102,job
nvlink_p2p|858acb89_20260413_033414,1.0,1,5102,job
ppo_rlhf_r32_rep2|580ad642_20260804_172333,0.9,10,5102,job
ppo_rlhf_r8_rep2|4735a4fb_20260804_171221,1.0,10,5102,job
ppo_rlhf_r8_rep3|5a1e4c08_20260804_173443,1.0,10,5102,job
pytorch_mlp_cifar10_ext|91abd671_20260420_204403,1.0,10,5102,job
pytorch_mlp_cifar10|22fad3bd_20260825_021517,1.0,1,5102,job
pytorch_mlp_cifar10|4c4e6778_20260825_021431,1.0,1,5102,job
pytorch_resnet_cifar10_amp_ext|a0c58ed2_20260420_203152,1.0,5,5102,job
pytorch_resnet_cifar10_amp|29320233_20260825_073152,1.0,1,5102,job
pytorch_resnet_cifar10_amp|5543e12f_20260825_020949,1.0,1,5102,job
pytorch_resnet_cifar10_amp|73475ab0_20260412_231132,1.0,4,5102,job
pytorch_resnet_cifar10_ext|76d6663a_20260420_203006,1.0,6,5102,job
pytorch_resnet_cifar10|94104fc8_20260412_223541,1.0,2,5102,job
rendering_proxy|5278c256_20260412_232321,0.9,10,5102,job
rendering|rendering_33f139,0.0,1,5102,job
resnet50_inference|f65b4403_20260413_033014,0.0,1,5102,job
resnet_fp32|resnet_fp32_b4973a,1.0,1,5102,job
resnet_fp32|resnet_fp32_d1d694,1.0,1,5102,job
symgemm_L0_fwd1_rep1|7e021360_20260802_181845,1.0,10,5102,job
symgemm_L1_fwd3_m8192_rep1|128a6c86_20260802_185218,0.2,10,5102,job
symgemm_L1_fwd3_m8192_rep2|e044c3fe_20260802_211404,0.3,10,5102,job
symgemm_L3_graddiscard_rep3|3abcefec_20260802_224637,0.9,10,5102,job
symgemm_L4_sgdfused_7b_rep1|d75e1ca4_20260802_212515,0.9,10,5102,job
symgemm_L4_sgdfused_m8192_rep1|e3f3bb2f_20260802_184108,1.0,10,5102,job
symgemm_L4_sgdfused_rep4|8f5f5e11_20260802_225748,1.0,10,5102,job
symgemm_decode_g256_rep2|4fc9bf1b_20260803_012205,1.0,10,5102,job
symgemm_decode_g256_rep3|6e25438a_20260803_015538,0.9,10,5102,job
symgemm_ppo_fused_r32_rep2|c6b8724c_20260803_011053,1.0,10,5102,job
training_dual_gpu_dp|multi_gpu_telemetry_gpu0,1.0,2,5102,job
training_dual_gpu_dp|multi_gpu_telemetry_gpu1,1.0,2,5102,job
training_dual_gpu_dp|training_dual_gpu_dp_gpu0_e63285,1.0,1,5102,job
training_dual_gpu_dp|training_dual_gpu_dp_gpu1_d95db4,1.0,1,5102,job
training_single_gpu|training_single_gpu_gpu0_199317,0.0,1,5102,job
whitebox_diluted_N20|d8b176f8_20260725_212116,1.0,10,5102,job
whitebox_diluted_N5|eaaa7663_20260725_210026,1.0,10,5102,job
whitebox_inference_3b_rep2|92741c8b_20260728_020004,0.9,10,5102,job
whitebox_lora_7b_N20_1h|8c105125_20260727_142117,1.0,10,5102,job
whitebox_lora_N10|00ea9b4c_20260725_211603,1.0,10,5102,job
whitebox_lora_N10|12837863_20260725_200230,1.0,10,5102,job
whitebox_lora_N20|fa5f7994_20260725_204944,1.0,10,5102,job
whitebox_lora_N5|de90ed7d_20260725_202852,1.0,10,5102,job
whitebox_oracle|ba2654c8_20260725_224635,1.0,10,5102,job
whitebox_oracle|dfb4b131_20260725_230325,1.0,10,5102,job
width_sweep_dp|width_sweep_dp_gpu0_a80bfa,1.0,1,5102,job
width_sweep_dp|width_sweep_dp_gpu1_cd4011,1.0,1,5102,job
adversarial_E_memory_minimal|c443df01_20260825_035624,1.0,10,5103,job
adversarial_F_interleave_30|42e0d626_20260412_223016,1.0,10,5103,job
adversarial_F_interleave_30|a1e40da7_20260825_041236,1.0,10,5103,job
adversarial_F_interleave_30|df47671a_20260825_041800,1.0,10,5103,job
adversarial_F_interleave_50|13089340_20260825_043935,1.0,10,5103,job
adversarial_H_mimicry_cufft|407d2529_20260825_052810,1.0,10,5103,job
adversarial_H_mimicry_cufft|8a52b6f9_20260825_052246,0.9,10,5103,job
adversarial_H_mimicry_cufft|983fad80_20260412_053508,1.0,1,5103,job
adversarial_H_mimicry_cufft|bf336e54_20260825_051722,1.0,10,5103,job
adversarial_H_mimicry_mining|5ac32145_20260825_051158,1.0,10,5103,job
adversarial_H_mimicry_mining|bf6e3698_20260413_011721,1.0,10,5103,job
adversarial_I_stochastic_30|15190e45_20260725_234104,1.0,10,5103,job
adversarial_I_stochastic_30|3978f906_20260825_053334,1.0,10,5103,job
adversarial_I_stochastic_30|650fb51f_20260412_223016,1.0,10,5103,job
adversarial_J_pid_75|4b39fbdf_20260825_060033,1.0,10,5103,job
adversarial_J_pid_75|e3f49bde_20260412_223016,1.0,10,5103,job
adversarial_K_online_learning|1468f533_20260412_231132,1.0,10,5103,job
adversarial_K_online_learning|5e90b4fe_20260412_223541,1.0,10,5103,job
adversarial_L_ddp_5|eb1c85843b4a_20260412_062919,1.0,80,5103,job
adversarial_L_diluted_10|7a3fb3e9_20260825_070518,1.0,10,5103,job
adversarial_L_diluted_20|2a9e51e9_20260725_235723,1.0,10,5103,job
adversarial_L_diluted_2|354119ef_20260412_223541,1.0,10,5103,job
adversarial_L_diluted_5|2471d189_20260412_231132,1.0,10,5103,job
adversarial_L_diluted_5|29aaeb3c_20260825_064907,1.0,10,5103,job
bert_sst2_amp|e682e23c_20260412_231705,1.0,1,5103,job
cufft_benchmark|7529bef2_20260824_233001,1.0,10,5103,job
cufft_benchmark|7eb3b0fd_20260420_000038,1.0,10,5103,job
cufft_benchmark|f97558fa_20260412_231705,1.0,10,5103,job
cufft_hpc|cufft_hpc_c78372,1.0,1,5103,job
cufft_hpc|cufft_hpc_e7ea4b,1.0,1,5103,job
ddp_resnet18_cifar10|a76b540db268_20260412_233502,1.0,80,5103,job
ddp_resnet50_cifar10|c83757ac5731_20260412_230440,1.0,80,5103,job
fsdp_13b_nvlink|0b39d5a9bdb4_20260413_003641,1.0,80,5103,job
fsdp_13b_nvlink|cf8cfa835835_20260413_000312,1.0,80,5103,job
fsdp_70b_seq512_nvlink|78349b23d251_20260413_013913,1.0,80,5103,job
fsdp_7b_nvlink|a2f8d14a4ed2_20260413_003114,1.0,80,5103,job
gpt2_wikitext2_amp_ext|058cfbc9_20260420_204849,1.0,2,5103,job
gpt2_wikitext2_amp|025c9b24_20260412_224117,1.0,1,5103,job
gpt2_wikitext2|3a8eee76_20260825_022139,1.0,2,5103,job
idle|3a7e56ce_20260412_223541,1.0,7,5103,job
idle|5edd7d6c_20260413_032703,1.0,1,5103,job
idle|9c0d0d21_20260824_232740,1.0,7,5103,job
idle|idle_96fcac,1.0,1,5103,job
idle|idle_e3e53d,1.0,1,5103,job
llm_infer_deepseek_v3_tp8|acb00ac39728_20260419_002312,0.4,30,5103,job
llm_infer_mistral_7b_q4|0e400173_20260419_215405,1.0,1,5103,job
llm_infer_mistral_7b_q4|1039bea2_20260825_074800,1.0,10,5103,job
llm_infer_mistral_7b_q4|2ec733be_20260419_221039,0.0,1,5103,job
llm_infer_mistral_7b_q4|53e3e332_20260419_210248,1.0,1,5103,job
llm_infer_mistral_7b_q4|7dcec1a2_20260420_020500,0.9,10,5103,job
llm_infer_mistral_7b_q4|c36eab64_20260419_220847,1.0,1,5103,job
llm_infer_mistral_7b_q4|e81dfe47_20260420_015946,0.9,10,5103,job
llm_infer_qwen25_14b_fp16|85bf5790_20260419_205937,1.0,1,5103,job
llm_infer_qwen25_14b_fp16|a5960172_20260420_232931,1.0,10,5103,job
llm_infer_qwen25_14b_fp16|c2bcc1e0_20260419_213116,1.0,10,5103,job
llm_infer_qwen25_32b_fp16|097ee7e4_20260420_002519,1.0,10,5103,job
llm_infer_qwen25_32b_fp16|949b75e6_20260419_215643,1.0,10,5103,job
llm_infer_qwen25_32b_fp16|a14ebdea_20260824_215053,1.0,10,5103,job
llm_infer_qwen25_32b_fp16|d008e2dd_20260419_205950,1.0,1,5103,job
llm_infer_qwen25_32b_fp16|dffbfb17_20260421_030111,0.9,10,5103,job
llm_infer_qwen25_3b_bs16|22ecde82_20260419_032802,1.0,10,5103,job
llm_infer_qwen25_3b_bs4|766c2eff_20260419_024551,1.0,10,5103,job
llm_infer_qwen25_3b|3f309572_20260419_214259,1.0,10,5103,job
llm_infer_qwen25_3b|7de76a76_20260420_211352,1.0,10,5103,job
llm_infer_qwen25_72b_fp8|36625af8_20260420_235243,1.0,10,5103,job
llm_infer_qwen25_72b_fp8|8ae2fbd4_20260420_004029,1.0,10,5103,job
llm_infer_qwen25_7b_fp16|87b75337_20260824_200626,1.0,2,5103,job
llm_infer_qwen25_7b_fp16|8c50624a_20260824_211339,1.0,10,5103,job
llm_infer_qwen25_7b_fp16|abd7cc9c_20260420_230458,0.9,10,5103,job
llm_infer_qwen25_7b_fp16|febf963c_20260419_205933,1.0,1,5103,job
llm_infer_sdxl|81e16ec3_20260419_025634,1.0,10,5103,job
llm_infer_tinyllama_bs8|43f9b961_20260420_221242,1.0,10,5103,job
llm_infer_tinyllama_seq4096|25a7da9a_20260419_225251,1.0,10,5103,job
llm_infer_tinyllama_seq4096|eac7968c_20260419_224733,1.0,10,5103,job
llm_infer_vit_l_bs64|5e01a928_20260419_034907,1.0,10,5103,job
llm_infer_vit_l_bs64|9c5aafb1_20260419_232432,1.0,10,5103,job
llm_infer_vit_l_bs64|fde5cf55_20260420_225435,1.0,10,5103,job
llm_train_mistral_7b_lora|408384ba_20260419_232329,1.0,10,5103,job
llm_train_mistral_7b_lora|b31642c6_20260419_231627,0.8,10,5103,job
llm_train_mistral_7b_lora|e954b9ae_20260824_231951,1.0,10,5103,job
llm_train_qwen25_1p5b_lora|4f537ca3_20260419_222216,1.0,10,5103,job
llm_train_qwen25_3b_lora|074568ba_20260824_224126,1.0,10,5103,job
llm_train_qwen25_3b_lora|dfde664f_20260419_224329,0.9,10,5103,job
llm_train_smollm2_1p7b_lora|19738386_20260419_223307,1.0,10,5103,job
llm_train_smollm2_1p7b_lora|2958dde3_20260824_221932,1.0,10,5103,job
mining_ethash_proxy|417dd7cd_20260420_002049,1.0,10,5103,job
mining_ethash_proxy|b6f2e520_20260825_001133,1.0,10,5103,job
modern_inference|165eedde_20260413_033036,1.0,1,5103,job
nbody_sim|4bf2dc52_20260412_231705,1.0,10,5103,job
nbody_sim|98b49f2f_20260412_224117,1.0,10,5103,job
nbody_sim|nbody_sim_c0054d,1.0,1,5103,job
ppo_rlhf_r32_rep1|2b37c1ae_20260804_170110,1.0,10,5103,job
ppo_rlhf_r32_rep2|580ad642_20260804_172333,1.0,10,5103,job
pytorch_mlp_cifar10_ext|91abd671_20260420_204403,1.0,10,5103,job
pytorch_resnet_cifar10_amp_ext|0e16abc8_20260420_204227,1.0,5,5103,job
pytorch_resnet_cifar10_amp|29320233_20260825_073152,1.0,1,5103,job
pytorch_resnet_cifar10_amp|a2af05e4_20260825_020701,1.0,1,5103,job
pytorch_resnet_cifar10_amp|e9662cc3_20260412_223541,1.0,3,5103,job
pytorch_resnet_cifar10_amp|f1be0dfb_20260825_020609,1.0,1,5103,job
pytorch_resnet_cifar10|71c3cb1a_20260825_020519,1.0,1,5103,job
pytorch_resnet_cifar10|94104fc8_20260412_223541,1.0,2,5103,job
rendering_proxy|307d16fe_20260825_032515,1.0,10,5103,job
resnet50_inference|277c9073_20260825_023315,1.0,10,5103,job
resnet_amp|resnet_amp_cc435c,1.0,1,5103,job
resnet_fp32|resnet_fp32_f7ebcf,1.0,1,5103,job
scientific_hpc|2369d03f_20260413_033308,1.0,1,5103,job
scientific_hpc|3cf03b97_20260413_033308,1.0,1,5103,job
symgemm_L1_fwd3_m8192_rep1|128a6c86_20260802_185218,1.0,10,5103,job
symgemm_L1_fwd3_rep1|9c7b9bc7_20260802_175625,1.0,10,5103,job
symgemm_L1_fwd3_rep2|e04a3490_20260802_201813,1.0,10,5103,job
symgemm_L4_sgdfused_m8192_rep2|b0c570a7_20260802_210254,0.9,10,5103,job
symgemm_decode_g256_rep3|6e25438a_20260803_015538,0.0,10,5103,job
symgemm_ppo_fused_r8_rep2|ab3e57f5_20260803_005942,1.0,10,5103,job
training_dual_gpu_dp|training_dual_gpu_dp_gpu0_e63285,1.0,1,5103,job
training_dual_gpu_dp|training_dual_gpu_dp_gpu1_278acd,1.0,1,5103,job
training_single_gpu|single_gpu_telemetry,1.0,1,5103,job
whitebox_diluted_3b_N1_1h|814de13f_20260728_005931,0.9,10,5103,job
whitebox_diluted_7b_N10_1h|f65c515b_20260727_121946,1.0,10,5103,job
whitebox_diluted_7b_N1_1h|5df04b7a_20260727_183421,0.9,10,5103,job
whitebox_diluted_N10|d7e25a80_20260725_203405,1.0,10,5103,job
whitebox_diluted_N20|6305ed40_20260725_204431,1.0,10,5103,job
whitebox_diluted_N5|e9df56b8_20260725_202339,1.0,10,5103,job
whitebox_diluted_N5|eaaa7663_20260725_210026,1.0,10,5103,job
whitebox_inference_7b_rep3|62149f64_20260728_050902,0.8,10,5103,job
whitebox_inference_long|877db838_20260725_055129,1.0,10,5103,job
whitebox_inference|3d92903b_20260725_201826,1.0,10,5103,job
whitebox_lora_7b_N1_1h|d26abcf1_20260727_110823,1.0,10,5103,job
whitebox_lora_N10|00ea9b4c_20260725_211603,1.0,10,5103,job
whitebox_lora_N10|12837863_20260725_200230,1.0,10,5103,job
whitebox_lora_N5|de90ed7d_20260725_202852,1.0,10,5103,job
adversarial_F_interleave_30|df47671a_20260825_041800,1.0,10,5104,job
adversarial_F_interleave_50|468ad378_20260825_042847,1.0,10,5104,job
adversarial_F_interleave_50|46a73a4e_20260725_234614,1.0,10,5104,job
adversarial_G_clock_throttled|26e4120c_20260825_045023,1.0,10,5104,job
adversarial_H_mimicry_cufft|8a52b6f9_20260825_052246,1.0,10,5104,job
adversarial_H_mimicry_mining|30dc1b59_20260412_053508,1.0,1,5104,job
adversarial_I_stochastic_30|0790698e_20260726_000437,1.0,10,5104,job
adversarial_I_stochastic_30|1319ffe7_20260726_002804,1.0,10,5104,job
adversarial_J_pid_75|4b39fbdf_20260825_060033,1.0,10,5104,job
adversarial_J_pid_75|c205c1d2_20260413_014428,1.0,10,5104,job
adversarial_J_pid_75|cf944e31_20260412_230551,1.0,1,5104,job
adversarial_K_ddp_accum_4|6e24c995c923_20260412_064737,1.0,80,5104,job
adversarial_K_ddp_accum_4|b28bb647b0ef_20260412_234110,1.0,80,5104,job
adversarial_K_ddp_accum_4|ccdbb46fc1a0_20260413_001726,1.0,80,5104,job
adversarial_K_ddp|af5daab2a59a_20260412_062347,1.0,80,5104,job
adversarial_K_online_learning|cff6d675_20260825_061644,1.0,10,5104,job
adversarial_K_online_learning|da312bfa_20260412_054054,1.0,10,5104,job
adversarial_L_diluted_10|5904fb3d_20260412_223541,1.0,10,5104,job
adversarial_L_diluted_10|9712fcda_20260825_065431,1.0,10,5104,job
adversarial_L_diluted_20|405a7452_20260412_223541,1.0,10,5104,job
adversarial_L_diluted_5|05e951a9_20260825_063819,1.0,10,5104,job
adversarial_L_diluted_5|478eaec5_20260412_223541,1.0,10,5104,job
batch_size_sweep_dp|batch_size_sweep_dp_gpu0_2c05fa,1.0,1,5104,job
bert_finetune|2a2a5f3e_20260413_032846,0.0,1,5104,job
bert_sst2|4a0aab7a_20260825_021739,1.0,1,5104,job
cufft_benchmark|227faa64_20260413_033119,1.0,1,5104,job
cufft_benchmark|7529bef2_20260824_233001,1.0,10,5104,job
cufft_benchmark|83e14a25_20260421_014638,1.0,10,5104,job
cufft_benchmark|f97558fa_20260412_231705,1.0,10,5104,job
ddp_resnet18_cifar10_amp|95f2a16cc1a5_20260412_234616,1.0,80,5104,job
ddp_resnet50_cifar10|c83757ac5731_20260412_230440,1.0,80,5104,job
fsdp_13b_nvlink|cf8cfa835835_20260413_000312,1.0,80,5104,job
fsdp_30b_nvlink|165add02433c_20260412_071335,1.0,8,5104,job
fsdp_70b_nvlink|c632fe2971fa_20260412_071411,1.0,8,5104,job
gpt2_wikitext2|60a1ee17_20260825_022027,1.0,2,5104,job
idle|3a7e56ce_20260412_223541,1.0,7,5104,job
idle|5edd7d6c_20260413_032703,1.0,1,5104,job
idle|9883933c_20260420_201152,1.0,7,5104,job
llm_infer_deepseek_v3_tp8|acb00ac39728_20260419_002312,1.0,30,5104,job
llm_infer_mistral_7b_q4|0e400173_20260419_215405,1.0,1,5104,job
llm_infer_mistral_7b_q4|0f8555a9_20260825_003220,0.1,10,5104,job
llm_infer_mistral_7b_q4|280943b7_20260421_011827,1.0,10,5104,job
llm_infer_mistral_7b_q4|b8b0e618_20260420_005449,1.0,10,5104,job
llm_infer_mixtral_8x7b|a79f0a84_20260419_040511,1.0,10,5104,job
llm_infer_phi3_mini|4d756fdb_20260419_014632,1.0,10,5104,job
llm_infer_phi3_mini|745171c6_20260419_015720,1.0,10,5104,job
llm_infer_qwen25_14b_fp16|2e76122c_20260419_212144,1.0,10,5104,job
llm_infer_qwen25_14b_fp16|62b1513a_20260419_205946,1.0,1,5104,job
llm_infer_qwen25_14b_fp16|98601a67_20260824_213822,1.0,10,5104,job
llm_infer_qwen25_14b_fp16|c1adb329_20260419_205942,1.0,1,5104,job
llm_infer_qwen25_32b_fp16|0e1acfb8_20260824_214418,1.0,10,5104,job
llm_infer_qwen25_32b_fp16|43218758_20260421_031401,1.0,10,5104,job
llm_infer_qwen25_32b_fp16|50c83347_20260421_030757,1.0,10,5104,job
llm_infer_qwen25_32b_fp16|54f1bd71_20260419_205959,1.0,1,5104,job
llm_infer_qwen25_32b_fp16|7efd8ad1_20260419_220234,1.0,10,5104,job
llm_infer_qwen25_3b_bs16|0918ee71_20260419_032245,1.0,10,5104,job
llm_infer_qwen25_3b_bs16|22ecde82_20260419_032802,1.0,10,5104,job
llm_infer_qwen25_3b_bs16|301efde2_20260419_225807,1.0,10,5104,job
llm_infer_qwen25_3b_bs16|ee6ca6af_20260420_214537,1.0,10,5104,job
llm_infer_qwen25_3b_bs4|d16da8aa_20260420_212943,1.0,10,5104,job
llm_infer_qwen25_3b|59a892fe_20260419_020238,0.9,10,5104,job
llm_infer_qwen25_3b|f8a46936_20260420_211909,1.0,10,5104,job
llm_infer_qwen25_72b_fp8|4bc4cd75_20260420_234536,1.0,10,5104,job
llm_infer_qwen25_72b_fp8|b39fa450_20260419_042425,1.0,10,5104,job
llm_infer_qwen25_72b_tp2|173cf665d203_20260419_044434,1.0,10,5104,job
llm_infer_qwen25_7b_fp16|5ff414f8_20260419_211038,1.0,10,5104,job
llm_infer_qwen25_7b_fp16|abd7cc9c_20260420_230458,1.0,10,5104,job
llm_infer_sdxl|5477dea8_20260419_223149,0.0,10,5104,job
llm_infer_sdxl|adc8a3d2_20260419_222624,0.1,10,5104,job
llm_infer_tinyllama_bs8|75a3d2cd_20260419_215432,1.0,10,5104,job
llm_infer_tinyllama_bs8|ce7d83fd_20260419_022445,1.0,10,5104,job
llm_infer_tinyllama_seq4096|25a7da9a_20260419_225251,1.0,10,5104,job
llm_infer_vit_l_bs64|5e01a928_20260419_034907,1.0,10,5104,job
llm_infer_vit_l_bs64|fde5cf55_20260420_225435,1.0,10,5104,job
llm_train_mistral_7b_lora|e2b30e58_20260419_232842,1.0,10,5104,job
llm_train_phi3_mini_lora|4bf06f5e_20260824_225752,1.0,10,5104,job
llm_train_phi3_mini_lora|61242a7d_20260419_225953,0.8,10,5104,job
llm_train_qwen25_1p5b_lora|e0c86e62_20260824_220836,1.0,10,5104,job
llm_train_qwen25_3b_lora|074568ba_20260824_224126,1.0,10,5104,job
llm_train_qwen25_3b_lora|e8114b07_20260419_225441,1.0,10,5104,job
llm_train_smollm2_1p7b_lora|ad1a6473_20260419_222727,0.9,10,5104,job
mining_ethash_proxy|3cac048c_20260825_000110,1.0,10,5104,job
mining_ethash_proxy|814335b9_20260421_020654,1.0,10,5104,job
mining_ethash_proxy|fad55191_20260421_015646,1.0,10,5104,job
nbody_sim|bcbaef15_20260413_033224,1.0,1,5104,job
nbody_sim|nbody_sim_d50046,1.0,1,5104,job
nvlink_bandwidth|nvlink_bandwidth_gpu0_0eb88f,1.0,1,5104,job
nvlink_bandwidth|nvlink_bandwidth_gpu1_b97b50,1.0,1,5104,job
pytorch_resnet_cifar10_amp_ext|0e16abc8_20260420_204227,1.0,5,5104,job
pytorch_resnet_cifar10_amp|7b05a6ae_20260825_021143,1.0,1,5104,job
pytorch_resnet_cifar10_amp|7e69c6dd_20260825_021041,1.0,1,5104,job
pytorch_resnet_cifar10_ext|41c19de5_20260420_204048,1.0,5,5104,job
pytorch_resnet_cifar10_ext|d18ec4ea_20260421_011036,1.0,5,5104,job
pytorch_resnet_cifar10|0d79ee94_20260825_005047,0.0,10,5104,job
pytorch_resnet_cifar10|1c3ed317_20260825_020430,1.0,1,5104,job
pytorch_resnet_cifar10|30653101_20260412_231132,1.0,3,5104,job
pytorch_resnet_cifar10|94104fc8_20260412_223541,1.0,2,5104,job
resnet_fp32|resnet_fp32_d1d694,1.0,1,5104,job
scientific_hpc|2369d03f_20260413_033308,1.0,1,5104,job
symgemm_L0_fwd1_rep1|7e021360_20260802_181845,1.0,10,5104,job
symgemm_L1_fwd3_7b_rep1|1da12b31_20260802_215024,0.7,10,5104,job
symgemm_L1_fwd3_rep2|e04a3490_20260802_201813,1.0,10,5104,job
symgemm_L1_fwd3_rep4|cbddae2b_20260802_230858,0.9,10,5104,job
symgemm_L3_graddiscard_rep2|eaf8a014_20260802_205144,0.0,10,5104,job
symgemm_L3_graddiscard_rep3|3abcefec_20260802_224637,0.0,10,5104,job
symgemm_L4_sgdfused_7b_rep1|d75e1ca4_20260802_212515,1.0,10,5104,job
symgemm_L4_sgdfused_m8192_rep1|e3f3bb2f_20260802_184108,1.0,10,5104,job
symgemm_L4_sgdfused_m8192_rep2|b0c570a7_20260802_210254,1.0,10,5104,job
symgemm_L4_sgdfused_rep3|719fe5b8_20260802_220158,1.0,10,5104,job
symgemm_decode_g256_rep3|6e25438a_20260803_015538,0.9,10,5104,job
symgemm_ppo_fused_r32_rep1|52af0173_20260803_003717,1.0,10,5104,job
symgemm_ppo_fused_r8_rep1|3a9327e2_20260803_002606,1.0,10,5104,job
symgemm_ppo_fused_r8_rep2|ab3e57f5_20260803_005942,1.0,10,5104,job
symgemm_ppo_fused_r8_rep3|be11f759_20260803_013316,1.0,10,5104,job
training_dual_gpu_dp|multi_gpu_telemetry_gpu1,1.0,2,5104,job
training_dual_gpu_dp|training_dual_gpu_dp_gpu1_d95db4,1.0,1,5104,job
training_single_gpu|single_gpu_telemetry,1.0,1,5104,job
training_single_gpu|training_single_gpu_gpu1_a2ce5b,0.0,1,5104,job
whitebox_diluted_7b_N10_1h|f65c515b_20260727_121946,1.0,10,5104,job
whitebox_diluted_N10|8891b439_20260725_211051,1.0,10,5104,job
whitebox_diluted_N10|d7e25a80_20260725_203405,1.0,10,5104,job
whitebox_diluted_N10|e6a6ba30_20260725_195717,1.0,10,5104,job
whitebox_diluted_N20|6305ed40_20260725_204431,1.0,10,5104,job
whitebox_inference_7b_2h|2c53509d_20260727_215058,0.9,10,5104,job
whitebox_inference|3d92903b_20260725_201826,0.9,10,5104,job
whitebox_lora_7b_N100_1h|53c015c3_20260727_162214,1.0,10,5104,job
whitebox_lora_7b_N10_rep2|a1f5446a_20260728_040109,1.0,10,5104,job
whitebox_lora_7b_N500_long|43be1ab2_20260726_203116,0.9,10,5104,job
whitebox_lora_N20|b5e22ab8_20260725_212628,1.0,10,5104,job
whitebox_lora_N20|fa5f7994_20260725_204944,1.0,10,5104,job
adversarial_E_memory_minimal|09b77236_20260412_230551,1.0,1,5105,job
adversarial_E_memory_minimal|72186530_20260825_040712,1.0,10,5105,job
adversarial_E_memory_minimal|7b692854_20260412_053508,0.9,10,5105,job
adversarial_F_interleave_50|46a73a4e_20260725_234614,1.0,10,5105,job
adversarial_F_interleave_50|4cde77c0_20260726_003313,1.0,10,5105,job
adversarial_F_interleave_50|972b5cb1_20260412_230551,1.0,1,5105,job
adversarial_G_clock_throttled|26e4120c_20260825_045023,1.0,10,5105,job
adversarial_H_mimicry_cufft|983fad80_20260412_053508,0.0,1,5105,job
adversarial_H_mimicry_mining|30dc1b59_20260412_053508,1.0,1,5105,job
adversarial_H_mimicry_mining|bf6e3698_20260413_011721,1.0,10,5105,job
adversarial_I_stochastic_30|0790698e_20260726_000437,1.0,10,5105,job
adversarial_I_stochastic_30|18b857be_20260412_230551,1.0,1,5105,job
adversarial_I_stochastic_30|5e185d96_20260412_053508,1.0,10,5105,job
adversarial_J_pid_75|ddd52b74_20260825_055509,1.0,10,5105,job
adversarial_K_ddp_accum_4|6e24c995c923_20260412_064737,1.0,80,5105,job
adversarial_K_ddp_accum_8|4e915a9d238b_20260412_065453,1.0,80,5105,job
adversarial_K_ddp|2b7d13785ecf_20260412_231725,1.0,80,5105,job
adversarial_K_ddp|41b734487b5e_20260412_235331,1.0,80,5105,job
adversarial_K_online_learning|1468f533_20260412_231132,1.0,10,5105,job
adversarial_L_ddp_stagger_5|8e9728362385_20260412_064206,1.0,80,5105,job
adversarial_L_ddp_stagger_5|9018a40f5999_20260412_233540,1.0,80,5105,job
adversarial_L_diluted_10_mw8|453df7c0_20260726_170248,1.0,10,5105,job
adversarial_L_diluted_20|ee8eddb5_20260825_071042,1.0,10,5105,job
adversarial_L_diluted_2|316523f7_20260412_231132,1.0,10,5105,job
adversarial_L_diluted_2|9a292575_20260825_063255,1.0,10,5105,job
adversarial_L_diluted_5|8f922c0f_20260825_064343,1.0,10,5105,job
batch_size_sweep_dp|batch_size_sweep_dp_gpu1_f04813,1.0,1,5105,job
bert_finetune|2a2a5f3e_20260413_032846,1.0,1,5105,job
bert_sst2_amp_ext|7d5929da_20260420_202928,1.0,1,5105,job
bert_sst2_ext|49545bf6_20260420_204947,1.0,3,5105,job
bert_sst2|19873577_20260412_224117,1.0,1,5105,job
bert_sst2|906cb48d_20260825_021650,1.0,1,5105,job
cufft_benchmark|38fd661e_20260419_235032,1.0,10,5105,job
cufft_benchmark|f97558fa_20260412_231705,1.0,10,5105,job
cufft_benchmark|ff25783f_20260413_033141,1.0,1,5105,job
cufft_hpc|cufft_hpc_58ecd2,1.0,1,5105,job
ddp_resnet18_cifar10_amp|452a0a67a4fb_20260412_061559,1.0,80,5105,job
fsdp_30b_nvlink|165add02433c_20260412_071335,1.0,8,5105,job
fsdp_30b_nvlink|8726f6620517_20260413_001627,1.0,80,5105,job
fsdp_7b_nvlink|a2f8d14a4ed2_20260413_003114,1.0,80,5105,job
gpt2_wikitext2_amp_ext|f609adef_20260420_203807,1.0,2,5105,job
gpt2_wikitext2|1f4b6ea6_20260412_231705,1.0,3,5105,job
gpt2_wikitext2|3a8eee76_20260825_022139,1.0,2,5105,job
idle|b37a89ff_20260824_180358,1.0,7,5105,job
idle|d840e0b6_20260824_171640,1.0,7,5105,job
idle|dd455a95_20260824_171422,1.0,7,5105,job
idle|f26e1461_20260419_233413,1.0,7,5105,job
idle|idle_e3e53d,1.0,1,5105,job
inference|inference_8fd998,1.0,1,5105,job
inference|inference_986d16,1.0,1,5105,job
llm_infer_deepseek_v3_tp8|acb00ac39728_20260419_002312,0.26666666666666666,30,5105,job
llm_infer_mistral_7b_q4|0f8555a9_20260825_003220,1.0,10,5105,job
llm_infer_mistral_7b_q4|199b8710_20260825_074125,0.9,10,5105,job
llm_infer_mistral_7b_q4|280943b7_20260421_011827,1.0,10,5105,job
llm_infer_mistral_7b_q4|ce7f27f7_20260825_075353,1.0,10,5105,job
llm_infer_mistral_7b_q4|dbde8feb_20260419_210231,1.0,1,5105,job
llm_infer_mistral_7b_q4|e81dfe47_20260420_015946,1.0,10,5105,job
llm_infer_mixtral_8x7b|6d7f6e16_20260419_035827,1.0,10,5105,job
llm_infer_phi3_mini|4d756fdb_20260419_014632,1.0,10,5105,job
llm_infer_phi3_mini|cd6a5e78_20260419_212123,1.0,10,5105,job
llm_infer_qwen25_14b_fp16|1eda1bef_20260824_213225,1.0,10,5105,job
llm_infer_qwen25_14b_fp16|200c729c_20260419_235621,1.0,10,5105,job
llm_infer_qwen25_32b_fp16|0e1acfb8_20260824_214418,1.0,10,5105,job
llm_infer_qwen25_32b_fp16|7efd8ad1_20260419_220234,1.0,10,5105,job
llm_infer_qwen25_32b_fp16|c89b4098_20260419_214232,0.5,10,5105,job
llm_infer_qwen25_3b_bs16|0765cbf1_20260420_215052,1.0,10,5105,job
llm_infer_qwen25_3b_bs4|766c2eff_20260419_024551,1.0,10,5105,job
llm_infer_qwen25_3b_bs4|dbfd03f1_20260419_023515,1.0,10,5105,job
llm_infer_qwen25_72b_fp16|1d53cfd5_20260421_004034,1.0,10,5105,job
llm_infer_qwen25_72b_fp8|4bc4cd75_20260420_234536,1.0,10,5105,job
llm_infer_qwen25_72b_fp8|6ee178e0_20260419_043033,1.0,10,5105,job
llm_infer_qwen25_72b_tp2|173cf665d203_20260419_044434,1.0,10,5105,job
llm_infer_sdxl|5477dea8_20260419_223149,0.8,10,5105,job
llm_infer_sdxl|81e16ec3_20260419_025634,0.8,10,5105,job
llm_infer_vit_l_bs64|7be29623_20260420_224924,1.0,10,5105,job
llm_train_mistral_7b_lora|408384ba_20260419_232329,1.0,10,5105,job
llm_train_mistral_7b_lora|f79dbad9_20260824_230849,1.0,10,5105,job
llm_train_phi3_mini_lora|38657ab0_20260419_231116,1.0,10,5105,job
llm_train_phi3_mini_lora|4bf06f5e_20260824_225752,1.0,10,5105,job
llm_train_qwen25_1p5b_lora|a219bf6f_20260419_221705,1.0,10,5105,job
llm_train_qwen25_1p5b_lora|e0c86e62_20260824_220836,1.0,10,5105,job
llm_train_qwen25_1p5b_lora|f2ab89f9_20260824_221404,1.0,10,5105,job
llm_train_qwen25_3b_lora|46b96f38_20260419_224930,1.0,10,5105,job
llm_train_smollm2_1p7b_lora|bc185109_20260419_223818,1.0,10,5105,job
mining_ethash_proxy|59292457_20260420_001044,1.0,10,5105,job
mining_ethash_proxy|5a291891_20260420_200144,1.0,10,5105,job
modern_inference|5c76e8e5_20260413_033057,1.0,1,5105,job
nbody_sim|98b49f2f_20260412_224117,1.0,10,5105,job
nbody_sim|bcbaef15_20260413_033224,1.0,1,5105,job
ppo_rlhf_r32_rep3|9c5afa29_20260804_174554,1.0,10,5105,job
pytorch_mlp_cifar10|6726c8ff_20260825_021604,1.0,1,5105,job
pytorch_resnet_cifar10_amp_ext|912880ba_20260421_011212,1.0,5,5105,job
pytorch_resnet_cifar10_amp_ext|a0c58ed2_20260420_203152,1.0,5,5105,job
pytorch_resnet_cifar10_amp|09c94605_20260412_222753,1.0,2,5105,job
pytorch_resnet_cifar10_amp|29320233_20260825_073152,1.0,1,5105,job
pytorch_resnet_cifar10_amp|73475ab0_20260412_231132,1.0,4,5105,job
pytorch_resnet_cifar10_amp|8ab3bfd2_20260825_020754,1.0,1,5105,job
pytorch_resnet_cifar10|0d79ee94_20260825_005047,0.0,10,5105,job
rendering_proxy|630b9e74_20260825_034601,1.0,10,5105,job
rendering_proxy|8aeaf443_20260825_033538,1.0,10,5105,job
rendering_proxy|c76a250c_20260412_224732,0.9,10,5105,job
resnet50_inference|d6707f42_20260413_033014,0.0,1,5105,job
resnet50_inference|f65b4403_20260413_033014,0.0,1,5105,job
scientific_hpc|b957a0bf_20260413_033246,1.0,1,5105,job
symgemm_L0_fwd1_rep2|3c32c629_20260802_204034,1.0,10,5105,job
symgemm_L1_fwd3_m8192_rep1|128a6c86_20260802_185218,1.0,10,5105,job
symgemm_L4_sgdfused_7b_rep1|d75e1ca4_20260802_212515,0.9,10,5105,job
symgemm_L4_sgdfused_long1b_rep1|e77f32f2_20260803_062646,0.2,10,5105,job
symgemm_L4_sgdfused_m8192_rep1|e3f3bb2f_20260802_184108,0.9,10,5105,job
symgemm_L4_sgdfused_rep3|719fe5b8_20260802_220158,0.1,10,5105,job
symgemm_L4_sgdfused_short7b_rep1|2f4f2eb2_20260803_072657,1.0,10,5105,job
symgemm_decode_g256_rep1|37d9b353_20260803_004828,1.0,10,5105,job
training_dual_gpu_dp|multi_gpu_telemetry_gpu1,1.0,2,5105,job
training_dual_gpu_dp|training_dual_gpu_dp_gpu0_1c7245,1.0,1,5105,job
training_dual_gpu_dp|training_dual_gpu_dp_gpu1_278acd,1.0,1,5105,job
training_single_gpu|training_single_gpu_gpu0_199317,1.0,1,5105,job
whitebox_diluted_N10|8891b439_20260725_211051,1.0,10,5105,job
whitebox_diluted_N5|a37b10ba_20260725_194651,1.0,10,5105,job
whitebox_diluted_N5|e9df56b8_20260725_202339,1.0,10,5105,job
whitebox_inference_1b_matched|c6927996_20260728_061814,0.8,10,5105,job
whitebox_inference_7b_2h|2c53509d_20260727_215058,0.2,10,5105,job
whitebox_lora_7b_N100_1h|53c015c3_20260727_162214,1.0,10,5105,job
whitebox_lora_7b_N10_rep2|a1f5446a_20260728_040109,1.0,10,5105,job
whitebox_lora_7b_N20_1h|8c105125_20260727_142117,1.0,10,5105,job
whitebox_lora_7b_pilot_N8|a2326a19_20260726_130940,1.0,10,5105,job
whitebox_lora_N20|7d319b8f_20260725_201255,1.0,10,5105,job
whitebox_lora_N20|b5e22ab8_20260725_212628,1.0,10,5105,job
whitebox_lora_N5|25cd8989_20260725_195205,1.0,10,5105,job
whitebox_lora_N5|5d8cb134_20260725_210538,1.0,10,5105,job
whitebox_oracle_7b_long|dd20b782_20260726_181838,1.0,10,5105,job
adversarial_E_memory_minimal|72186530_20260825_040712,1.0,10,5106,job
adversarial_E_memory_minimal|7b692854_20260412_053508,1.0,10,5106,job
adversarial_F_interleave_30|314da66d_20260412_053508,1.0,1,5106,job
adversarial_F_interleave_30|a1e40da7_20260825_041236,1.0,10,5106,job
adversarial_F_interleave_30|ff338fa1_20260412_230551,1.0,10,5106,job
adversarial_F_interleave_50|468ad378_20260825_042847,1.0,10,5106,job
adversarial_F_interleave_50|46a73a4e_20260725_234614,1.0,10,5106,job
adversarial_F_interleave_50|82b69908_20260412_223016,1.0,10,5106,job
adversarial_F_interleave_50|bc02cbc2_20260726_000947,1.0,10,5106,job
adversarial_H_mimicry_cufft|3d49af99_20260413_013919,1.0,10,5106,job
adversarial_H_mimicry_cufft|8a52b6f9_20260825_052246,1.0,10,5106,job
adversarial_H_mimicry_cufft|bf336e54_20260825_051722,1.0,10,5106,job
adversarial_H_mimicry_mining|26c55d63_20260412_230551,1.0,10,5106,job
adversarial_H_mimicry_mining|5ac32145_20260825_051158,1.0,10,5106,job
adversarial_H_mimicry_mining|840df611_20260825_050635,1.0,10,5106,job
adversarial_I_stochastic_30|3978f906_20260825_053334,1.0,10,5106,job
adversarial_J_pid_75|e3f49bde_20260412_223016,1.0,10,5106,job
adversarial_K_ddp_accum_4|ccdbb46fc1a0_20260413_001726,1.0,80,5106,job
adversarial_K_online_learning|da312bfa_20260412_054054,1.0,10,5106,job
adversarial_L_ddp_10|4f087fae7c56_20260412_233011,1.0,80,5106,job
adversarial_L_ddp_5|eb1c85843b4a_20260412_062919,1.0,80,5106,job
adversarial_L_diluted_10_mw8|2a0a1abb_20260726_170758,1.0,10,5106,job
adversarial_L_diluted_10_mw8|51a40fcc_20260726_171309,1.0,10,5106,job
adversarial_L_diluted_10|6ef8b233_20260412_231132,1.0,10,5106,job
adversarial_L_diluted_10|7a3fb3e9_20260825_070518,1.0,10,5106,job
adversarial_L_diluted_10|9712fcda_20260825_065431,1.0,10,5106,job
adversarial_L_diluted_200_mw8|a38a444f_20260726_174828,1.0,10,5106,job
adversarial_L_diluted_5|05e951a9_20260825_063819,1.0,10,5106,job
adversarial_L_diluted_5|8f922c0f_20260825_064343,1.0,10,5106,job
bert_finetune|9311265c_20260413_032824,0.0,1,5106,job
bert_sst2|30b0dab5_20260412_231705,1.0,1,5106,job
cufft_benchmark|15fa4bd9_20260413_033141,1.0,1,5106,job
cufft_benchmark|4bfa16e2_20260824_235047,1.0,10,5106,job
cufft_benchmark|7eb3b0fd_20260420_000038,1.0,10,5106,job
cufft_benchmark|ff25783f_20260413_033141,1.0,1,5106,job
cufft_hpc|cufft_hpc_c78372,1.0,1,5106,job
ddp_resnet18_cifar10|a76b540db268_20260412_233502,1.0,80,5106,job
fsdp_70b_nvlink|c632fe2971fa_20260412_071411,1.0,8,5106,job
gpt2_wikitext2_amp_ext|f609adef_20260420_203807,1.0,2,5106,job
gpt2_wikitext2|1f4b6ea6_20260412_231705,1.0,3,5106,job
gpt2_wikitext2|3a8eee76_20260825_022139,1.0,2,5106,job
idle|b3e73340_20260419_233617,1.0,7,5106,job
inference|inference_8fd998,1.0,1,5106,job
llm_infer_deepseek_v3_tp8|30d7ed7e6e81_20260419_013711,1.0,80,5106,job
llm_infer_deepseek_v3_tp8|acb00ac39728_20260419_002311,1.0,50,5106,job
llm_infer_mistral_7b_q4|0e400173_20260419_215405,1.0,1,5106,job
llm_infer_mistral_7b_q4|1039bea2_20260825_074800,1.0,10,5106,job
llm_infer_mistral_7b_q4|177996c6_20260421_012908,0.9,10,5106,job
llm_infer_mistral_7b_q4|280943b7_20260421_011827,0.9,10,5106,job
llm_infer_mistral_7b_q4|7dcec1a2_20260420_020500,1.0,10,5106,job
llm_infer_mistral_7b_q4|8bb0be41_20260420_015335,1.0,1,5106,job
llm_infer_mistral_7b_q4|960c6bbd_20260421_012347,0.9,10,5106,job
llm_infer_mistral_7b_q4|afe01b8f_20260419_205857,1.0,1,5106,job
llm_infer_mistral_7b_q4|d4a0ca97_20260419_215339,1.0,1,5106,job
llm_infer_mistral_7b_q4|d52344f3_20260419_220856,1.0,1,5106,job
llm_infer_mixtral_8x7b|74ae4709_20260421_001937,1.0,10,5106,job
llm_infer_mixtral_8x7b|7c6d4b81_20260421_000537,0.9,10,5106,job
llm_infer_mixtral_8x7b|a79f0a84_20260419_040511,1.0,10,5106,job
llm_infer_phi3_mini|3bce5480_20260420_210836,1.0,10,5106,job
llm_infer_phi3_mini|e7320dff_20260420_205804,0.9,10,5106,job
llm_infer_qwen25_14b_fp16|62b1513a_20260419_205946,1.0,1,5106,job
llm_infer_qwen25_14b_fp16|875f3c6d_20260420_232314,0.9,10,5106,job
llm_infer_qwen25_14b_fp16|9bdd69d7_20260420_233533,1.0,10,5106,job
llm_infer_qwen25_32b_fp16|08c0cbfe_20260420_001804,1.0,10,5106,job
llm_infer_qwen25_32b_fp16|097ee7e4_20260420_002519,1.0,10,5106,job
llm_infer_qwen25_32b_fp16|0e1acfb8_20260824_214418,1.0,10,5106,job
llm_infer_qwen25_32b_fp16|463349dc_20260420_000940,1.0,10,5106,job
llm_infer_qwen25_32b_fp16|7efd8ad1_20260419_220234,1.0,10,5106,job
llm_infer_qwen25_32b_fp16|a14ebdea_20260824_215053,1.0,10,5106,job
llm_infer_qwen25_3b_bs16|22ecde82_20260419_032802,1.0,10,5106,job
llm_infer_qwen25_3b_bs16|45cf0574_20260419_230842,1.0,10,5106,job
llm_infer_qwen25_3b_bs4|16c726fc_20260419_222104,1.0,10,5106,job
llm_infer_qwen25_72b_fp8|4bc4cd75_20260420_234536,0.9,10,5106,job
llm_infer_qwen25_72b_fp8|b39fa450_20260419_042425,1.0,10,5106,job
llm_infer_qwen25_72b_tp2|11ae41c37687_20260419_045923,1.0,20,5106,job
llm_infer_qwen25_72b_tp2|d667bcd68796_20260419_045202,1.0,20,5106,job
llm_infer_qwen25_7b_fp16|0088cce0_20260419_205928,1.0,1,5106,job
llm_infer_qwen25_7b_fp16|4052c194_20260824_200842,1.0,10,5106,job
llm_infer_qwen25_7b_fp16|a694acd9_20260419_210256,0.8,10,5106,job
llm_infer_sdxl|212903bb_20260420_223849,1.0,10,5106,job
llm_infer_tinyllama_bs8|0c587cbd_20260419_022959,1.0,10,5106,job
llm_infer_tinyllama_bs8|43f9b961_20260420_221242,1.0,10,5106,job
llm_infer_tinyllama_seq4096|367c872f_20260420_222307,1.0,10,5106,job
llm_infer_tinyllama_seq4096|72177ae6_20260419_031218,1.0,10,5106,job
llm_infer_tinyllama_seq4096|bf1e9e48_20260419_030704,1.0,10,5106,job
llm_infer_vit_l_bs64|5e01a928_20260419_034907,1.0,10,5106,job
llm_infer_vit_l_bs64|7bf48cb7_20260419_231402,0.9,10,5106,job
llm_infer_vit_l_bs64|9c5aafb1_20260419_232432,1.0,10,5106,job
llm_infer_vit_l_bs64|a2d462c4_20260420_225947,1.0,10,5106,job
llm_infer_vit_l_bs64|e895e0da_20260419_033836,0.9,10,5106,job
llm_train_mistral_7b_lora|f79dbad9_20260824_230849,1.0,10,5106,job
llm_train_phi3_mini_lora|61242a7d_20260419_225953,0.8,10,5106,job
llm_train_qwen25_1p5b_lora|4f537ca3_20260419_222216,1.0,10,5106,job
llm_train_qwen25_3b_lora|66980709_20260824_223555,1.0,10,5106,job
llm_train_smollm2_1p7b_lora|19738386_20260419_223307,1.0,10,5106,job
mining_ethash_proxy|3cac048c_20260825_000110,1.0,10,5106,job
mining_ethash_proxy|b5c42733_20260825_002157,1.0,10,5106,job
modern_inference|6ce8e009_20260413_033057,1.0,1,5106,job
nbody_sim|6c13c5ae_20260825_030429,1.0,10,5106,job
nvlink_bandwidth|nvlink_bandwidth_gpu0_0eb88f,1.0,1,5106,job
nvlink_bandwidth|nvlink_bandwidth_gpu1_30ea2a,1.0,1,5106,job
nvlink_bandwidth|nvlink_bandwidth_gpu1_b97b50,1.0,1,5106,job
nvlink_latency|nvlink_latency_gpu1_3ab445,1.0,1,5106,job
ppo_rlhf_r8_rep2|4735a4fb_20260804_171221,1.0,10,5106,job
pytorch_mlp_cifar10_ext|a9cd45e0_20260421_011343,1.0,10,5106,job
pytorch_mlp_cifar10|743face9_20260412_231705,1.0,2,5106,job
pytorch_resnet_cifar10_amp|09c94605_20260412_222753,1.0,2,5106,job
pytorch_resnet_cifar10_amp|29320233_20260825_073152,1.0,1,5106,job
pytorch_resnet_cifar10_amp|7b05a6ae_20260825_021143,1.0,1,5106,job
pytorch_resnet_cifar10|0d79ee94_20260825_005047,0.0,10,5106,job
pytorch_training|1b83c94e_20260413_032802,1.0,1,5106,job
pytorch_training|2a94287a_20260413_032802,1.0,1,5106,job
rendering_proxy|307d16fe_20260825_032515,1.0,10,5106,job
rendering_proxy|8aeaf443_20260825_033538,1.0,10,5106,job
resnet50_inference|0464d734_20260825_022250,1.0,10,5106,job
resnet_fp32|resnet_fp32_f7ebcf,1.0,1,5106,job
scientific_hpc|3cf03b97_20260413_033308,1.0,1,5106,job
symgemm_L0_fwd1_rep1|7e021360_20260802_181845,1.0,10,5106,job
symgemm_L3_graddiscard_rep3|3abcefec_20260802_224637,1.0,10,5106,job
symgemm_L4_sgdfused_7b_rep1|d75e1ca4_20260802_212515,1.0,10,5106,job
symgemm_L4_sgdfused_long1b_rep1|e77f32f2_20260803_062646,0.6,10,5106,job
training_dual_gpu_dp|multi_gpu_telemetry_gpu1,1.0,2,5106,job
training_dual_gpu_dp|training_dual_gpu_dp_gpu0_1c7245,1.0,1,5106,job
training_single_gpu|training_single_gpu_gpu1_a2ce5b,0.0,1,5106,job
whitebox_diluted_N10|e6a6ba30_20260725_195717,1.0,10,5106,job
whitebox_diluted_N20|6305ed40_20260725_204431,1.0,10,5106,job
whitebox_diluted_N20|d8b176f8_20260725_212116,1.0,10,5106,job
whitebox_lora_7b_N20_1h|8c105125_20260727_142117,1.0,10,5106,job
whitebox_lora_N10_long|58e5a6e6_20260724_215116,1.0,10,5106,job
whitebox_lora_N20|b5e22ab8_20260725_212628,1.0,10,5106,job
adversarial_F_interleave_50|13089340_20260825_043935,1.0,10,5107,job
adversarial_F_interleave_50|972b5cb1_20260412_230551,1.0,1,5107,job
adversarial_G_clock_throttled|4471bfa7_20260412_230551,1.0,1,5107,job
adversarial_H_mimicry_cufft|bf336e54_20260825_051722,1.0,10,5107,job
adversarial_I_stochastic_30|15190e45_20260725_234104,1.0,10,5107,job
adversarial_I_stochastic_30|18b857be_20260412_230551,1.0,1,5107,job
adversarial_J_pid_75|6aa98cf6_20260412_053508,1.0,1,5107,job
adversarial_K_online_learning|1468f533_20260412_231132,1.0,10,5107,job
adversarial_K_online_learning|3ca87735_20260825_060556,1.0,10,5107,job
adversarial_K_online_learning|cff6d675_20260825_061644,1.0,10,5107,job
adversarial_L_ddp_10|4f087fae7c56_20260412_233011,1.0,80,5107,job
adversarial_L_ddp_5|7f7c7caec1c9_20260412_232441,0.975,80,5107,job
adversarial_L_ddp_5|a9a551652c04_20260412_235905,1.0,80,5107,job
adversarial_L_ddp_stagger_5|8e9728362385_20260412_064206,1.0,80,5107,job
adversarial_L_diluted_10|512934b1_20260412_054054,1.0,10,5107,job
adversarial_L_diluted_20|405a7452_20260412_223541,1.0,10,5107,job
adversarial_L_diluted_20|951bef7b_20260825_072130,1.0,10,5107,job
batch_size_sweep_dp|batch_size_sweep_dp_gpu1_f04813,1.0,1,5107,job
bert_sst2_ext|39b13cda_20260420_203906,1.0,3,5107,job
bert_sst2|19873577_20260412_224117,1.0,1,5107,job
bert_sst2|30b0dab5_20260412_231705,1.0,1,5107,job
cufft_benchmark|227faa64_20260413_033119,1.0,1,5107,job
cufft_benchmark|2cf468dc_20260421_013631,1.0,10,5107,job
cufft_benchmark|692a3d5e_20260412_224117,1.0,10,5107,job
cufft_benchmark|f97558fa_20260412_231705,1.0,10,5107,job
fsdp_13b_nvlink|0b39d5a9bdb4_20260413_003641,1.0,80,5107,job
fsdp_13b_nvlink|943b54f5deb5_20260412_071300,1.0,80,5107,job
fsdp_30b_nvlink|8726f6620517_20260413_001627,1.0,80,5107,job
fsdp_70b_nvlink|3e8e00c5f514_20260413_010753,1.0,80,5107,job
gpt2_finetune|f22ba689_20260413_032930,0.0,1,5107,job
gpt2_wikitext2_ext|daa304a2_20260421_011634,1.0,6,5107,job
idle|03110fa2_20260824_232519,1.0,7,5107,job
idle|9883933c_20260420_201152,1.0,7,5107,job
idle|9eb24edf_20260824_171857,1.0,7,5107,job
llm_infer_mistral_7b_q4|143e0113_20260419_220838,1.0,1,5107,job
llm_infer_mistral_7b_q4|1aa4e562_20260825_004332,1.0,10,5107,job
llm_infer_mistral_7b_q4|2ec733be_20260419_221039,1.0,1,5107,job
llm_infer_mistral_7b_q4|53e3e332_20260419_210248,1.0,1,5107,job
llm_infer_mistral_7b_q4|bd933593_20260419_221051,1.0,1,5107,job
llm_infer_mistral_7b_q4|d52344f3_20260419_220856,1.0,1,5107,job
llm_infer_mistral_7b_q4|e81dfe47_20260420_015946,1.0,10,5107,job
llm_infer_mistral_7b_q4|eff20385_20260419_205907,1.0,1,5107,job
llm_infer_phi3_mini|3bce5480_20260420_210836,1.0,10,5107,job
llm_infer_phi3_mini|e7320dff_20260420_205804,0.9,10,5107,job
llm_infer_qwen25_14b_fp16|200c729c_20260419_235621,1.0,10,5107,job
llm_infer_qwen25_14b_fp16|2e76122c_20260419_212144,0.7,10,5107,job
llm_infer_qwen25_32b_fp16|08c0cbfe_20260420_001804,1.0,10,5107,job
llm_infer_qwen25_32b_fp16|097ee7e4_20260420_002519,1.0,10,5107,job
llm_infer_qwen25_32b_fp16|54f1bd71_20260419_205959,1.0,1,5107,job
llm_infer_qwen25_32b_fp16|a14ebdea_20260824_215053,1.0,10,5107,job
llm_infer_qwen25_32b_fp16|c89b4098_20260419_214232,0.6,10,5107,job
llm_infer_qwen25_32b_fp16|cbe6294b_20260824_215701,1.0,10,5107,job
llm_infer_qwen25_32b_fp16|d008e2dd_20260419_205950,1.0,1,5107,job
llm_infer_qwen25_3b_bs16|0765cbf1_20260420_215052,1.0,10,5107,job
llm_infer_qwen25_3b_bs16|0918ee71_20260419_032245,1.0,10,5107,job
llm_infer_qwen25_3b_bs16|22ecde82_20260419_032802,1.0,10,5107,job
llm_infer_qwen25_3b_bs4|a3bb4757_20260419_221022,1.0,10,5107,job
llm_infer_qwen25_3b|372a1387_20260420_212426,1.0,10,5107,job
llm_infer_qwen25_3b|59a892fe_20260419_020238,1.0,10,5107,job
llm_infer_qwen25_3b|b3849090_20260419_213727,1.0,10,5107,job
llm_infer_qwen25_3b|df5ce46a_20260419_020809,1.0,10,5107,job
llm_infer_qwen25_3b|f36beab2_20260419_214818,1.0,10,5107,job
llm_infer_qwen25_72b_fp16|aaa06495_20260421_002643,1.0,10,5107,job
llm_infer_qwen25_72b_fp8|78a77a8b_20260420_235909,0.9,10,5107,job
llm_infer_qwen25_72b_fp8|8ae2fbd4_20260420_004029,0.9,10,5107,job
llm_infer_qwen25_7b_fp16|5ff414f8_20260419_211038,1.0,10,5107,job
llm_infer_qwen25_7b_fp16|f6638e51_20260419_211613,1.0,10,5107,job
llm_infer_qwen25_7b_fp16|febf963c_20260419_205933,1.0,1,5107,job
llm_infer_sdxl|212903bb_20260420_223849,1.0,10,5107,job
llm_infer_sdxl|3761f92b_20260419_223705,0.0,10,5107,job
llm_infer_sdxl|827523c5_20260420_223333,0.9,10,5107,job
llm_infer_sdxl|adc8a3d2_20260419_222624,0.1,10,5107,job
llm_infer_tinyllama_bs8|75a3d2cd_20260419_215432,1.0,10,5107,job
llm_infer_tinyllama_seq4096|bf1e9e48_20260419_030704,1.0,10,5107,job
llm_infer_vit_l_bs64|38e37d2f_20260419_034355,1.0,10,5107,job
llm_train_mistral_7b_lora|e2b30e58_20260419_232842,1.0,10,5107,job
llm_train_phi3_mini_lora|48da72bf_20260824_230320,1.0,10,5107,job
llm_train_phi3_mini_lora|4bf06f5e_20260824_225752,1.0,10,5107,job
llm_train_phi3_mini_lora|5fb0d553_20260824_225222,1.0,10,5107,job
llm_train_phi3_mini_lora|61242a7d_20260419_225953,0.9,10,5107,job
llm_train_smollm2_1p7b_lora|ad1a6473_20260419_222727,1.0,10,5107,job
llm_train_smollm2_1p7b_lora|bc185109_20260419_223818,1.0,10,5107,job
mining_ethash_proxy|417dd7cd_20260420_002049,1.0,10,5107,job
mining_ethash_proxy|8c86200c_20260412_232321,1.0,10,5107,job
modern_inference|5c76e8e5_20260413_033057,0.0,1,5107,job
nbody_sim|4bf2dc52_20260412_231705,1.0,10,5107,job
nbody_sim|nbody_sim_c0054d,1.0,1,5107,job
nvlink_bandwidth|nvlink_bandwidth_gpu1_30ea2a,1.0,1,5107,job
nvlink_latency|nvlink_latency_gpu0_1c6087,0.0,1,5107,job
nvlink_latency|nvlink_latency_gpu0_5aa1ba,1.0,1,5107,job
nvlink_latency|nvlink_latency_gpu1_3ab445,0.0,1,5107,job
nvlink_latency|nvlink_latency_gpu1_9a8612,0.0,1,5107,job
nvlink_p2p|858acb89_20260413_033414,0.0,1,5107,job
nvlink_p2p|927418b1_20260413_033435,1.0,1,5107,job
ppo_rlhf_r32_rep1|2b37c1ae_20260804_170110,1.0,10,5107,job
ppo_rlhf_r8_rep1|6394bf01_20260804_164958,1.0,10,5107,job
pytorch_mlp_cifar10_ext|91abd671_20260420_204403,1.0,10,5107,job
pytorch_mlp_cifar10|22fad3bd_20260825_021517,1.0,1,5107,job
pytorch_resnet_cifar10_amp_ext|0e16abc8_20260420_204227,1.0,5,5107,job
pytorch_resnet_cifar10_amp|5543e12f_20260825_020949,1.0,1,5107,job
pytorch_resnet_cifar10_amp|73475ab0_20260412_231132,1.0,4,5107,job
pytorch_resnet_cifar10_amp|7e69c6dd_20260825_021041,1.0,1,5107,job
pytorch_resnet_cifar10_amp|fcd1f0dc_20260825_073317,1.0,1,5107,job
pytorch_resnet_cifar10_ext|d18ec4ea_20260421_011036,1.0,5,5107,job
pytorch_resnet_cifar10|0d79ee94_20260825_005047,0.0,10,5107,job
pytorch_resnet_cifar10|1c3ed317_20260825_020430,1.0,1,5107,job
resnet50_inference|d6707f42_20260413_033014,0.0,1,5107,job
resnet_amp|resnet_amp_cc435c,1.0,1,5107,job
resnet_fp32|resnet_fp32_f7ebcf,1.0,1,5107,job
scientific_hpc|3cf03b97_20260413_033308,1.0,1,5107,job
symgemm_L1_fwd3_m8192_rep2|e044c3fe_20260802_211404,1.0,10,5107,job
symgemm_L1_fwd3_rep1|9c7b9bc7_20260802_175625,1.0,10,5107,job
symgemm_L4_sgdfused_7b_rep1|d75e1ca4_20260802_212515,1.0,10,5107,job
symgemm_L4_sgdfused_rep2|a86d6744_20260802_200703,1.0,10,5107,job
symgemm_L5_adam_rep4|b36d56ef_20260802_232008,1.0,10,5107,job
symgemm_decode_g256_rep1|37d9b353_20260803_004828,1.0,10,5107,job
symgemm_ppo_fused_r32_rep2|c6b8724c_20260803_011053,1.0,10,5107,job
symgemm_ppo_fused_r32_rep3|6b1c2a3b_20260803_014427,1.0,10,5107,job
training_dual_gpu_dp|multi_gpu_telemetry_gpu1,0.5,2,5107,job
training_dual_gpu_dp|training_dual_gpu_dp_gpu1_d95db4,1.0,1,5107,job
whitebox_diluted_N10|d7e25a80_20260725_203405,1.0,10,5107,job
whitebox_inference_7b_1h|4bf42831_20260727_095532,0.8,10,5107,job
whitebox_inference_long|877db838_20260725_055129,1.0,10,5107,job
whitebox_lora_7b_N500_long|43be1ab2_20260726_203116,1.0,10,5107,job
whitebox_lora_7b_pilot_N6|13c5d8f6_20260726_123856,1.0,10,5107,job
whitebox_lora_7b_pilot_N7|b7b290a9_20260726_125420,1.0,10,5107,job
whitebox_lora_N10|c738d40d_20260725_203918,1.0,10,5107,job
whitebox_lora_N20|7d319b8f_20260725_201255,1.0,10,5107,job
whitebox_oracle_7b_long|dd20b782_20260726_181838,1.0,10,5107,job
whitebox_oracle|ba2654c8_20260725_224635,1.0,10,5107,job
adversarial_E_memory_minimal|bd61daeb_20260412_223016,1.0,10,5108,job
adversarial_E_memory_minimal|c443df01_20260825_035624,1.0,10,5108,job
adversarial_F_interleave_30|7edc637e_20260825_042324,1.0,10,5108,job
adversarial_F_interleave_50|bc02cbc2_20260726_000947,1.0,10,5108,job
adversarial_H_mimicry_cufft|bf336e54_20260825_051722,1.0,10,5108,job
adversarial_I_stochastic_30|d13c6696_20260825_054421,1.0,10,5108,job
adversarial_K_ddp_accum_8|4e915a9d238b_20260412_065453,1.0,80,5108,job
adversarial_K_ddp_accum_8|73431dec5f44_20260412_234640,1.0,80,5108,job
adversarial_K_online_learning|3ca87735_20260825_060556,1.0,10,5108,job
adversarial_K_online_learning|901b510d_20260825_061120,1.0,10,5108,job
adversarial_L_ddp_10|4f087fae7c56_20260412_233011,1.0,80,5108,job
adversarial_L_ddp_5|a9a551652c04_20260412_235905,1.0,80,5108,job
adversarial_L_diluted_10_mw8|453df7c0_20260726_170248,1.0,10,5108,job
adversarial_L_diluted_10|6ef8b233_20260412_231132,1.0,10,5108,job
adversarial_L_diluted_5|05e951a9_20260825_063819,1.0,10,5108,job
bert_sst2_amp_ext|7d5929da_20260420_202928,1.0,1,5108,job
bert_sst2_amp|dd87fb92_20260412_222753,1.0,1,5108,job
bert_sst2|4a0aab7a_20260825_021739,1.0,1,5108,job
bert_sst2|906cb48d_20260825_021650,1.0,1,5108,job
cufft_benchmark|38fd661e_20260419_235032,1.0,10,5108,job
cufft_hpc|cufft_hpc_58ecd2,1.0,1,5108,job
cufft_hpc|cufft_hpc_c78372,1.0,1,5108,job
ddp_resnet18_cifar10_amp|452a0a67a4fb_20260412_061559,1.0,80,5108,job
ddp_resnet50_cifar10|3477d94c3a9e_20260412_060843,1.0,80,5108,job
fsdp_30b_nvlink|8726f6620517_20260413_001627,1.0,80,5108,job
fsdp_70b_seq512_nvlink|78349b23d251_20260413_013913,1.0,80,5108,job
fsdp_70b_seqlen512|27c89ff855c9_20260413_012837,0.6125,80,5108,job
fsdp_7b_nvlink|5de962c92de9_20260412_235456,1.0,80,5108,job
fsdp_7b_nvlink|755f005b3557_20260412_070444,1.0,80,5108,job
gpt2_finetune|f22ba689_20260413_032930,1.0,1,5108,job
gpt2_wikitext2_amp_ext|f609adef_20260420_203807,1.0,2,5108,job
gpt2_wikitext2_amp|025c9b24_20260412_224117,1.0,1,5108,job
gpt2_wikitext2|1f4b6ea6_20260412_231705,1.0,3,5108,job
idle|964c62f7_20260420_194932,1.0,7,5108,job
idle|9c0d0d21_20260824_232740,1.0,7,5108,job
idle|9d362947_20260419_233822,1.0,7,5108,job
idle|b37a89ff_20260824_180358,1.0,7,5108,job
idle|b3e73340_20260419_233617,1.0,7,5108,job
idle|bda38c7a_20260412_231132,1.0,7,5108,job
idle|dd455a95_20260824_171422,1.0,7,5108,job
inference|inference_c1b4c6,1.0,1,5108,job
llm_infer_deepseek_v3_tp8|acb00ac39728_20260419_002312,0.4,30,5108,job
llm_infer_mistral_7b_q4|0546326b_20260420_015345,1.0,1,5108,job
llm_infer_mistral_7b_q4|199b8710_20260825_074125,0.9,10,5108,job
llm_infer_mistral_7b_q4|5841de91_20260419_210239,1.0,1,5108,job
llm_infer_mistral_7b_q4|960c6bbd_20260421_012347,1.0,10,5108,job
llm_infer_mistral_7b_q4|c36eab64_20260419_220847,1.0,1,5108,job
llm_infer_mistral_7b_q4|ce7f27f7_20260825_075353,1.0,10,5108,job
llm_infer_mistral_7b_q4|dbde8feb_20260419_210231,1.0,1,5108,job
llm_infer_mixtral_8x7b|2136c735_20260421_001254,1.0,10,5108,job
llm_infer_phi3_mini|52a2bd28_20260420_210319,1.0,10,5108,job
llm_infer_phi3_mini|e7151e88_20260420_205129,1.0,10,5108,job
llm_infer_qwen25_14b_fp16|1eda1bef_20260824_213225,1.0,10,5108,job
llm_infer_qwen25_14b_fp16|9bdd69d7_20260420_233533,1.0,10,5108,job
llm_infer_qwen25_14b_fp16|e481b484_20260419_234859,1.0,10,5108,job
llm_infer_qwen25_32b_fp16|0e1acfb8_20260824_214418,1.0,10,5108,job
llm_infer_qwen25_32b_fp16|54f1bd71_20260419_205959,1.0,1,5108,job
llm_infer_qwen25_32b_fp16|949b75e6_20260419_215643,1.0,10,5108,job
llm_infer_qwen25_32b_fp16|d008e2dd_20260419_205950,1.0,1,5108,job
llm_infer_qwen25_3b_bs16|301efde2_20260419_225807,1.0,10,5108,job
llm_infer_qwen25_3b_bs16|72bf234c_20260419_230326,1.0,10,5108,job
llm_infer_qwen25_3b_bs4|16c726fc_20260419_222104,1.0,10,5108,job
llm_infer_qwen25_3b_bs4|27632d17_20260420_214020,1.0,10,5108,job
llm_infer_qwen25_3b_bs4|766c2eff_20260419_024551,1.0,10,5108,job
llm_infer_qwen25_72b_fp8|36625af8_20260420_235243,1.0,10,5108,job
llm_infer_qwen25_72b_fp8|4bc4cd75_20260420_234536,0.9,10,5108,job
llm_infer_qwen25_72b_fp8|78a77a8b_20260420_235909,1.0,10,5108,job
llm_infer_qwen25_72b_fp8|b39fa450_20260419_042425,1.0,10,5108,job
llm_infer_qwen25_7b_fp16|5ff414f8_20260419_211038,1.0,10,5108,job
llm_infer_qwen25_7b_fp16|87b75337_20260824_200626,1.0,2,5108,job
llm_infer_qwen25_7b_fp16|8c50624a_20260824_211339,1.0,10,5108,job
llm_infer_qwen25_7b_fp16|a694acd9_20260419_210256,0.8,10,5108,job
llm_infer_sdxl|212903bb_20260420_223849,1.0,10,5108,job
llm_infer_sdxl|3761f92b_20260419_223705,0.0,10,5108,job
llm_infer_sdxl|81d0af5a_20260419_030149,0.8,10,5108,job
llm_infer_sdxl|81e16ec3_20260419_025634,0.8,10,5108,job
llm_infer_sdxl|adc8a3d2_20260419_222624,0.1,10,5108,job
llm_infer_tinyllama_seq4096|25a7da9a_20260419_225251,1.0,10,5108,job
llm_infer_tinyllama_seq4096|bf1e9e48_20260419_030704,1.0,10,5108,job
llm_infer_vit_l_bs64|a2d462c4_20260420_225947,1.0,10,5108,job
llm_infer_vit_l_bs64|fde5cf55_20260420_225435,1.0,10,5108,job
llm_train_mistral_7b_lora|e2b30e58_20260419_232842,1.0,10,5108,job
llm_train_mistral_7b_lora|e954b9ae_20260824_231951,1.0,10,5108,job
llm_train_mistral_7b_lora|f79dbad9_20260824_230849,1.0,10,5108,job
llm_train_qwen25_1p5b_lora|f2ab89f9_20260824_221404,1.0,10,5108,job
llm_train_qwen25_3b_lora|46b96f38_20260419_224930,1.0,10,5108,job
llm_train_qwen25_3b_lora|66980709_20260824_223555,1.0,10,5108,job
mining_ethash_proxy|3cac048c_20260825_000110,1.0,10,5108,job
mining_ethash_proxy|8c86200c_20260412_232321,1.0,10,5108,job
mining_ethash_proxy|fad55191_20260421_015646,1.0,10,5108,job
mlp_training|mlp_training_c52a21,1.0,1,5108,job
nvlink_latency|nvlink_latency_gpu1_9a8612,1.0,1,5108,job
nvlink_p2p|927418b1_20260413_033435,1.0,1,5108,job
ppo_rlhf_r32_rep3|9c5afa29_20260804_174554,1.0,10,5108,job
pytorch_mlp_cifar10|c7886665_20260412_222753,0.0,1,5108,job
pytorch_resnet_cifar10_amp|29320233_20260825_073152,1.0,1,5108,job
pytorch_resnet_cifar10_amp|a2af05e4_20260825_020701,1.0,1,5108,job
pytorch_resnet_cifar10_ext|d18ec4ea_20260421_011036,1.0,5,5108,job
pytorch_resnet_cifar10|1c3ed317_20260825_020430,1.0,1,5108,job
pytorch_resnet_cifar10|94104fc8_20260412_223541,1.0,2,5108,job
rendering_proxy|307d16fe_20260825_032515,1.0,10,5108,job
rendering_proxy|8aeaf443_20260825_033538,1.0,10,5108,job
rendering_proxy|c76a250c_20260412_224732,0.9,10,5108,job
resnet50_inference|f65b4403_20260413_033014,0.0,1,5108,job
resnet_amp|resnet_amp_0c34ce,1.0,1,5108,job
scientific_hpc|3cf03b97_20260413_033308,1.0,1,5108,job
scientific_hpc|b957a0bf_20260413_033246,1.0,1,5108,job
symgemm_L0_fwd1_rep4|03ed95b1_20260802_233118,1.0,10,5108,job
symgemm_L1_fwd3_rep2|e04a3490_20260802_201813,1.0,10,5108,job
symgemm_L3_graddiscard_rep2|eaf8a014_20260802_205144,0.9,10,5108,job
symgemm_L4_sgdfused_short7b_rep1|2f4f2eb2_20260803_072657,0.9,10,5108,job
symgemm_decode_g256_rep1|37d9b353_20260803_004828,0.0,10,5108,job
symgemm_decode_g256_rep2|4fc9bf1b_20260803_012205,0.0,10,5108,job
symgemm_decode_g256_rep3|6e25438a_20260803_015538,0.0,10,5108,job
symgemm_ppo_fused_r8_rep1|3a9327e2_20260803_002606,1.0,10,5108,job
symgemm_ppo_fused_r8_rep3|be11f759_20260803_013316,1.0,10,5108,job
training_dual_gpu_dp|training_dual_gpu_dp_gpu0_e63285,1.0,1,5108,job
training_single_gpu|training_single_gpu_gpu1_552ff1,0.0,1,5108,job
whitebox_diluted_7b_N10_1h|f65c515b_20260727_121946,0.9,10,5108,job
whitebox_diluted_N10|d7e25a80_20260725_203405,1.0,10,5108,job
whitebox_diluted_N20|2b6c90aa_20260725_200743,1.0,10,5108,job
whitebox_inference_7b_2h|2c53509d_20260727_215058,0.9,10,5108,job
whitebox_inference_long|877db838_20260725_055129,0.8,10,5108,job
whitebox_inference|2c3fb377_20260725_205514,0.9,10,5108,job
whitebox_lora_1b_N1_1h|861a8dfb_20260727_173343,1.0,10,5108,job
whitebox_lora_N10_long|58e5a6e6_20260724_215116,1.0,10,5108,job
whitebox_lora_N10|00ea9b4c_20260725_211603,1.0,10,5108,job
whitebox_lora_N20|b5e22ab8_20260725_212628,1.0,10,5108,job
whitebox_oracle_7b_long|dd20b782_20260726_181838,1.0,10,5108,job
whitebox_oracle|ba2654c8_20260725_224635,1.0,10,5108,job
adversarial_F_interleave_30|42e0d626_20260412_223016,1.0,10,5109,job
adversarial_F_interleave_50|46a73a4e_20260725_234614,1.0,10,5109,job
adversarial_G_clock_throttled|d38b3081_20260412_053508,1.0,10,5109,job
adversarial_G_clock_throttled|d64b14fc_20260825_045547,1.0,10,5109,job
adversarial_H_mimicry_cufft|3d49af99_20260413_013919,1.0,10,5109,job
adversarial_H_mimicry_cufft|49dbd077_20260412_223016,1.0,10,5109,job
adversarial_H_mimicry_mining|bedfd354_20260412_223016,1.0,10,5109,job
adversarial_I_stochastic_30|1319ffe7_20260726_002804,1.0,10,5109,job
adversarial_I_stochastic_30|15190e45_20260725_234104,1.0,10,5109,job
adversarial_J_pid_75|94ea2465_20260825_054945,1.0,10,5109,job
adversarial_J_pid_75|e3f49bde_20260412_223016,1.0,10,5109,job
adversarial_K_ddp_accum_8|036fb65cffea_20260413_002258,1.0,80,5109,job
adversarial_K_online_learning|901b510d_20260825_061120,1.0,10,5109,job
adversarial_K_online_learning|cff6d675_20260825_061644,1.0,10,5109,job
adversarial_L_ddp_10|740abd236207_20260413_000621,1.0,80,5109,job
adversarial_L_ddp_10|a3adf2258b52_20260412_063635,1.0,80,5109,job
adversarial_L_ddp_stagger_5|8e9728362385_20260412_064206,1.0,80,5109,job
adversarial_L_diluted_10_mw8|2a0a1abb_20260726_170758,1.0,10,5109,job
adversarial_L_diluted_10|03656a60_20260825_065954,1.0,10,5109,job
adversarial_L_diluted_20|c1b0e51f_20260825_071606,1.0,10,5109,job
adversarial_L_diluted_20|c504ec15_20260726_002055,1.0,10,5109,job
adversarial_L_diluted_2|0e8e28c2_20260825_062208,1.0,10,5109,job
adversarial_L_diluted_5|478eaec5_20260412_223541,1.0,10,5109,job
adversarial_training|0ff8862b_20260413_033352,1.0,1,5109,job
adversarial_training|b1c5e184_20260413_033330,0.0,1,5109,job
bert_sst2_ext|d1b7b9e7_20260420_202822,1.0,3,5109,job
bert_sst2|30b0dab5_20260412_231705,1.0,1,5109,job
cufft_benchmark|15fa4bd9_20260413_033141,1.0,1,5109,job
cufft_benchmark|4bfa16e2_20260824_235047,1.0,10,5109,job
cufft_benchmark|83e14a25_20260421_014638,1.0,10,5109,job
cufft_benchmark|a3a1b5b0_20260420_195136,1.0,10,5109,job
ddp_resnet18_cifar10_amp|452a0a67a4fb_20260412_061559,1.0,80,5109,job
ddp_resnet50_cifar10|3477d94c3a9e_20260412_060843,1.0,80,5109,job
ddp_resnet50_cifar10|c83757ac5731_20260412_230440,1.0,80,5109,job
ddp_training|ddp_telemetry_gpu0,1.0,1,5109,job
fsdp_13b_nvlink|0b39d5a9bdb4_20260413_003641,1.0,80,5109,job
fsdp_30b_adamw_nvlink|29f631dc5b8a_20260413_002943,1.0,80,5109,job
fsdp_70b_nvlink|c632fe2971fa_20260412_071411,1.0,8,5109,job
fsdp_70b_nvlink|c88e29e18a8a_20260413_010413,0.5625,80,5109,job
fsdp_7b_nvlink|a2f8d14a4ed2_20260413_003114,1.0,80,5109,job
gpt2_finetune|cfe318c2_20260413_032930,0.0,1,5109,job
gpt2_wikitext2_amp_ext|058cfbc9_20260420_204849,1.0,2,5109,job
gpt2_wikitext2|60a1ee17_20260825_022027,1.0,2,5109,job
idle|964c62f7_20260420_194932,1.0,7,5109,job
idle|dd455a95_20260824_171422,1.0,7,5109,job
idle|f63d327d_20260421_013426,1.0,7,5109,job
idle|idle_9cb91e,1.0,1,5109,job
llm_infer_mistral_7b_q4|143e0113_20260419_220838,1.0,1,5109,job
llm_infer_mistral_7b_q4|2ec733be_20260419_221039,1.0,1,5109,job
llm_infer_mistral_7b_q4|793c412e_20260420_010538,1.0,10,5109,job
llm_infer_mistral_7b_q4|960c6bbd_20260421_012347,1.0,10,5109,job
llm_infer_mistral_7b_q4|afe01b8f_20260419_205857,1.0,1,5109,job
llm_infer_mistral_7b_q4|b0506bd3_20260419_205916,1.0,1,5109,job
llm_infer_mistral_7b_q4|b8b0e618_20260420_005449,1.0,10,5109,job
llm_infer_mixtral_8x7b|7c6d4b81_20260421_000537,1.0,10,5109,job
llm_infer_mixtral_8x7b|a79f0a84_20260419_040511,1.0,10,5109,job
llm_infer_phi3_mini|4d756fdb_20260419_014632,1.0,10,5109,job
llm_infer_qwen25_14b_fp16|1eda1bef_20260824_213225,1.0,10,5109,job
llm_infer_qwen25_14b_fp16|2e76122c_20260419_212144,0.7,10,5109,job
llm_infer_qwen25_14b_fp16|98601a67_20260824_213822,1.0,10,5109,job
llm_infer_qwen25_32b_fp16|097ee7e4_20260420_002519,1.0,10,5109,job
llm_infer_qwen25_32b_fp16|0e1acfb8_20260824_214418,1.0,10,5109,job
llm_infer_qwen25_32b_fp16|7efd8ad1_20260419_220234,1.0,10,5109,job
llm_infer_qwen25_3b_bs16|0765cbf1_20260420_215052,1.0,10,5109,job
llm_infer_qwen25_3b_bs16|301efde2_20260419_225807,1.0,10,5109,job
llm_infer_qwen25_3b_bs4|dbfd03f1_20260419_023515,1.0,10,5109,job
llm_infer_qwen25_3b|f8a46936_20260420_211909,1.0,10,5109,job
llm_infer_qwen25_72b_fp8|4bc4cd75_20260420_234536,1.0,10,5109,job
llm_infer_qwen25_72b_fp8|6ee178e0_20260419_043033,1.0,10,5109,job
llm_infer_qwen25_72b_tp2|173cf665d203_20260419_044434,1.0,10,5109,job
llm_infer_qwen25_72b_tp2|d667bcd68796_20260419_045202,1.0,20,5109,job
llm_infer_qwen25_7b_fp16|58527b11_20260419_232945,0.9,10,5109,job
llm_infer_qwen25_7b_fp16|febf963c_20260419_205933,1.0,1,5109,job
llm_infer_sdxl|3761f92b_20260419_223705,0.9,10,5109,job
llm_infer_sdxl|5477dea8_20260419_223149,0.8,10,5109,job
llm_infer_tinyllama_bs8|bcad42c3_20260419_220507,1.0,10,5109,job
llm_infer_tinyllama_bs8|efe8ddc5_20260419_021922,1.0,10,5109,job
llm_infer_tinyllama_seq4096|25a7da9a_20260419_225251,1.0,10,5109,job
llm_infer_vit_l_bs64|e895e0da_20260419_033836,0.9,10,5109,job
llm_train_mistral_7b_lora|408384ba_20260419_232329,1.0,10,5109,job
llm_train_mistral_7b_lora|e2b30e58_20260419_232842,1.0,10,5109,job
llm_train_phi3_mini_lora|48da72bf_20260824_230320,1.0,10,5109,job
llm_train_phi3_mini_lora|5fb0d553_20260824_225222,1.0,10,5109,job
llm_train_phi3_mini_lora|61242a7d_20260419_225953,1.0,10,5109,job
llm_train_qwen25_1p5b_lora|4f537ca3_20260419_222216,1.0,10,5109,job
llm_train_qwen25_1p5b_lora|8a368ac5_20260824_220307,1.0,10,5109,job
llm_train_qwen25_1p5b_lora|f2ab89f9_20260824_221404,1.0,10,5109,job
llm_train_qwen25_3b_lora|66980709_20260824_223555,1.0,10,5109,job
llm_train_qwen25_3b_lora|dfde664f_20260419_224329,0.9,10,5109,job
mining_ethash_proxy|417dd7cd_20260420_002049,1.0,10,5109,job
mining_ethash_proxy|5a291891_20260420_200144,1.0,10,5109,job
modern_inference|6ce8e009_20260413_033057,1.0,1,5109,job
nbody_sim|4bf2dc52_20260412_231705,1.0,10,5109,job
nbody_sim|98b49f2f_20260412_224117,1.0,10,5109,job
nbody_sim|b9568c1a_20260413_033202,1.0,1,5109,job
nbody_sim|bcbaef15_20260413_033224,1.0,1,5109,job
nvlink_latency|nvlink_latency_gpu0_5aa1ba,1.0,1,5109,job
ppo_rlhf_r32_rep3|9c5afa29_20260804_174554,1.0,10,5109,job
ppo_rlhf_r8_rep2|4735a4fb_20260804_171221,1.0,10,5109,job
ppo_rlhf_r8_rep3|5a1e4c08_20260804_173443,1.0,10,5109,job
pytorch_mlp_cifar10_ext|a9cd45e0_20260421_011343,1.0,10,5109,job
pytorch_mlp_cifar10|2cd679aa_20260412_224117,1.0,2,5109,job
pytorch_mlp_cifar10|c7886665_20260412_222753,0.0,1,5109,job
pytorch_resnet_cifar10_amp|964987b7_20260825_021328,1.0,1,5109,job
pytorch_resnet_cifar10|30653101_20260412_231132,1.0,3,5109,job
pytorch_resnet_cifar10|71c3cb1a_20260825_020519,1.0,1,5109,job
pytorch_resnet_cifar10|94104fc8_20260412_223541,1.0,2,5109,job
rendering_proxy|8aeaf443_20260825_033538,1.0,10,5109,job
resnet_fp32|resnet_fp32_d1d694,1.0,1,5109,job
scientific_hpc|2369d03f_20260413_033308,1.0,1,5109,job
scientific_hpc|b957a0bf_20260413_033246,1.0,1,5109,job
symgemm_L1_fwd3_m8192_rep2|e044c3fe_20260802_211404,0.3,10,5109,job
symgemm_L4_sgdfused_m8192_rep2|b0c570a7_20260802_210254,1.0,10,5109,job
symgemm_L4_sgdfused_short7b_rep1|2f4f2eb2_20260803_072657,1.0,10,5109,job
symgemm_decode_g256_rep3|6e25438a_20260803_015538,1.0,10,5109,job
symgemm_idle|06d5a273_20260802_173910,0.1,10,5109,job
training_dual_gpu_dp|multi_gpu_telemetry_gpu0,0.0,2,5109,job
training_dual_gpu_dp|training_dual_gpu_dp_gpu0_1c7245,1.0,1,5109,job
training_dual_gpu_dp|training_dual_gpu_dp_gpu1_278acd,1.0,1,5109,job
training_single_gpu|single_gpu_telemetry,1.0,1,5109,job
training_single_gpu|training_single_gpu_gpu1_552ff1,0.0,1,5109,job
whitebox_diluted_7b_N10_1h|f65c515b_20260727_121946,0.9,10,5109,job
whitebox_diluted_7b_N1_1h|5df04b7a_20260727_183421,0.9,10,5109,job
whitebox_diluted_N10|8891b439_20260725_211051,1.0,10,5109,job
whitebox_diluted_N10|e6a6ba30_20260725_195717,1.0,10,5109,job
whitebox_inference_7b_1h|4bf42831_20260727_095532,0.8,10,5109,job
whitebox_inference|3d92903b_20260725_201826,1.0,10,5109,job
whitebox_lora_7b_N1_1h|d26abcf1_20260727_110823,0.9,10,5109,job
whitebox_lora_N5|5d8cb134_20260725_210538,1.0,10,5109,job
width_sweep_dp|width_sweep_dp_gpu0_a80bfa,1.0,1,5109,job
