grp,acc,n_win,rep,level
adversarial_F_interleave_50,1.0,81,4000,fine
adversarial_L_ddp_10,1.0,240,4000,fine
bert_sst2,1.0,16,4000,fine
cufft_hpc,1.0,3,4000,fine
fsdp_70b_sgd_momentum,0.875,80,4000,fine
gpt2_finetune,0.6666666666666666,3,4000,fine
gpt2_wikitext2,1.0,33,4000,fine
llm_infer_qwen25_14b_fp16,0.991869918699187,123,4000,fine
llm_infer_qwen25_3b_bs16,0.5111111111111111,90,4000,fine
llm_train_qwen25_1p5b_lora,1.0,60,4000,fine
nvlink_p2p,1.0,3,4000,fine
ppo_rlhf_r32,0.7,30,4000,fine
pytorch_mlp_cifar10,0.9736842105263158,38,4000,fine
rendering_proxy,0.0,50,4000,fine
symgemm_L0_fwd1,0.925,40,4000,fine
symgemm_L1_fwd3_m8192,0.0,20,4000,fine
symgemm_L4_sgdfused,1.0,40,4000,fine
symgemm_L4_sgdfused_7b,1.0,10,4000,fine
symgemm_L4_sgdfused_short7b,0.9,10,4000,fine
training_dual_gpu_dp,0.5,8,4000,fine
training_single_gpu,0.4,5,4000,fine
whitebox_inference_1b_matched,0.0,10,4000,fine
whitebox_inference_7b,0.8,10,4000,fine
whitebox_lora_7b_N3_1h,1.0,10,4000,fine
whitebox_lora_7b_pilot_N2,0.9,10,4000,fine
whitebox_lora_7b_pilot_N3,1.0,10,4000,fine
whitebox_lora_7b_pilot_N5,1.0,10,4000,fine
whitebox_lora_7b_pilot_N8,1.0,10,4000,fine
width_sweep_dp,1.0,2,4000,fine
adversarial_E_memory_minimal,0.9803921568627451,51,4001,fine
adversarial_K_ddp,1.0,240,4001,fine
adversarial_L_diluted_2,1.0,60,4001,fine
batch_size_sweep_dp,0.5,2,4001,fine
bert_finetune,1.0,3,4001,fine
ddp_resnet18_cifar10_amp,1.0,240,4001,fine
fsdp_70b_adamw,1.0,8,4001,fine
fsdp_70b_sgd_momentum,1.0,80,4001,fine
inference,1.0,3,4001,fine
llm_infer_qwen25_72b_fp16,1.0,30,4001,fine
llm_infer_qwen25_72b_fp8,0.9444444444444444,90,4001,fine
llm_train_qwen25_3b_lora,0.9666666666666667,60,4001,fine
nvlink_p2p,0.6666666666666666,3,4001,fine
pytorch_mlp_cifar10,0.9736842105263158,38,4001,fine
pytorch_resnet_cifar10,0.6571428571428571,35,4001,fine
rendering,0.0,1,4001,fine
resnet50_inference,0.018867924528301886,53,4001,fine
symgemm_L1_fwd3_7b,0.4,10,4001,fine
symgemm_L4_sgdfused_short7b,0.9,10,4001,fine
whitebox_diluted_3b_N1_1h,0.9,10,4001,fine
whitebox_diluted_N20,1.0,30,4001,fine
whitebox_inference,0.9,30,4001,fine
whitebox_inference_7b,0.8,10,4001,fine
whitebox_inference_long,0.9,10,4001,fine
whitebox_lora_7b_N1_1h,1.0,10,4001,fine
whitebox_lora_7b_pilot_N6,1.0,10,4001,fine
whitebox_lora_7b_pilot_N7,1.0,10,4001,fine
whitebox_lora_N10,1.0,30,4001,fine
whitebox_lora_N20,1.0,30,4001,fine
adversarial_H_mimicry_cufft,0.8846153846153846,52,4002,fine
adversarial_K_ddp_accum_4,1.0,240,4002,fine
adversarial_L_ddp_5,1.0,240,4002,fine
adversarial_L_ddp_stagger_5,1.0,240,4002,fine
adversarial_L_diluted_10_mw8,1.0,30,4002,fine
adversarial_L_diluted_2,1.0,60,4002,fine
adversarial_L_diluted_200_mw8,1.0,20,4002,fine
cufft_benchmark,0.9823008849557522,113,4002,fine
ddp_resnet50_cifar10,1.0,240,4002,fine
fsdp_70b_adamw,0.25,8,4002,fine
fsdp_70b_nvlink,1.0,184,4002,fine
fsdp_70b_seq512_nvlink,1.0,80,4002,fine
llm_infer_phi3_mini,0.99,100,4002,fine
llm_infer_qwen25_14b_fp16,0.991869918699187,123,4002,fine
llm_infer_vit_l_bs64,0.9222222222222223,90,4002,fine
llm_train_qwen25_1p5b_lora,0.3333333333333333,60,4002,fine
resnet50_inference,0.0,53,4002,fine
resnet_amp,0.0,3,4002,fine
resnet_fp32,0.0,3,4002,fine
scientific_hpc,0.6666666666666666,3,4002,fine
symgemm_ppo_fused_r32,1.0,30,4002,fine
whitebox_diluted_3b_N1_1h,0.9,10,4002,fine
whitebox_inference,0.5,30,4002,fine
whitebox_inference_7b,0.8,10,4002,fine
whitebox_inference_long,0.6,10,4002,fine
whitebox_lora_7b_N100_1h,1.0,10,4002,fine
whitebox_lora_7b_pilot_N3,1.0,10,4002,fine
whitebox_lora_N10_long,1.0,10,4002,fine
whitebox_lora_N5,1.0,30,4002,fine
adversarial_H_mimicry_mining,0.8524590163934426,61,4003,fine
adversarial_K_ddp,1.0,240,4003,fine
adversarial_L_diluted_20,0.9666666666666667,90,4003,fine
adversarial_L_diluted_200_mw8,1.0,20,4003,fine
adversarial_training,0.3333333333333333,3,4003,fine
fsdp_70b_seqlen512,0.85,80,4003,fine
fsdp_7b_nvlink,1.0,240,4003,fine
gpt2_finetune,0.0,3,4003,fine
llm_infer_deepseek_v3_tp8,0.35833333333333334,240,4003,fine
llm_infer_mixtral_8x7b,0.8333333333333334,60,4003,fine
llm_infer_qwen25_14b_fp16,0.8292682926829268,123,4003,fine
llm_infer_qwen25_32b_fp16,0.8617886178861789,123,4003,fine
llm_infer_qwen25_3b,0.9888888888888889,90,4003,fine
llm_infer_qwen25_3b_bs4,1.0,90,4003,fine
llm_infer_qwen25_72b_fp16,0.8333333333333334,30,4003,fine
llm_infer_vit_l_bs64,0.9333333333333333,90,4003,fine
llm_train_mistral_7b_lora,1.0,60,4003,fine
llm_train_phi3_mini_lora,0.5666666666666667,60,4003,fine
llm_train_qwen25_1p5b_lora,1.0,60,4003,fine
llm_train_qwen25_3b_lora,0.9333333333333333,60,4003,fine
mining_proxy,0.0,1,4003,fine
nvlink_p2p,1.0,3,4003,fine
pytorch_training,1.0,3,4003,fine
symgemm_L4_sgdfused_short7b,1.0,10,4003,fine
training_single_gpu,0.8,5,4003,fine
whitebox_diluted_N20,1.0,30,4003,fine
whitebox_inference_3b,0.9,10,4003,fine
whitebox_lora_7b_N10,1.0,10,4003,fine
whitebox_lora_7b_N50_1h,1.0,10,4003,fine
adversarial_K_ddp_accum_4,1.0,240,4004,fine
adversarial_L_ddp_10,1.0,240,4004,fine
adversarial_L_ddp_5,0.9916666666666667,240,4004,fine
adversarial_L_ddp_stagger_5,1.0,240,4004,fine
bert_sst2,0.9375,16,4004,fine
fsdp_70b_nvlink,1.0,184,4004,fine
gpt2_finetune,0.3333333333333333,3,4004,fine
llm_infer_mistral_7b_q4,0.8106508875739645,169,4004,fine
llm_infer_qwen25_72b_fp16,1.0,30,4004,fine
llm_infer_qwen25_72b_fp8,0.9222222222222223,90,4004,fine
llm_infer_sdxl,0.011111111111111112,90,4004,fine
llm_train_phi3_mini_lora,0.9666666666666667,60,4004,fine
llm_train_qwen25_3b_lora,0.9333333333333333,60,4004,fine
llm_train_smollm2_1p7b_lora,0.9333333333333333,60,4004,fine
nvlink_bandwidth,0.0,4,4004,fine
ppo_rlhf_r32,1.0,30,4004,fine
pytorch_resnet_cifar10,0.7142857142857143,35,4004,fine
resnet50_inference,0.03773584905660377,53,4004,fine
symgemm_L1_fwd3_m8192,0.1,20,4004,fine
symgemm_L4_sgdfused_long1b,1.0,10,4004,fine
symgemm_L4_sgdfused_short7b,1.0,10,4004,fine
symgemm_L5_adam,1.0,40,4004,fine
whitebox_diluted_1b_N1_1h,1.0,10,4004,fine
whitebox_diluted_7b_N1_1h,1.0,10,4004,fine
whitebox_inference_3b_1h,0.0,10,4004,fine
whitebox_inference_7b_2h,0.8,10,4004,fine
whitebox_oracle,1.0,30,4004,fine
whitebox_oracle_7b_long,1.0,10,4004,fine
width_sweep_dp,0.0,2,4004,fine
adversarial_G_clock_throttled,1.0,51,4005,fine
adversarial_L_ddp_10,1.0,240,4005,fine
adversarial_L_ddp_stagger_5,0.9833333333333333,240,4005,fine
ddp_resnet50_cifar10,1.0,240,4005,fine
ddp_training,1.0,2,4005,fine
fsdp_30b_adamw_nvlink,1.0,80,4005,fine
fsdp_70b_sgd_momentum,1.0,80,4005,fine
idle,0.6634615384615384,104,4005,fine
llm_infer_mixtral_8x7b,1.0,60,4005,fine
llm_infer_phi3_mini,0.99,100,4005,fine
llm_infer_qwen25_3b,1.0,90,4005,fine
llm_infer_tinyllama_bs8,0.25555555555555554,90,4005,fine
llm_train_mistral_7b_lora,1.0,60,4005,fine
llm_train_qwen25_3b_lora,0.9833333333333333,60,4005,fine
llm_train_smollm2_1p7b_lora,1.0,60,4005,fine
modern_inference,1.0,3,4005,fine
resnet_fp32,0.0,3,4005,fine
symgemm_L4_sgdfused_7b,0.8,10,4005,fine
symgemm_L4_sgdfused_long1b,0.9,10,4005,fine
training_single_gpu,0.6,5,4005,fine
whitebox_diluted_N20,1.0,30,4005,fine
whitebox_inference,0.8666666666666667,30,4005,fine
whitebox_inference_3b,0.9,10,4005,fine
whitebox_lora_7b_N100_1h,0.5,10,4005,fine
whitebox_lora_7b_N1_1h,0.8,10,4005,fine
whitebox_lora_7b_N500_long,0.4,10,4005,fine
whitebox_lora_7b_N50_1h,0.8,10,4005,fine
whitebox_lora_7b_pilot_N5,1.0,10,4005,fine
whitebox_oracle_7b_long,0.9,10,4005,fine
adversarial_E_memory_minimal,1.0,51,4006,fine
adversarial_F_interleave_50,1.0,81,4006,fine
adversarial_I_stochastic_30,1.0,81,4006,fine
adversarial_L_ddp_10,1.0,240,4006,fine
adversarial_L_diluted_2,1.0,60,4006,fine
adversarial_L_diluted_200_mw8,1.0,20,4006,fine
adversarial_training,0.6666666666666666,3,4006,fine
batch_size_sweep_dp,1.0,2,4006,fine
ddp_resnet18_cifar10_amp,1.0,240,4006,fine
fsdp_13b_nvlink,1.0,240,4006,fine
gpt2_finetune,0.3333333333333333,3,4006,fine
llm_infer_deepseek_v3_tp8,0.7125,240,4006,fine
llm_infer_qwen25_72b_fp16,1.0,30,4006,fine
nbody_sim,1.0,56,4006,fine
nvlink_latency,0.0,4,4006,fine
ppo_rlhf_r32,0.8,30,4006,fine
ppo_rlhf_r8,0.9,30,4006,fine
pytorch_resnet_cifar10_amp,1.0,36,4006,fine
pytorch_training,1.0,3,4006,fine
rendering,0.0,1,4006,fine
symgemm_L4_sgdfused,0.0,40,4006,fine
symgemm_L4_sgdfused_long1b,0.0,10,4006,fine
whitebox_diluted_7b_N1_1h,1.0,10,4006,fine
whitebox_inference,0.9,30,4006,fine
whitebox_inference_1b_matched,0.8,10,4006,fine
whitebox_inference_7b,0.8,10,4006,fine
whitebox_lora_1b_N1_1h,1.0,10,4006,fine
whitebox_lora_7b_N50_1h,1.0,10,4006,fine
whitebox_lora_7b_pilot_N2,1.0,10,4006,fine
adversarial_F_interleave_30,0.9803921568627451,51,4007,fine
adversarial_H_mimicry_mining,0.9836065573770492,61,4007,fine
adversarial_L_ddp_10,1.0,240,4007,fine
adversarial_L_ddp_stagger_5,1.0,240,4007,fine
fsdp_70b_nvlink,1.0,184,4007,fine
fsdp_70b_seq512_nvlink,1.0,80,4007,fine
gpt2_finetune,0.6666666666666666,3,4007,fine
llm_infer_mixtral_8x7b,0.9833333333333333,60,4007,fine
llm_infer_tinyllama_seq4096,1.0,90,4007,fine
llm_train_phi3_mini_lora,0.9833333333333333,60,4007,fine
mlp_training,1.0,1,4007,fine
modern_inference,1.0,3,4007,fine
nvlink_bandwidth,0.5,4,4007,fine
pytorch_resnet_cifar10,0.6571428571428571,35,4007,fine
pytorch_training,1.0,3,4007,fine
resnet50_inference,0.018867924528301886,53,4007,fine
resnet_fp32,0.0,3,4007,fine
symgemm_L3_graddiscard,0.0,40,4007,fine
symgemm_L4_sgdfused_7b,0.5,10,4007,fine
symgemm_L4_sgdfused_short7b,1.0,10,4007,fine
symgemm_L5_adam,1.0,40,4007,fine
symgemm_decode_g256,0.0,30,4007,fine
training_dual_gpu_dp,0.875,8,4007,fine
whitebox_inference_3b,0.9,10,4007,fine
whitebox_inference_7b_1h,0.8,10,4007,fine
whitebox_lora_7b_N100_1h,1.0,10,4007,fine
whitebox_lora_7b_long,1.0,10,4007,fine
whitebox_lora_7b_pilot_N5,1.0,10,4007,fine
whitebox_oracle,1.0,30,4007,fine
adversarial_L_ddp_5,0.9958333333333333,240,4008,fine
bert_sst2,1.0,16,4008,fine
cufft_hpc,1.0,3,4008,fine
ddp_resnet18_cifar10_amp,1.0,240,4008,fine
fsdp_30b_nvlink,1.0,248,4008,fine
fsdp_70b_nvlink,0.9945652173913043,184,4008,fine
fsdp_70b_sgd_momentum,0.975,80,4008,fine
nvlink_p2p,1.0,3,4008,fine
ppo_rlhf_r32,0.9,30,4008,fine
resnet_fp32,0.0,3,4008,fine
symgemm_L1_fwd3,0.925,40,4008,fine
symgemm_L1_fwd3_7b,0.9,10,4008,fine
symgemm_L3_graddiscard,0.0,40,4008,fine
symgemm_L4_sgdfused_short7b,1.0,10,4008,fine
symgemm_decode_g256,0.2,30,4008,fine
symgemm_ppo_fused_r8,1.0,30,4008,fine
whitebox_diluted_1b_N1_1h,1.0,10,4008,fine
whitebox_diluted_7b_N10_1h,1.0,10,4008,fine
whitebox_inference_1b_matched,0.9,10,4008,fine
whitebox_inference_3b,0.9,10,4008,fine
whitebox_inference_7b_1h,0.8,10,4008,fine
whitebox_inference_long,1.0,10,4008,fine
whitebox_lora_7b_N10,1.0,10,4008,fine
whitebox_lora_7b_N20_1h,1.0,10,4008,fine
whitebox_lora_7b_N500_long,0.9,10,4008,fine
whitebox_lora_7b_pilot_N6,1.0,10,4008,fine
whitebox_lora_7b_pilot_N8,1.0,10,4008,fine
whitebox_lora_N20,1.0,30,4008,fine
whitebox_oracle_7b_long,1.0,10,4008,fine
adversarial_E_memory_minimal,1.0,51,4009,fine
adversarial_K_ddp_accum_4,1.0,240,4009,fine
adversarial_K_ddp_accum_8,1.0,240,4009,fine
adversarial_K_online_learning,0.85,60,4009,fine
adversarial_L_ddp_10,1.0,240,4009,fine
adversarial_L_diluted_10,0.8888888888888888,90,4009,fine
adversarial_L_diluted_2,0.9833333333333333,60,4009,fine
adversarial_L_diluted_20,0.7888888888888889,90,4009,fine
bert_sst2,0.75,16,4009,fine
cufft_hpc,1.0,3,4009,fine
ddp_resnet18_cifar10_amp,0.975,240,4009,fine
inference,0.0,3,4009,fine
llm_infer_qwen25_3b_bs4,0.9777777777777777,90,4009,fine
llm_train_phi3_mini_lora,1.0,60,4009,fine
llm_train_qwen25_1p5b_lora,0.9833333333333333,60,4009,fine
nvlink_bandwidth,0.75,4,4009,fine
pytorch_training,0.3333333333333333,3,4009,fine
symgemm_L4_sgdfused_m8192,0.85,20,4009,fine
symgemm_L4_sgdfused_short7b,0.9,10,4009,fine
whitebox_diluted_N10,1.0,30,4009,fine
whitebox_diluted_N20,1.0,30,4009,fine
whitebox_inference_3b_1h,0.9,10,4009,fine
whitebox_inference_7b_1h,0.8,10,4009,fine
whitebox_lora_7b_long,0.9,10,4009,fine
whitebox_lora_7b_pilot_N3,1.0,10,4009,fine
whitebox_lora_7b_pilot_N6,1.0,10,4009,fine
whitebox_lora_7b_pilot_N8,1.0,10,4009,fine
whitebox_lora_N10_long,1.0,10,4009,fine
whitebox_oracle_7b_long,1.0,10,4009,fine
adversarial_E_memory_minimal,1.0,51,4010,fine
adversarial_H_mimicry_cufft,0.7884615384615384,52,4010,fine
adversarial_L_diluted_20,1.0,90,4010,fine
adversarial_training,0.6666666666666666,3,4010,fine
fsdp_70b_adamw,1.0,8,4010,fine
fsdp_70b_seqlen512,0.8875,80,4010,fine
gpt2_finetune,0.3333333333333333,3,4010,fine
llm_infer_deepseek_v3_tp8,0.4666666666666667,240,4010,fine
llm_infer_mixtral_8x7b,0.9333333333333333,60,4010,fine
llm_infer_qwen25_72b_tp2,0.75,60,4010,fine
mlp_training,1.0,1,4010,fine
nbody_sim,1.0,56,4010,fine
nvlink_latency,0.75,4,4010,fine
nvlink_p2p,1.0,3,4010,fine
rendering_proxy,0.92,50,4010,fine
resnet50_inference,0.018867924528301886,53,4010,fine
resnet_amp,0.0,3,4010,fine
symgemm_L1_fwd3,1.0,40,4010,fine
symgemm_L1_fwd3_7b,0.9,10,4010,fine
symgemm_L4_sgdfused_long1b,0.0,10,4010,fine
training_single_gpu,0.6,5,4010,fine
whitebox_diluted_1b_N1_1h,1.0,10,4010,fine
whitebox_diluted_N10,1.0,30,4010,fine
whitebox_lora_3b_N1,1.0,10,4010,fine
whitebox_lora_3b_N1_1h,1.0,10,4010,fine
whitebox_lora_7b_long,1.0,10,4010,fine
whitebox_lora_7b_pilot_N2,0.9,10,4010,fine
whitebox_lora_7b_pilot_N5,1.0,10,4010,fine
whitebox_lora_7b_pilot_N7,1.0,10,4010,fine
adversarial_H_mimicry_cufft,0.5,52,4011,fine
adversarial_H_mimicry_mining,0.7377049180327869,61,4011,fine
adversarial_I_stochastic_30,0.9506172839506173,81,4011,fine
adversarial_L_diluted_200_mw8,0.9,20,4011,fine
bert_sst2,1.0,16,4011,fine
ddp_resnet18_cifar10_amp,0.9958333333333333,240,4011,fine
inference,0.0,3,4011,fine
llm_infer_deepseek_v3_tp8,0.0,240,4011,fine
llm_infer_qwen25_14b_fp16,0.2926829268292683,123,4011,fine
llm_infer_qwen25_32b_fp16,0.15447154471544716,123,4011,fine
llm_infer_qwen25_72b_fp16,0.06666666666666667,30,4011,fine
llm_infer_qwen25_72b_tp2,0.0,60,4011,fine
llm_infer_qwen25_7b_fp16,0.40476190476190477,126,4011,fine
llm_train_qwen25_1p5b_lora,0.9833333333333333,60,4011,fine
nvlink_p2p,1.0,3,4011,fine
resnet_fp32,0.0,3,4011,fine
symgemm_L4_sgdfused_7b,1.0,10,4011,fine
symgemm_L4_sgdfused_m8192,1.0,20,4011,fine
symgemm_decode_g256,0.13333333333333333,30,4011,fine
symgemm_ppo_fused_r8,1.0,30,4011,fine
whitebox_diluted_3b_N1_1h,1.0,10,4011,fine
whitebox_inference,0.8666666666666667,30,4011,fine
whitebox_inference_3b,0.9,10,4011,fine
whitebox_inference_7b,0.8,10,4011,fine
whitebox_inference_7b_2h,0.9,10,4011,fine
whitebox_lora_7b_N50_1h,1.0,10,4011,fine
whitebox_lora_7b_pilot_N3,1.0,10,4011,fine
whitebox_lora_7b_pilot_N8,1.0,10,4011,fine
whitebox_oracle_7b_long,1.0,10,4011,fine
adversarial_L_diluted_20,0.7222222222222222,90,4012,fine
adversarial_L_diluted_200_mw8,1.0,20,4012,fine
adversarial_L_diluted_5,1.0,60,4012,fine
adversarial_training,0.0,3,4012,fine
batch_size_sweep_dp,0.0,2,4012,fine
fsdp_30b_nvlink,0.9596774193548387,248,4012,fine
fsdp_70b_sgd_momentum,1.0,80,4012,fine
llm_infer_qwen25_3b_bs16,0.3888888888888889,90,4012,fine
llm_infer_qwen25_7b_fp16,0.9365079365079365,126,4012,fine
llm_infer_tinyllama_bs8,0.5666666666666667,90,4012,fine
llm_infer_tinyllama_seq4096,0.17777777777777778,90,4012,fine
llm_train_mistral_7b_lora,0.9833333333333333,60,4012,fine
llm_train_phi3_mini_lora,0.9833333333333333,60,4012,fine
llm_train_qwen25_1p5b_lora,0.26666666666666666,60,4012,fine
llm_train_qwen25_3b_lora,0.6333333333333333,60,4012,fine
nbody_sim,0.9821428571428571,56,4012,fine
ppo_rlhf_r8,1.0,30,4012,fine
rendering_proxy,0.16,50,4012,fine
symgemm_L1_fwd3,0.925,40,4012,fine
symgemm_L1_fwd3_7b,0.1,10,4012,fine
symgemm_L1_fwd3_m8192,0.15,20,4012,fine
symgemm_L4_sgdfused_m8192,1.0,20,4012,fine
symgemm_L4_sgdfused_short7b,1.0,10,4012,fine
whitebox_inference_1b_matched,0.9,10,4012,fine
whitebox_inference_7b,0.0,10,4012,fine
whitebox_inference_7b_1h,0.0,10,4012,fine
whitebox_inference_7b_2h,0.0,10,4012,fine
whitebox_lora_1b_N1_1h,1.0,10,4012,fine
width_sweep_dp,0.0,2,4012,fine
adversarial_I_stochastic_30,1.0,81,4013,fine
bert_finetune,0.6666666666666666,3,4013,fine
bert_sst2_amp,0.6666666666666666,6,4013,fine
cufft_hpc,1.0,3,4013,fine
ddp_resnet18_cifar10,1.0,240,4013,fine
ddp_resnet50_cifar10,1.0,240,4013,fine
fsdp_30b_nvlink,1.0,248,4013,fine
gpt2_wikitext2,1.0,33,4013,fine
llm_infer_mistral_7b_q4,0.6094674556213018,169,4013,fine
llm_infer_phi3_mini,0.05,100,4013,fine
llm_infer_qwen25_14b_fp16,0.9349593495934959,123,4013,fine
llm_infer_qwen25_32b_fp16,0.926829268292683,123,4013,fine
llm_infer_qwen25_3b_bs16,0.8777777777777778,90,4013,fine
llm_infer_qwen25_72b_tp2,0.7666666666666667,60,4013,fine
llm_train_qwen25_1p5b_lora,0.9833333333333333,60,4013,fine
llm_train_qwen25_3b_lora,1.0,60,4013,fine
mining_proxy,0.0,1,4013,fine
modern_inference,1.0,3,4013,fine
symgemm_L3_graddiscard,0.0,40,4013,fine
symgemm_decode_g256,0.7333333333333333,30,4013,fine
training_single_gpu,0.8,5,4013,fine
whitebox_diluted_1b_N1_1h,1.0,10,4013,fine
whitebox_inference,0.9,30,4013,fine
whitebox_inference_1b_matched,0.9,10,4013,fine
whitebox_inference_7b,0.8,10,4013,fine
whitebox_lora_7b_N1_1h,1.0,10,4013,fine
whitebox_lora_7b_N20_1h,0.9,10,4013,fine
whitebox_lora_7b_N500_long,0.1,10,4013,fine
whitebox_lora_7b_pilot_N8,1.0,10,4013,fine
adversarial_H_mimicry_cufft,1.0,52,4014,fine
adversarial_J_pid_75,1.0,52,4014,fine
adversarial_K_ddp,1.0,240,4014,fine
ddp_resnet18_cifar10_amp,1.0,240,4014,fine
fsdp_30b_adamw_nvlink,1.0,80,4014,fine
inference,0.0,3,4014,fine
llm_infer_qwen25_3b_bs16,0.9555555555555556,90,4014,fine
llm_infer_qwen25_3b_bs4,1.0,90,4014,fine
llm_infer_vit_l_bs64,0.9555555555555556,90,4014,fine
llm_train_qwen25_1p5b_lora,0.6333333333333333,60,4014,fine
nvlink_p2p,0.3333333333333333,3,4014,fine
ppo_rlhf_r8,0.6333333333333333,30,4014,fine
pytorch_mlp_cifar10,0.9736842105263158,38,4014,fine
pytorch_resnet_cifar10_amp,0.8611111111111112,36,4014,fine
rendering,0.0,1,4014,fine
resnet50_inference,0.0,53,4014,fine
scientific_hpc,0.3333333333333333,3,4014,fine
symgemm_L1_fwd3_7b,0.8,10,4014,fine
symgemm_L4_sgdfused_long1b,0.9,10,4014,fine
symgemm_idle,0.0,10,4014,fine
whitebox_diluted_7b_N10_1h,1.0,10,4014,fine
whitebox_inference_7b,0.8,10,4014,fine
whitebox_lora_7b_N100_1h,1.0,10,4014,fine
whitebox_lora_7b_N1_1h,0.9,10,4014,fine
whitebox_lora_7b_N20_1h,1.0,10,4014,fine
whitebox_lora_7b_N3_1h,1.0,10,4014,fine
whitebox_lora_7b_N500_long,1.0,10,4014,fine
whitebox_lora_7b_pilot_N6,1.0,10,4014,fine
whitebox_lora_N10_long,1.0,10,4014,fine
adversarial_F_interleave_30,1.0,51,4015,fine
adversarial_F_interleave_50,1.0,81,4015,fine
adversarial_I_stochastic_30,1.0,81,4015,fine
adversarial_L_diluted_200_mw8,1.0,20,4015,fine
cufft_hpc,1.0,3,4015,fine
ddp_training,1.0,2,4015,fine
fsdp_70b_nvlink,1.0,184,4015,fine
fsdp_70b_sgd_momentum,0.8625,80,4015,fine
llm_infer_mixtral_8x7b,0.9833333333333333,60,4015,fine
llm_infer_qwen25_14b_fp16,0.975609756097561,123,4015,fine
llm_infer_qwen25_3b,1.0,90,4015,fine
llm_infer_qwen25_72b_fp16,1.0,30,4015,fine
llm_infer_qwen25_72b_tp2,0.9833333333333333,60,4015,fine
llm_infer_tinyllama_seq4096,0.34444444444444444,90,4015,fine
llm_train_qwen25_1p5b_lora,0.9833333333333333,60,4015,fine
mlp_training,0.0,1,4015,fine
resnet_amp,0.0,3,4015,fine
symgemm_L0_fwd1,0.95,40,4015,fine
symgemm_L3_graddiscard,0.0,40,4015,fine
symgemm_L4_sgdfused_long1b,0.9,10,4015,fine
whitebox_diluted_3b_N1_1h,0.9,10,4015,fine
whitebox_diluted_N10,1.0,30,4015,fine
whitebox_inference,0.7333333333333333,30,4015,fine
whitebox_inference_1b_matched,0.4,10,4015,fine
whitebox_lora_3b_N1,1.0,10,4015,fine
whitebox_lora_7b_N3_1h,1.0,10,4015,fine
whitebox_lora_7b_N50_1h,1.0,10,4015,fine
whitebox_lora_7b_pilot_N8,1.0,10,4015,fine
width_sweep_dp,1.0,2,4015,fine
adversarial_L_ddp_5,1.0,240,4016,fine
adversarial_L_ddp_stagger_5,1.0,240,4016,fine
adversarial_L_diluted_200_mw8,1.0,20,4016,fine
adversarial_L_diluted_5,1.0,60,4016,fine
bert_sst2,1.0,16,4016,fine
ddp_resnet18_cifar10,1.0,240,4016,fine
llm_infer_deepseek_v3_tp8,0.3416666666666667,240,4016,fine
llm_infer_qwen25_72b_fp8,0.7888888888888889,90,4016,fine
llm_infer_tinyllama_seq4096,0.8444444444444444,90,4016,fine
modern_inference,1.0,3,4016,fine
nvlink_p2p,0.6666666666666666,3,4016,fine
resnet50_inference,0.0,53,4016,fine
resnet_amp,0.0,3,4016,fine
scientific_hpc,0.3333333333333333,3,4016,fine
symgemm_L1_fwd3,0.675,40,4016,fine
symgemm_L1_fwd3_7b,1.0,10,4016,fine
symgemm_L4_sgdfused_long1b,1.0,10,4016,fine
whitebox_diluted_1b_N1_1h,1.0,10,4016,fine
whitebox_diluted_7b_N10_1h,0.9,10,4016,fine
whitebox_diluted_7b_N1_1h,0.9,10,4016,fine
whitebox_diluted_N20,1.0,30,4016,fine
whitebox_diluted_N5,1.0,30,4016,fine
whitebox_inference_1b_matched,0.8,10,4016,fine
whitebox_inference_3b,0.9,10,4016,fine
whitebox_lora_3b_N1,0.9,10,4016,fine
whitebox_lora_7b_N10,0.9,10,4016,fine
whitebox_lora_7b_N20_1h,1.0,10,4016,fine
whitebox_lora_7b_long,1.0,10,4016,fine
whitebox_lora_7b_pilot_N2,0.9,10,4016,fine
adversarial_H_mimicry_cufft,0.7884615384615384,52,4017,fine
adversarial_K_ddp,1.0,240,4017,fine
adversarial_K_ddp_accum_4,1.0,240,4017,fine
adversarial_K_ddp_accum_8,1.0,240,4017,fine
adversarial_L_diluted_2,1.0,60,4017,fine
adversarial_L_diluted_20,0.8,90,4017,fine
adversarial_training,0.6666666666666666,3,4017,fine
ddp_resnet50_cifar10,1.0,240,4017,fine
fsdp_70b_seqlen512,0.6125,80,4017,fine
llm_infer_deepseek_v3_tp8,0.4625,240,4017,fine
llm_infer_qwen25_3b_bs4,0.9555555555555556,90,4017,fine
llm_infer_tinyllama_seq4096,1.0,90,4017,fine
llm_infer_vit_l_bs64,0.9222222222222223,90,4017,fine
nvlink_latency,0.0,4,4017,fine
ppo_rlhf_r32,1.0,30,4017,fine
symgemm_L1_fwd3,0.925,40,4017,fine
symgemm_L4_sgdfused_short7b,0.9,10,4017,fine
symgemm_L5_adam,1.0,40,4017,fine
whitebox_diluted_N20,1.0,30,4017,fine
whitebox_diluted_N5,1.0,30,4017,fine
whitebox_inference,0.7333333333333333,30,4017,fine
whitebox_inference_7b_1h,0.8,10,4017,fine
whitebox_inference_long,0.9,10,4017,fine
whitebox_lora_3b_N1_1h,1.0,10,4017,fine
whitebox_lora_7b_N1_1h,1.0,10,4017,fine
whitebox_lora_7b_N50_1h,1.0,10,4017,fine
whitebox_lora_7b_pilot_N3,1.0,10,4017,fine
whitebox_lora_N10_long,1.0,10,4017,fine
whitebox_lora_N20,1.0,30,4017,fine
adversarial_H_mimicry_mining,1.0,61,4018,fine
adversarial_L_ddp_stagger_5,1.0,240,4018,fine
adversarial_L_diluted_5,1.0,60,4018,fine
cufft_benchmark,1.0,113,4018,fine
ddp_training,1.0,2,4018,fine
fsdp_30b_adamw_nvlink,1.0,80,4018,fine
fsdp_30b_nvlink,1.0,248,4018,fine
fsdp_70b_nvlink,1.0,184,4018,fine
llm_infer_deepseek_v3_tp8,0.4875,240,4018,fine
llm_infer_qwen25_72b_tp2,0.8,60,4018,fine
llm_infer_qwen25_7b_fp16,0.9523809523809523,126,4018,fine
llm_train_qwen25_1p5b_lora,0.9,60,4018,fine
llm_train_qwen25_3b_lora,0.8833333333333333,60,4018,fine
ppo_rlhf_r8,0.23333333333333334,30,4018,fine
pytorch_training,1.0,3,4018,fine
resnet50_inference,0.0,53,4018,fine
symgemm_L1_fwd3,0.475,40,4018,fine
symgemm_L1_fwd3_m8192,0.65,20,4018,fine
symgemm_L4_sgdfused,0.975,40,4018,fine
symgemm_L4_sgdfused_7b,1.0,10,4018,fine
training_dual_gpu_dp,0.5,8,4018,fine
whitebox_diluted_1b_N1_1h,1.0,10,4018,fine
whitebox_diluted_N5,1.0,30,4018,fine
whitebox_lora_3b_N1_1h,1.0,10,4018,fine
whitebox_lora_7b_N100_1h,1.0,10,4018,fine
whitebox_lora_7b_N1_1h,0.8,10,4018,fine
whitebox_lora_7b_pilot_N8,1.0,10,4018,fine
whitebox_oracle_7b_long,0.9,10,4018,fine
width_sweep_dp,1.0,2,4018,fine
adversarial_H_mimicry_mining,1.0,61,4019,fine
adversarial_J_pid_75,1.0,52,4019,fine
adversarial_K_ddp,1.0,240,4019,fine
adversarial_L_ddp_10,1.0,240,4019,fine
adversarial_L_ddp_stagger_5,0.9833333333333333,240,4019,fine
adversarial_training,0.6666666666666666,3,4019,fine
bert_finetune,0.0,3,4019,fine
cufft_benchmark,1.0,113,4019,fine
cufft_hpc,1.0,3,4019,fine
ddp_training,1.0,2,4019,fine
fsdp_13b_nvlink,0.9916666666666667,240,4019,fine
fsdp_30b_adamw_nvlink,1.0,80,4019,fine
inference,0.3333333333333333,3,4019,fine
llm_infer_phi3_mini,0.99,100,4019,fine
llm_infer_qwen25_72b_fp16,1.0,30,4019,fine
llm_train_smollm2_1p7b_lora,0.9333333333333333,60,4019,fine
symgemm_L1_fwd3,0.975,40,4019,fine
symgemm_L4_sgdfused_m8192,0.95,20,4019,fine
symgemm_L4_sgdfused_short7b,0.9,10,4019,fine
symgemm_L5_adam,1.0,40,4019,fine
whitebox_diluted_N10,1.0,30,4019,fine
whitebox_inference_3b,0.9,10,4019,fine
whitebox_inference_7b_2h,0.9,10,4019,fine
whitebox_lora_7b_N500_long,1.0,10,4019,fine
whitebox_lora_7b_N50_1h,1.0,10,4019,fine
whitebox_lora_7b_pilot_N8,1.0,10,4019,fine
whitebox_lora_N20,0.9666666666666667,30,4019,fine
whitebox_lora_N5,0.9333333333333333,30,4019,fine
whitebox_oracle_7b_long,1.0,10,4019,fine
adversarial_F_interleave_30,1.0,51,4020,fine
adversarial_F_interleave_50,1.0,81,4020,fine
adversarial_G_clock_throttled,1.0,51,4020,fine
adversarial_H_mimicry_mining,1.0,61,4020,fine
adversarial_L_ddp_5,1.0,240,4020,fine
cufft_hpc,1.0,3,4020,fine
fsdp_30b_adamw_nvlink,1.0,80,4020,fine
fsdp_70b_seq512_nvlink,1.0,80,4020,fine
fsdp_70b_seqlen512,0.875,80,4020,fine
gpt2_finetune,0.0,3,4020,fine
gpt2_wikitext2,0.9393939393939394,33,4020,fine
llm_infer_phi3_mini,0.99,100,4020,fine
llm_infer_qwen25_7b_fp16,0.9841269841269841,126,4020,fine
llm_infer_sdxl,0.0,90,4020,fine
llm_infer_tinyllama_seq4096,0.5333333333333333,90,4020,fine
modern_inference,1.0,3,4020,fine
nvlink_bandwidth,0.0,4,4020,fine
nvlink_latency,0.25,4,4020,fine
nvlink_p2p,0.6666666666666666,3,4020,fine
rendering,0.0,1,4020,fine
scientific_hpc,0.3333333333333333,3,4020,fine
symgemm_L4_sgdfused,0.0,40,4020,fine
symgemm_L4_sgdfused_7b,1.0,10,4020,fine
symgemm_L4_sgdfused_m8192,0.9,20,4020,fine
symgemm_idle,0.5,10,4020,fine
whitebox_diluted_3b_N1_1h,1.0,10,4020,fine
whitebox_lora_3b_N1_1h,1.0,10,4020,fine
whitebox_lora_7b_N500_long,1.0,10,4020,fine
width_sweep_dp,0.5,2,4020,fine
adversarial_K_ddp,1.0,240,4021,fine
adversarial_K_ddp_accum_8,1.0,240,4021,fine
bert_sst2,0.9375,16,4021,fine
bert_sst2_amp,1.0,6,4021,fine
cufft_hpc,1.0,3,4021,fine
ddp_resnet50_cifar10,1.0,240,4021,fine
fsdp_13b_nvlink,1.0,240,4021,fine
fsdp_30b_nvlink,1.0,248,4021,fine
inference,0.0,3,4021,fine
llm_infer_mixtral_8x7b,0.9833333333333333,60,4021,fine
llm_infer_phi3_mini,0.99,100,4021,fine
llm_infer_qwen25_3b_bs16,0.9222222222222223,90,4021,fine
llm_infer_qwen25_3b_bs4,0.9888888888888889,90,4021,fine
llm_infer_qwen25_72b_fp8,1.0,90,4021,fine
llm_train_qwen25_3b_lora,0.16666666666666666,60,4021,fine
modern_inference,1.0,3,4021,fine
nvlink_p2p,0.6666666666666666,3,4021,fine
pytorch_resnet_cifar10,0.6571428571428571,35,4021,fine
symgemm_L4_sgdfused_long1b,0.9,10,4021,fine
symgemm_L5_adam,1.0,40,4021,fine
symgemm_decode_g256,0.13333333333333333,30,4021,fine
symgemm_idle,0.0,10,4021,fine
whitebox_diluted_1b_N1_1h,1.0,10,4021,fine
whitebox_diluted_N20,1.0,30,4021,fine
whitebox_inference_3b_1h,0.7,10,4021,fine
whitebox_inference_7b_1h,0.8,10,4021,fine
whitebox_lora_7b_N500_long,1.0,10,4021,fine
whitebox_lora_7b_N50_1h,1.0,10,4021,fine
whitebox_lora_7b_pilot_N2,1.0,10,4021,fine
adversarial_F_interleave_30,1.0,51,4022,fine
adversarial_I_stochastic_30,1.0,81,4022,fine
adversarial_K_ddp_accum_4,1.0,240,4022,fine
adversarial_L_diluted_5,1.0,60,4022,fine
cufft_benchmark,0.9911504424778761,113,4022,fine
ddp_resnet18_cifar10,1.0,240,4022,fine
ddp_resnet50_cifar10,1.0,240,4022,fine
fsdp_70b_seqlen512,1.0,80,4022,fine
gpt2_finetune,0.3333333333333333,3,4022,fine
llm_infer_deepseek_v3_tp8,0.20416666666666666,240,4022,fine
mining_proxy,0.0,1,4022,fine
ppo_rlhf_r8,1.0,30,4022,fine
pytorch_mlp_cifar10,0.9736842105263158,38,4022,fine
rendering,0.0,1,4022,fine
symgemm_L1_fwd3,0.975,40,4022,fine
symgemm_L1_fwd3_m8192,0.0,20,4022,fine
symgemm_L4_sgdfused_long1b,0.9,10,4022,fine
symgemm_L5_adam,1.0,40,4022,fine
whitebox_diluted_N10,1.0,30,4022,fine
whitebox_diluted_N5,1.0,30,4022,fine
whitebox_inference,0.16666666666666666,30,4022,fine
whitebox_lora_7b_N100_1h,1.0,10,4022,fine
whitebox_lora_7b_N20_1h,1.0,10,4022,fine
whitebox_lora_7b_N500_long,1.0,10,4022,fine
whitebox_lora_7b_pilot_N2,0.9,10,4022,fine
whitebox_lora_7b_pilot_N5,1.0,10,4022,fine
whitebox_lora_7b_pilot_N7,1.0,10,4022,fine
whitebox_lora_N5,1.0,30,4022,fine
whitebox_oracle,1.0,30,4022,fine
adversarial_G_clock_throttled,1.0,51,4023,fine
adversarial_I_stochastic_30,0.9876543209876543,81,4023,fine
adversarial_L_ddp_5,1.0,240,4023,fine
adversarial_L_ddp_stagger_5,1.0,240,4023,fine
batch_size_sweep_dp,1.0,2,4023,fine
bert_sst2,1.0,16,4023,fine
fsdp_70b_sgd_momentum,1.0,80,4023,fine
llm_infer_qwen25_14b_fp16,0.967479674796748,123,4023,fine
llm_infer_qwen25_32b_fp16,0.943089430894309,123,4023,fine
llm_infer_qwen25_3b_bs4,1.0,90,4023,fine
modern_inference,1.0,3,4023,fine
pytorch_mlp_cifar10,1.0,38,4023,fine
symgemm_ppo_fused_r32,1.0,30,4023,fine
whitebox_diluted_1b_N1_1h,1.0,10,4023,fine
whitebox_diluted_3b_N1_1h,0.9,10,4023,fine
whitebox_diluted_N10,1.0,30,4023,fine
whitebox_diluted_N20,1.0,30,4023,fine
whitebox_inference,0.7666666666666667,30,4023,fine
whitebox_inference_1b_matched,0.8,10,4023,fine
whitebox_inference_3b,0.9,10,4023,fine
whitebox_inference_7b,0.0,10,4023,fine
whitebox_inference_7b_1h,0.0,10,4023,fine
whitebox_lora_7b_N10,1.0,10,4023,fine
whitebox_lora_7b_N500_long,1.0,10,4023,fine
whitebox_lora_7b_pilot_N2,1.0,10,4023,fine
whitebox_lora_N10_long,1.0,10,4023,fine
whitebox_lora_N20,1.0,30,4023,fine
whitebox_lora_N5,1.0,30,4023,fine
whitebox_oracle_7b_long,1.0,10,4023,fine
adversarial_E_memory_minimal,0.9803921568627451,51,4024,fine
adversarial_H_mimicry_cufft,0.7884615384615384,52,4024,fine
bert_sst2,1.0,16,4024,fine
bert_sst2_amp,0.5,6,4024,fine
ddp_resnet18_cifar10,0.9916666666666667,240,4024,fine
ddp_resnet50_cifar10,1.0,240,4024,fine
fsdp_30b_adamw_nvlink,1.0,80,4024,fine
fsdp_7b_nvlink,1.0,240,4024,fine
gpt2_finetune,0.3333333333333333,3,4024,fine
gpt2_wikitext2_amp,1.0,12,4024,fine
llm_infer_qwen25_3b_bs4,1.0,90,4024,fine
llm_infer_vit_l_bs64,0.9111111111111111,90,4024,fine
llm_train_phi3_mini_lora,1.0,60,4024,fine
modern_inference,1.0,3,4024,fine
ppo_rlhf_r8,1.0,30,4024,fine
pytorch_mlp_cifar10,0.9736842105263158,38,4024,fine
symgemm_L4_sgdfused_short7b,1.0,10,4024,fine
whitebox_diluted_1b_N1_1h,1.0,10,4024,fine
whitebox_diluted_7b_N1_1h,1.0,10,4024,fine
whitebox_inference_1b_matched,0.8,10,4024,fine
whitebox_inference_7b,0.8,10,4024,fine
whitebox_inference_7b_2h,0.9,10,4024,fine
whitebox_lora_1b_N1_1h,0.9,10,4024,fine
whitebox_lora_7b_N10,1.0,10,4024,fine
whitebox_lora_7b_N1_1h,1.0,10,4024,fine
whitebox_lora_7b_N50_1h,1.0,10,4024,fine
whitebox_lora_7b_pilot_N7,1.0,10,4024,fine
whitebox_lora_N10,1.0,30,4024,fine
whitebox_oracle,1.0,30,4024,fine
adversarial_E_memory_minimal,1.0,51,4025,fine
adversarial_F_interleave_50,1.0,81,4025,fine
adversarial_H_mimicry_cufft,1.0,52,4025,fine
adversarial_K_ddp,1.0,240,4025,fine
adversarial_L_ddp_5,1.0,240,4025,fine
adversarial_L_diluted_5,1.0,60,4025,fine
bert_sst2_amp,1.0,6,4025,fine
ddp_resnet18_cifar10,1.0,240,4025,fine
fsdp_70b_seq512_nvlink,1.0,80,4025,fine
fsdp_7b_nvlink,0.8958333333333334,240,4025,fine
gpt2_wikitext2,0.15151515151515152,33,4025,fine
gpt2_wikitext2_amp,0.3333333333333333,12,4025,fine
idle,0.21153846153846154,104,4025,fine
inference,1.0,3,4025,fine
llm_infer_mistral_7b_q4,0.6923076923076923,169,4025,fine
llm_infer_qwen25_32b_fp16,0.8861788617886179,123,4025,fine
llm_infer_qwen25_3b_bs16,0.7444444444444445,90,4025,fine
llm_infer_tinyllama_bs8,0.5888888888888889,90,4025,fine
llm_train_qwen25_1p5b_lora,0.9833333333333333,60,4025,fine
pytorch_training,1.0,3,4025,fine
symgemm_L0_fwd1,0.975,40,4025,fine
symgemm_L4_sgdfused_short7b,0.9,10,4025,fine
symgemm_ppo_fused_r8,0.9,30,4025,fine
whitebox_inference,0.7,30,4025,fine
whitebox_inference_7b_1h,0.8,10,4025,fine
whitebox_inference_7b_2h,0.9,10,4025,fine
whitebox_lora_7b_N100_1h,1.0,10,4025,fine
whitebox_lora_7b_pilot_N6,1.0,10,4025,fine
whitebox_oracle,1.0,30,4025,fine
adversarial_E_memory_minimal,0.9607843137254902,51,4026,fine
adversarial_K_online_learning,1.0,60,4026,fine
adversarial_L_diluted_10,0.9555555555555556,90,4026,fine
adversarial_L_diluted_10_mw8,1.0,30,4026,fine
adversarial_L_diluted_5,0.9833333333333333,60,4026,fine
ddp_resnet18_cifar10,1.0,240,4026,fine
fsdp_30b_nvlink,1.0,248,4026,fine
fsdp_70b_seqlen512,0.6875,80,4026,fine
fsdp_70b_sgd_momentum,0.9125,80,4026,fine
fsdp_7b_nvlink,0.975,240,4026,fine
llm_infer_deepseek_v3_tp8,0.6791666666666667,240,4026,fine
llm_infer_phi3_mini,0.8,100,4026,fine
llm_infer_qwen25_32b_fp16,0.959349593495935,123,4026,fine
llm_infer_tinyllama_bs8,0.9555555555555556,90,4026,fine
llm_train_mistral_7b_lora,0.95,60,4026,fine
scientific_hpc,0.3333333333333333,3,4026,fine
symgemm_L1_fwd3_7b,0.9,10,4026,fine
symgemm_L4_sgdfused,0.0,40,4026,fine
symgemm_L4_sgdfused_7b,1.0,10,4026,fine
symgemm_idle,0.9,10,4026,fine
symgemm_ppo_fused_r32,0.1,30,4026,fine
whitebox_diluted_N5,1.0,30,4026,fine
whitebox_inference_1b_matched,0.9,10,4026,fine
whitebox_inference_7b,0.8,10,4026,fine
whitebox_lora_1b_N1_1h,0.4,10,4026,fine
whitebox_lora_7b_pilot_N6,1.0,10,4026,fine
whitebox_lora_7b_pilot_N7,1.0,10,4026,fine
whitebox_lora_7b_pilot_N8,1.0,10,4026,fine
whitebox_lora_N5,0.9666666666666667,30,4026,fine
adversarial_F_interleave_50,1.0,81,4027,fine
adversarial_H_mimicry_mining,1.0,61,4027,fine
adversarial_K_ddp,1.0,240,4027,fine
adversarial_K_ddp_accum_4,1.0,240,4027,fine
adversarial_training,0.6666666666666666,3,4027,fine
cufft_hpc,1.0,3,4027,fine
ddp_resnet50_cifar10,1.0,240,4027,fine
llm_infer_qwen25_3b_bs16,0.8444444444444444,90,4027,fine
llm_infer_qwen25_3b_bs4,1.0,90,4027,fine
llm_infer_tinyllama_bs8,0.9888888888888889,90,4027,fine
llm_train_mistral_7b_lora,0.8166666666666667,60,4027,fine
llm_train_phi3_mini_lora,0.95,60,4027,fine
llm_train_qwen25_1p5b_lora,0.1,60,4027,fine
llm_train_qwen25_3b_lora,0.16666666666666666,60,4027,fine
mining_proxy,0.0,1,4027,fine
modern_inference,1.0,3,4027,fine
resnet50_inference,0.0,53,4027,fine
symgemm_L0_fwd1,1.0,40,4027,fine
symgemm_L1_fwd3_m8192,0.4,20,4027,fine
symgemm_decode_g256,0.0,30,4027,fine
whitebox_diluted_1b_N1_1h,1.0,10,4027,fine
whitebox_diluted_N10,1.0,30,4027,fine
whitebox_inference,0.8666666666666667,30,4027,fine
whitebox_inference_3b,0.0,10,4027,fine
whitebox_lora_1b_N1_1h,1.0,10,4027,fine
whitebox_lora_3b_N1_1h,1.0,10,4027,fine
whitebox_lora_7b_N100_1h,1.0,10,4027,fine
whitebox_lora_7b_long,1.0,10,4027,fine
whitebox_lora_7b_pilot_N6,1.0,10,4027,fine
adversarial_L_ddp_stagger_5,1.0,240,4028,fine
adversarial_L_diluted_2,1.0,60,4028,fine
adversarial_L_diluted_20,0.9333333333333333,90,4028,fine
bert_sst2_amp,1.0,6,4028,fine
ddp_resnet18_cifar10_amp,1.0,240,4028,fine
fsdp_13b_nvlink,1.0,240,4028,fine
fsdp_70b_seqlen512,1.0,80,4028,fine
inference,1.0,3,4028,fine
llm_infer_deepseek_v3_tp8,0.49166666666666664,240,4028,fine
llm_infer_qwen25_3b_bs16,0.4888888888888889,90,4028,fine
llm_infer_qwen25_72b_fp16,1.0,30,4028,fine
llm_infer_qwen25_72b_fp8,0.8555555555555555,90,4028,fine
llm_infer_qwen25_7b_fp16,0.9206349206349206,126,4028,fine
nvlink_bandwidth,0.0,4,4028,fine
nvlink_latency,0.0,4,4028,fine
pytorch_resnet_cifar10,0.8285714285714286,35,4028,fine
symgemm_L0_fwd1,0.275,40,4028,fine
symgemm_L4_sgdfused,0.975,40,4028,fine
symgemm_L4_sgdfused_7b,1.0,10,4028,fine
symgemm_idle,0.0,10,4028,fine
whitebox_diluted_7b_N10_1h,1.0,10,4028,fine
whitebox_diluted_N10,1.0,30,4028,fine
whitebox_inference_7b_2h,0.9,10,4028,fine
whitebox_inference_long,1.0,10,4028,fine
whitebox_lora_7b_N100_1h,1.0,10,4028,fine
whitebox_lora_7b_long,1.0,10,4028,fine
whitebox_lora_7b_pilot_N5,1.0,10,4028,fine
whitebox_lora_7b_pilot_N6,1.0,10,4028,fine
whitebox_lora_7b_pilot_N8,1.0,10,4028,fine
adversarial_H_mimicry_cufft,0.8269230769230769,52,4029,fine
adversarial_K_ddp_accum_8,1.0,240,4029,fine
adversarial_L_ddp_10,1.0,240,4029,fine
adversarial_L_ddp_5,0.9916666666666667,240,4029,fine
adversarial_L_diluted_10,0.9333333333333333,90,4029,fine
adversarial_L_diluted_20,0.9666666666666667,90,4029,fine
adversarial_L_diluted_5,0.95,60,4029,fine
ddp_resnet50_cifar10,1.0,240,4029,fine
fsdp_7b_nvlink,1.0,240,4029,fine
llm_infer_qwen25_3b_bs4,1.0,90,4029,fine
llm_infer_qwen25_72b_fp16,1.0,30,4029,fine
llm_infer_qwen25_7b_fp16,0.9841269841269841,126,4029,fine
llm_train_qwen25_3b_lora,0.9833333333333333,60,4029,fine
nvlink_bandwidth,0.5,4,4029,fine
symgemm_L1_fwd3,1.0,40,4029,fine
symgemm_L4_sgdfused_m8192,1.0,20,4029,fine
symgemm_L4_sgdfused_short7b,1.0,10,4029,fine
symgemm_idle,0.0,10,4029,fine
symgemm_ppo_fused_r8,1.0,30,4029,fine
training_single_gpu,0.2,5,4029,fine
whitebox_diluted_7b_N10_1h,1.0,10,4029,fine
whitebox_diluted_N5,1.0,30,4029,fine
whitebox_inference,0.8333333333333334,30,4029,fine
whitebox_inference_7b,0.8,10,4029,fine
whitebox_inference_long,0.8,10,4029,fine
whitebox_lora_1b_N1_1h,1.0,10,4029,fine
whitebox_lora_7b_N10,1.0,10,4029,fine
whitebox_lora_7b_N50_1h,1.0,10,4029,fine
whitebox_lora_7b_pilot_N2,0.9,10,4029,fine
adversarial_G_clock_throttled,1.0,51,4030,fine
adversarial_H_mimicry_mining,0.9836065573770492,61,4030,fine
adversarial_L_diluted_2,1.0,60,4030,fine
ddp_resnet18_cifar10,0.9541666666666667,240,4030,fine
fsdp_70b_nvlink,0.9456521739130435,184,4030,fine
gpt2_finetune,0.0,3,4030,fine
inference,0.0,3,4030,fine
llm_infer_deepseek_v3_tp8,0.6125,240,4030,fine
llm_infer_qwen25_14b_fp16,0.943089430894309,123,4030,fine
llm_infer_qwen25_32b_fp16,0.9186991869918699,123,4030,fine
llm_infer_qwen25_72b_tp2,0.8166666666666667,60,4030,fine
llm_train_qwen25_3b_lora,0.95,60,4030,fine
pytorch_resnet_cifar10_amp,0.9722222222222222,36,4030,fine
resnet_fp32,0.0,3,4030,fine
scientific_hpc,1.0,3,4030,fine
symgemm_L1_fwd3,0.975,40,4030,fine
symgemm_L1_fwd3_m8192,0.0,20,4030,fine
symgemm_L3_graddiscard,0.0,40,4030,fine
symgemm_L4_sgdfused_short7b,0.9,10,4030,fine
symgemm_L5_adam,1.0,40,4030,fine
whitebox_diluted_7b_N1_1h,1.0,10,4030,fine
whitebox_diluted_N5,1.0,30,4030,fine
whitebox_lora_7b_N10,1.0,10,4030,fine
whitebox_lora_7b_N500_long,1.0,10,4030,fine
whitebox_lora_7b_pilot_N2,0.9,10,4030,fine
whitebox_lora_7b_pilot_N5,1.0,10,4030,fine
whitebox_lora_N20,1.0,30,4030,fine
whitebox_oracle,1.0,30,4030,fine
width_sweep_dp,0.0,2,4030,fine
adversarial_G_clock_throttled,0.9411764705882353,51,4031,fine
adversarial_J_pid_75,0.9807692307692307,52,4031,fine
adversarial_K_ddp_accum_4,1.0,240,4031,fine
adversarial_L_diluted_10,0.9666666666666667,90,4031,fine
adversarial_L_diluted_5,0.95,60,4031,fine
adversarial_training,0.6666666666666666,3,4031,fine
bert_finetune,0.0,3,4031,fine
cufft_benchmark,1.0,113,4031,fine
ddp_resnet18_cifar10_amp,1.0,240,4031,fine
fsdp_70b_nvlink,1.0,184,4031,fine
gpt2_finetune,0.3333333333333333,3,4031,fine
llm_infer_qwen25_32b_fp16,1.0,123,4031,fine
llm_infer_tinyllama_seq4096,0.7111111111111111,90,4031,fine
llm_train_phi3_mini_lora,0.9833333333333333,60,4031,fine
llm_train_qwen25_1p5b_lora,0.9833333333333333,60,4031,fine
nvlink_bandwidth,0.0,4,4031,fine
nvlink_p2p,1.0,3,4031,fine
pytorch_resnet_cifar10,0.6857142857142857,35,4031,fine
resnet50_inference,0.03773584905660377,53,4031,fine
whitebox_inference_3b_1h,0.0,10,4031,fine
whitebox_inference_7b_2h,0.9,10,4031,fine
whitebox_lora_1b_N1_1h,1.0,10,4031,fine
whitebox_lora_7b_N3_1h,1.0,10,4031,fine
whitebox_lora_7b_pilot_N3,1.0,10,4031,fine
whitebox_lora_7b_pilot_N6,1.0,10,4031,fine
whitebox_lora_N10,1.0,30,4031,fine
whitebox_lora_N5,1.0,30,4031,fine
whitebox_oracle,1.0,30,4031,fine
width_sweep_dp,0.0,2,4031,fine
adversarial_F_interleave_50,1.0,81,4032,fine
adversarial_H_mimicry_mining,1.0,61,4032,fine
adversarial_L_diluted_200_mw8,1.0,20,4032,fine
adversarial_L_diluted_5,1.0,60,4032,fine
batch_size_sweep_dp,1.0,2,4032,fine
cufft_benchmark,0.9911504424778761,113,4032,fine
ddp_resnet18_cifar10,1.0,240,4032,fine
ddp_training,1.0,2,4032,fine
fsdp_30b_adamw_nvlink,1.0,80,4032,fine
idle,0.8557692307692307,104,4032,fine
llm_infer_qwen25_72b_fp16,1.0,30,4032,fine
llm_train_mistral_7b_lora,1.0,60,4032,fine
llm_train_smollm2_1p7b_lora,0.7333333333333333,60,4032,fine
mining_ethash_proxy,0.01818181818181818,110,4032,fine
mlp_training,1.0,1,4032,fine
nvlink_bandwidth,0.5,4,4032,fine
nvlink_latency,0.5,4,4032,fine
pytorch_mlp_cifar10,0.9736842105263158,38,4032,fine
resnet_fp32,1.0,3,4032,fine
symgemm_L0_fwd1,0.45,40,4032,fine
symgemm_L1_fwd3_m8192,0.1,20,4032,fine
symgemm_ppo_fused_r32,0.9666666666666667,30,4032,fine
symgemm_ppo_fused_r8,0.8666666666666667,30,4032,fine
training_dual_gpu_dp,0.75,8,4032,fine
whitebox_inference,0.9,30,4032,fine
whitebox_lora_3b_N1,1.0,10,4032,fine
whitebox_lora_3b_N1_1h,1.0,10,4032,fine
whitebox_lora_7b_N100_1h,1.0,10,4032,fine
whitebox_lora_N10,1.0,30,4032,fine
adversarial_E_memory_minimal,1.0,51,4033,fine
bert_sst2,1.0,16,4033,fine
bert_sst2_amp,0.5,6,4033,fine
idle,0.2403846153846154,104,4033,fine
llm_infer_qwen25_72b_fp8,0.9777777777777777,90,4033,fine
llm_infer_qwen25_7b_fp16,0.9682539682539683,126,4033,fine
llm_infer_tinyllama_seq4096,1.0,90,4033,fine
llm_infer_vit_l_bs64,0.8888888888888888,90,4033,fine
nbody_sim,0.26785714285714285,56,4033,fine
nvlink_bandwidth,0.25,4,4033,fine
ppo_rlhf_r8,0.8333333333333334,30,4033,fine
resnet_fp32,0.0,3,4033,fine
symgemm_L3_graddiscard,0.8,40,4033,fine
symgemm_L4_sgdfused,0.0,40,4033,fine
symgemm_L4_sgdfused_long1b,0.0,10,4033,fine
symgemm_L4_sgdfused_short7b,0.9,10,4033,fine
symgemm_idle,0.0,10,4033,fine
symgemm_ppo_fused_r32,0.0,30,4033,fine
symgemm_ppo_fused_r8,0.0,30,4033,fine
whitebox_diluted_3b_N1_1h,1.0,10,4033,fine
whitebox_inference_3b,0.0,10,4033,fine
whitebox_lora_7b_N100_1h,1.0,10,4033,fine
whitebox_lora_7b_N3_1h,1.0,10,4033,fine
whitebox_lora_7b_long,1.0,10,4033,fine
whitebox_lora_7b_pilot_N2,1.0,10,4033,fine
whitebox_lora_7b_pilot_N6,1.0,10,4033,fine
whitebox_lora_7b_pilot_N8,1.0,10,4033,fine
whitebox_lora_N10_long,1.0,10,4033,fine
width_sweep_dp,1.0,2,4033,fine
adversarial_F_interleave_30,1.0,51,4034,fine
adversarial_F_interleave_50,1.0,81,4034,fine
adversarial_H_mimicry_mining,1.0,61,4034,fine
adversarial_J_pid_75,1.0,52,4034,fine
adversarial_K_ddp,1.0,240,4034,fine
adversarial_K_ddp_accum_8,1.0,240,4034,fine
adversarial_L_ddp_stagger_5,1.0,240,4034,fine
adversarial_training,0.6666666666666666,3,4034,fine
ddp_resnet50_cifar10,1.0,240,4034,fine
fsdp_70b_seq512_nvlink,0.9625,80,4034,fine
fsdp_7b_nvlink,0.9625,240,4034,fine
llm_infer_qwen25_32b_fp16,0.983739837398374,123,4034,fine
llm_infer_qwen25_3b_bs16,0.7,90,4034,fine
llm_infer_tinyllama_seq4096,0.8888888888888888,90,4034,fine
llm_train_qwen25_3b_lora,0.95,60,4034,fine
modern_inference,1.0,3,4034,fine
rendering,0.0,1,4034,fine
scientific_hpc,1.0,3,4034,fine
symgemm_L4_sgdfused,0.0,40,4034,fine
symgemm_L4_sgdfused_long1b,0.0,10,4034,fine
symgemm_L4_sgdfused_short7b,1.0,10,4034,fine
symgemm_ppo_fused_r32,1.0,30,4034,fine
whitebox_diluted_7b_N1_1h,1.0,10,4034,fine
whitebox_inference_7b,0.8,10,4034,fine
whitebox_inference_long,0.7,10,4034,fine
whitebox_lora_7b_N1_1h,1.0,10,4034,fine
whitebox_lora_7b_N50_1h,1.0,10,4034,fine
whitebox_lora_7b_pilot_N8,1.0,10,4034,fine
whitebox_lora_N10,1.0,30,4034,fine
adversarial_H_mimicry_mining,1.0,61,4035,fine
adversarial_J_pid_75,1.0,52,4035,fine
adversarial_K_ddp_accum_4,1.0,240,4035,fine
adversarial_L_ddp_stagger_5,0.9375,240,4035,fine
adversarial_L_diluted_10_mw8,1.0,30,4035,fine
adversarial_L_diluted_20,0.7111111111111111,90,4035,fine
bert_sst2_amp,0.8333333333333334,6,4035,fine
fsdp_30b_adamw_nvlink,1.0,80,4035,fine
fsdp_70b_adamw,1.0,8,4035,fine
llm_infer_mixtral_8x7b,0.9666666666666667,60,4035,fine
llm_infer_tinyllama_seq4096,1.0,90,4035,fine
llm_train_mistral_7b_lora,0.9666666666666667,60,4035,fine
llm_train_qwen25_1p5b_lora,0.9833333333333333,60,4035,fine
mlp_training,1.0,1,4035,fine
pytorch_resnet_cifar10_amp,1.0,36,4035,fine
rendering_proxy,0.96,50,4035,fine
symgemm_L1_fwd3_7b,0.8,10,4035,fine
symgemm_L3_graddiscard,0.0,40,4035,fine
symgemm_L5_adam,1.0,40,4035,fine
symgemm_ppo_fused_r32,0.8,30,4035,fine
whitebox_diluted_3b_N1_1h,0.9,10,4035,fine
whitebox_diluted_7b_N10_1h,0.9,10,4035,fine
whitebox_inference_3b,0.9,10,4035,fine
whitebox_lora_3b_N1,0.9,10,4035,fine
whitebox_lora_7b_N20_1h,1.0,10,4035,fine
whitebox_lora_7b_pilot_N5,1.0,10,4035,fine
whitebox_lora_N10,0.5,30,4035,fine
whitebox_lora_N5,0.6666666666666666,30,4035,fine
whitebox_oracle_7b_long,0.9,10,4035,fine
adversarial_F_interleave_30,1.0,51,4036,fine
adversarial_H_mimicry_mining,1.0,61,4036,fine
adversarial_L_ddp_10,1.0,240,4036,fine
adversarial_L_ddp_5,1.0,240,4036,fine
bert_sst2,1.0,16,4036,fine
fsdp_13b_nvlink,1.0,240,4036,fine
fsdp_30b_nvlink,1.0,248,4036,fine
fsdp_70b_seqlen512,0.1875,80,4036,fine
fsdp_70b_sgd_momentum,0.45,80,4036,fine
gpt2_finetune,0.3333333333333333,3,4036,fine
idle,0.8557692307692307,104,4036,fine
inference,0.0,3,4036,fine
llm_infer_qwen25_32b_fp16,0.991869918699187,123,4036,fine
llm_infer_sdxl,0.0,90,4036,fine
llm_infer_tinyllama_bs8,0.9555555555555556,90,4036,fine
llm_infer_vit_l_bs64,0.9222222222222223,90,4036,fine
mining_ethash_proxy,0.02727272727272727,110,4036,fine
nvlink_latency,0.0,4,4036,fine
rendering_proxy,0.06,50,4036,fine
resnet_amp,0.0,3,4036,fine
resnet_fp32,0.0,3,4036,fine
symgemm_L4_sgdfused_long1b,0.8,10,4036,fine
whitebox_diluted_N5,1.0,30,4036,fine
whitebox_inference,0.0,30,4036,fine
whitebox_inference_3b_1h,0.9,10,4036,fine
whitebox_lora_7b_pilot_N3,1.0,10,4036,fine
whitebox_lora_7b_pilot_N5,1.0,10,4036,fine
whitebox_lora_N10,1.0,30,4036,fine
whitebox_lora_N10_long,1.0,10,4036,fine
adversarial_F_interleave_50,1.0,81,4037,fine
adversarial_L_ddp_10,1.0,240,4037,fine
adversarial_L_diluted_10_mw8,1.0,30,4037,fine
fsdp_70b_adamw,1.0,8,4037,fine
gpt2_finetune,0.6666666666666666,3,4037,fine
idle,0.6826923076923077,104,4037,fine
llm_infer_deepseek_v3_tp8,0.55,240,4037,fine
llm_infer_mistral_7b_q4,0.5798816568047337,169,4037,fine
llm_infer_mixtral_8x7b,0.9666666666666667,60,4037,fine
llm_infer_qwen25_3b_bs16,0.5111111111111111,90,4037,fine
llm_infer_qwen25_7b_fp16,0.9444444444444444,126,4037,fine
llm_train_mistral_7b_lora,1.0,60,4037,fine
ppo_rlhf_r32,0.03333333333333333,30,4037,fine
ppo_rlhf_r8,0.36666666666666664,30,4037,fine
pytorch_mlp_cifar10,1.0,38,4037,fine
pytorch_resnet_cifar10_amp,1.0,36,4037,fine
symgemm_L1_fwd3,0.95,40,4037,fine
symgemm_L1_fwd3_7b,0.7,10,4037,fine
symgemm_L4_sgdfused_7b,1.0,10,4037,fine
symgemm_L5_adam,1.0,40,4037,fine
symgemm_ppo_fused_r32,0.9666666666666667,30,4037,fine
training_single_gpu,0.6,5,4037,fine
whitebox_diluted_N20,1.0,30,4037,fine
whitebox_inference_1b_matched,0.8,10,4037,fine
whitebox_inference_3b_1h,0.0,10,4037,fine
whitebox_lora_3b_N1,1.0,10,4037,fine
whitebox_lora_7b_N3_1h,1.0,10,4037,fine
whitebox_lora_7b_pilot_N3,1.0,10,4037,fine
whitebox_lora_N10_long,1.0,10,4037,fine
adversarial_K_online_learning,1.0,60,4038,fine
adversarial_L_diluted_5,1.0,60,4038,fine
bert_finetune,0.3333333333333333,3,4038,fine
bert_sst2,0.8125,16,4038,fine
cufft_hpc,1.0,3,4038,fine
fsdp_70b_seqlen512,1.0,80,4038,fine
gpt2_wikitext2_amp,1.0,12,4038,fine
llm_infer_deepseek_v3_tp8,0.26666666666666666,240,4038,fine
llm_infer_mistral_7b_q4,0.5798816568047337,169,4038,fine
llm_infer_qwen25_32b_fp16,0.7723577235772358,123,4038,fine
llm_infer_qwen25_3b_bs4,1.0,90,4038,fine
llm_infer_qwen25_72b_tp2,0.6666666666666666,60,4038,fine
llm_infer_qwen25_7b_fp16,0.3333333333333333,126,4038,fine
llm_infer_sdxl,0.0,90,4038,fine
mining_ethash_proxy,0.20909090909090908,110,4038,fine
mlp_training,1.0,1,4038,fine
pytorch_resnet_cifar10_amp,1.0,36,4038,fine
pytorch_training,1.0,3,4038,fine
symgemm_L5_adam,1.0,40,4038,fine
training_dual_gpu_dp,0.25,8,4038,fine
whitebox_diluted_7b_N1_1h,1.0,10,4038,fine
whitebox_diluted_N20,1.0,30,4038,fine
whitebox_lora_7b_N10,1.0,10,4038,fine
whitebox_lora_7b_long,1.0,10,4038,fine
whitebox_lora_7b_pilot_N2,1.0,10,4038,fine
whitebox_lora_7b_pilot_N6,1.0,10,4038,fine
whitebox_lora_N20,1.0,30,4038,fine
whitebox_oracle_7b_long,1.0,10,4038,fine
width_sweep_dp,1.0,2,4038,fine
adversarial_E_memory_minimal,0.9019607843137255,51,4039,fine
adversarial_F_interleave_30,0.9803921568627451,51,4039,fine
adversarial_F_interleave_50,1.0,81,4039,fine
adversarial_G_clock_throttled,1.0,51,4039,fine
adversarial_K_ddp_accum_8,1.0,240,4039,fine
adversarial_L_diluted_20,0.8111111111111111,90,4039,fine
ddp_training,1.0,2,4039,fine
fsdp_30b_adamw_nvlink,1.0,80,4039,fine
fsdp_30b_nvlink,1.0,248,4039,fine
fsdp_70b_adamw,1.0,8,4039,fine
fsdp_70b_seq512_nvlink,1.0,80,4039,fine
gpt2_wikitext2_amp,0.75,12,4039,fine
llm_infer_mixtral_8x7b,1.0,60,4039,fine
llm_infer_qwen25_3b_bs4,0.9777777777777777,90,4039,fine
llm_infer_qwen25_72b_fp8,0.9555555555555556,90,4039,fine
llm_train_qwen25_3b_lora,0.9666666666666667,60,4039,fine
mlp_training,1.0,1,4039,fine
ppo_rlhf_r32,0.0,30,4039,fine
rendering,0.0,1,4039,fine
symgemm_L1_fwd3_m8192,0.1,20,4039,fine
symgemm_L4_sgdfused_long1b,1.0,10,4039,fine
symgemm_L5_adam,1.0,40,4039,fine
whitebox_diluted_7b_N10_1h,0.9,10,4039,fine
whitebox_diluted_N20,1.0,30,4039,fine
whitebox_inference_3b_1h,0.1,10,4039,fine
whitebox_lora_3b_N1_1h,0.9,10,4039,fine
whitebox_lora_7b_pilot_N2,0.9,10,4039,fine
whitebox_lora_7b_pilot_N7,1.0,10,4039,fine
whitebox_oracle_7b_long,0.9,10,4039,fine
adversarial_E_memory_minimal,1.0,51,4040,fine
adversarial_F_interleave_50,1.0,81,4040,fine
adversarial_H_mimicry_cufft,1.0,52,4040,fine
adversarial_L_ddp_10,1.0,240,4040,fine
adversarial_L_ddp_5,1.0,240,4040,fine
adversarial_L_diluted_10_mw8,1.0,30,4040,fine
adversarial_training,0.0,3,4040,fine
bert_finetune,0.3333333333333333,3,4040,fine
bert_sst2,0.9375,16,4040,fine
fsdp_70b_adamw,1.0,8,4040,fine
inference,0.0,3,4040,fine
llm_infer_deepseek_v3_tp8,0.6458333333333334,240,4040,fine
llm_infer_qwen25_14b_fp16,0.967479674796748,123,4040,fine
llm_infer_qwen25_32b_fp16,0.959349593495935,123,4040,fine
llm_infer_qwen25_72b_fp16,1.0,30,4040,fine
pytorch_training,1.0,3,4040,fine
resnet_amp,0.0,3,4040,fine
symgemm_L3_graddiscard,0.325,40,4040,fine
symgemm_L4_sgdfused,0.175,40,4040,fine
symgemm_L4_sgdfused_short7b,0.9,10,4040,fine
symgemm_idle,0.1,10,4040,fine
whitebox_diluted_3b_N1_1h,0.9,10,4040,fine
whitebox_diluted_7b_N10_1h,0.9,10,4040,fine
whitebox_inference_1b_matched,0.8,10,4040,fine
whitebox_inference_3b,0.0,10,4040,fine
whitebox_lora_1b_N1_1h,0.5,10,4040,fine
whitebox_lora_7b_N1_1h,0.8,10,4040,fine
whitebox_oracle,0.9666666666666667,30,4040,fine
whitebox_oracle_7b_long,0.9,10,4040,fine
adversarial_I_stochastic_30,0.9876543209876543,81,4041,fine
adversarial_J_pid_75,1.0,52,4041,fine
adversarial_L_ddp_stagger_5,1.0,240,4041,fine
adversarial_L_diluted_5,1.0,60,4041,fine
fsdp_13b_nvlink,1.0,240,4041,fine
fsdp_70b_adamw,0.75,8,4041,fine
fsdp_70b_seqlen512,0.5375,80,4041,fine
inference,0.3333333333333333,3,4041,fine
llm_infer_qwen25_3b_bs16,0.9555555555555556,90,4041,fine
llm_infer_qwen25_72b_fp16,1.0,30,4041,fine
llm_infer_qwen25_7b_fp16,0.9682539682539683,126,4041,fine
llm_train_mistral_7b_lora,0.9666666666666667,60,4041,fine
rendering,0.0,1,4041,fine
resnet_fp32,0.0,3,4041,fine
scientific_hpc,0.6666666666666666,3,4041,fine
symgemm_L1_fwd3_m8192,0.9,20,4041,fine
symgemm_L4_sgdfused,0.05,40,4041,fine
training_dual_gpu_dp,0.5,8,4041,fine
whitebox_diluted_3b_N1_1h,1.0,10,4041,fine
whitebox_diluted_7b_N1_1h,0.9,10,4041,fine
whitebox_inference_1b_matched,0.8,10,4041,fine
whitebox_inference_3b_1h,0.1,10,4041,fine
whitebox_inference_7b,0.8,10,4041,fine
whitebox_lora_1b_N1_1h,1.0,10,4041,fine
whitebox_lora_3b_N1,1.0,10,4041,fine
whitebox_lora_7b_N100_1h,1.0,10,4041,fine
whitebox_lora_7b_N20_1h,1.0,10,4041,fine
whitebox_lora_7b_pilot_N5,1.0,10,4041,fine
width_sweep_dp,0.5,2,4041,fine
adversarial_G_clock_throttled,1.0,51,4042,fine
adversarial_I_stochastic_30,0.9876543209876543,81,4042,fine
adversarial_K_ddp_accum_4,1.0,240,4042,fine
adversarial_K_online_learning,1.0,60,4042,fine
adversarial_L_ddp_10,1.0,240,4042,fine
cufft_benchmark,0.9823008849557522,113,4042,fine
cufft_hpc,1.0,3,4042,fine
fsdp_30b_adamw_nvlink,1.0,80,4042,fine
fsdp_70b_sgd_momentum,0.8375,80,4042,fine
llm_infer_vit_l_bs64,0.8777777777777778,90,4042,fine
mining_proxy,0.0,1,4042,fine
nvlink_bandwidth,0.0,4,4042,fine
nvlink_latency,0.25,4,4042,fine
pytorch_resnet_cifar10,0.7142857142857143,35,4042,fine
resnet_amp,0.0,3,4042,fine
scientific_hpc,0.6666666666666666,3,4042,fine
symgemm_L1_fwd3,0.925,40,4042,fine
symgemm_L1_fwd3_7b,1.0,10,4042,fine
symgemm_L4_sgdfused_long1b,0.9,10,4042,fine
training_dual_gpu_dp,0.75,8,4042,fine
training_single_gpu,0.8,5,4042,fine
whitebox_diluted_N20,1.0,30,4042,fine
whitebox_inference,0.8666666666666667,30,4042,fine
whitebox_inference_1b_matched,0.8,10,4042,fine
whitebox_inference_3b,0.9,10,4042,fine
whitebox_lora_7b_N100_1h,1.0,10,4042,fine
whitebox_lora_7b_N500_long,1.0,10,4042,fine
whitebox_lora_7b_pilot_N2,0.9,10,4042,fine
whitebox_oracle,1.0,30,4042,fine
adversarial_F_interleave_50,1.0,81,4043,fine
adversarial_H_mimicry_mining,1.0,61,4043,fine
adversarial_K_online_learning,1.0,60,4043,fine
adversarial_L_ddp_10,1.0,240,4043,fine
adversarial_L_diluted_20,1.0,90,4043,fine
adversarial_L_diluted_5,1.0,60,4043,fine
bert_sst2_amp,0.3333333333333333,6,4043,fine
cufft_hpc,1.0,3,4043,fine
ddp_resnet18_cifar10_amp,1.0,240,4043,fine
gpt2_wikitext2,0.8484848484848485,33,4043,fine
idle,0.04807692307692308,104,4043,fine
llm_infer_deepseek_v3_tp8,0.37916666666666665,240,4043,fine
llm_infer_mixtral_8x7b,0.8666666666666667,60,4043,fine
llm_infer_qwen25_72b_fp16,1.0,30,4043,fine
llm_infer_vit_l_bs64,0.9777777777777777,90,4043,fine
pytorch_resnet_cifar10_amp,1.0,36,4043,fine
pytorch_training,1.0,3,4043,fine
scientific_hpc,1.0,3,4043,fine
symgemm_L4_sgdfused_long1b,0.0,10,4043,fine
symgemm_L5_adam,0.9,40,4043,fine
symgemm_idle,0.1,10,4043,fine
training_dual_gpu_dp,0.5,8,4043,fine
whitebox_inference_3b_1h,1.0,10,4043,fine
whitebox_inference_7b_2h,0.9,10,4043,fine
whitebox_inference_long,0.8,10,4043,fine
whitebox_lora_7b_N20_1h,1.0,10,4043,fine
whitebox_lora_7b_pilot_N5,1.0,10,4043,fine
whitebox_lora_7b_pilot_N8,1.0,10,4043,fine
whitebox_lora_N10_long,1.0,10,4043,fine
adversarial_H_mimicry_mining,0.819672131147541,61,4044,fine
adversarial_I_stochastic_30,0.9876543209876543,81,4044,fine
adversarial_L_diluted_2,1.0,60,4044,fine
ddp_training,1.0,2,4044,fine
fsdp_70b_sgd_momentum,1.0,80,4044,fine
fsdp_7b_nvlink,0.975,240,4044,fine
idle,0.4423076923076923,104,4044,fine
llm_infer_mistral_7b_q4,0.8047337278106509,169,4044,fine
llm_infer_qwen25_14b_fp16,0.959349593495935,123,4044,fine
llm_infer_qwen25_32b_fp16,0.9349593495934959,123,4044,fine
llm_infer_qwen25_72b_fp16,1.0,30,4044,fine
llm_train_qwen25_3b_lora,0.18333333333333332,60,4044,fine
nbody_sim,0.9821428571428571,56,4044,fine
ppo_rlhf_r32,0.0,30,4044,fine
ppo_rlhf_r8,0.4,30,4044,fine
pytorch_mlp_cifar10,1.0,38,4044,fine
resnet50_inference,0.0,53,4044,fine
symgemm_L0_fwd1,0.975,40,4044,fine
symgemm_L1_fwd3_m8192,0.85,20,4044,fine
symgemm_L4_sgdfused_m8192,1.0,20,4044,fine
symgemm_idle,0.0,10,4044,fine
symgemm_ppo_fused_r32,0.9333333333333333,30,4044,fine
whitebox_inference_7b,0.8,10,4044,fine
whitebox_inference_long,0.7,10,4044,fine
whitebox_lora_7b_N100_1h,0.9,10,4044,fine
whitebox_lora_7b_N1_1h,0.9,10,4044,fine
whitebox_lora_7b_N3_1h,1.0,10,4044,fine
whitebox_lora_7b_N500_long,0.9,10,4044,fine
whitebox_lora_7b_pilot_N3,1.0,10,4044,fine
adversarial_F_interleave_30,1.0,51,4045,fine
adversarial_F_interleave_50,1.0,81,4045,fine
adversarial_J_pid_75,1.0,52,4045,fine
adversarial_K_ddp_accum_8,1.0,240,4045,fine
adversarial_K_online_learning,1.0,60,4045,fine
adversarial_L_ddp_10,1.0,240,4045,fine
adversarial_training,0.6666666666666666,3,4045,fine
cufft_benchmark,1.0,113,4045,fine
fsdp_70b_seq512_nvlink,1.0,80,4045,fine
llm_infer_qwen25_32b_fp16,0.9512195121951219,123,4045,fine
llm_infer_sdxl,0.0,90,4045,fine
ppo_rlhf_r8,1.0,30,4045,fine
pytorch_mlp_cifar10,0.7894736842105263,38,4045,fine
pytorch_resnet_cifar10_amp,1.0,36,4045,fine
symgemm_L4_sgdfused_long1b,0.8,10,4045,fine
symgemm_L5_adam,1.0,40,4045,fine
symgemm_decode_g256,0.0,30,4045,fine
whitebox_diluted_1b_N1_1h,1.0,10,4045,fine
whitebox_diluted_N10,1.0,30,4045,fine
whitebox_inference,0.8,30,4045,fine
whitebox_inference_3b_1h,0.9,10,4045,fine
whitebox_inference_7b,0.8,10,4045,fine
whitebox_lora_3b_N1_1h,1.0,10,4045,fine
whitebox_lora_7b_N50_1h,1.0,10,4045,fine
whitebox_lora_7b_pilot_N7,1.0,10,4045,fine
whitebox_lora_7b_pilot_N8,1.0,10,4045,fine
whitebox_lora_N10_long,1.0,10,4045,fine
whitebox_lora_N20,1.0,30,4045,fine
whitebox_oracle_7b_long,0.9,10,4045,fine
adversarial_E_memory_minimal,0.9803921568627451,51,4046,fine
adversarial_L_ddp_stagger_5,1.0,240,4046,fine
adversarial_L_diluted_200_mw8,0.7,20,4046,fine
ddp_resnet18_cifar10,0.9958333333333333,240,4046,fine
ddp_resnet18_cifar10_amp,1.0,240,4046,fine
gpt2_wikitext2,0.9090909090909091,33,4046,fine
inference,1.0,3,4046,fine
llm_infer_qwen25_14b_fp16,0.959349593495935,123,4046,fine
llm_infer_qwen25_32b_fp16,0.9349593495934959,123,4046,fine
llm_train_qwen25_3b_lora,0.9833333333333333,60,4046,fine
llm_train_smollm2_1p7b_lora,1.0,60,4046,fine
nvlink_p2p,1.0,3,4046,fine
ppo_rlhf_r8,0.9,30,4046,fine
pytorch_mlp_cifar10,0.9736842105263158,38,4046,fine
rendering_proxy,0.38,50,4046,fine
scientific_hpc,1.0,3,4046,fine
symgemm_L0_fwd1,1.0,40,4046,fine
symgemm_L5_adam,1.0,40,4046,fine
symgemm_idle,0.0,10,4046,fine
whitebox_diluted_1b_N1_1h,1.0,10,4046,fine
whitebox_diluted_N5,1.0,30,4046,fine
whitebox_inference_1b_matched,0.8,10,4046,fine
whitebox_lora_3b_N1,1.0,10,4046,fine
whitebox_lora_7b_N20_1h,1.0,10,4046,fine
whitebox_lora_7b_pilot_N6,1.0,10,4046,fine
whitebox_lora_N10_long,1.0,10,4046,fine
whitebox_oracle,1.0,30,4046,fine
whitebox_oracle_7b_long,1.0,10,4046,fine
width_sweep_dp,1.0,2,4046,fine
adversarial_I_stochastic_30,0.9876543209876543,81,4047,fine
adversarial_K_online_learning,1.0,60,4047,fine
adversarial_L_ddp_10,1.0,240,4047,fine
adversarial_L_diluted_10_mw8,1.0,30,4047,fine
bert_sst2,1.0,16,4047,fine
fsdp_30b_adamw_nvlink,1.0,80,4047,fine
fsdp_70b_seq512_nvlink,1.0,80,4047,fine
fsdp_70b_seqlen512,0.65,80,4047,fine
fsdp_70b_sgd_momentum,1.0,80,4047,fine
gpt2_finetune,0.0,3,4047,fine
gpt2_wikitext2_amp,0.8333333333333334,12,4047,fine
idle,0.14423076923076922,104,4047,fine
llm_infer_deepseek_v3_tp8,0.39166666666666666,240,4047,fine
llm_infer_qwen25_3b,1.0,90,4047,fine
llm_infer_qwen25_72b_tp2,0.6833333333333333,60,4047,fine
nvlink_latency,0.5,4,4047,fine
ppo_rlhf_r32,0.9666666666666667,30,4047,fine
rendering_proxy,0.12,50,4047,fine
resnet_amp,0.0,3,4047,fine
resnet_fp32,1.0,3,4047,fine
symgemm_ppo_fused_r32,0.9333333333333333,30,4047,fine
whitebox_diluted_3b_N1_1h,1.0,10,4047,fine
whitebox_diluted_N20,1.0,30,4047,fine
whitebox_inference_7b,0.8,10,4047,fine
whitebox_inference_long,0.6,10,4047,fine
whitebox_lora_7b_N10,1.0,10,4047,fine
whitebox_lora_7b_N20_1h,1.0,10,4047,fine
whitebox_lora_7b_pilot_N7,1.0,10,4047,fine
whitebox_lora_N10,1.0,30,4047,fine
adversarial_L_ddp_stagger_5,1.0,240,4048,fine
adversarial_L_diluted_10,1.0,90,4048,fine
adversarial_L_diluted_10_mw8,1.0,30,4048,fine
adversarial_L_diluted_2,1.0,60,4048,fine
adversarial_L_diluted_5,0.9833333333333333,60,4048,fine
bert_finetune,0.0,3,4048,fine
bert_sst2,0.625,16,4048,fine
fsdp_70b_seq512_nvlink,1.0,80,4048,fine
idle,0.625,104,4048,fine
llm_infer_qwen25_72b_fp8,0.8,90,4048,fine
llm_infer_qwen25_72b_tp2,0.6666666666666666,60,4048,fine
llm_train_qwen25_3b_lora,0.9833333333333333,60,4048,fine
ppo_rlhf_r32,0.9,30,4048,fine
pytorch_resnet_cifar10,0.05714285714285714,35,4048,fine
resnet_amp,0.3333333333333333,3,4048,fine
symgemm_L0_fwd1,1.0,40,4048,fine
symgemm_L4_sgdfused_long1b,0.9,10,4048,fine
symgemm_ppo_fused_r32,0.0,30,4048,fine
whitebox_diluted_1b_N1_1h,1.0,10,4048,fine
whitebox_diluted_7b_N10_1h,1.0,10,4048,fine
whitebox_diluted_7b_N1_1h,1.0,10,4048,fine
whitebox_inference_3b_1h,0.0,10,4048,fine
whitebox_inference_7b_1h,0.0,10,4048,fine
whitebox_inference_7b_2h,0.0,10,4048,fine
whitebox_lora_7b_N1_1h,1.0,10,4048,fine
whitebox_lora_7b_N20_1h,1.0,10,4048,fine
whitebox_lora_7b_pilot_N2,1.0,10,4048,fine
whitebox_lora_7b_pilot_N3,1.0,10,4048,fine
whitebox_oracle_7b_long,1.0,10,4048,fine
adversarial_H_mimicry_cufft,0.7115384615384616,52,4049,fine
adversarial_L_ddp_5,1.0,240,4049,fine
adversarial_L_diluted_200_mw8,1.0,20,4049,fine
adversarial_training,0.3333333333333333,3,4049,fine
bert_finetune,0.0,3,4049,fine
bert_sst2_amp,0.6666666666666666,6,4049,fine
cufft_benchmark,1.0,113,4049,fine
fsdp_13b_nvlink,1.0,240,4049,fine
fsdp_70b_nvlink,1.0,184,4049,fine
fsdp_70b_seq512_nvlink,1.0,80,4049,fine
gpt2_finetune,0.0,3,4049,fine
gpt2_wikitext2_amp,0.9166666666666666,12,4049,fine
llm_infer_deepseek_v3_tp8,0.5958333333333333,240,4049,fine
llm_infer_qwen25_72b_fp16,1.0,30,4049,fine
llm_infer_qwen25_7b_fp16,0.9444444444444444,126,4049,fine
llm_infer_sdxl,0.022222222222222223,90,4049,fine
resnet50_inference,0.05660377358490566,53,4049,fine
symgemm_L1_fwd3,1.0,40,4049,fine
symgemm_L1_fwd3_7b,0.9,10,4049,fine
symgemm_L4_sgdfused_short7b,1.0,10,4049,fine
whitebox_diluted_3b_N1_1h,1.0,10,4049,fine
whitebox_diluted_7b_N1_1h,0.9,10,4049,fine
whitebox_inference_1b_matched,1.0,10,4049,fine
whitebox_inference_3b_1h,0.9,10,4049,fine
whitebox_lora_7b_N100_1h,0.6,10,4049,fine
whitebox_lora_7b_N500_long,0.4,10,4049,fine
whitebox_lora_N10,1.0,30,4049,fine
whitebox_lora_N10_long,1.0,10,4049,fine
whitebox_oracle,1.0,30,4049,fine
adversarial_E_memory_minimal,0.9803921568627451,51,4050,fine
adversarial_K_online_learning,0.9833333333333333,60,4050,fine
adversarial_L_diluted_10_mw8,1.0,30,4050,fine
adversarial_L_diluted_20,1.0,90,4050,fine
cufft_hpc,1.0,3,4050,fine
ddp_resnet18_cifar10_amp,1.0,240,4050,fine
ddp_training,1.0,2,4050,fine
fsdp_7b_nvlink,1.0,240,4050,fine
gpt2_wikitext2,0.7878787878787878,33,4050,fine
gpt2_wikitext2_amp,0.75,12,4050,fine
llm_infer_qwen25_3b_bs4,0.9888888888888889,90,4050,fine
llm_infer_tinyllama_seq4096,0.8111111111111111,90,4050,fine
llm_infer_vit_l_bs64,0.9888888888888889,90,4050,fine
llm_train_mistral_7b_lora,0.95,60,4050,fine
llm_train_qwen25_1p5b_lora,0.85,60,4050,fine
llm_train_smollm2_1p7b_lora,0.6,60,4050,fine
nvlink_bandwidth,0.5,4,4050,fine
pytorch_resnet_cifar10_amp,0.9722222222222222,36,4050,fine
symgemm_L1_fwd3,0.925,40,4050,fine
symgemm_decode_g256,0.0,30,4050,fine
symgemm_ppo_fused_r8,1.0,30,4050,fine
whitebox_diluted_7b_N10_1h,1.0,10,4050,fine
whitebox_diluted_N20,1.0,30,4050,fine
whitebox_inference_1b_matched,0.0,10,4050,fine
whitebox_inference_7b,0.8,10,4050,fine
whitebox_lora_7b_N3_1h,1.0,10,4050,fine
whitebox_lora_7b_N50_1h,1.0,10,4050,fine
whitebox_lora_7b_pilot_N2,0.9,10,4050,fine
whitebox_oracle_7b_long,0.9,10,4050,fine
adversarial_G_clock_throttled,1.0,51,4051,fine
adversarial_H_mimicry_cufft,0.8076923076923077,52,4051,fine
adversarial_L_diluted_20,0.7555555555555555,90,4051,fine
adversarial_training,0.6666666666666666,3,4051,fine
fsdp_70b_adamw,1.0,8,4051,fine
fsdp_70b_nvlink,1.0,184,4051,fine
gpt2_wikitext2_amp,1.0,12,4051,fine
llm_infer_sdxl,0.0,90,4051,fine
mining_proxy,0.0,1,4051,fine
modern_inference,1.0,3,4051,fine
nvlink_bandwidth,0.25,4,4051,fine
ppo_rlhf_r32,1.0,30,4051,fine
pytorch_mlp_cifar10,1.0,38,4051,fine
rendering_proxy,0.4,50,4051,fine
resnet_amp,0.0,3,4051,fine
resnet_fp32,0.0,3,4051,fine
symgemm_L1_fwd3,0.95,40,4051,fine
symgemm_L1_fwd3_m8192,0.35,20,4051,fine
symgemm_L4_sgdfused_m8192,1.0,20,4051,fine
symgemm_L4_sgdfused_short7b,1.0,10,4051,fine
symgemm_decode_g256,0.06666666666666667,30,4051,fine
whitebox_diluted_N5,1.0,30,4051,fine
whitebox_inference_7b_2h,0.9,10,4051,fine
whitebox_inference_long,1.0,10,4051,fine
whitebox_lora_3b_N1,1.0,10,4051,fine
whitebox_lora_7b_pilot_N7,1.0,10,4051,fine
whitebox_lora_N10,1.0,30,4051,fine
whitebox_lora_N5,1.0,30,4051,fine
width_sweep_dp,1.0,2,4051,fine
adversarial_H_mimicry_cufft,1.0,52,4052,fine
adversarial_I_stochastic_30,0.9876543209876543,81,4052,fine
adversarial_K_ddp,1.0,240,4052,fine
adversarial_L_ddp_5,1.0,240,4052,fine
adversarial_L_ddp_stagger_5,1.0,240,4052,fine
adversarial_L_diluted_2,1.0,60,4052,fine
adversarial_L_diluted_200_mw8,0.95,20,4052,fine
fsdp_70b_seq512_nvlink,1.0,80,4052,fine
inference,1.0,3,4052,fine
llm_infer_mixtral_8x7b,0.95,60,4052,fine
llm_infer_qwen25_14b_fp16,0.967479674796748,123,4052,fine
llm_infer_qwen25_3b,1.0,90,4052,fine
llm_infer_qwen25_72b_fp16,1.0,30,4052,fine
llm_infer_qwen25_72b_fp8,0.8222222222222222,90,4052,fine
llm_infer_tinyllama_bs8,0.6777777777777778,90,4052,fine
symgemm_L1_fwd3_m8192,0.05,20,4052,fine
symgemm_L4_sgdfused_long1b,0.7,10,4052,fine
symgemm_ppo_fused_r8,0.9333333333333333,30,4052,fine
whitebox_diluted_7b_N10_1h,1.0,10,4052,fine
whitebox_inference,0.8333333333333334,30,4052,fine
whitebox_inference_3b,0.0,10,4052,fine
whitebox_inference_3b_1h,0.0,10,4052,fine
whitebox_inference_7b_2h,0.9,10,4052,fine
whitebox_lora_7b_N10,1.0,10,4052,fine
whitebox_lora_7b_N20_1h,1.0,10,4052,fine
whitebox_lora_7b_N3_1h,1.0,10,4052,fine
whitebox_lora_7b_N500_long,1.0,10,4052,fine
whitebox_lora_7b_pilot_N2,1.0,10,4052,fine
whitebox_lora_N10_long,1.0,10,4052,fine
adversarial_I_stochastic_30,0.9753086419753086,81,4053,fine
adversarial_K_ddp,1.0,240,4053,fine
adversarial_K_ddp_accum_8,1.0,240,4053,fine
adversarial_K_online_learning,1.0,60,4053,fine
adversarial_L_ddp_10,1.0,240,4053,fine
adversarial_L_diluted_200_mw8,0.95,20,4053,fine
fsdp_13b_nvlink,1.0,240,4053,fine
fsdp_70b_seqlen512,0.8625,80,4053,fine
idle,0.6153846153846154,104,4053,fine
llm_infer_mistral_7b_q4,0.8224852071005917,169,4053,fine
llm_infer_qwen25_72b_fp16,1.0,30,4053,fine
llm_infer_qwen25_72b_tp2,0.9333333333333333,60,4053,fine
llm_train_smollm2_1p7b_lora,0.9833333333333333,60,4053,fine
modern_inference,1.0,3,4053,fine
nvlink_bandwidth,0.0,4,4053,fine
ppo_rlhf_r32,0.6666666666666666,30,4053,fine
pytorch_resnet_cifar10,0.5714285714285714,35,4053,fine
pytorch_resnet_cifar10_amp,0.9166666666666666,36,4053,fine
symgemm_L4_sgdfused,0.025,40,4053,fine
symgemm_L4_sgdfused_7b,1.0,10,4053,fine
symgemm_L4_sgdfused_m8192,0.85,20,4053,fine
symgemm_L5_adam,0.9,40,4053,fine
training_single_gpu,0.2,5,4053,fine
whitebox_diluted_7b_N1_1h,1.0,10,4053,fine
whitebox_diluted_N5,1.0,30,4053,fine
whitebox_lora_3b_N1_1h,1.0,10,4053,fine
whitebox_lora_7b_N3_1h,1.0,10,4053,fine
whitebox_lora_N10,1.0,30,4053,fine
whitebox_oracle,1.0,30,4053,fine
adversarial_F_interleave_30,1.0,51,4054,fine
adversarial_J_pid_75,1.0,52,4054,fine
adversarial_K_ddp,1.0,240,4054,fine
adversarial_K_ddp_accum_8,1.0,240,4054,fine
adversarial_L_diluted_200_mw8,0.95,20,4054,fine
ddp_training,1.0,2,4054,fine
fsdp_70b_seq512_nvlink,1.0,80,4054,fine
fsdp_7b_nvlink,1.0,240,4054,fine
gpt2_wikitext2,0.9090909090909091,33,4054,fine
idle,0.22115384615384615,104,4054,fine
inference,0.0,3,4054,fine
llm_infer_mixtral_8x7b,0.9333333333333333,60,4054,fine
llm_infer_qwen25_14b_fp16,0.975609756097561,123,4054,fine
llm_infer_qwen25_3b_bs4,1.0,90,4054,fine
llm_infer_qwen25_7b_fp16,0.9523809523809523,126,4054,fine
mining_ethash_proxy,0.0,110,4054,fine
modern_inference,1.0,3,4054,fine
symgemm_L4_sgdfused_short7b,0.9,10,4054,fine
training_dual_gpu_dp,0.5,8,4054,fine
whitebox_diluted_3b_N1_1h,1.0,10,4054,fine
whitebox_diluted_N10,1.0,30,4054,fine
whitebox_inference_7b_1h,0.8,10,4054,fine
whitebox_lora_7b_N500_long,0.8,10,4054,fine
whitebox_lora_7b_N50_1h,1.0,10,4054,fine
whitebox_lora_7b_pilot_N5,1.0,10,4054,fine
whitebox_lora_7b_pilot_N7,1.0,10,4054,fine
whitebox_lora_N10,1.0,30,4054,fine
whitebox_oracle,1.0,30,4054,fine
width_sweep_dp,1.0,2,4054,fine
adversarial_H_mimicry_mining,1.0,61,4055,fine
adversarial_L_ddp_stagger_5,1.0,240,4055,fine
adversarial_L_diluted_2,1.0,60,4055,fine
adversarial_L_diluted_5,1.0,60,4055,fine
ddp_resnet18_cifar10,1.0,240,4055,fine
ddp_training,1.0,2,4055,fine
fsdp_13b_nvlink,1.0,240,4055,fine
fsdp_30b_nvlink,0.8145161290322581,248,4055,fine
fsdp_70b_adamw,0.625,8,4055,fine
fsdp_70b_nvlink,0.9456521739130435,184,4055,fine
fsdp_7b_nvlink,0.75,240,4055,fine
llm_infer_qwen25_14b_fp16,0.967479674796748,123,4055,fine
llm_infer_qwen25_32b_fp16,0.975609756097561,123,4055,fine
llm_infer_tinyllama_bs8,0.9888888888888889,90,4055,fine
llm_train_phi3_mini_lora,0.9666666666666667,60,4055,fine
llm_train_smollm2_1p7b_lora,0.85,60,4055,fine
mining_proxy,0.0,1,4055,fine
resnet_amp,0.0,3,4055,fine
symgemm_L4_sgdfused_long1b,0.0,10,4055,fine
symgemm_L5_adam,1.0,40,4055,fine
whitebox_diluted_3b_N1_1h,0.9,10,4055,fine
whitebox_diluted_N20,1.0,30,4055,fine
whitebox_lora_7b_N10,0.9,10,4055,fine
whitebox_lora_7b_N1_1h,0.8,10,4055,fine
whitebox_lora_N10_long,1.0,10,4055,fine
whitebox_lora_N20,1.0,30,4055,fine
whitebox_lora_N5,1.0,30,4055,fine
whitebox_oracle,0.8666666666666667,30,4055,fine
whitebox_oracle_7b_long,0.9,10,4055,fine
adversarial_F_interleave_30,1.0,51,4056,fine
adversarial_F_interleave_50,1.0,81,4056,fine
adversarial_K_ddp_accum_8,1.0,240,4056,fine
adversarial_L_diluted_10,1.0,90,4056,fine
adversarial_L_diluted_20,1.0,90,4056,fine
bert_finetune,0.0,3,4056,fine
ddp_resnet18_cifar10,0.9791666666666666,240,4056,fine
ddp_resnet18_cifar10_amp,1.0,240,4056,fine
gpt2_wikitext2_amp,0.8333333333333334,12,4056,fine
llm_infer_mistral_7b_q4,0.6390532544378699,169,4056,fine
llm_infer_phi3_mini,0.94,100,4056,fine
llm_infer_qwen25_3b_bs4,1.0,90,4056,fine
llm_train_phi3_mini_lora,1.0,60,4056,fine
nvlink_p2p,1.0,3,4056,fine
ppo_rlhf_r32,1.0,30,4056,fine
pytorch_mlp_cifar10,1.0,38,4056,fine
pytorch_training,1.0,3,4056,fine
symgemm_L4_sgdfused,0.25,40,4056,fine
symgemm_L4_sgdfused_7b,1.0,10,4056,fine
symgemm_decode_g256,0.8,30,4056,fine
whitebox_inference_3b,0.9,10,4056,fine
whitebox_inference_7b_2h,0.9,10,4056,fine
whitebox_lora_3b_N1_1h,1.0,10,4056,fine
whitebox_lora_7b_N100_1h,1.0,10,4056,fine
whitebox_lora_7b_N20_1h,1.0,10,4056,fine
whitebox_lora_7b_N50_1h,1.0,10,4056,fine
whitebox_lora_7b_pilot_N3,1.0,10,4056,fine
whitebox_lora_N10,1.0,30,4056,fine
whitebox_lora_N5,1.0,30,4056,fine
adversarial_G_clock_throttled,1.0,51,4057,fine
batch_size_sweep_dp,0.5,2,4057,fine
bert_finetune,0.3333333333333333,3,4057,fine
bert_sst2_amp,0.8333333333333334,6,4057,fine
ddp_resnet18_cifar10,0.8583333333333333,240,4057,fine
ddp_training,1.0,2,4057,fine
fsdp_13b_nvlink,1.0,240,4057,fine
fsdp_30b_nvlink,1.0,248,4057,fine
fsdp_70b_adamw,1.0,8,4057,fine
llm_infer_mixtral_8x7b,1.0,60,4057,fine
llm_infer_phi3_mini,0.57,100,4057,fine
llm_infer_qwen25_72b_tp2,0.9333333333333333,60,4057,fine
llm_train_qwen25_3b_lora,0.9833333333333333,60,4057,fine
modern_inference,1.0,3,4057,fine
nvlink_p2p,1.0,3,4057,fine
pytorch_training,0.6666666666666666,3,4057,fine
rendering,0.0,1,4057,fine
symgemm_L0_fwd1,1.0,40,4057,fine
symgemm_L1_fwd3_m8192,0.05,20,4057,fine
symgemm_idle,0.0,10,4057,fine
whitebox_diluted_1b_N1_1h,1.0,10,4057,fine
whitebox_diluted_7b_N1_1h,1.0,10,4057,fine
whitebox_diluted_N10,1.0,30,4057,fine
whitebox_inference_7b_1h,0.8,10,4057,fine
whitebox_lora_3b_N1_1h,1.0,10,4057,fine
whitebox_lora_7b_N500_long,1.0,10,4057,fine
whitebox_lora_7b_pilot_N8,1.0,10,4057,fine
whitebox_lora_N10_long,1.0,10,4057,fine
whitebox_lora_N5,0.9666666666666667,30,4057,fine
adversarial_G_clock_throttled,0.9803921568627451,51,4058,fine
adversarial_I_stochastic_30,0.9876543209876543,81,4058,fine
adversarial_K_ddp,1.0,240,4058,fine
adversarial_training,0.6666666666666666,3,4058,fine
bert_sst2,1.0,16,4058,fine
cufft_benchmark,1.0,113,4058,fine
ddp_resnet18_cifar10,1.0,240,4058,fine
fsdp_30b_adamw_nvlink,1.0,80,4058,fine
fsdp_30b_nvlink,1.0,248,4058,fine
gpt2_wikitext2_amp,1.0,12,4058,fine
llm_infer_mixtral_8x7b,0.9333333333333333,60,4058,fine
llm_infer_qwen25_14b_fp16,0.8943089430894309,123,4058,fine
llm_infer_qwen25_72b_fp8,0.7,90,4058,fine
mlp_training,1.0,1,4058,fine
modern_inference,1.0,3,4058,fine
ppo_rlhf_r32,0.7666666666666667,30,4058,fine
pytorch_resnet_cifar10,0.6,35,4058,fine
resnet50_inference,0.03773584905660377,53,4058,fine
resnet_amp,0.0,3,4058,fine
resnet_fp32,0.0,3,4058,fine
whitebox_diluted_N10,1.0,30,4058,fine
whitebox_inference_long,1.0,10,4058,fine
whitebox_lora_1b_N1_1h,1.0,10,4058,fine
whitebox_lora_7b_N10,1.0,10,4058,fine
whitebox_lora_7b_N20_1h,1.0,10,4058,fine
whitebox_lora_7b_N500_long,1.0,10,4058,fine
whitebox_lora_N10,1.0,30,4058,fine
whitebox_oracle,1.0,30,4058,fine
width_sweep_dp,0.0,2,4058,fine
adversarial_H_mimicry_cufft,0.8461538461538461,52,4059,fine
adversarial_L_diluted_200_mw8,1.0,20,4059,fine
fsdp_30b_nvlink,1.0,248,4059,fine
fsdp_7b_nvlink,1.0,240,4059,fine
gpt2_finetune,0.3333333333333333,3,4059,fine
inference,1.0,3,4059,fine
llm_infer_deepseek_v3_tp8,0.48333333333333334,240,4059,fine
llm_infer_sdxl,0.0,90,4059,fine
mining_proxy,0.0,1,4059,fine
ppo_rlhf_r32,0.4,30,4059,fine
ppo_rlhf_r8,0.3,30,4059,fine
pytorch_resnet_cifar10,0.9428571428571428,35,4059,fine
symgemm_L1_fwd3,1.0,40,4059,fine
symgemm_L4_sgdfused_m8192,1.0,20,4059,fine
symgemm_idle,0.0,10,4059,fine
whitebox_diluted_N20,1.0,30,4059,fine
whitebox_diluted_N5,1.0,30,4059,fine
whitebox_inference,0.8666666666666667,30,4059,fine
whitebox_inference_7b_1h,0.9,10,4059,fine
whitebox_lora_7b_N10,0.9,10,4059,fine
whitebox_lora_7b_N100_1h,0.7,10,4059,fine
whitebox_lora_7b_N1_1h,0.9,10,4059,fine
whitebox_lora_7b_N500_long,1.0,10,4059,fine
whitebox_lora_7b_pilot_N2,0.9,10,4059,fine
whitebox_lora_N10_long,1.0,10,4059,fine
whitebox_lora_N20,1.0,30,4059,fine
whitebox_lora_N5,1.0,30,4059,fine
whitebox_oracle_7b_long,0.9,10,4059,fine
width_sweep_dp,1.0,2,4059,fine
adversarial_E_memory_minimal,0.9803921568627451,51,4060,fine
adversarial_J_pid_75,1.0,52,4060,fine
adversarial_L_ddp_10,1.0,240,4060,fine
adversarial_L_diluted_20,0.6111111111111112,90,4060,fine
bert_finetune,0.3333333333333333,3,4060,fine
bert_sst2_amp,0.5,6,4060,fine
fsdp_7b_nvlink,0.9958333333333333,240,4060,fine
gpt2_wikitext2_amp,0.5,12,4060,fine
llm_infer_mixtral_8x7b,0.9833333333333333,60,4060,fine
llm_infer_phi3_mini,0.99,100,4060,fine
llm_infer_qwen25_3b_bs16,0.8333333333333334,90,4060,fine
llm_infer_qwen25_3b_bs4,1.0,90,4060,fine
mlp_training,0.0,1,4060,fine
nvlink_bandwidth,0.0,4,4060,fine
nvlink_latency,0.0,4,4060,fine
ppo_rlhf_r32,0.8333333333333334,30,4060,fine
symgemm_L1_fwd3_7b,0.8,10,4060,fine
symgemm_L4_sgdfused_long1b,0.8,10,4060,fine
symgemm_decode_g256,0.8666666666666667,30,4060,fine
training_single_gpu,0.8,5,4060,fine
whitebox_diluted_3b_N1_1h,0.9,10,4060,fine
whitebox_inference_7b,0.8,10,4060,fine
whitebox_lora_1b_N1_1h,0.6,10,4060,fine
whitebox_lora_3b_N1,0.9,10,4060,fine
whitebox_lora_7b_N20_1h,1.0,10,4060,fine
whitebox_lora_7b_N500_long,0.9,10,4060,fine
whitebox_lora_7b_pilot_N5,1.0,10,4060,fine
whitebox_lora_7b_pilot_N7,1.0,10,4060,fine
whitebox_lora_N5,1.0,30,4060,fine
adversarial_I_stochastic_30,0.9876543209876543,81,4061,fine
bert_sst2_amp,0.5,6,4061,fine
fsdp_13b_nvlink,1.0,240,4061,fine
fsdp_70b_adamw,1.0,8,4061,fine
fsdp_70b_seq512_nvlink,1.0,80,4061,fine
gpt2_finetune,0.0,3,4061,fine
gpt2_wikitext2,0.7272727272727273,33,4061,fine
llm_infer_qwen25_3b_bs16,0.9555555555555556,90,4061,fine
llm_infer_qwen25_72b_fp8,0.9555555555555556,90,4061,fine
llm_infer_qwen25_72b_tp2,0.9666666666666667,60,4061,fine
llm_train_mistral_7b_lora,0.95,60,4061,fine
symgemm_L0_fwd1,0.975,40,4061,fine
symgemm_L1_fwd3_7b,0.2,10,4061,fine
symgemm_L4_sgdfused_7b,1.0,10,4061,fine
symgemm_L4_sgdfused_short7b,1.0,10,4061,fine
symgemm_ppo_fused_r8,1.0,30,4061,fine
training_dual_gpu_dp,0.625,8,4061,fine
whitebox_diluted_1b_N1_1h,1.0,10,4061,fine
whitebox_diluted_3b_N1_1h,0.9,10,4061,fine
whitebox_diluted_7b_N1_1h,1.0,10,4061,fine
whitebox_diluted_N10,1.0,30,4061,fine
whitebox_diluted_N5,1.0,30,4061,fine
whitebox_inference_1b_matched,0.9,10,4061,fine
whitebox_inference_7b,0.8,10,4061,fine
whitebox_inference_long,1.0,10,4061,fine
whitebox_lora_7b_N1_1h,1.0,10,4061,fine
whitebox_lora_7b_pilot_N6,1.0,10,4061,fine
whitebox_lora_7b_pilot_N8,1.0,10,4061,fine
width_sweep_dp,1.0,2,4061,fine
adversarial_G_clock_throttled,1.0,51,4062,fine
adversarial_I_stochastic_30,1.0,81,4062,fine
adversarial_L_ddp_5,1.0,240,4062,fine
fsdp_70b_adamw,1.0,8,4062,fine
gpt2_finetune,0.0,3,4062,fine
inference,0.0,3,4062,fine
llm_infer_qwen25_7b_fp16,0.9603174603174603,126,4062,fine
llm_infer_tinyllama_seq4096,1.0,90,4062,fine
llm_train_mistral_7b_lora,0.9666666666666667,60,4062,fine
llm_train_qwen25_1p5b_lora,0.9833333333333333,60,4062,fine
modern_inference,1.0,3,4062,fine
pytorch_resnet_cifar10,0.6857142857142857,35,4062,fine
pytorch_training,1.0,3,4062,fine
rendering_proxy,0.18,50,4062,fine
resnet50_inference,0.03773584905660377,53,4062,fine
symgemm_L1_fwd3,0.975,40,4062,fine
symgemm_L1_fwd3_7b,0.3,10,4062,fine
symgemm_L4_sgdfused_short7b,1.0,10,4062,fine
whitebox_diluted_3b_N1_1h,0.9,10,4062,fine
whitebox_diluted_N10,1.0,30,4062,fine
whitebox_diluted_N20,1.0,30,4062,fine
whitebox_inference,0.5666666666666667,30,4062,fine
whitebox_inference_3b,0.9,10,4062,fine
whitebox_inference_7b,0.1,10,4062,fine
whitebox_inference_7b_2h,0.0,10,4062,fine
whitebox_lora_7b_N1_1h,1.0,10,4062,fine
whitebox_lora_7b_N500_long,1.0,10,4062,fine
whitebox_lora_7b_pilot_N7,1.0,10,4062,fine
width_sweep_dp,1.0,2,4062,fine
adversarial_E_memory_minimal,1.0,51,4063,fine
adversarial_F_interleave_50,1.0,81,4063,fine
adversarial_L_diluted_10,1.0,90,4063,fine
fsdp_70b_adamw,1.0,8,4063,fine
gpt2_wikitext2,0.9090909090909091,33,4063,fine
llm_infer_qwen25_14b_fp16,0.8699186991869918,123,4063,fine
llm_infer_qwen25_32b_fp16,0.8455284552845529,123,4063,fine
llm_infer_qwen25_72b_fp16,0.9333333333333333,30,4063,fine
llm_infer_tinyllama_bs8,0.9888888888888889,90,4063,fine
llm_train_phi3_mini_lora,1.0,60,4063,fine
mlp_training,1.0,1,4063,fine
modern_inference,1.0,3,4063,fine
nvlink_p2p,0.3333333333333333,3,4063,fine
ppo_rlhf_r8,1.0,30,4063,fine
pytorch_mlp_cifar10,0.9736842105263158,38,4063,fine
resnet_fp32,1.0,3,4063,fine
scientific_hpc,0.3333333333333333,3,4063,fine
symgemm_L0_fwd1,1.0,40,4063,fine
symgemm_L1_fwd3_7b,0.7,10,4063,fine
symgemm_L1_fwd3_m8192,0.9,20,4063,fine
symgemm_L4_sgdfused_7b,1.0,10,4063,fine
training_dual_gpu_dp,0.75,8,4063,fine
whitebox_inference_7b_2h,0.9,10,4063,fine
whitebox_lora_7b_N10,1.0,10,4063,fine
whitebox_lora_7b_N1_1h,0.9,10,4063,fine
whitebox_lora_7b_N50_1h,1.0,10,4063,fine
whitebox_lora_7b_pilot_N3,1.0,10,4063,fine
whitebox_lora_7b_pilot_N5,1.0,10,4063,fine
whitebox_lora_N20,1.0,30,4063,fine
adversarial_H_mimicry_mining,0.9836065573770492,61,4064,fine
adversarial_K_ddp,1.0,240,4064,fine
adversarial_K_ddp_accum_4,1.0,240,4064,fine
adversarial_L_diluted_200_mw8,1.0,20,4064,fine
adversarial_training,0.6666666666666666,3,4064,fine
fsdp_70b_adamw,0.0,8,4064,fine
fsdp_70b_seqlen512,0.0125,80,4064,fine
fsdp_70b_sgd_momentum,0.15,80,4064,fine
gpt2_wikitext2_amp,0.75,12,4064,fine
idle,0.6538461538461539,104,4064,fine
llm_infer_mistral_7b_q4,0.9053254437869822,169,4064,fine
llm_infer_mixtral_8x7b,0.9833333333333333,60,4064,fine
llm_train_smollm2_1p7b_lora,0.9166666666666666,60,4064,fine
mining_ethash_proxy,0.05454545454545454,110,4064,fine
nvlink_p2p,1.0,3,4064,fine
pytorch_training,1.0,3,4064,fine
rendering,0.0,1,4064,fine
symgemm_L4_sgdfused_long1b,0.7,10,4064,fine
symgemm_L4_sgdfused_m8192,0.9,20,4064,fine
symgemm_idle,0.0,10,4064,fine
training_single_gpu,0.6,5,4064,fine
whitebox_diluted_1b_N1_1h,1.0,10,4064,fine
whitebox_diluted_7b_N1_1h,0.9,10,4064,fine
whitebox_inference_1b_matched,0.9,10,4064,fine
whitebox_inference_3b_1h,0.9,10,4064,fine
whitebox_lora_7b_N10,0.9,10,4064,fine
whitebox_lora_7b_N100_1h,0.9,10,4064,fine
whitebox_oracle_7b_long,0.9,10,4064,fine
width_sweep_dp,1.0,2,4064,fine
adversarial_E_memory_minimal,1.0,51,4065,fine
adversarial_H_mimicry_cufft,0.6923076923076923,52,4065,fine
adversarial_K_ddp_accum_4,1.0,240,4065,fine
adversarial_L_ddp_stagger_5,1.0,240,4065,fine
adversarial_L_diluted_20,0.9,90,4065,fine
bert_sst2_amp,0.5,6,4065,fine
ddp_resnet50_cifar10,1.0,240,4065,fine
ddp_training,1.0,2,4065,fine
fsdp_30b_adamw_nvlink,1.0,80,4065,fine
fsdp_70b_seqlen512,0.825,80,4065,fine
gpt2_finetune,0.0,3,4065,fine
gpt2_wikitext2,0.8484848484848485,33,4065,fine
llm_infer_deepseek_v3_tp8,0.39166666666666666,240,4065,fine
llm_infer_mixtral_8x7b,0.8833333333333333,60,4065,fine
llm_infer_qwen25_72b_fp8,0.9555555555555556,90,4065,fine
llm_infer_tinyllama_seq4096,1.0,90,4065,fine
rendering,0.0,1,4065,fine
rendering_proxy,0.9,50,4065,fine
symgemm_L1_fwd3,0.975,40,4065,fine
whitebox_diluted_N20,1.0,30,4065,fine
whitebox_lora_3b_N1,0.9,10,4065,fine
whitebox_lora_7b_N10,0.9,10,4065,fine
whitebox_lora_7b_N100_1h,0.8,10,4065,fine
whitebox_lora_7b_N1_1h,0.8,10,4065,fine
whitebox_lora_7b_N3_1h,1.0,10,4065,fine
whitebox_lora_7b_N500_long,1.0,10,4065,fine
whitebox_lora_7b_pilot_N2,0.9,10,4065,fine
whitebox_lora_7b_pilot_N6,1.0,10,4065,fine
whitebox_oracle,1.0,30,4065,fine
adversarial_E_memory_minimal,0.9803921568627451,51,4066,fine
adversarial_F_interleave_30,0.9803921568627451,51,4066,fine
adversarial_H_mimicry_cufft,0.9807692307692307,52,4066,fine
adversarial_L_ddp_5,1.0,240,4066,fine
adversarial_L_diluted_10,1.0,90,4066,fine
adversarial_L_diluted_2,1.0,60,4066,fine
bert_sst2,0.6875,16,4066,fine
bert_sst2_amp,0.5,6,4066,fine
cufft_hpc,1.0,3,4066,fine
fsdp_30b_adamw_nvlink,1.0,80,4066,fine
fsdp_70b_nvlink,0.9891304347826086,184,4066,fine
fsdp_70b_seq512_nvlink,1.0,80,4066,fine
fsdp_7b_nvlink,1.0,240,4066,fine
llm_infer_mixtral_8x7b,0.9666666666666667,60,4066,fine
llm_infer_qwen25_32b_fp16,0.8943089430894309,123,4066,fine
llm_infer_qwen25_72b_fp16,0.9,30,4066,fine
llm_infer_tinyllama_bs8,0.6333333333333333,90,4066,fine
llm_train_qwen25_1p5b_lora,0.6833333333333333,60,4066,fine
llm_train_smollm2_1p7b_lora,0.5833333333333334,60,4066,fine
modern_inference,1.0,3,4066,fine
nvlink_latency,0.25,4,4066,fine
pytorch_mlp_cifar10,0.9736842105263158,38,4066,fine
pytorch_training,1.0,3,4066,fine
rendering,0.0,1,4066,fine
whitebox_inference,0.5,30,4066,fine
whitebox_inference_long,0.8,10,4066,fine
whitebox_lora_1b_N1_1h,1.0,10,4066,fine
whitebox_lora_3b_N1_1h,0.9,10,4066,fine
whitebox_lora_7b_N50_1h,1.0,10,4066,fine
adversarial_H_mimicry_mining,1.0,61,4067,fine
adversarial_L_ddp_5,1.0,240,4067,fine
ddp_resnet50_cifar10,1.0,240,4067,fine
fsdp_70b_nvlink,1.0,184,4067,fine
inference,1.0,3,4067,fine
llm_infer_mixtral_8x7b,0.9333333333333333,60,4067,fine
llm_infer_qwen25_7b_fp16,0.9603174603174603,126,4067,fine
llm_train_phi3_mini_lora,1.0,60,4067,fine
llm_train_qwen25_1p5b_lora,0.23333333333333334,60,4067,fine
llm_train_qwen25_3b_lora,0.5,60,4067,fine
nbody_sim,0.9464285714285714,56,4067,fine
ppo_rlhf_r8,0.5,30,4067,fine
rendering_proxy,0.9,50,4067,fine
scientific_hpc,1.0,3,4067,fine
symgemm_L0_fwd1,1.0,40,4067,fine
symgemm_L4_sgdfused,0.0,40,4067,fine
symgemm_decode_g256,0.5333333333333333,30,4067,fine
training_single_gpu,0.2,5,4067,fine
whitebox_diluted_3b_N1_1h,1.0,10,4067,fine
whitebox_diluted_N20,1.0,30,4067,fine
whitebox_inference,0.5333333333333333,30,4067,fine
whitebox_inference_long,0.8,10,4067,fine
whitebox_lora_7b_N1_1h,1.0,10,4067,fine
whitebox_lora_7b_N20_1h,1.0,10,4067,fine
whitebox_lora_7b_N3_1h,1.0,10,4067,fine
whitebox_lora_7b_pilot_N8,1.0,10,4067,fine
whitebox_lora_N10_long,1.0,10,4067,fine
whitebox_lora_N5,1.0,30,4067,fine
whitebox_oracle_7b_long,1.0,10,4067,fine
adversarial_J_pid_75,1.0,52,4068,fine
adversarial_L_ddp_stagger_5,1.0,240,4068,fine
adversarial_L_diluted_10_mw8,1.0,30,4068,fine
adversarial_L_diluted_5,1.0,60,4068,fine
batch_size_sweep_dp,1.0,2,4068,fine
ddp_training,1.0,2,4068,fine
inference,0.0,3,4068,fine
llm_infer_deepseek_v3_tp8,0.6791666666666667,240,4068,fine
llm_infer_phi3_mini,0.57,100,4068,fine
llm_infer_qwen25_3b,0.6,90,4068,fine
llm_infer_qwen25_3b_bs16,0.3333333333333333,90,4068,fine
llm_infer_tinyllama_seq4096,0.7222222222222222,90,4068,fine
llm_train_qwen25_3b_lora,0.9833333333333333,60,4068,fine
mlp_training,1.0,1,4068,fine
modern_inference,1.0,3,4068,fine
pytorch_resnet_cifar10,0.5428571428571428,35,4068,fine
resnet_amp,0.0,3,4068,fine
scientific_hpc,0.6666666666666666,3,4068,fine
symgemm_L4_sgdfused_long1b,0.7,10,4068,fine
symgemm_decode_g256,0.0,30,4068,fine
training_dual_gpu_dp,0.75,8,4068,fine
whitebox_inference,0.9333333333333333,30,4068,fine
whitebox_inference_7b,0.8,10,4068,fine
whitebox_lora_3b_N1,1.0,10,4068,fine
whitebox_lora_7b_long,0.9,10,4068,fine
whitebox_lora_7b_pilot_N3,1.0,10,4068,fine
whitebox_lora_7b_pilot_N5,1.0,10,4068,fine
whitebox_lora_N5,1.0,30,4068,fine
whitebox_oracle,1.0,30,4068,fine
adversarial_L_ddp_stagger_5,1.0,240,4069,fine
adversarial_L_diluted_5,1.0,60,4069,fine
batch_size_sweep_dp,0.5,2,4069,fine
ddp_resnet18_cifar10,1.0,240,4069,fine
fsdp_30b_nvlink,1.0,248,4069,fine
gpt2_wikitext2_amp,1.0,12,4069,fine
llm_infer_mixtral_8x7b,0.8666666666666667,60,4069,fine
llm_infer_qwen25_32b_fp16,0.991869918699187,123,4069,fine
llm_infer_qwen25_3b_bs16,0.4444444444444444,90,4069,fine
llm_infer_qwen25_72b_tp2,0.7333333333333333,60,4069,fine
llm_infer_vit_l_bs64,0.9444444444444444,90,4069,fine
mining_ethash_proxy,0.0,110,4069,fine
modern_inference,1.0,3,4069,fine
ppo_rlhf_r32,0.8,30,4069,fine
pytorch_resnet_cifar10,0.6285714285714286,35,4069,fine
rendering_proxy,0.3,50,4069,fine
symgemm_L1_fwd3_m8192,1.0,20,4069,fine
symgemm_L4_sgdfused_long1b,0.0,10,4069,fine
symgemm_L4_sgdfused_short7b,0.9,10,4069,fine
whitebox_diluted_7b_N10_1h,0.9,10,4069,fine
whitebox_diluted_N10,1.0,30,4069,fine
whitebox_diluted_N20,1.0,30,4069,fine
whitebox_inference_1b_matched,0.8,10,4069,fine
whitebox_lora_3b_N1_1h,1.0,10,4069,fine
whitebox_lora_7b_N100_1h,0.8,10,4069,fine
whitebox_lora_7b_N3_1h,1.0,10,4069,fine
whitebox_lora_7b_pilot_N2,1.0,10,4069,fine
whitebox_lora_N5,0.9666666666666667,30,4069,fine
whitebox_oracle_7b_long,1.0,10,4069,fine
adversarial_I_stochastic_30,1.0,81,4070,fine
adversarial_J_pid_75,1.0,52,4070,fine
adversarial_K_ddp_accum_8,1.0,240,4070,fine
adversarial_training,1.0,3,4070,fine
fsdp_70b_adamw,1.0,8,4070,fine
fsdp_70b_sgd_momentum,1.0,80,4070,fine
inference,0.0,3,4070,fine
llm_infer_mixtral_8x7b,1.0,60,4070,fine
llm_infer_phi3_mini,0.99,100,4070,fine
llm_infer_qwen25_14b_fp16,1.0,123,4070,fine
llm_infer_qwen25_3b_bs16,0.6888888888888889,90,4070,fine
ppo_rlhf_r8,0.8333333333333334,30,4070,fine
pytorch_mlp_cifar10,0.9736842105263158,38,4070,fine
pytorch_resnet_cifar10,0.6857142857142857,35,4070,fine
rendering_proxy,0.0,50,4070,fine
resnet50_inference,0.0,53,4070,fine
symgemm_L1_fwd3_7b,1.0,10,4070,fine
symgemm_L4_sgdfused_short7b,0.9,10,4070,fine
symgemm_decode_g256,0.4666666666666667,30,4070,fine
symgemm_idle,0.1,10,4070,fine
symgemm_ppo_fused_r8,0.9666666666666667,30,4070,fine
whitebox_diluted_1b_N1_1h,1.0,10,4070,fine
whitebox_diluted_N5,1.0,30,4070,fine
whitebox_lora_7b_N10,0.9,10,4070,fine
whitebox_lora_7b_N100_1h,0.9,10,4070,fine
whitebox_lora_7b_N20_1h,1.0,10,4070,fine
whitebox_lora_7b_N3_1h,1.0,10,4070,fine
whitebox_lora_7b_N50_1h,1.0,10,4070,fine
whitebox_lora_N10_long,1.0,10,4070,fine
adversarial_I_stochastic_30,0.9876543209876543,81,4071,fine
adversarial_K_ddp_accum_4,1.0,240,4071,fine
adversarial_L_ddp_10,1.0,240,4071,fine
adversarial_L_ddp_stagger_5,0.9916666666666667,240,4071,fine
adversarial_L_diluted_10_mw8,1.0,30,4071,fine
adversarial_L_diluted_2,1.0,60,4071,fine
adversarial_training,0.3333333333333333,3,4071,fine
ddp_resnet18_cifar10_amp,1.0,240,4071,fine
fsdp_30b_nvlink,1.0,248,4071,fine
fsdp_70b_nvlink,1.0,184,4071,fine
fsdp_7b_nvlink,1.0,240,4071,fine
gpt2_finetune,0.3333333333333333,3,4071,fine
gpt2_wikitext2,1.0,33,4071,fine
llm_infer_mistral_7b_q4,0.5976331360946746,169,4071,fine
llm_infer_qwen25_3b_bs16,0.6777777777777778,90,4071,fine
llm_infer_sdxl,0.0,90,4071,fine
llm_infer_tinyllama_bs8,0.9888888888888889,90,4071,fine
llm_train_qwen25_3b_lora,0.9833333333333333,60,4071,fine
mining_proxy,0.0,1,4071,fine
nvlink_bandwidth,0.0,4,4071,fine
pytorch_training,1.0,3,4071,fine
resnet_fp32,0.0,3,4071,fine
symgemm_L1_fwd3_7b,1.0,10,4071,fine
symgemm_decode_g256,0.0,30,4071,fine
whitebox_diluted_N10,1.0,30,4071,fine
whitebox_diluted_N5,1.0,30,4071,fine
whitebox_lora_3b_N1_1h,1.0,10,4071,fine
whitebox_lora_7b_N500_long,1.0,10,4071,fine
width_sweep_dp,1.0,2,4071,fine
adversarial_H_mimicry_mining,1.0,61,4072,fine
adversarial_K_ddp_accum_4,1.0,240,4072,fine
adversarial_L_diluted_2,1.0,60,4072,fine
adversarial_L_diluted_20,1.0,90,4072,fine
bert_sst2,0.1875,16,4072,fine
cufft_hpc,1.0,3,4072,fine
fsdp_13b_nvlink,1.0,240,4072,fine
fsdp_30b_adamw_nvlink,1.0,80,4072,fine
fsdp_70b_adamw,0.5,8,4072,fine
fsdp_70b_seqlen512,0.3375,80,4072,fine
fsdp_7b_nvlink,0.9791666666666666,240,4072,fine
gpt2_finetune,0.3333333333333333,3,4072,fine
gpt2_wikitext2,0.3939393939393939,33,4072,fine
llm_infer_qwen25_3b,1.0,90,4072,fine
llm_infer_qwen25_3b_bs4,1.0,90,4072,fine
llm_infer_qwen25_72b_fp16,1.0,30,4072,fine
llm_infer_vit_l_bs64,1.0,90,4072,fine
llm_train_qwen25_3b_lora,0.23333333333333334,60,4072,fine
mining_ethash_proxy,0.01818181818181818,110,4072,fine
mlp_training,0.0,1,4072,fine
pytorch_training,1.0,3,4072,fine
resnet_amp,0.0,3,4072,fine
symgemm_L1_fwd3_m8192,0.7,20,4072,fine
whitebox_diluted_N5,1.0,30,4072,fine
whitebox_inference,0.9,30,4072,fine
whitebox_lora_7b_N500_long,0.9,10,4072,fine
whitebox_lora_7b_pilot_N7,1.0,10,4072,fine
whitebox_lora_N20,1.0,30,4072,fine
whitebox_oracle_7b_long,1.0,10,4072,fine
adversarial_H_mimicry_cufft,0.9038461538461539,52,4073,fine
adversarial_K_ddp,1.0,240,4073,fine
adversarial_L_diluted_10,1.0,90,4073,fine
adversarial_L_diluted_10_mw8,1.0,30,4073,fine
adversarial_L_diluted_5,1.0,60,4073,fine
bert_finetune,0.0,3,4073,fine
cufft_benchmark,0.9911504424778761,113,4073,fine
cufft_hpc,1.0,3,4073,fine
fsdp_7b_nvlink,1.0,240,4073,fine
llm_train_mistral_7b_lora,0.9666666666666667,60,4073,fine
nbody_sim,0.9107142857142857,56,4073,fine
nvlink_p2p,1.0,3,4073,fine
pytorch_resnet_cifar10_amp,1.0,36,4073,fine
rendering_proxy,0.22,50,4073,fine
symgemm_L1_fwd3_7b,0.8,10,4073,fine
symgemm_L4_sgdfused_long1b,0.0,10,4073,fine
symgemm_decode_g256,0.0,30,4073,fine
training_dual_gpu_dp,0.25,8,4073,fine
training_single_gpu,0.4,5,4073,fine
whitebox_diluted_N10,1.0,30,4073,fine
whitebox_inference_3b_1h,1.0,10,4073,fine
whitebox_inference_7b,0.8,10,4073,fine
whitebox_inference_7b_1h,0.8,10,4073,fine
whitebox_lora_3b_N1_1h,1.0,10,4073,fine
whitebox_lora_7b_N100_1h,1.0,10,4073,fine
whitebox_lora_7b_N50_1h,1.0,10,4073,fine
whitebox_lora_7b_long,1.0,10,4073,fine
whitebox_lora_7b_pilot_N3,1.0,10,4073,fine
whitebox_lora_N5,1.0,30,4073,fine
adversarial_G_clock_throttled,1.0,51,4074,fine
adversarial_H_mimicry_cufft,0.6730769230769231,52,4074,fine
adversarial_K_online_learning,1.0,60,4074,fine
adversarial_L_ddp_stagger_5,1.0,240,4074,fine
bert_sst2_amp,0.5,6,4074,fine
ddp_resnet18_cifar10_amp,1.0,240,4074,fine
fsdp_13b_nvlink,0.9958333333333333,240,4074,fine
fsdp_70b_nvlink,1.0,184,4074,fine
gpt2_finetune,0.3333333333333333,3,4074,fine
gpt2_wikitext2_amp,0.9166666666666666,12,4074,fine
llm_infer_qwen25_32b_fp16,0.9349593495934959,123,4074,fine
llm_infer_qwen25_3b,1.0,90,4074,fine
llm_infer_qwen25_72b_fp16,1.0,30,4074,fine
llm_infer_qwen25_72b_fp8,0.8777777777777778,90,4074,fine
llm_infer_vit_l_bs64,0.9666666666666667,90,4074,fine
llm_train_qwen25_3b_lora,0.8833333333333333,60,4074,fine
modern_inference,1.0,3,4074,fine
symgemm_L4_sgdfused_long1b,1.0,10,4074,fine
symgemm_decode_g256,0.0,30,4074,fine
symgemm_idle,0.0,10,4074,fine
training_dual_gpu_dp,0.25,8,4074,fine
training_single_gpu,0.4,5,4074,fine
whitebox_inference_3b,0.9,10,4074,fine
whitebox_inference_7b,0.8,10,4074,fine
whitebox_lora_3b_N1_1h,1.0,10,4074,fine
whitebox_lora_7b_N100_1h,1.0,10,4074,fine
whitebox_lora_7b_long,1.0,10,4074,fine
whitebox_lora_7b_pilot_N8,1.0,10,4074,fine
whitebox_lora_N10,1.0,30,4074,fine
adversarial_H_mimicry_mining,1.0,61,4075,fine
adversarial_L_diluted_10,0.9555555555555556,90,4075,fine
adversarial_L_diluted_20,0.9666666666666667,90,4075,fine
adversarial_training,0.6666666666666666,3,4075,fine
batch_size_sweep_dp,0.0,2,4075,fine
ddp_resnet18_cifar10_amp,1.0,240,4075,fine
ddp_resnet50_cifar10,1.0,240,4075,fine
fsdp_13b_nvlink,0.9875,240,4075,fine
fsdp_30b_nvlink,0.9879032258064516,248,4075,fine
fsdp_70b_seq512_nvlink,1.0,80,4075,fine
fsdp_7b_nvlink,0.9833333333333333,240,4075,fine
llm_infer_qwen25_3b_bs4,1.0,90,4075,fine
llm_infer_qwen25_72b_tp2,0.9666666666666667,60,4075,fine
ppo_rlhf_r32,0.0,30,4075,fine
ppo_rlhf_r8,0.03333333333333333,30,4075,fine
rendering,0.0,1,4075,fine
scientific_hpc,0.6666666666666666,3,4075,fine
symgemm_L1_fwd3,0.625,40,4075,fine
symgemm_L1_fwd3_7b,0.9,10,4075,fine
symgemm_L4_sgdfused,0.9,40,4075,fine
symgemm_L4_sgdfused_m8192,1.0,20,4075,fine
symgemm_ppo_fused_r32,0.0,30,4075,fine
whitebox_diluted_3b_N1_1h,0.9,10,4075,fine
whitebox_inference,0.8,30,4075,fine
whitebox_inference_1b_matched,0.8,10,4075,fine
whitebox_lora_7b_N100_1h,0.8,10,4075,fine
whitebox_lora_7b_pilot_N2,0.9,10,4075,fine
whitebox_lora_N10,1.0,30,4075,fine
whitebox_oracle_7b_long,0.9,10,4075,fine
adversarial_E_memory_minimal,1.0,51,4076,fine
adversarial_H_mimicry_mining,0.9672131147540983,61,4076,fine
adversarial_L_diluted_10,1.0,90,4076,fine
batch_size_sweep_dp,0.0,2,4076,fine
bert_finetune,0.3333333333333333,3,4076,fine
bert_sst2_amp,0.5,6,4076,fine
ddp_resnet18_cifar10,1.0,240,4076,fine
fsdp_30b_adamw_nvlink,1.0,80,4076,fine
fsdp_30b_nvlink,1.0,248,4076,fine
fsdp_70b_adamw,1.0,8,4076,fine
gpt2_wikitext2_amp,0.9166666666666666,12,4076,fine
llm_infer_qwen25_14b_fp16,0.959349593495935,123,4076,fine
llm_infer_qwen25_32b_fp16,0.943089430894309,123,4076,fine
llm_infer_qwen25_3b,1.0,90,4076,fine
llm_infer_qwen25_72b_tp2,0.9833333333333333,60,4076,fine
llm_infer_tinyllama_seq4096,1.0,90,4076,fine
llm_train_qwen25_3b_lora,0.95,60,4076,fine
modern_inference,1.0,3,4076,fine
ppo_rlhf_r32,0.9,30,4076,fine
resnet_amp,0.0,3,4076,fine
symgemm_L0_fwd1,0.8,40,4076,fine
symgemm_L4_sgdfused,0.025,40,4076,fine
symgemm_L5_adam,1.0,40,4076,fine
whitebox_diluted_7b_N10_1h,0.9,10,4076,fine
whitebox_diluted_7b_N1_1h,1.0,10,4076,fine
whitebox_inference_long,0.8,10,4076,fine
whitebox_lora_7b_N3_1h,1.0,10,4076,fine
whitebox_lora_7b_pilot_N5,1.0,10,4076,fine
whitebox_lora_N5,1.0,30,4076,fine
adversarial_F_interleave_50,0.9876543209876543,81,4077,fine
adversarial_K_online_learning,1.0,60,4077,fine
adversarial_L_ddp_10,0.9958333333333333,240,4077,fine
adversarial_L_diluted_10,1.0,90,4077,fine
adversarial_L_diluted_10_mw8,1.0,30,4077,fine
adversarial_L_diluted_2,1.0,60,4077,fine
batch_size_sweep_dp,0.0,2,4077,fine
bert_sst2_amp,0.8333333333333334,6,4077,fine
fsdp_30b_nvlink,1.0,248,4077,fine
llm_infer_qwen25_3b,1.0,90,4077,fine
llm_train_qwen25_1p5b_lora,0.1,60,4077,fine
modern_inference,1.0,3,4077,fine
rendering,0.0,1,4077,fine
symgemm_L1_fwd3_7b,0.9,10,4077,fine
symgemm_L1_fwd3_m8192,0.9,20,4077,fine
symgemm_L4_sgdfused_long1b,0.7,10,4077,fine
symgemm_L4_sgdfused_short7b,0.9,10,4077,fine
symgemm_decode_g256,0.0,30,4077,fine
whitebox_inference,0.5333333333333333,30,4077,fine
whitebox_lora_3b_N1_1h,1.0,10,4077,fine
whitebox_lora_7b_N500_long,1.0,10,4077,fine
whitebox_lora_7b_pilot_N2,0.9,10,4077,fine
whitebox_lora_7b_pilot_N6,1.0,10,4077,fine
whitebox_lora_7b_pilot_N8,1.0,10,4077,fine
whitebox_lora_N10,1.0,30,4077,fine
whitebox_lora_N5,1.0,30,4077,fine
whitebox_oracle,1.0,30,4077,fine
whitebox_oracle_7b_long,0.9,10,4077,fine
width_sweep_dp,0.0,2,4077,fine
adversarial_J_pid_75,1.0,52,4078,fine
adversarial_K_ddp,1.0,240,4078,fine
adversarial_K_ddp_accum_4,1.0,240,4078,fine
adversarial_K_ddp_accum_8,1.0,240,4078,fine
adversarial_L_diluted_10,1.0,90,4078,fine
adversarial_L_diluted_10_mw8,1.0,30,4078,fine
batch_size_sweep_dp,0.0,2,4078,fine
bert_sst2_amp,0.8333333333333334,6,4078,fine
ddp_resnet50_cifar10,1.0,240,4078,fine
fsdp_30b_nvlink,1.0,248,4078,fine
fsdp_70b_seq512_nvlink,1.0,80,4078,fine
fsdp_70b_sgd_momentum,1.0,80,4078,fine
fsdp_7b_nvlink,1.0,240,4078,fine
idle,0.3557692307692308,104,4078,fine
llm_infer_qwen25_14b_fp16,0.983739837398374,123,4078,fine
llm_infer_sdxl,0.0,90,4078,fine
nvlink_bandwidth,0.0,4,4078,fine
pytorch_mlp_cifar10,0.9736842105263158,38,4078,fine
rendering,0.0,1,4078,fine
symgemm_L1_fwd3,0.925,40,4078,fine
symgemm_L1_fwd3_7b,0.9,10,4078,fine
symgemm_L1_fwd3_m8192,0.15,20,4078,fine
whitebox_diluted_N10,1.0,30,4078,fine
whitebox_inference_1b_matched,0.9,10,4078,fine
whitebox_inference_3b_1h,0.9,10,4078,fine
whitebox_lora_7b_N50_1h,1.0,10,4078,fine
whitebox_lora_7b_pilot_N5,1.0,10,4078,fine
whitebox_lora_N10,1.0,30,4078,fine
whitebox_oracle,1.0,30,4078,fine
adversarial_H_mimicry_cufft,1.0,52,4079,fine
adversarial_L_ddp_10,1.0,240,4079,fine
adversarial_L_ddp_stagger_5,1.0,240,4079,fine
adversarial_L_diluted_2,1.0,60,4079,fine
adversarial_L_diluted_20,1.0,90,4079,fine
bert_finetune,0.6666666666666666,3,4079,fine
bert_sst2,1.0,16,4079,fine
fsdp_70b_sgd_momentum,1.0,80,4079,fine
inference,0.0,3,4079,fine
llm_infer_deepseek_v3_tp8,0.6,240,4079,fine
llm_infer_qwen25_3b_bs4,1.0,90,4079,fine
llm_infer_qwen25_72b_fp8,0.9444444444444444,90,4079,fine
llm_train_phi3_mini_lora,0.9833333333333333,60,4079,fine
nbody_sim,1.0,56,4079,fine
pytorch_resnet_cifar10_amp,1.0,36,4079,fine
resnet50_inference,0.018867924528301886,53,4079,fine
resnet_fp32,0.0,3,4079,fine
symgemm_L4_sgdfused,0.0,40,4079,fine
symgemm_L4_sgdfused_7b,1.0,10,4079,fine
training_single_gpu,0.6,5,4079,fine
whitebox_diluted_1b_N1_1h,1.0,10,4079,fine
whitebox_lora_7b_N100_1h,0.6,10,4079,fine
whitebox_lora_7b_N1_1h,0.8,10,4079,fine
whitebox_lora_7b_N500_long,0.2,10,4079,fine
whitebox_lora_7b_N50_1h,0.8,10,4079,fine
whitebox_lora_7b_pilot_N7,1.0,10,4079,fine
whitebox_lora_N20,1.0,30,4079,fine
whitebox_oracle_7b_long,0.9,10,4079,fine
width_sweep_dp,1.0,2,4079,fine
adversarial_G_clock_throttled,1.0,51,4080,fine
adversarial_L_ddp_stagger_5,1.0,240,4080,fine
adversarial_L_diluted_10_mw8,1.0,30,4080,fine
adversarial_L_diluted_20,0.7222222222222222,90,4080,fine
adversarial_L_diluted_200_mw8,1.0,20,4080,fine
ddp_resnet50_cifar10,1.0,240,4080,fine
fsdp_13b_nvlink,1.0,240,4080,fine
fsdp_70b_nvlink,0.9836956521739131,184,4080,fine
fsdp_70b_seq512_nvlink,1.0,80,4080,fine
fsdp_70b_seqlen512,0.475,80,4080,fine
fsdp_7b_nvlink,0.975,240,4080,fine
inference,0.0,3,4080,fine
llm_infer_qwen25_32b_fp16,0.975609756097561,123,4080,fine
llm_infer_qwen25_3b,1.0,90,4080,fine
llm_infer_qwen25_3b_bs16,0.8444444444444444,90,4080,fine
mining_proxy,0.0,1,4080,fine
nbody_sim,0.9821428571428571,56,4080,fine
pytorch_mlp_cifar10,0.9736842105263158,38,4080,fine
pytorch_training,1.0,3,4080,fine
symgemm_L4_sgdfused_short7b,0.9,10,4080,fine
symgemm_L5_adam,1.0,40,4080,fine
symgemm_idle,0.2,10,4080,fine
training_single_gpu,0.6,5,4080,fine
whitebox_diluted_N20,1.0,30,4080,fine
whitebox_diluted_N5,1.0,30,4080,fine
whitebox_inference_7b_2h,0.9,10,4080,fine
whitebox_lora_7b_pilot_N2,1.0,10,4080,fine
whitebox_lora_N10,1.0,30,4080,fine
whitebox_oracle_7b_long,1.0,10,4080,fine
adversarial_G_clock_throttled,1.0,51,4081,fine
adversarial_K_online_learning,1.0,60,4081,fine
adversarial_L_ddp_10,1.0,240,4081,fine
adversarial_L_diluted_200_mw8,1.0,20,4081,fine
fsdp_70b_adamw,1.0,8,4081,fine
fsdp_7b_nvlink,1.0,240,4081,fine
gpt2_wikitext2_amp,1.0,12,4081,fine
llm_infer_mistral_7b_q4,0.591715976331361,169,4081,fine
llm_infer_mixtral_8x7b,0.9666666666666667,60,4081,fine
llm_infer_phi3_mini,0.98,100,4081,fine
llm_infer_qwen25_32b_fp16,0.943089430894309,123,4081,fine
llm_infer_qwen25_3b_bs16,0.2,90,4081,fine
llm_infer_qwen25_72b_tp2,0.9333333333333333,60,4081,fine
llm_infer_sdxl,0.0,90,4081,fine
llm_infer_tinyllama_bs8,0.9555555555555556,90,4081,fine
llm_infer_tinyllama_seq4096,0.7444444444444445,90,4081,fine
nvlink_p2p,0.6666666666666666,3,4081,fine
pytorch_resnet_cifar10_amp,1.0,36,4081,fine
resnet50_inference,0.0,53,4081,fine
symgemm_L1_fwd3,0.9,40,4081,fine
training_dual_gpu_dp,0.75,8,4081,fine
whitebox_inference,0.7666666666666667,30,4081,fine
whitebox_inference_1b_matched,0.4,10,4081,fine
whitebox_lora_1b_N1_1h,1.0,10,4081,fine
whitebox_lora_3b_N1_1h,1.0,10,4081,fine
whitebox_lora_7b_N100_1h,0.8,10,4081,fine
whitebox_lora_7b_long,0.9,10,4081,fine
whitebox_lora_7b_pilot_N7,1.0,10,4081,fine
whitebox_lora_N10_long,1.0,10,4081,fine
adversarial_F_interleave_50,1.0,81,4082,fine
adversarial_K_ddp,1.0,240,4082,fine
adversarial_K_ddp_accum_8,1.0,240,4082,fine
adversarial_L_diluted_10,1.0,90,4082,fine
adversarial_L_diluted_2,1.0,60,4082,fine
ddp_resnet18_cifar10,0.9875,240,4082,fine
ddp_resnet18_cifar10_amp,1.0,240,4082,fine
ddp_training,1.0,2,4082,fine
fsdp_70b_sgd_momentum,1.0,80,4082,fine
llm_infer_mixtral_8x7b,0.9833333333333333,60,4082,fine
llm_infer_qwen25_72b_fp8,0.8666666666666667,90,4082,fine
llm_infer_qwen25_72b_tp2,0.8833333333333333,60,4082,fine
llm_infer_tinyllama_bs8,0.9666666666666667,90,4082,fine
llm_infer_tinyllama_seq4096,0.8444444444444444,90,4082,fine
llm_infer_vit_l_bs64,0.8222222222222222,90,4082,fine
llm_train_smollm2_1p7b_lora,1.0,60,4082,fine
nbody_sim,0.9285714285714286,56,4082,fine
symgemm_L4_sgdfused_7b,1.0,10,4082,fine
symgemm_decode_g256,0.0,30,4082,fine
training_dual_gpu_dp,0.75,8,4082,fine
whitebox_diluted_1b_N1_1h,1.0,10,4082,fine
whitebox_diluted_7b_N10_1h,0.9,10,4082,fine
whitebox_diluted_N20,1.0,30,4082,fine
whitebox_inference_3b_1h,0.9,10,4082,fine
whitebox_lora_7b_N1_1h,0.8,10,4082,fine
whitebox_lora_7b_N3_1h,1.0,10,4082,fine
whitebox_lora_7b_long,1.0,10,4082,fine
whitebox_lora_7b_pilot_N5,1.0,10,4082,fine
whitebox_lora_N10,1.0,30,4082,fine
adversarial_F_interleave_30,1.0,51,4083,fine
adversarial_J_pid_75,1.0,52,4083,fine
batch_size_sweep_dp,0.5,2,4083,fine
bert_finetune,0.0,3,4083,fine
cufft_benchmark,1.0,113,4083,fine
fsdp_70b_sgd_momentum,1.0,80,4083,fine
gpt2_finetune,0.3333333333333333,3,4083,fine
llm_infer_mixtral_8x7b,0.9833333333333333,60,4083,fine
llm_infer_qwen25_3b_bs4,1.0,90,4083,fine
llm_infer_qwen25_72b_fp16,1.0,30,4083,fine
llm_train_phi3_mini_lora,0.9833333333333333,60,4083,fine
mining_proxy,0.0,1,4083,fine
mlp_training,1.0,1,4083,fine
modern_inference,1.0,3,4083,fine
ppo_rlhf_r8,1.0,30,4083,fine
pytorch_mlp_cifar10,0.9736842105263158,38,4083,fine
symgemm_L1_fwd3_m8192,0.95,20,4083,fine
symgemm_L4_sgdfused_long1b,0.8,10,4083,fine
symgemm_L5_adam,1.0,40,4083,fine
whitebox_diluted_3b_N1_1h,0.9,10,4083,fine
whitebox_diluted_N5,1.0,30,4083,fine
whitebox_inference_3b,0.9,10,4083,fine
whitebox_lora_3b_N1_1h,1.0,10,4083,fine
whitebox_lora_7b_N3_1h,1.0,10,4083,fine
whitebox_lora_7b_N50_1h,1.0,10,4083,fine
whitebox_lora_7b_long,1.0,10,4083,fine
whitebox_lora_7b_pilot_N6,1.0,10,4083,fine
whitebox_lora_7b_pilot_N8,1.0,10,4083,fine
whitebox_lora_N5,1.0,30,4083,fine
adversarial_F_interleave_50,1.0,81,4084,fine
adversarial_G_clock_throttled,1.0,51,4084,fine
adversarial_I_stochastic_30,0.8395061728395061,81,4084,fine
adversarial_K_ddp,1.0,240,4084,fine
adversarial_K_ddp_accum_4,1.0,240,4084,fine
ddp_resnet18_cifar10_amp,0.9833333333333333,240,4084,fine
fsdp_70b_seq512_nvlink,1.0,80,4084,fine
fsdp_7b_nvlink,1.0,240,4084,fine
gpt2_wikitext2,0.7878787878787878,33,4084,fine
inference,1.0,3,4084,fine
llm_infer_qwen25_7b_fp16,0.9841269841269841,126,4084,fine
llm_train_mistral_7b_lora,0.9666666666666667,60,4084,fine
llm_train_qwen25_1p5b_lora,0.9833333333333333,60,4084,fine
nvlink_bandwidth,0.5,4,4084,fine
pytorch_resnet_cifar10_amp,0.3888888888888889,36,4084,fine
symgemm_L1_fwd3,0.9,40,4084,fine
symgemm_L1_fwd3_m8192,0.95,20,4084,fine
symgemm_L4_sgdfused_m8192,1.0,20,4084,fine
symgemm_idle,0.2,10,4084,fine
symgemm_ppo_fused_r32,1.0,30,4084,fine
training_single_gpu,0.4,5,4084,fine
whitebox_diluted_N10,1.0,30,4084,fine
whitebox_lora_7b_N1_1h,1.0,10,4084,fine
whitebox_lora_7b_N50_1h,1.0,10,4084,fine
whitebox_lora_7b_long,1.0,10,4084,fine
whitebox_lora_7b_pilot_N3,1.0,10,4084,fine
whitebox_lora_7b_pilot_N5,1.0,10,4084,fine
whitebox_lora_7b_pilot_N8,1.0,10,4084,fine
whitebox_lora_N5,1.0,30,4084,fine
adversarial_F_interleave_50,1.0,81,4085,fine
adversarial_L_ddp_stagger_5,1.0,240,4085,fine
adversarial_L_diluted_10,1.0,90,4085,fine
ddp_resnet18_cifar10_amp,1.0,240,4085,fine
ddp_resnet50_cifar10,1.0,240,4085,fine
fsdp_70b_adamw,1.0,8,4085,fine
fsdp_70b_nvlink,1.0,184,4085,fine
fsdp_7b_nvlink,1.0,240,4085,fine
inference,0.0,3,4085,fine
llm_infer_mixtral_8x7b,1.0,60,4085,fine
llm_infer_qwen25_72b_fp8,0.9888888888888889,90,4085,fine
llm_train_qwen25_3b_lora,0.9166666666666666,60,4085,fine
nbody_sim,0.9464285714285714,56,4085,fine
nvlink_p2p,0.6666666666666666,3,4085,fine
rendering,0.0,1,4085,fine
resnet_amp,0.0,3,4085,fine
scientific_hpc,0.3333333333333333,3,4085,fine
symgemm_L4_sgdfused_7b,0.6,10,4085,fine
symgemm_decode_g256,0.0,30,4085,fine
symgemm_ppo_fused_r32,1.0,30,4085,fine
whitebox_diluted_N10,1.0,30,4085,fine
whitebox_inference_3b_1h,0.0,10,4085,fine
whitebox_lora_1b_N1_1h,1.0,10,4085,fine
whitebox_lora_3b_N1_1h,0.7,10,4085,fine
whitebox_lora_7b_N20_1h,1.0,10,4085,fine
whitebox_lora_7b_long,1.0,10,4085,fine
whitebox_lora_7b_pilot_N7,1.0,10,4085,fine
whitebox_lora_7b_pilot_N8,1.0,10,4085,fine
whitebox_lora_N10_long,1.0,10,4085,fine
adversarial_H_mimicry_cufft,0.75,52,4086,fine
adversarial_J_pid_75,0.9807692307692307,52,4086,fine
adversarial_L_ddp_5,1.0,240,4086,fine
cufft_hpc,1.0,3,4086,fine
fsdp_30b_nvlink,0.9959677419354839,248,4086,fine
fsdp_70b_seq512_nvlink,0.9,80,4086,fine
fsdp_70b_sgd_momentum,0.875,80,4086,fine
gpt2_finetune,0.6666666666666666,3,4086,fine
llm_infer_phi3_mini,0.98,100,4086,fine
llm_infer_qwen25_72b_fp16,1.0,30,4086,fine
llm_infer_sdxl,0.0,90,4086,fine
llm_infer_vit_l_bs64,0.9111111111111111,90,4086,fine
llm_train_qwen25_1p5b_lora,0.9833333333333333,60,4086,fine
mining_proxy,0.0,1,4086,fine
pytorch_resnet_cifar10_amp,1.0,36,4086,fine
symgemm_L4_sgdfused_m8192,0.9,20,4086,fine
symgemm_idle,0.2,10,4086,fine
symgemm_ppo_fused_r32,0.3333333333333333,30,4086,fine
symgemm_ppo_fused_r8,0.7,30,4086,fine
training_dual_gpu_dp,0.25,8,4086,fine
training_single_gpu,0.6,5,4086,fine
whitebox_diluted_N20,1.0,30,4086,fine
whitebox_inference_3b,0.9,10,4086,fine
whitebox_lora_1b_N1_1h,0.9,10,4086,fine
whitebox_lora_7b_N1_1h,0.8,10,4086,fine
whitebox_lora_7b_long,1.0,10,4086,fine
whitebox_lora_7b_pilot_N2,0.9,10,4086,fine
whitebox_lora_N20,1.0,30,4086,fine
width_sweep_dp,1.0,2,4086,fine
adversarial_F_interleave_30,1.0,51,4087,fine
adversarial_F_interleave_50,1.0,81,4087,fine
ddp_resnet18_cifar10,1.0,240,4087,fine
ddp_resnet18_cifar10_amp,1.0,240,4087,fine
ddp_training,1.0,2,4087,fine
fsdp_70b_sgd_momentum,0.9875,80,4087,fine
fsdp_7b_nvlink,0.9791666666666666,240,4087,fine
gpt2_finetune,0.6666666666666666,3,4087,fine
idle,0.7307692307692307,104,4087,fine
llm_infer_tinyllama_bs8,1.0,90,4087,fine
nvlink_p2p,1.0,3,4087,fine
ppo_rlhf_r8,1.0,30,4087,fine
pytorch_resnet_cifar10_amp,1.0,36,4087,fine
resnet_amp,0.0,3,4087,fine
symgemm_L1_fwd3_m8192,1.0,20,4087,fine
symgemm_L4_sgdfused_long1b,0.0,10,4087,fine
symgemm_ppo_fused_r32,1.0,30,4087,fine
training_single_gpu,0.4,5,4087,fine
whitebox_diluted_1b_N1_1h,1.0,10,4087,fine
whitebox_diluted_7b_N1_1h,0.8,10,4087,fine
whitebox_diluted_N10,1.0,30,4087,fine
whitebox_diluted_N20,1.0,30,4087,fine
whitebox_inference,0.36666666666666664,30,4087,fine
whitebox_inference_3b_1h,1.0,10,4087,fine
whitebox_lora_1b_N1_1h,1.0,10,4087,fine
whitebox_lora_3b_N1,0.9,10,4087,fine
whitebox_lora_3b_N1_1h,1.0,10,4087,fine
whitebox_lora_7b_N1_1h,0.8,10,4087,fine
whitebox_lora_7b_N50_1h,1.0,10,4087,fine
adversarial_H_mimicry_cufft,0.8076923076923077,52,4088,fine
adversarial_J_pid_75,1.0,52,4088,fine
adversarial_K_online_learning,1.0,60,4088,fine
adversarial_L_ddp_5,1.0,240,4088,fine
adversarial_L_diluted_10,1.0,90,4088,fine
adversarial_L_diluted_20,1.0,90,4088,fine
adversarial_training,0.6666666666666666,3,4088,fine
batch_size_sweep_dp,0.0,2,4088,fine
cufft_benchmark,0.9911504424778761,113,4088,fine
cufft_hpc,1.0,3,4088,fine
llm_infer_qwen25_3b,1.0,90,4088,fine
rendering,0.0,1,4088,fine
rendering_proxy,0.36,50,4088,fine
symgemm_L0_fwd1,0.8,40,4088,fine
symgemm_L1_fwd3,0.85,40,4088,fine
symgemm_idle,0.0,10,4088,fine
symgemm_ppo_fused_r32,1.0,30,4088,fine
whitebox_inference_3b_1h,1.0,10,4088,fine
whitebox_inference_7b_2h,0.9,10,4088,fine
whitebox_inference_long,0.9,10,4088,fine
whitebox_lora_1b_N1_1h,1.0,10,4088,fine
whitebox_lora_7b_N10,1.0,10,4088,fine
whitebox_lora_7b_N20_1h,1.0,10,4088,fine
whitebox_lora_7b_N500_long,1.0,10,4088,fine
whitebox_lora_7b_pilot_N2,1.0,10,4088,fine
whitebox_lora_N10_long,1.0,10,4088,fine
whitebox_lora_N20,1.0,30,4088,fine
whitebox_oracle,1.0,30,4088,fine
width_sweep_dp,0.0,2,4088,fine
adversarial_G_clock_throttled,1.0,51,4089,fine
adversarial_I_stochastic_30,1.0,81,4089,fine
adversarial_L_ddp_5,1.0,240,4089,fine
batch_size_sweep_dp,1.0,2,4089,fine
bert_finetune,0.0,3,4089,fine
bert_sst2_amp,1.0,6,4089,fine
cufft_benchmark,1.0,113,4089,fine
fsdp_30b_adamw_nvlink,1.0,80,4089,fine
fsdp_70b_adamw,1.0,8,4089,fine
idle,0.5096153846153846,104,4089,fine
llm_infer_mixtral_8x7b,1.0,60,4089,fine
llm_infer_qwen25_72b_fp16,1.0,30,4089,fine
llm_infer_sdxl,0.0,90,4089,fine
llm_infer_tinyllama_bs8,0.7777777777777778,90,4089,fine
ppo_rlhf_r8,1.0,30,4089,fine
pytorch_mlp_cifar10,0.9736842105263158,38,4089,fine
symgemm_L1_fwd3_7b,0.0,10,4089,fine
symgemm_L1_fwd3_m8192,1.0,20,4089,fine
symgemm_decode_g256,0.0,30,4089,fine
training_dual_gpu_dp,0.75,8,4089,fine
training_single_gpu,0.2,5,4089,fine
whitebox_diluted_N10,1.0,30,4089,fine
whitebox_inference,0.9,30,4089,fine
whitebox_inference_1b_matched,0.6,10,4089,fine
whitebox_inference_7b,0.0,10,4089,fine
whitebox_inference_7b_1h,0.0,10,4089,fine
whitebox_lora_3b_N1_1h,1.0,10,4089,fine
whitebox_lora_7b_N3_1h,1.0,10,4089,fine
whitebox_oracle_7b_long,1.0,10,4089,fine
adversarial_H_mimicry_cufft,0.5576923076923077,52,4090,fine
adversarial_J_pid_75,0.8076923076923077,52,4090,fine
adversarial_K_ddp,1.0,240,4090,fine
adversarial_L_diluted_20,1.0,90,4090,fine
adversarial_L_diluted_5,1.0,60,4090,fine
batch_size_sweep_dp,0.0,2,4090,fine
bert_sst2,1.0,16,4090,fine
fsdp_30b_nvlink,1.0,248,4090,fine
llm_infer_mistral_7b_q4,0.9112426035502958,169,4090,fine
llm_infer_mixtral_8x7b,1.0,60,4090,fine
llm_infer_qwen25_32b_fp16,0.991869918699187,123,4090,fine
llm_infer_qwen25_3b_bs4,1.0,90,4090,fine
llm_infer_tinyllama_bs8,0.9888888888888889,90,4090,fine
llm_train_qwen25_1p5b_lora,0.7666666666666667,60,4090,fine
llm_train_qwen25_3b_lora,0.8666666666666667,60,4090,fine
mining_proxy,0.0,1,4090,fine
ppo_rlhf_r32,0.06666666666666667,30,4090,fine
pytorch_resnet_cifar10,0.6857142857142857,35,4090,fine
resnet50_inference,0.0,53,4090,fine
symgemm_L1_fwd3,1.0,40,4090,fine
symgemm_ppo_fused_r8,1.0,30,4090,fine
whitebox_diluted_1b_N1_1h,1.0,10,4090,fine
whitebox_diluted_N20,1.0,30,4090,fine
whitebox_diluted_N5,1.0,30,4090,fine
whitebox_inference_3b_1h,0.9,10,4090,fine
whitebox_lora_3b_N1,1.0,10,4090,fine
whitebox_lora_3b_N1_1h,1.0,10,4090,fine
whitebox_lora_7b_N20_1h,1.0,10,4090,fine
whitebox_lora_7b_long,1.0,10,4090,fine
adversarial_K_ddp_accum_8,1.0,240,4091,fine
adversarial_L_ddp_10,1.0,240,4091,fine
adversarial_L_diluted_2,1.0,60,4091,fine
adversarial_L_diluted_5,1.0,60,4091,fine
bert_sst2_amp,0.6666666666666666,6,4091,fine
cufft_hpc,1.0,3,4091,fine
ddp_training,1.0,2,4091,fine
fsdp_70b_seq512_nvlink,1.0,80,4091,fine
fsdp_70b_sgd_momentum,0.875,80,4091,fine
fsdp_7b_nvlink,0.9875,240,4091,fine
gpt2_wikitext2,0.8181818181818182,33,4091,fine
gpt2_wikitext2_amp,0.5,12,4091,fine
llm_infer_mixtral_8x7b,1.0,60,4091,fine
llm_infer_qwen25_3b,0.9888888888888889,90,4091,fine
llm_infer_qwen25_3b_bs4,0.9888888888888889,90,4091,fine
llm_infer_qwen25_72b_fp8,0.9777777777777777,90,4091,fine
llm_infer_qwen25_72b_tp2,0.9166666666666666,60,4091,fine
llm_train_phi3_mini_lora,0.95,60,4091,fine
llm_train_qwen25_1p5b_lora,1.0,60,4091,fine
llm_train_smollm2_1p7b_lora,1.0,60,4091,fine
ppo_rlhf_r32,1.0,30,4091,fine
pytorch_resnet_cifar10_amp,0.9166666666666666,36,4091,fine
pytorch_training,1.0,3,4091,fine
symgemm_L5_adam,1.0,40,4091,fine
training_dual_gpu_dp,0.5,8,4091,fine
whitebox_diluted_N10,1.0,30,4091,fine
whitebox_inference_7b_2h,0.9,10,4091,fine
whitebox_lora_7b_pilot_N7,1.0,10,4091,fine
whitebox_lora_N10_long,1.0,10,4091,fine
adversarial_E_memory_minimal,1.0,51,4092,fine
adversarial_F_interleave_50,1.0,81,4092,fine
adversarial_K_ddp,1.0,240,4092,fine
adversarial_K_ddp_accum_4,1.0,240,4092,fine
adversarial_L_diluted_10_mw8,1.0,30,4092,fine
adversarial_L_diluted_2,1.0,60,4092,fine
adversarial_L_diluted_5,1.0,60,4092,fine
adversarial_training,1.0,3,4092,fine
cufft_hpc,1.0,3,4092,fine
fsdp_13b_nvlink,1.0,240,4092,fine
fsdp_70b_nvlink,1.0,184,4092,fine
fsdp_7b_nvlink,1.0,240,4092,fine
gpt2_finetune,0.6666666666666666,3,4092,fine
llm_infer_mixtral_8x7b,0.9666666666666667,60,4092,fine
llm_infer_qwen25_7b_fp16,0.9444444444444444,126,4092,fine
llm_infer_tinyllama_seq4096,0.3111111111111111,90,4092,fine
llm_infer_vit_l_bs64,0.9,90,4092,fine
llm_train_mistral_7b_lora,0.9,60,4092,fine
nvlink_bandwidth,0.5,4,4092,fine
rendering_proxy,0.0,50,4092,fine
resnet50_inference,0.0,53,4092,fine
symgemm_L4_sgdfused_7b,1.0,10,4092,fine
symgemm_idle,0.0,10,4092,fine
whitebox_diluted_7b_N10_1h,1.0,10,4092,fine
whitebox_lora_7b_N100_1h,1.0,10,4092,fine
whitebox_lora_7b_N500_long,1.0,10,4092,fine
whitebox_lora_7b_pilot_N7,1.0,10,4092,fine
whitebox_lora_N10,1.0,30,4092,fine
whitebox_lora_N20,1.0,30,4092,fine
adversarial_F_interleave_30,1.0,51,4093,fine
adversarial_H_mimicry_mining,0.9836065573770492,61,4093,fine
adversarial_I_stochastic_30,0.9876543209876543,81,4093,fine
adversarial_K_online_learning,1.0,60,4093,fine
adversarial_L_diluted_10,1.0,90,4093,fine
adversarial_L_diluted_10_mw8,1.0,30,4093,fine
adversarial_L_diluted_5,1.0,60,4093,fine
batch_size_sweep_dp,0.5,2,4093,fine
cufft_hpc,1.0,3,4093,fine
fsdp_70b_seqlen512,0.0,80,4093,fine
fsdp_7b_nvlink,0.7333333333333333,240,4093,fine
llm_infer_mistral_7b_q4,0.8520710059171598,169,4093,fine
llm_infer_mixtral_8x7b,0.9833333333333333,60,4093,fine
llm_infer_qwen25_3b_bs16,0.5888888888888889,90,4093,fine
llm_infer_qwen25_3b_bs4,1.0,90,4093,fine
llm_train_phi3_mini_lora,1.0,60,4093,fine
llm_train_qwen25_3b_lora,0.9833333333333333,60,4093,fine
llm_train_smollm2_1p7b_lora,1.0,60,4093,fine
pytorch_mlp_cifar10,0.9736842105263158,38,4093,fine
pytorch_resnet_cifar10,0.6857142857142857,35,4093,fine
resnet50_inference,0.018867924528301886,53,4093,fine
symgemm_L4_sgdfused,0.025,40,4093,fine
whitebox_inference_7b_1h,0.8,10,4093,fine
whitebox_lora_3b_N1,1.0,10,4093,fine
whitebox_lora_7b_N1_1h,1.0,10,4093,fine
whitebox_lora_7b_N20_1h,1.0,10,4093,fine
whitebox_lora_7b_N50_1h,1.0,10,4093,fine
whitebox_lora_7b_pilot_N7,1.0,10,4093,fine
whitebox_lora_7b_pilot_N8,1.0,10,4093,fine
adversarial_G_clock_throttled,1.0,51,4094,fine
adversarial_H_mimicry_cufft,1.0,52,4094,fine
adversarial_L_ddp_5,0.9916666666666667,240,4094,fine
adversarial_L_diluted_200_mw8,1.0,20,4094,fine
bert_sst2_amp,0.8333333333333334,6,4094,fine
cufft_hpc,1.0,3,4094,fine
gpt2_wikitext2,0.8787878787878788,33,4094,fine
inference,1.0,3,4094,fine
llm_infer_phi3_mini,0.99,100,4094,fine
llm_infer_qwen25_32b_fp16,0.975609756097561,123,4094,fine
llm_infer_qwen25_3b,1.0,90,4094,fine
llm_infer_sdxl,0.022222222222222223,90,4094,fine
mining_proxy,0.0,1,4094,fine
mlp_training,1.0,1,4094,fine
modern_inference,1.0,3,4094,fine
nvlink_p2p,1.0,3,4094,fine
ppo_rlhf_r8,1.0,30,4094,fine
pytorch_resnet_cifar10,0.6571428571428571,35,4094,fine
rendering_proxy,0.26,50,4094,fine
scientific_hpc,0.6666666666666666,3,4094,fine
symgemm_L4_sgdfused,0.025,40,4094,fine
symgemm_L4_sgdfused_m8192,0.9,20,4094,fine
symgemm_ppo_fused_r8,1.0,30,4094,fine
whitebox_diluted_N5,1.0,30,4094,fine
whitebox_inference_3b,0.9,10,4094,fine
whitebox_lora_3b_N1,0.9,10,4094,fine
whitebox_lora_7b_N20_1h,1.0,10,4094,fine
whitebox_lora_N5,1.0,30,4094,fine
whitebox_oracle,1.0,30,4094,fine
adversarial_K_ddp,1.0,240,4095,fine
adversarial_L_diluted_10_mw8,1.0,30,4095,fine
adversarial_L_diluted_20,1.0,90,4095,fine
cufft_benchmark,0.9911504424778761,113,4095,fine
ddp_resnet18_cifar10,1.0,240,4095,fine
ddp_resnet50_cifar10,1.0,240,4095,fine
fsdp_70b_adamw,0.125,8,4095,fine
fsdp_70b_seqlen512,0.8375,80,4095,fine
idle,0.7019230769230769,104,4095,fine
llm_infer_mistral_7b_q4,0.8106508875739645,169,4095,fine
llm_infer_sdxl,0.011111111111111112,90,4095,fine
llm_train_phi3_mini_lora,0.9666666666666667,60,4095,fine
llm_train_qwen25_3b_lora,0.9666666666666667,60,4095,fine
mining_ethash_proxy,0.0,110,4095,fine
mlp_training,1.0,1,4095,fine
nvlink_p2p,1.0,3,4095,fine
ppo_rlhf_r32,1.0,30,4095,fine
pytorch_resnet_cifar10,0.6857142857142857,35,4095,fine
pytorch_training,1.0,3,4095,fine
resnet50_inference,0.0,53,4095,fine
symgemm_ppo_fused_r32,0.9666666666666667,30,4095,fine
symgemm_ppo_fused_r8,1.0,30,4095,fine
whitebox_diluted_7b_N10_1h,1.0,10,4095,fine
whitebox_inference_7b,0.8,10,4095,fine
whitebox_inference_long,1.0,10,4095,fine
whitebox_lora_3b_N1,1.0,10,4095,fine
whitebox_lora_3b_N1_1h,1.0,10,4095,fine
whitebox_lora_7b_N500_long,0.8,10,4095,fine
whitebox_lora_7b_pilot_N3,1.0,10,4095,fine
adversarial_F_interleave_30,1.0,51,4096,fine
adversarial_G_clock_throttled,1.0,51,4096,fine
adversarial_K_ddp_accum_8,1.0,240,4096,fine
adversarial_L_diluted_5,1.0,60,4096,fine
adversarial_training,0.6666666666666666,3,4096,fine
fsdp_13b_nvlink,1.0,240,4096,fine
fsdp_30b_adamw_nvlink,1.0,80,4096,fine
fsdp_30b_nvlink,1.0,248,4096,fine
fsdp_70b_seq512_nvlink,1.0,80,4096,fine
mining_ethash_proxy,0.00909090909090909,110,4096,fine
mining_proxy,0.0,1,4096,fine
modern_inference,1.0,3,4096,fine
symgemm_L1_fwd3_7b,0.5,10,4096,fine
symgemm_L3_graddiscard,0.0,40,4096,fine
symgemm_L4_sgdfused_m8192,1.0,20,4096,fine
symgemm_L5_adam,1.0,40,4096,fine
symgemm_idle,0.0,10,4096,fine
training_dual_gpu_dp,0.375,8,4096,fine
whitebox_diluted_3b_N1_1h,1.0,10,4096,fine
whitebox_diluted_N20,1.0,30,4096,fine
whitebox_inference_3b,0.0,10,4096,fine
whitebox_lora_3b_N1,1.0,10,4096,fine
whitebox_lora_3b_N1_1h,1.0,10,4096,fine
whitebox_lora_7b_N100_1h,1.0,10,4096,fine
whitebox_lora_7b_N500_long,1.0,10,4096,fine
whitebox_lora_7b_N50_1h,1.0,10,4096,fine
whitebox_lora_7b_pilot_N3,1.0,10,4096,fine
whitebox_lora_7b_pilot_N7,1.0,10,4096,fine
whitebox_lora_N10,1.0,30,4096,fine
adversarial_F_interleave_50,1.0,81,4097,fine
adversarial_K_online_learning,1.0,60,4097,fine
adversarial_L_ddp_5,1.0,240,4097,fine
adversarial_L_diluted_2,1.0,60,4097,fine
bert_sst2,0.1875,16,4097,fine
bert_sst2_amp,0.5,6,4097,fine
ddp_resnet50_cifar10,1.0,240,4097,fine
gpt2_wikitext2,0.5454545454545454,33,4097,fine
gpt2_wikitext2_amp,0.5,12,4097,fine
llm_infer_qwen25_14b_fp16,0.991869918699187,123,4097,fine
llm_infer_qwen25_3b,1.0,90,4097,fine
llm_train_qwen25_1p5b_lora,0.9833333333333333,60,4097,fine
mlp_training,0.0,1,4097,fine
modern_inference,1.0,3,4097,fine
nvlink_bandwidth,0.0,4,4097,fine
nvlink_latency,0.0,4,4097,fine
symgemm_L1_fwd3_m8192,0.25,20,4097,fine
symgemm_L4_sgdfused_short7b,0.9,10,4097,fine
training_single_gpu,0.6,5,4097,fine
whitebox_diluted_7b_N10_1h,0.9,10,4097,fine
whitebox_diluted_7b_N1_1h,0.9,10,4097,fine
whitebox_diluted_N10,1.0,30,4097,fine
whitebox_diluted_N20,1.0,30,4097,fine
whitebox_inference,0.8333333333333334,30,4097,fine
whitebox_inference_3b_1h,0.1,10,4097,fine
whitebox_inference_7b_2h,0.9,10,4097,fine
whitebox_lora_7b_N3_1h,1.0,10,4097,fine
whitebox_lora_7b_pilot_N7,1.0,10,4097,fine
whitebox_oracle,1.0,30,4097,fine
adversarial_F_interleave_30,1.0,51,4098,fine
adversarial_H_mimicry_mining,1.0,61,4098,fine
adversarial_I_stochastic_30,0.9876543209876543,81,4098,fine
ddp_resnet18_cifar10,1.0,240,4098,fine
ddp_resnet50_cifar10,1.0,240,4098,fine
fsdp_30b_adamw_nvlink,1.0,80,4098,fine
gpt2_wikitext2,1.0,33,4098,fine
idle,0.057692307692307696,104,4098,fine
llm_infer_qwen25_3b_bs16,0.022222222222222223,90,4098,fine
llm_infer_qwen25_3b_bs4,0.06666666666666667,90,4098,fine
llm_infer_qwen25_72b_tp2,0.7,60,4098,fine
llm_infer_sdxl,0.0,90,4098,fine
llm_infer_vit_l_bs64,0.9444444444444444,90,4098,fine
nvlink_bandwidth,0.25,4,4098,fine
pytorch_resnet_cifar10_amp,1.0,36,4098,fine
rendering,0.0,1,4098,fine
resnet_amp,0.0,3,4098,fine
symgemm_L0_fwd1,0.575,40,4098,fine
symgemm_L1_fwd3_m8192,0.75,20,4098,fine
symgemm_ppo_fused_r32,1.0,30,4098,fine
whitebox_diluted_1b_N1_1h,1.0,10,4098,fine
whitebox_diluted_7b_N10_1h,0.9,10,4098,fine
whitebox_diluted_N5,1.0,30,4098,fine
whitebox_inference,0.7,30,4098,fine
whitebox_inference_3b,0.9,10,4098,fine
whitebox_lora_3b_N1,1.0,10,4098,fine
whitebox_lora_7b_N10,1.0,10,4098,fine
whitebox_lora_7b_long,1.0,10,4098,fine
whitebox_lora_N10,1.0,30,4098,fine
adversarial_F_interleave_50,1.0,81,4099,fine
adversarial_G_clock_throttled,1.0,51,4099,fine
adversarial_L_diluted_20,1.0,90,4099,fine
batch_size_sweep_dp,0.0,2,4099,fine
cufft_benchmark,0.9734513274336283,113,4099,fine
ddp_resnet18_cifar10,1.0,240,4099,fine
fsdp_30b_nvlink,1.0,248,4099,fine
fsdp_70b_adamw,1.0,8,4099,fine
llm_infer_qwen25_14b_fp16,0.9349593495934959,123,4099,fine
llm_infer_qwen25_3b_bs16,0.8222222222222222,90,4099,fine
llm_infer_qwen25_72b_fp16,1.0,30,4099,fine
llm_infer_qwen25_7b_fp16,0.9444444444444444,126,4099,fine
mining_ethash_proxy,0.0,110,4099,fine
mining_proxy,0.0,1,4099,fine
nbody_sim,0.9107142857142857,56,4099,fine
ppo_rlhf_r8,1.0,30,4099,fine
pytorch_resnet_cifar10_amp,1.0,36,4099,fine
resnet_fp32,0.0,3,4099,fine
symgemm_L1_fwd3,0.925,40,4099,fine
symgemm_L3_graddiscard,0.0,40,4099,fine
symgemm_L4_sgdfused_m8192,1.0,20,4099,fine
symgemm_L4_sgdfused_short7b,0.9,10,4099,fine
symgemm_L5_adam,1.0,40,4099,fine
whitebox_diluted_7b_N1_1h,0.9,10,4099,fine
whitebox_diluted_N10,1.0,30,4099,fine
whitebox_diluted_N5,1.0,30,4099,fine
whitebox_inference,0.6,30,4099,fine
whitebox_inference_3b_1h,1.0,10,4099,fine
whitebox_lora_7b_N100_1h,0.9,10,4099,fine
adversarial_E_memory_minimal,1.0,51,4100,fine
adversarial_F_interleave_30,1.0,51,4100,fine
adversarial_K_online_learning,1.0,60,4100,fine
adversarial_L_ddp_10,1.0,240,4100,fine
adversarial_L_diluted_10_mw8,1.0,30,4100,fine
adversarial_L_diluted_200_mw8,1.0,20,4100,fine
cufft_benchmark,0.9292035398230089,113,4100,fine
cufft_hpc,1.0,3,4100,fine
fsdp_70b_nvlink,1.0,184,4100,fine
gpt2_finetune,0.6666666666666666,3,4100,fine
llm_infer_mixtral_8x7b,0.8833333333333333,60,4100,fine
llm_infer_qwen25_72b_fp8,0.7,90,4100,fine
llm_infer_qwen25_7b_fp16,0.873015873015873,126,4100,fine
llm_train_qwen25_3b_lora,1.0,60,4100,fine
nbody_sim,0.8214285714285714,56,4100,fine
rendering,0.0,1,4100,fine
rendering_proxy,0.0,50,4100,fine
resnet_amp,0.0,3,4100,fine
resnet_fp32,0.0,3,4100,fine
symgemm_L1_fwd3,0.975,40,4100,fine
symgemm_L1_fwd3_7b,0.9,10,4100,fine
symgemm_decode_g256,0.06666666666666667,30,4100,fine
training_dual_gpu_dp,1.0,8,4100,fine
whitebox_diluted_3b_N1_1h,1.0,10,4100,fine
whitebox_diluted_N10,1.0,30,4100,fine
whitebox_lora_7b_N10,1.0,10,4100,fine
whitebox_lora_7b_N100_1h,0.8,10,4100,fine
whitebox_lora_7b_N1_1h,0.8,10,4100,fine
whitebox_lora_7b_N500_long,1.0,10,4100,fine
adversarial_F_interleave_30,1.0,51,4101,fine
adversarial_I_stochastic_30,0.9629629629629629,81,4101,fine
adversarial_L_ddp_10,1.0,240,4101,fine
adversarial_L_diluted_20,1.0,90,4101,fine
adversarial_L_diluted_5,1.0,60,4101,fine
ddp_resnet18_cifar10_amp,1.0,240,4101,fine
fsdp_70b_seqlen512,0.7,80,4101,fine
idle,0.7307692307692307,104,4101,fine
inference,0.0,3,4101,fine
llm_infer_qwen25_14b_fp16,0.991869918699187,123,4101,fine
llm_infer_vit_l_bs64,0.9555555555555556,90,4101,fine
llm_train_mistral_7b_lora,0.9166666666666666,60,4101,fine
mining_ethash_proxy,0.0,110,4101,fine
nvlink_p2p,0.6666666666666666,3,4101,fine
pytorch_resnet_cifar10,0.6857142857142857,35,4101,fine
rendering_proxy,0.0,50,4101,fine
resnet50_inference,0.0,53,4101,fine
scientific_hpc,0.3333333333333333,3,4101,fine
symgemm_L1_fwd3_m8192,1.0,20,4101,fine
symgemm_L4_sgdfused,0.125,40,4101,fine
whitebox_diluted_1b_N1_1h,1.0,10,4101,fine
whitebox_diluted_N20,1.0,30,4101,fine
whitebox_lora_1b_N1_1h,0.5,10,4101,fine
whitebox_lora_7b_N1_1h,1.0,10,4101,fine
whitebox_lora_7b_N20_1h,1.0,10,4101,fine
whitebox_lora_7b_pilot_N5,1.0,10,4101,fine
whitebox_lora_7b_pilot_N8,1.0,10,4101,fine
whitebox_lora_N10,1.0,30,4101,fine
whitebox_lora_N20,1.0,30,4101,fine
adversarial_F_interleave_50,1.0,81,4102,fine
adversarial_K_ddp_accum_4,1.0,240,4102,fine
adversarial_L_ddp_10,1.0,240,4102,fine
adversarial_L_ddp_5,0.9916666666666667,240,4102,fine
bert_sst2_amp,1.0,6,4102,fine
fsdp_30b_adamw_nvlink,1.0,80,4102,fine
fsdp_70b_seq512_nvlink,1.0,80,4102,fine
llm_infer_mistral_7b_q4,0.6272189349112426,169,4102,fine
llm_infer_mixtral_8x7b,1.0,60,4102,fine
llm_infer_qwen25_3b_bs16,0.5333333333333333,90,4102,fine
llm_infer_qwen25_72b_fp8,0.9666666666666667,90,4102,fine
llm_infer_sdxl,0.0,90,4102,fine
llm_infer_tinyllama_bs8,0.7222222222222222,90,4102,fine
llm_infer_tinyllama_seq4096,0.4,90,4102,fine
pytorch_resnet_cifar10,0.6857142857142857,35,4102,fine
resnet_amp,0.0,3,4102,fine
symgemm_L1_fwd3,0.975,40,4102,fine
symgemm_L1_fwd3_m8192,0.0,20,4102,fine
symgemm_L3_graddiscard,0.0,40,4102,fine
symgemm_decode_g256,0.0,30,4102,fine
symgemm_idle,0.0,10,4102,fine
symgemm_ppo_fused_r8,1.0,30,4102,fine
whitebox_inference_7b_2h,0.9,10,4102,fine
whitebox_lora_7b_N1_1h,0.9,10,4102,fine
whitebox_lora_7b_N20_1h,1.0,10,4102,fine
whitebox_lora_7b_N500_long,1.0,10,4102,fine
whitebox_lora_7b_pilot_N5,1.0,10,4102,fine
whitebox_lora_N10,1.0,30,4102,fine
whitebox_oracle_7b_long,1.0,10,4102,fine
adversarial_H_mimicry_mining,0.9836065573770492,61,4103,fine
adversarial_K_ddp,1.0,240,4103,fine
adversarial_K_ddp_accum_4,1.0,240,4103,fine
bert_sst2_amp,0.5,6,4103,fine
ddp_training,1.0,2,4103,fine
fsdp_70b_adamw,1.0,8,4103,fine
gpt2_finetune,0.0,3,4103,fine
inference,0.0,3,4103,fine
llm_infer_mixtral_8x7b,1.0,60,4103,fine
llm_infer_phi3_mini,0.98,100,4103,fine
llm_infer_qwen25_72b_fp16,1.0,30,4103,fine
llm_infer_vit_l_bs64,0.9444444444444444,90,4103,fine
llm_train_qwen25_1p5b_lora,0.48333333333333334,60,4103,fine
llm_train_smollm2_1p7b_lora,0.5666666666666667,60,4103,fine
mining_ethash_proxy,0.0,110,4103,fine
pytorch_resnet_cifar10,0.6571428571428571,35,4103,fine
resnet_amp,0.0,3,4103,fine
scientific_hpc,1.0,3,4103,fine
symgemm_L4_sgdfused,0.2,40,4103,fine
symgemm_L4_sgdfused_7b,0.7,10,4103,fine
training_dual_gpu_dp,0.25,8,4103,fine
whitebox_diluted_N10,1.0,30,4103,fine
whitebox_diluted_N5,1.0,30,4103,fine
whitebox_inference,0.8333333333333334,30,4103,fine
whitebox_inference_3b_1h,0.1,10,4103,fine
whitebox_lora_7b_N20_1h,1.0,10,4103,fine
whitebox_lora_N10,1.0,30,4103,fine
whitebox_lora_N20,1.0,30,4103,fine
width_sweep_dp,1.0,2,4103,fine
adversarial_E_memory_minimal,0.9803921568627451,51,4104,fine
adversarial_F_interleave_30,1.0,51,4104,fine
adversarial_F_interleave_50,1.0,81,4104,fine
adversarial_G_clock_throttled,1.0,51,4104,fine
adversarial_H_mimicry_cufft,1.0,52,4104,fine
adversarial_L_diluted_200_mw8,1.0,20,4104,fine
adversarial_L_diluted_5,1.0,60,4104,fine
bert_finetune,0.6666666666666666,3,4104,fine
ddp_resnet50_cifar10,1.0,240,4104,fine
ddp_training,1.0,2,4104,fine
gpt2_finetune,0.3333333333333333,3,4104,fine
gpt2_wikitext2_amp,1.0,12,4104,fine
llm_infer_sdxl,0.0,90,4104,fine
llm_train_mistral_7b_lora,0.9833333333333333,60,4104,fine
llm_train_phi3_mini_lora,0.9833333333333333,60,4104,fine
mlp_training,1.0,1,4104,fine
nvlink_bandwidth,0.0,4,4104,fine
rendering,0.0,1,4104,fine
symgemm_L3_graddiscard,0.175,40,4104,fine
training_single_gpu,0.6,5,4104,fine
whitebox_diluted_7b_N10_1h,1.0,10,4104,fine
whitebox_diluted_7b_N1_1h,0.9,10,4104,fine
whitebox_diluted_N10,1.0,30,4104,fine
whitebox_inference_3b,0.9,10,4104,fine
whitebox_inference_7b,0.8,10,4104,fine
whitebox_lora_7b_pilot_N6,1.0,10,4104,fine
whitebox_lora_7b_pilot_N7,1.0,10,4104,fine
whitebox_lora_N10_long,1.0,10,4104,fine
whitebox_lora_N5,0.9,30,4104,fine
adversarial_G_clock_throttled,1.0,51,4105,fine
adversarial_H_mimicry_mining,1.0,61,4105,fine
adversarial_K_ddp,1.0,240,4105,fine
adversarial_K_ddp_accum_8,1.0,240,4105,fine
adversarial_L_diluted_20,0.9444444444444444,90,4105,fine
adversarial_L_diluted_5,1.0,60,4105,fine
cufft_hpc,1.0,3,4105,fine
ddp_resnet18_cifar10_amp,1.0,240,4105,fine
ddp_resnet50_cifar10,1.0,240,4105,fine
fsdp_70b_seq512_nvlink,1.0,80,4105,fine
inference,1.0,3,4105,fine
llm_infer_qwen25_3b_bs16,1.0,90,4105,fine
mining_proxy,0.0,1,4105,fine
ppo_rlhf_r8,1.0,30,4105,fine
pytorch_resnet_cifar10,0.6571428571428571,35,4105,fine
symgemm_L5_adam,1.0,40,4105,fine
symgemm_idle,0.6,10,4105,fine
whitebox_diluted_3b_N1_1h,0.9,10,4105,fine
whitebox_diluted_7b_N1_1h,0.8,10,4105,fine
whitebox_inference_1b_matched,0.9,10,4105,fine
whitebox_inference_long,1.0,10,4105,fine
whitebox_lora_3b_N1_1h,1.0,10,4105,fine
whitebox_lora_7b_N20_1h,1.0,10,4105,fine
whitebox_lora_7b_N500_long,1.0,10,4105,fine
whitebox_lora_7b_pilot_N8,1.0,10,4105,fine
whitebox_lora_N20,1.0,30,4105,fine
whitebox_lora_N5,1.0,30,4105,fine
whitebox_oracle,1.0,30,4105,fine
whitebox_oracle_7b_long,0.9,10,4105,fine
adversarial_K_ddp,1.0,240,4106,fine
adversarial_K_ddp_accum_4,1.0,240,4106,fine
adversarial_L_diluted_10_mw8,1.0,30,4106,fine
bert_finetune,1.0,3,4106,fine
ddp_resnet50_cifar10,1.0,240,4106,fine
fsdp_30b_adamw_nvlink,0.975,80,4106,fine
fsdp_70b_nvlink,0.9402173913043478,184,4106,fine
fsdp_70b_seq512_nvlink,0.925,80,4106,fine
gpt2_wikitext2,0.8787878787878788,33,4106,fine
llm_infer_qwen25_72b_tp2,0.9333333333333333,60,4106,fine
llm_infer_qwen25_7b_fp16,0.9603174603174603,126,4106,fine
llm_infer_tinyllama_seq4096,0.9888888888888889,90,4106,fine
llm_train_mistral_7b_lora,0.9,60,4106,fine
mlp_training,1.0,1,4106,fine
nvlink_bandwidth,0.25,4,4106,fine
nvlink_p2p,0.3333333333333333,3,4106,fine
rendering,0.0,1,4106,fine
symgemm_L1_fwd3,0.95,40,4106,fine
symgemm_L1_fwd3_7b,0.9,10,4106,fine
symgemm_L3_graddiscard,0.725,40,4106,fine
symgemm_L4_sgdfused,0.3,40,4106,fine
symgemm_L4_sgdfused_m8192,1.0,20,4106,fine
whitebox_diluted_7b_N1_1h,1.0,10,4106,fine
whitebox_inference_7b,0.8,10,4106,fine
whitebox_lora_7b_N50_1h,1.0,10,4106,fine
whitebox_lora_7b_pilot_N2,0.9,10,4106,fine
whitebox_lora_7b_pilot_N3,1.0,10,4106,fine
whitebox_lora_7b_pilot_N5,1.0,10,4106,fine
whitebox_oracle,1.0,30,4106,fine
adversarial_H_mimicry_cufft,1.0,52,4107,fine
adversarial_I_stochastic_30,1.0,81,4107,fine
adversarial_K_ddp_accum_8,1.0,240,4107,fine
adversarial_L_diluted_2,1.0,60,4107,fine
adversarial_L_diluted_5,1.0,60,4107,fine
bert_sst2_amp,1.0,6,4107,fine
cufft_hpc,1.0,3,4107,fine
fsdp_30b_adamw_nvlink,1.0,80,4107,fine
fsdp_70b_seq512_nvlink,1.0,80,4107,fine
inference,0.0,3,4107,fine
llm_infer_mistral_7b_q4,0.5739644970414202,169,4107,fine
llm_infer_mixtral_8x7b,0.95,60,4107,fine
llm_infer_qwen25_32b_fp16,1.0,123,4107,fine
llm_infer_qwen25_72b_tp2,0.7666666666666667,60,4107,fine
llm_infer_sdxl,0.011111111111111112,90,4107,fine
mining_ethash_proxy,0.0,110,4107,fine
mining_proxy,0.0,1,4107,fine
mlp_training,1.0,1,4107,fine
nvlink_latency,0.25,4,4107,fine
nvlink_p2p,0.6666666666666666,3,4107,fine
pytorch_resnet_cifar10,0.7428571428571429,35,4107,fine
rendering_proxy,0.0,50,4107,fine
resnet_fp32,0.0,3,4107,fine
symgemm_L1_fwd3,1.0,40,4107,fine
symgemm_ppo_fused_r8,0.9666666666666667,30,4107,fine
training_single_gpu,0.4,5,4107,fine
whitebox_lora_7b_long,1.0,10,4107,fine
whitebox_lora_7b_pilot_N6,1.0,10,4107,fine
whitebox_lora_N5,0.9666666666666667,30,4107,fine
adversarial_J_pid_75,1.0,52,4108,fine
adversarial_K_ddp,1.0,240,4108,fine
adversarial_L_diluted_20,0.7888888888888889,90,4108,fine
bert_finetune,0.3333333333333333,3,4108,fine
bert_sst2_amp,0.5,6,4108,fine
ddp_resnet18_cifar10,1.0,240,4108,fine
ddp_resnet50_cifar10,1.0,240,4108,fine
fsdp_30b_nvlink,1.0,248,4108,fine
fsdp_7b_nvlink,0.9875,240,4108,fine
gpt2_wikitext2,0.45454545454545453,33,4108,fine
llm_infer_deepseek_v3_tp8,0.6333333333333333,240,4108,fine
llm_infer_qwen25_14b_fp16,1.0,123,4108,fine
llm_train_qwen25_3b_lora,0.5333333333333333,60,4108,fine
mining_ethash_proxy,0.0,110,4108,fine
nvlink_bandwidth,0.5,4,4108,fine
ppo_rlhf_r8,0.0,30,4108,fine
pytorch_mlp_cifar10,0.9736842105263158,38,4108,fine
pytorch_resnet_cifar10_amp,0.5,36,4108,fine
scientific_hpc,0.6666666666666666,3,4108,fine
symgemm_L1_fwd3,1.0,40,4108,fine
symgemm_L5_adam,1.0,40,4108,fine
symgemm_ppo_fused_r32,0.0,30,4108,fine
whitebox_diluted_7b_N10_1h,1.0,10,4108,fine
whitebox_diluted_N10,1.0,30,4108,fine
whitebox_inference_7b,0.8,10,4108,fine
whitebox_lora_7b_N3_1h,1.0,10,4108,fine
whitebox_lora_7b_pilot_N2,1.0,10,4108,fine
whitebox_lora_7b_pilot_N3,1.0,10,4108,fine
whitebox_lora_7b_pilot_N8,1.0,10,4108,fine
adversarial_E_memory_minimal,1.0,51,4109,fine
adversarial_L_diluted_200_mw8,0.95,20,4109,fine
ddp_resnet18_cifar10,0.9833333333333333,240,4109,fine
fsdp_30b_adamw_nvlink,1.0,80,4109,fine
fsdp_30b_nvlink,1.0,248,4109,fine
fsdp_70b_seq512_nvlink,1.0,80,4109,fine
llm_infer_qwen25_3b_bs4,1.0,90,4109,fine
llm_train_qwen25_1p5b_lora,0.9833333333333333,60,4109,fine
llm_train_qwen25_3b_lora,0.9833333333333333,60,4109,fine
nbody_sim,0.9821428571428571,56,4109,fine
nvlink_bandwidth,0.0,4,4109,fine
ppo_rlhf_r8,1.0,30,4109,fine
pytorch_mlp_cifar10,0.9736842105263158,38,4109,fine
pytorch_resnet_cifar10,0.45714285714285713,35,4109,fine
pytorch_resnet_cifar10_amp,0.5555555555555556,36,4109,fine
pytorch_training,1.0,3,4109,fine
resnet_fp32,1.0,3,4109,fine
symgemm_L0_fwd1,0.875,40,4109,fine
symgemm_L1_fwd3,0.875,40,4109,fine
symgemm_L4_sgdfused,0.125,40,4109,fine
whitebox_diluted_N10,1.0,30,4109,fine
whitebox_inference_7b_2h,0.9,10,4109,fine
whitebox_inference_long,1.0,10,4109,fine
whitebox_lora_3b_N1,1.0,10,4109,fine
whitebox_lora_3b_N1_1h,1.0,10,4109,fine
whitebox_lora_7b_N100_1h,0.8,10,4109,fine
whitebox_lora_7b_N50_1h,1.0,10,4109,fine
whitebox_lora_N10_long,1.0,10,4109,fine
whitebox_oracle_7b_long,1.0,10,4109,fine
adversarial_E_memory_minimal,0.9803921568627451,51,4110,fine
adversarial_I_stochastic_30,1.0,81,4110,fine
adversarial_J_pid_75,1.0,52,4110,fine
adversarial_L_diluted_10_mw8,1.0,30,4110,fine
adversarial_L_diluted_200_mw8,0.95,20,4110,fine
fsdp_30b_nvlink,1.0,248,4110,fine
fsdp_7b_nvlink,1.0,240,4110,fine
gpt2_wikitext2_amp,0.5,12,4110,fine
inference,1.0,3,4110,fine
llm_infer_deepseek_v3_tp8,0.5708333333333333,240,4110,fine
llm_infer_qwen25_3b,1.0,90,4110,fine
llm_infer_qwen25_3b_bs4,0.9777777777777777,90,4110,fine
llm_train_mistral_7b_lora,0.95,60,4110,fine
llm_train_phi3_mini_lora,0.9333333333333333,60,4110,fine
llm_train_qwen25_3b_lora,0.95,60,4110,fine
mining_proxy,0.0,1,4110,fine
mlp_training,1.0,1,4110,fine
nvlink_p2p,0.6666666666666666,3,4110,fine
pytorch_resnet_cifar10_amp,0.5833333333333334,36,4110,fine
symgemm_L0_fwd1,0.975,40,4110,fine
symgemm_L1_fwd3_7b,0.9,10,4110,fine
symgemm_idle,0.0,10,4110,fine
symgemm_ppo_fused_r8,1.0,30,4110,fine
whitebox_diluted_1b_N1_1h,1.0,10,4110,fine
whitebox_diluted_3b_N1_1h,0.9,10,4110,fine
whitebox_diluted_N10,1.0,30,4110,fine
whitebox_lora_7b_N100_1h,1.0,10,4110,fine
whitebox_lora_7b_pilot_N7,1.0,10,4110,fine
whitebox_lora_N10,1.0,30,4110,fine
adversarial_E_memory_minimal,0.9803921568627451,51,4111,fine
adversarial_F_interleave_50,1.0,81,4111,fine
adversarial_I_stochastic_30,1.0,81,4111,fine
adversarial_J_pid_75,1.0,52,4111,fine
adversarial_L_diluted_5,1.0,60,4111,fine
bert_finetune,1.0,3,4111,fine
fsdp_13b_nvlink,1.0,240,4111,fine
fsdp_30b_adamw_nvlink,1.0,80,4111,fine
fsdp_70b_adamw,1.0,8,4111,fine
gpt2_wikitext2_amp,0.75,12,4111,fine
inference,0.0,3,4111,fine
llm_infer_deepseek_v3_tp8,0.65,240,4111,fine
llm_infer_mistral_7b_q4,0.5857988165680473,169,4111,fine
llm_infer_mixtral_8x7b,0.9833333333333333,60,4111,fine
llm_infer_qwen25_3b_bs4,0.9777777777777777,90,4111,fine
llm_infer_qwen25_72b_fp16,1.0,30,4111,fine
llm_infer_tinyllama_bs8,0.8777777777777778,90,4111,fine
llm_infer_tinyllama_seq4096,0.4666666666666667,90,4111,fine
llm_infer_vit_l_bs64,0.9,90,4111,fine
modern_inference,1.0,3,4111,fine
rendering_proxy,0.14,50,4111,fine
resnet50_inference,0.0,53,4111,fine
resnet_amp,0.0,3,4111,fine
symgemm_L4_sgdfused_short7b,0.9,10,4111,fine
whitebox_diluted_1b_N1_1h,1.0,10,4111,fine
whitebox_inference_3b,0.9,10,4111,fine
whitebox_lora_7b_pilot_N2,0.9,10,4111,fine
whitebox_lora_7b_pilot_N7,1.0,10,4111,fine
whitebox_oracle_7b_long,0.9,10,4111,fine
adversarial_E_memory_minimal,1.0,51,4112,fine
adversarial_H_mimicry_cufft,0.6538461538461539,52,4112,fine
adversarial_K_ddp_accum_4,1.0,240,4112,fine
adversarial_L_ddp_stagger_5,0.9333333333333333,240,4112,fine
adversarial_L_diluted_10,1.0,90,4112,fine
adversarial_L_diluted_10_mw8,1.0,30,4112,fine
ddp_resnet18_cifar10,0.9833333333333333,240,4112,fine
fsdp_13b_nvlink,1.0,240,4112,fine
fsdp_30b_adamw_nvlink,1.0,80,4112,fine
fsdp_30b_nvlink,1.0,248,4112,fine
fsdp_70b_seqlen512,0.7875,80,4112,fine
gpt2_wikitext2,0.8181818181818182,33,4112,fine
llm_infer_qwen25_3b,1.0,90,4112,fine
nbody_sim,1.0,56,4112,fine
nvlink_bandwidth,0.75,4,4112,fine
rendering_proxy,0.44,50,4112,fine
symgemm_L1_fwd3_m8192,0.3,20,4112,fine
training_dual_gpu_dp,0.375,8,4112,fine
whitebox_diluted_1b_N1_1h,1.0,10,4112,fine
whitebox_diluted_7b_N1_1h,1.0,10,4112,fine
whitebox_diluted_N10,1.0,30,4112,fine
whitebox_diluted_N20,1.0,30,4112,fine
whitebox_lora_3b_N1,1.0,10,4112,fine
whitebox_lora_3b_N1_1h,1.0,10,4112,fine
whitebox_lora_7b_N10,1.0,10,4112,fine
whitebox_lora_7b_pilot_N3,1.0,10,4112,fine
whitebox_lora_7b_pilot_N5,1.0,10,4112,fine
whitebox_lora_7b_pilot_N8,1.0,10,4112,fine
whitebox_lora_N20,1.0,30,4112,fine
adversarial_J_pid_75,1.0,52,4113,fine
adversarial_L_ddp_stagger_5,0.9958333333333333,240,4113,fine
adversarial_L_diluted_20,0.8666666666666667,90,4113,fine
cufft_benchmark,0.8849557522123894,113,4113,fine
cufft_hpc,1.0,3,4113,fine
fsdp_30b_adamw_nvlink,1.0,80,4113,fine
fsdp_30b_nvlink,1.0,248,4113,fine
fsdp_70b_seq512_nvlink,1.0,80,4113,fine
gpt2_wikitext2,0.8787878787878788,33,4113,fine
idle,0.6346153846153846,104,4113,fine
llm_infer_qwen25_32b_fp16,0.991869918699187,123,4113,fine
llm_infer_qwen25_3b,1.0,90,4113,fine
llm_infer_qwen25_3b_bs16,0.9444444444444444,90,4113,fine
llm_infer_qwen25_3b_bs4,0.9888888888888889,90,4113,fine
llm_infer_qwen25_72b_tp2,0.95,60,4113,fine
llm_infer_vit_l_bs64,0.9111111111111111,90,4113,fine
llm_train_qwen25_1p5b_lora,0.9833333333333333,60,4113,fine
modern_inference,0.6666666666666666,3,4113,fine
rendering,0.0,1,4113,fine
symgemm_L1_fwd3_m8192,1.0,20,4113,fine
symgemm_L4_sgdfused,0.0,40,4113,fine
whitebox_diluted_N10,1.0,30,4113,fine
whitebox_diluted_N5,1.0,30,4113,fine
whitebox_inference_1b_matched,0.8,10,4113,fine
whitebox_lora_1b_N1_1h,1.0,10,4113,fine
whitebox_lora_7b_N10,1.0,10,4113,fine
whitebox_lora_7b_N100_1h,1.0,10,4113,fine
whitebox_lora_N10_long,1.0,10,4113,fine
width_sweep_dp,1.0,2,4113,fine
adversarial_K_ddp_accum_8,1.0,240,4114,fine
adversarial_L_diluted_200_mw8,0.95,20,4114,fine
bert_sst2_amp,0.8333333333333334,6,4114,fine
fsdp_30b_nvlink,1.0,248,4114,fine
fsdp_70b_sgd_momentum,1.0,80,4114,fine
fsdp_7b_nvlink,0.9958333333333333,240,4114,fine
llm_infer_deepseek_v3_tp8,0.475,240,4114,fine
llm_infer_phi3_mini,0.99,100,4114,fine
llm_infer_sdxl,0.0,90,4114,fine
llm_infer_tinyllama_bs8,0.6222222222222222,90,4114,fine
llm_infer_tinyllama_seq4096,0.5333333333333333,90,4114,fine
llm_infer_vit_l_bs64,0.9444444444444444,90,4114,fine
llm_train_qwen25_3b_lora,0.9666666666666667,60,4114,fine
mining_ethash_proxy,0.0,110,4114,fine
mining_proxy,0.0,1,4114,fine
mlp_training,1.0,1,4114,fine
nvlink_latency,0.0,4,4114,fine
ppo_rlhf_r32,0.9666666666666667,30,4114,fine
pytorch_resnet_cifar10_amp,1.0,36,4114,fine
symgemm_L4_sgdfused_m8192,0.65,20,4114,fine
symgemm_L4_sgdfused_short7b,0.9,10,4114,fine
whitebox_diluted_N20,1.0,30,4114,fine
whitebox_inference_3b,0.9,10,4114,fine
whitebox_lora_3b_N1,0.9,10,4114,fine
whitebox_lora_7b_N50_1h,1.0,10,4114,fine
whitebox_lora_7b_pilot_N2,0.9,10,4114,fine
whitebox_lora_7b_pilot_N3,1.0,10,4114,fine
whitebox_oracle_7b_long,0.9,10,4114,fine
width_sweep_dp,0.5,2,4114,fine
adversarial_J_pid_75,1.0,52,4115,fine
adversarial_L_ddp_5,1.0,240,4115,fine
adversarial_L_diluted_200_mw8,1.0,20,4115,fine
cufft_benchmark,1.0,113,4115,fine
ddp_training,1.0,2,4115,fine
fsdp_70b_seq512_nvlink,0.9625,80,4115,fine
gpt2_wikitext2_amp,1.0,12,4115,fine
idle,0.5769230769230769,104,4115,fine
inference,0.0,3,4115,fine
llm_infer_mistral_7b_q4,0.7041420118343196,169,4115,fine
llm_infer_mixtral_8x7b,0.9833333333333333,60,4115,fine
llm_infer_qwen25_3b_bs16,0.5555555555555556,90,4115,fine
llm_infer_sdxl,0.0,90,4115,fine
llm_infer_tinyllama_seq4096,0.9555555555555556,90,4115,fine
llm_train_qwen25_1p5b_lora,0.9833333333333333,60,4115,fine
llm_train_qwen25_3b_lora,0.9666666666666667,60,4115,fine
pytorch_resnet_cifar10_amp,1.0,36,4115,fine
rendering_proxy,0.0,50,4115,fine
symgemm_L1_fwd3,1.0,40,4115,fine
symgemm_L4_sgdfused,0.0,40,4115,fine
symgemm_L4_sgdfused_long1b,0.0,10,4115,fine
symgemm_ppo_fused_r32,1.0,30,4115,fine
whitebox_diluted_7b_N10_1h,1.0,10,4115,fine
whitebox_diluted_N10,1.0,30,4115,fine
whitebox_inference_3b_1h,0.0,10,4115,fine
whitebox_inference_7b_2h,0.9,10,4115,fine
whitebox_inference_long,1.0,10,4115,fine
whitebox_lora_1b_N1_1h,1.0,10,4115,fine
whitebox_lora_7b_pilot_N8,1.0,10,4115,fine
adversarial_E_memory_minimal,1.0,51,4116,fine
adversarial_H_mimicry_mining,1.0,61,4116,fine
adversarial_L_diluted_2,1.0,60,4116,fine
adversarial_L_diluted_20,1.0,90,4116,fine
adversarial_L_diluted_200_mw8,1.0,20,4116,fine
ddp_training,1.0,2,4116,fine
fsdp_30b_adamw_nvlink,1.0,80,4116,fine
gpt2_wikitext2,0.7878787878787878,33,4116,fine
inference,1.0,3,4116,fine
llm_infer_qwen25_3b,1.0,90,4116,fine
llm_train_mistral_7b_lora,1.0,60,4116,fine
mining_ethash_proxy,0.0,110,4116,fine
mlp_training,1.0,1,4116,fine
modern_inference,1.0,3,4116,fine
nvlink_latency,0.0,4,4116,fine
ppo_rlhf_r32,0.9333333333333333,30,4116,fine
pytorch_resnet_cifar10_amp,1.0,36,4116,fine
rendering_proxy,0.0,50,4116,fine
resnet50_inference,0.0,53,4116,fine
resnet_amp,0.0,3,4116,fine
symgemm_L1_fwd3,0.875,40,4116,fine
symgemm_L5_adam,1.0,40,4116,fine
whitebox_diluted_N5,1.0,30,4116,fine
whitebox_lora_7b_N10,1.0,10,4116,fine
whitebox_lora_7b_pilot_N5,1.0,10,4116,fine
whitebox_lora_N10,1.0,30,4116,fine
whitebox_lora_N10_long,1.0,10,4116,fine
whitebox_lora_N5,1.0,30,4116,fine
whitebox_oracle_7b_long,0.9,10,4116,fine
adversarial_L_ddp_5,1.0,240,4117,fine
adversarial_L_diluted_2,1.0,60,4117,fine
batch_size_sweep_dp,0.0,2,4117,fine
bert_sst2_amp,1.0,6,4117,fine
ddp_resnet18_cifar10_amp,1.0,240,4117,fine
ddp_resnet50_cifar10,1.0,240,4117,fine
fsdp_70b_sgd_momentum,0.9875,80,4117,fine
gpt2_finetune,0.3333333333333333,3,4117,fine
idle,0.625,104,4117,fine
llm_infer_phi3_mini,0.98,100,4117,fine
llm_infer_sdxl,0.0,90,4117,fine
llm_train_smollm2_1p7b_lora,1.0,60,4117,fine
mining_proxy,0.0,1,4117,fine
modern_inference,1.0,3,4117,fine
nvlink_latency,0.25,4,4117,fine
nvlink_p2p,1.0,3,4117,fine
pytorch_training,1.0,3,4117,fine
resnet_amp,0.0,3,4117,fine
symgemm_L0_fwd1,1.0,40,4117,fine
symgemm_L4_sgdfused_long1b,0.0,10,4117,fine
symgemm_L5_adam,1.0,40,4117,fine
symgemm_idle,0.0,10,4117,fine
training_dual_gpu_dp,0.625,8,4117,fine
whitebox_lora_1b_N1_1h,1.0,10,4117,fine
whitebox_lora_7b_N1_1h,1.0,10,4117,fine
whitebox_lora_7b_N500_long,0.1,10,4117,fine
whitebox_lora_7b_pilot_N2,1.0,10,4117,fine
whitebox_lora_N10_long,1.0,10,4117,fine
whitebox_oracle_7b_long,1.0,10,4117,fine
adversarial_F_interleave_50,1.0,81,4118,fine
adversarial_I_stochastic_30,1.0,81,4118,fine
adversarial_K_ddp_accum_4,1.0,240,4118,fine
adversarial_K_online_learning,1.0,60,4118,fine
adversarial_L_ddp_stagger_5,0.9916666666666667,240,4118,fine
adversarial_L_diluted_10_mw8,1.0,30,4118,fine
bert_sst2,0.75,16,4118,fine
ddp_resnet18_cifar10_amp,1.0,240,4118,fine
fsdp_13b_nvlink,1.0,240,4118,fine
fsdp_30b_adamw_nvlink,1.0,80,4118,fine
fsdp_70b_seqlen512,0.8125,80,4118,fine
inference,1.0,3,4118,fine
llm_infer_phi3_mini,0.99,100,4118,fine
llm_infer_qwen25_3b,1.0,90,4118,fine
llm_infer_qwen25_72b_tp2,1.0,60,4118,fine
llm_infer_sdxl,0.011111111111111112,90,4118,fine
llm_infer_vit_l_bs64,0.9888888888888889,90,4118,fine
llm_train_phi3_mini_lora,0.9833333333333333,60,4118,fine
mining_ethash_proxy,0.0,110,4118,fine
pytorch_resnet_cifar10,0.6,35,4118,fine
pytorch_resnet_cifar10_amp,1.0,36,4118,fine
rendering_proxy,0.06,50,4118,fine
symgemm_L4_sgdfused_long1b,0.7,10,4118,fine
symgemm_L4_sgdfused_m8192,0.9,20,4118,fine
symgemm_L4_sgdfused_short7b,0.9,10,4118,fine
training_dual_gpu_dp,0.875,8,4118,fine
whitebox_inference_7b_2h,0.9,10,4118,fine
whitebox_inference_long,0.3,10,4118,fine
whitebox_lora_7b_N1_1h,0.9,10,4118,fine
adversarial_E_memory_minimal,0.9803921568627451,51,4119,fine
adversarial_F_interleave_30,1.0,51,4119,fine
adversarial_J_pid_75,1.0,52,4119,fine
adversarial_L_ddp_5,1.0,240,4119,fine
adversarial_L_ddp_stagger_5,1.0,240,4119,fine
adversarial_L_diluted_200_mw8,1.0,20,4119,fine
adversarial_L_diluted_5,1.0,60,4119,fine
bert_finetune,1.0,3,4119,fine
cufft_benchmark,1.0,113,4119,fine
fsdp_13b_nvlink,1.0,240,4119,fine
fsdp_70b_seq512_nvlink,1.0,80,4119,fine
fsdp_70b_seqlen512,0.9,80,4119,fine
fsdp_70b_sgd_momentum,1.0,80,4119,fine
llm_infer_qwen25_3b_bs16,0.4888888888888889,90,4119,fine
llm_infer_qwen25_72b_fp8,0.9222222222222223,90,4119,fine
llm_train_qwen25_1p5b_lora,0.9833333333333333,60,4119,fine
resnet50_inference,0.0,53,4119,fine
symgemm_L0_fwd1,0.65,40,4119,fine
symgemm_ppo_fused_r32,1.0,30,4119,fine
whitebox_diluted_3b_N1_1h,1.0,10,4119,fine
whitebox_diluted_7b_N10_1h,1.0,10,4119,fine
whitebox_inference_3b_1h,0.0,10,4119,fine
whitebox_inference_7b_2h,0.9,10,4119,fine
whitebox_lora_3b_N1_1h,1.0,10,4119,fine
whitebox_lora_7b_N1_1h,1.0,10,4119,fine
whitebox_lora_7b_N500_long,1.0,10,4119,fine
whitebox_lora_7b_pilot_N2,0.9,10,4119,fine
whitebox_lora_7b_pilot_N3,1.0,10,4119,fine
whitebox_oracle_7b_long,1.0,10,4119,fine
adversarial_L_diluted_2,1.0,60,4120,fine
adversarial_training,0.6666666666666666,3,4120,fine
batch_size_sweep_dp,0.5,2,4120,fine
bert_finetune,0.6666666666666666,3,4120,fine
fsdp_70b_nvlink,1.0,184,4120,fine
fsdp_70b_sgd_momentum,1.0,80,4120,fine
llm_infer_qwen25_14b_fp16,0.7398373983739838,123,4120,fine
llm_infer_qwen25_32b_fp16,0.7967479674796748,123,4120,fine
llm_infer_qwen25_72b_tp2,0.7,60,4120,fine
llm_infer_qwen25_7b_fp16,0.8174603174603174,126,4120,fine
llm_infer_vit_l_bs64,0.9444444444444444,90,4120,fine
llm_train_mistral_7b_lora,1.0,60,4120,fine
llm_train_qwen25_1p5b_lora,0.7333333333333333,60,4120,fine
nvlink_bandwidth,0.0,4,4120,fine
ppo_rlhf_r32,0.8333333333333334,30,4120,fine
pytorch_resnet_cifar10,0.7142857142857143,35,4120,fine
resnet50_inference,0.0,53,4120,fine
symgemm_L0_fwd1,0.975,40,4120,fine
symgemm_L3_graddiscard,0.0,40,4120,fine
symgemm_L4_sgdfused_long1b,1.0,10,4120,fine
symgemm_L4_sgdfused_m8192,0.9,20,4120,fine
symgemm_L4_sgdfused_short7b,1.0,10,4120,fine
training_single_gpu,0.6,5,4120,fine
whitebox_diluted_N20,1.0,30,4120,fine
whitebox_lora_7b_N500_long,1.0,10,4120,fine
whitebox_lora_7b_pilot_N2,1.0,10,4120,fine
whitebox_lora_7b_pilot_N7,1.0,10,4120,fine
whitebox_lora_N10,1.0,30,4120,fine
whitebox_lora_N20,1.0,30,4120,fine
adversarial_E_memory_minimal,0.9607843137254902,51,4121,fine
adversarial_F_interleave_30,0.9803921568627451,51,4121,fine
adversarial_F_interleave_50,0.9876543209876543,81,4121,fine
adversarial_H_mimicry_cufft,0.7692307692307693,52,4121,fine
adversarial_L_diluted_10,1.0,90,4121,fine
adversarial_L_diluted_10_mw8,1.0,30,4121,fine
batch_size_sweep_dp,0.0,2,4121,fine
bert_sst2_amp,0.5,6,4121,fine
ddp_training,1.0,2,4121,fine
fsdp_13b_nvlink,1.0,240,4121,fine
fsdp_70b_nvlink,1.0,184,4121,fine
fsdp_70b_sgd_momentum,1.0,80,4121,fine
idle,0.7115384615384616,104,4121,fine
llm_infer_mixtral_8x7b,0.9833333333333333,60,4121,fine
llm_infer_qwen25_14b_fp16,0.975609756097561,123,4121,fine
llm_train_qwen25_1p5b_lora,0.9833333333333333,60,4121,fine
mining_proxy,0.0,1,4121,fine
mlp_training,1.0,1,4121,fine
nvlink_p2p,0.3333333333333333,3,4121,fine
scientific_hpc,0.3333333333333333,3,4121,fine
symgemm_L1_fwd3_7b,0.2,10,4121,fine
training_dual_gpu_dp,0.625,8,4121,fine
whitebox_diluted_7b_N1_1h,1.0,10,4121,fine
whitebox_diluted_N5,1.0,30,4121,fine
whitebox_inference_7b,0.8,10,4121,fine
whitebox_lora_7b_N20_1h,1.0,10,4121,fine
whitebox_lora_7b_pilot_N3,1.0,10,4121,fine
whitebox_lora_N10,1.0,30,4121,fine
whitebox_lora_N20,1.0,30,4121,fine
adversarial_G_clock_throttled,1.0,51,4122,fine
adversarial_K_ddp,1.0,240,4122,fine
adversarial_L_ddp_5,1.0,240,4122,fine
adversarial_L_ddp_stagger_5,1.0,240,4122,fine
adversarial_L_diluted_10,1.0,90,4122,fine
bert_sst2,0.8125,16,4122,fine
fsdp_70b_adamw,1.0,8,4122,fine
fsdp_7b_nvlink,1.0,240,4122,fine
llm_infer_mixtral_8x7b,0.9166666666666666,60,4122,fine
llm_infer_qwen25_3b_bs4,1.0,90,4122,fine
llm_infer_qwen25_72b_fp8,0.5444444444444444,90,4122,fine
llm_infer_qwen25_72b_tp2,0.8333333333333334,60,4122,fine
llm_infer_sdxl,0.0,90,4122,fine
llm_train_qwen25_3b_lora,0.9166666666666666,60,4122,fine
mining_ethash_proxy,0.5545454545454546,110,4122,fine
modern_inference,1.0,3,4122,fine
nvlink_latency,0.0,4,4122,fine
pytorch_resnet_cifar10_amp,0.9166666666666666,36,4122,fine
symgemm_L1_fwd3,1.0,40,4122,fine
symgemm_L1_fwd3_m8192,0.0,20,4122,fine
symgemm_L3_graddiscard,0.0,40,4122,fine
symgemm_L4_sgdfused_long1b,1.0,10,4122,fine
symgemm_L4_sgdfused_m8192,1.0,20,4122,fine
symgemm_L4_sgdfused_short7b,1.0,10,4122,fine
training_dual_gpu_dp,0.75,8,4122,fine
whitebox_diluted_7b_N10_1h,1.0,10,4122,fine
whitebox_diluted_N5,1.0,30,4122,fine
whitebox_inference_7b_1h,0.8,10,4122,fine
whitebox_lora_7b_pilot_N8,1.0,10,4122,fine
adversarial_E_memory_minimal,1.0,51,4123,fine
adversarial_F_interleave_50,1.0,81,4123,fine
adversarial_H_mimicry_cufft,0.8269230769230769,52,4123,fine
adversarial_K_ddp_accum_4,1.0,240,4123,fine
adversarial_L_diluted_10,1.0,90,4123,fine
adversarial_L_diluted_2,1.0,60,4123,fine
adversarial_L_diluted_200_mw8,1.0,20,4123,fine
bert_sst2,1.0,16,4123,fine
bert_sst2_amp,1.0,6,4123,fine
ddp_resnet18_cifar10_amp,1.0,240,4123,fine
ddp_resnet50_cifar10,1.0,240,4123,fine
fsdp_30b_adamw_nvlink,1.0,80,4123,fine
fsdp_70b_nvlink,1.0,184,4123,fine
llm_infer_qwen25_3b_bs16,0.34444444444444444,90,4123,fine
llm_infer_qwen25_3b_bs4,0.7222222222222222,90,4123,fine
llm_infer_qwen25_72b_tp2,0.9,60,4123,fine
llm_infer_qwen25_7b_fp16,0.9682539682539683,126,4123,fine
llm_infer_sdxl,0.0,90,4123,fine
llm_infer_tinyllama_seq4096,0.35555555555555557,90,4123,fine
llm_train_phi3_mini_lora,1.0,60,4123,fine
pytorch_mlp_cifar10,0.9736842105263158,38,4123,fine
symgemm_L0_fwd1,1.0,40,4123,fine
symgemm_L5_adam,1.0,40,4123,fine
symgemm_decode_g256,0.0,30,4123,fine
symgemm_ppo_fused_r32,1.0,30,4123,fine
whitebox_diluted_N20,1.0,30,4123,fine
whitebox_inference_3b,0.4,10,4123,fine
whitebox_lora_7b_N100_1h,0.9,10,4123,fine
whitebox_lora_7b_N500_long,0.8,10,4123,fine
adversarial_F_interleave_50,1.0,81,4124,fine
adversarial_K_ddp_accum_4,1.0,240,4124,fine
adversarial_K_ddp_accum_8,1.0,240,4124,fine
ddp_resnet18_cifar10,0.9958333333333333,240,4124,fine
fsdp_30b_nvlink,1.0,248,4124,fine
idle,0.34615384615384615,104,4124,fine
llm_infer_qwen25_32b_fp16,1.0,123,4124,fine
llm_infer_qwen25_3b_bs16,0.8888888888888888,90,4124,fine
llm_infer_tinyllama_seq4096,1.0,90,4124,fine
mlp_training,1.0,1,4124,fine
modern_inference,1.0,3,4124,fine
ppo_rlhf_r8,0.9333333333333333,30,4124,fine
resnet50_inference,0.018867924528301886,53,4124,fine
resnet_fp32,1.0,3,4124,fine
scientific_hpc,1.0,3,4124,fine
symgemm_L4_sgdfused,0.475,40,4124,fine
symgemm_L4_sgdfused_7b,1.0,10,4124,fine
symgemm_L4_sgdfused_short7b,0.9,10,4124,fine
symgemm_ppo_fused_r32,0.8666666666666667,30,4124,fine
symgemm_ppo_fused_r8,0.8666666666666667,30,4124,fine
training_dual_gpu_dp,1.0,8,4124,fine
whitebox_diluted_3b_N1_1h,1.0,10,4124,fine
whitebox_diluted_N5,1.0,30,4124,fine
whitebox_lora_1b_N1_1h,0.8,10,4124,fine
whitebox_lora_3b_N1_1h,1.0,10,4124,fine
whitebox_lora_7b_N3_1h,1.0,10,4124,fine
whitebox_lora_7b_pilot_N8,1.0,10,4124,fine
whitebox_oracle_7b_long,0.9,10,4124,fine
width_sweep_dp,0.5,2,4124,fine
adversarial_L_diluted_10_mw8,1.0,30,4125,fine
adversarial_L_diluted_5,1.0,60,4125,fine
adversarial_training,1.0,3,4125,fine
batch_size_sweep_dp,0.5,2,4125,fine
bert_sst2_amp,1.0,6,4125,fine
ddp_resnet18_cifar10,1.0,240,4125,fine
ddp_resnet50_cifar10,1.0,240,4125,fine
fsdp_30b_nvlink,1.0,248,4125,fine
fsdp_70b_adamw,1.0,8,4125,fine
fsdp_70b_seq512_nvlink,1.0,80,4125,fine
gpt2_wikitext2,0.7878787878787878,33,4125,fine
llm_infer_phi3_mini,0.99,100,4125,fine
llm_infer_tinyllama_bs8,0.9333333333333333,90,4125,fine
llm_infer_tinyllama_seq4096,0.8666666666666667,90,4125,fine
llm_train_mistral_7b_lora,0.95,60,4125,fine
llm_train_qwen25_3b_lora,0.9833333333333333,60,4125,fine
nbody_sim,0.9464285714285714,56,4125,fine
pytorch_training,1.0,3,4125,fine
rendering_proxy,0.2,50,4125,fine
resnet50_inference,0.0,53,4125,fine
symgemm_L4_sgdfused,0.0,40,4125,fine
whitebox_diluted_1b_N1_1h,1.0,10,4125,fine
whitebox_diluted_7b_N1_1h,1.0,10,4125,fine
whitebox_diluted_N20,1.0,30,4125,fine
whitebox_inference,0.2,30,4125,fine
whitebox_inference_3b,0.9,10,4125,fine
whitebox_lora_3b_N1,1.0,10,4125,fine
whitebox_lora_7b_N500_long,1.0,10,4125,fine
whitebox_lora_7b_N50_1h,1.0,10,4125,fine
adversarial_J_pid_75,1.0,52,4126,fine
adversarial_K_ddp,1.0,240,4126,fine
adversarial_L_ddp_5,1.0,240,4126,fine
adversarial_L_diluted_20,0.8222222222222222,90,4126,fine
adversarial_L_diluted_200_mw8,1.0,20,4126,fine
batch_size_sweep_dp,1.0,2,4126,fine
cufft_benchmark,1.0,113,4126,fine
fsdp_30b_nvlink,1.0,248,4126,fine
fsdp_7b_nvlink,1.0,240,4126,fine
gpt2_finetune,0.3333333333333333,3,4126,fine
llm_infer_mixtral_8x7b,0.95,60,4126,fine
llm_infer_phi3_mini,0.99,100,4126,fine
llm_infer_qwen25_3b,1.0,90,4126,fine
llm_infer_qwen25_72b_fp16,1.0,30,4126,fine
llm_infer_qwen25_72b_fp8,0.9666666666666667,90,4126,fine
llm_train_phi3_mini_lora,0.95,60,4126,fine
mlp_training,1.0,1,4126,fine
nvlink_p2p,0.6666666666666666,3,4126,fine
pytorch_resnet_cifar10,0.6285714285714286,35,4126,fine
pytorch_resnet_cifar10_amp,0.8333333333333334,36,4126,fine
rendering,0.0,1,4126,fine
rendering_proxy,0.4,50,4126,fine
symgemm_L4_sgdfused_short7b,0.9,10,4126,fine
whitebox_inference_7b,0.8,10,4126,fine
whitebox_inference_7b_2h,0.9,10,4126,fine
whitebox_lora_3b_N1_1h,1.0,10,4126,fine
whitebox_lora_7b_N100_1h,1.0,10,4126,fine
whitebox_lora_N10_long,1.0,10,4126,fine
whitebox_oracle,1.0,30,4126,fine
adversarial_H_mimicry_cufft,0.5192307692307693,52,4127,fine
adversarial_H_mimicry_mining,0.6721311475409836,61,4127,fine
adversarial_training,0.6666666666666666,3,4127,fine
bert_sst2_amp,1.0,6,4127,fine
ddp_resnet18_cifar10,0.8541666666666666,240,4127,fine
ddp_training,1.0,2,4127,fine
fsdp_70b_seq512_nvlink,1.0,80,4127,fine
llm_infer_qwen25_14b_fp16,0.9512195121951219,123,4127,fine
llm_infer_qwen25_32b_fp16,0.9349593495934959,123,4127,fine
llm_infer_qwen25_3b_bs4,1.0,90,4127,fine
llm_infer_qwen25_72b_fp8,0.9,90,4127,fine
llm_train_qwen25_1p5b_lora,0.08333333333333333,60,4127,fine
llm_train_smollm2_1p7b_lora,0.1,60,4127,fine
nvlink_latency,0.0,4,4127,fine
pytorch_mlp_cifar10,0.9473684210526315,38,4127,fine
pytorch_training,0.6666666666666666,3,4127,fine
resnet50_inference,0.03773584905660377,53,4127,fine
symgemm_L4_sgdfused_long1b,0.0,10,4127,fine
whitebox_diluted_7b_N1_1h,0.8,10,4127,fine
whitebox_inference_3b,0.0,10,4127,fine
whitebox_inference_3b_1h,0.0,10,4127,fine
whitebox_lora_7b_N100_1h,0.9,10,4127,fine
whitebox_lora_7b_N1_1h,0.8,10,4127,fine
whitebox_lora_7b_pilot_N2,0.9,10,4127,fine
whitebox_lora_7b_pilot_N7,1.0,10,4127,fine
whitebox_lora_7b_pilot_N8,1.0,10,4127,fine
whitebox_lora_N20,1.0,30,4127,fine
whitebox_lora_N5,1.0,30,4127,fine
width_sweep_dp,1.0,2,4127,fine
adversarial_J_pid_75,1.0,52,4128,fine
adversarial_K_ddp,1.0,240,4128,fine
bert_finetune,0.6666666666666666,3,4128,fine
bert_sst2,1.0,16,4128,fine
bert_sst2_amp,1.0,6,4128,fine
ddp_resnet50_cifar10,1.0,240,4128,fine
fsdp_70b_adamw,1.0,8,4128,fine
fsdp_70b_seq512_nvlink,1.0,80,4128,fine
llm_infer_mistral_7b_q4,0.6568047337278107,169,4128,fine
llm_infer_phi3_mini,0.99,100,4128,fine
llm_infer_qwen25_32b_fp16,0.926829268292683,123,4128,fine
llm_infer_qwen25_72b_fp8,0.8777777777777778,90,4128,fine
llm_infer_qwen25_7b_fp16,0.9365079365079365,126,4128,fine
llm_train_mistral_7b_lora,1.0,60,4128,fine
mlp_training,1.0,1,4128,fine
modern_inference,1.0,3,4128,fine
nvlink_latency,0.5,4,4128,fine
ppo_rlhf_r32,1.0,30,4128,fine
pytorch_mlp_cifar10,0.9736842105263158,38,4128,fine
resnet50_inference,0.018867924528301886,53,4128,fine
symgemm_L1_fwd3_7b,0.8,10,4128,fine
symgemm_L4_sgdfused_short7b,1.0,10,4128,fine
whitebox_inference_3b,0.9,10,4128,fine
whitebox_inference_7b_1h,0.8,10,4128,fine
whitebox_lora_1b_N1_1h,1.0,10,4128,fine
whitebox_lora_7b_N500_long,0.9,10,4128,fine
whitebox_lora_7b_long,0.9,10,4128,fine
whitebox_lora_N5,1.0,30,4128,fine
whitebox_oracle,1.0,30,4128,fine
adversarial_H_mimicry_cufft,0.75,52,4129,fine
adversarial_H_mimicry_mining,0.9836065573770492,61,4129,fine
adversarial_K_ddp,1.0,240,4129,fine
adversarial_L_ddp_stagger_5,1.0,240,4129,fine
adversarial_L_diluted_10,1.0,90,4129,fine
adversarial_L_diluted_200_mw8,1.0,20,4129,fine
bert_sst2_amp,1.0,6,4129,fine
fsdp_30b_adamw_nvlink,1.0,80,4129,fine
inference,1.0,3,4129,fine
llm_infer_mistral_7b_q4,0.8461538461538461,169,4129,fine
llm_infer_qwen25_72b_fp16,1.0,30,4129,fine
llm_infer_tinyllama_seq4096,1.0,90,4129,fine
llm_train_qwen25_1p5b_lora,1.0,60,4129,fine
mlp_training,1.0,1,4129,fine
pytorch_training,1.0,3,4129,fine
rendering,0.0,1,4129,fine
resnet50_inference,0.0,53,4129,fine
scientific_hpc,0.3333333333333333,3,4129,fine
symgemm_L4_sgdfused_m8192,0.8,20,4129,fine
symgemm_idle,0.8,10,4129,fine
symgemm_ppo_fused_r32,1.0,30,4129,fine
whitebox_diluted_3b_N1_1h,0.9,10,4129,fine
whitebox_diluted_N5,1.0,30,4129,fine
whitebox_inference_7b,0.8,10,4129,fine
whitebox_lora_7b_N100_1h,1.0,10,4129,fine
whitebox_lora_7b_N3_1h,1.0,10,4129,fine
whitebox_lora_7b_long,1.0,10,4129,fine
whitebox_lora_N20,1.0,30,4129,fine
whitebox_oracle,1.0,30,4129,fine
adversarial_F_interleave_50,1.0,81,4130,fine
adversarial_G_clock_throttled,1.0,51,4130,fine
adversarial_K_ddp_accum_4,1.0,240,4130,fine
adversarial_K_ddp_accum_8,1.0,240,4130,fine
adversarial_L_diluted_10_mw8,1.0,30,4130,fine
adversarial_training,0.6666666666666666,3,4130,fine
cufft_benchmark,1.0,113,4130,fine
ddp_resnet18_cifar10,1.0,240,4130,fine
ddp_resnet50_cifar10,1.0,240,4130,fine
fsdp_70b_adamw,0.0,8,4130,fine
fsdp_70b_nvlink,0.6304347826086957,184,4130,fine
fsdp_70b_seqlen512,0.0375,80,4130,fine
gpt2_wikitext2,1.0,33,4130,fine
idle,0.6153846153846154,104,4130,fine
inference,1.0,3,4130,fine
llm_infer_mistral_7b_q4,0.757396449704142,169,4130,fine
llm_infer_mixtral_8x7b,0.9833333333333333,60,4130,fine
llm_infer_sdxl,0.0,90,4130,fine
symgemm_L3_graddiscard,0.0,40,4130,fine
symgemm_L4_sgdfused_short7b,0.9,10,4130,fine
symgemm_L5_adam,1.0,40,4130,fine
symgemm_idle,0.0,10,4130,fine
whitebox_diluted_7b_N10_1h,1.0,10,4130,fine
whitebox_diluted_N20,1.0,30,4130,fine
whitebox_inference_7b_1h,0.8,10,4130,fine
whitebox_inference_long,1.0,10,4130,fine
whitebox_lora_7b_N10,1.0,10,4130,fine
whitebox_lora_7b_N20_1h,1.0,10,4130,fine
whitebox_lora_N5,1.0,30,4130,fine
adversarial_J_pid_75,1.0,52,4131,fine
adversarial_K_ddp_accum_8,1.0,240,4131,fine
adversarial_L_ddp_stagger_5,0.9958333333333333,240,4131,fine
adversarial_L_diluted_10_mw8,1.0,30,4131,fine
adversarial_training,1.0,3,4131,fine
bert_sst2,1.0,16,4131,fine
ddp_training,1.0,2,4131,fine
fsdp_13b_nvlink,1.0,240,4131,fine
fsdp_30b_adamw_nvlink,1.0,80,4131,fine
fsdp_30b_nvlink,1.0,248,4131,fine
fsdp_70b_seq512_nvlink,1.0,80,4131,fine
gpt2_wikitext2_amp,0.9166666666666666,12,4131,fine
llm_infer_qwen25_14b_fp16,0.975609756097561,123,4131,fine
llm_infer_qwen25_32b_fp16,0.943089430894309,123,4131,fine
llm_infer_qwen25_72b_fp8,0.8111111111111111,90,4131,fine
llm_infer_tinyllama_bs8,0.9666666666666667,90,4131,fine
llm_infer_vit_l_bs64,0.9,90,4131,fine
llm_train_phi3_mini_lora,1.0,60,4131,fine
resnet_fp32,0.0,3,4131,fine
symgemm_L4_sgdfused_m8192,1.0,20,4131,fine
symgemm_L4_sgdfused_short7b,1.0,10,4131,fine
symgemm_ppo_fused_r8,0.8333333333333334,30,4131,fine
whitebox_diluted_N5,1.0,30,4131,fine
whitebox_inference_3b,0.0,10,4131,fine
whitebox_inference_7b,0.8,10,4131,fine
whitebox_inference_7b_2h,0.9,10,4131,fine
whitebox_lora_7b_N100_1h,1.0,10,4131,fine
whitebox_lora_7b_N50_1h,1.0,10,4131,fine
whitebox_lora_7b_pilot_N8,1.0,10,4131,fine
adversarial_F_interleave_50,0.9876543209876543,81,4132,fine
adversarial_H_mimicry_cufft,0.75,52,4132,fine
adversarial_H_mimicry_mining,1.0,61,4132,fine
adversarial_K_ddp_accum_8,1.0,240,4132,fine
adversarial_L_ddp_10,0.9833333333333333,240,4132,fine
adversarial_L_diluted_10,1.0,90,4132,fine
adversarial_L_diluted_20,0.7,90,4132,fine
adversarial_L_diluted_5,1.0,60,4132,fine
adversarial_training,0.3333333333333333,3,4132,fine
bert_finetune,0.0,3,4132,fine
bert_sst2_amp,0.5,6,4132,fine
cufft_hpc,1.0,3,4132,fine
fsdp_13b_nvlink,1.0,240,4132,fine
fsdp_30b_nvlink,0.9959677419354839,248,4132,fine
fsdp_70b_sgd_momentum,0.9375,80,4132,fine
llm_infer_mixtral_8x7b,0.9833333333333333,60,4132,fine
pytorch_resnet_cifar10_amp,0.9722222222222222,36,4132,fine
rendering_proxy,0.34,50,4132,fine
symgemm_L3_graddiscard,0.0,40,4132,fine
symgemm_idle,1.0,10,4132,fine
symgemm_ppo_fused_r32,1.0,30,4132,fine
training_dual_gpu_dp,0.25,8,4132,fine
whitebox_diluted_7b_N10_1h,1.0,10,4132,fine
whitebox_diluted_7b_N1_1h,1.0,10,4132,fine
whitebox_inference_1b_matched,0.6,10,4132,fine
whitebox_inference_7b_1h,0.8,10,4132,fine
whitebox_lora_3b_N1,1.0,10,4132,fine
whitebox_lora_7b_pilot_N7,1.0,10,4132,fine
whitebox_lora_N20,1.0,30,4132,fine
adversarial_F_interleave_50,1.0,81,4133,fine
adversarial_J_pid_75,1.0,52,4133,fine
adversarial_L_ddp_10,1.0,240,4133,fine
bert_sst2,0.625,16,4133,fine
bert_sst2_amp,0.5,6,4133,fine
ddp_resnet18_cifar10_amp,1.0,240,4133,fine
fsdp_30b_nvlink,1.0,248,4133,fine
fsdp_70b_adamw,1.0,8,4133,fine
inference,1.0,3,4133,fine
llm_infer_mixtral_8x7b,0.9666666666666667,60,4133,fine
llm_infer_qwen25_14b_fp16,1.0,123,4133,fine
llm_train_mistral_7b_lora,0.95,60,4133,fine
llm_train_phi3_mini_lora,0.95,60,4133,fine
llm_train_qwen25_1p5b_lora,0.9833333333333333,60,4133,fine
rendering,0.0,1,4133,fine
resnet_fp32,0.0,3,4133,fine
scientific_hpc,1.0,3,4133,fine
symgemm_L5_adam,1.0,40,4133,fine
symgemm_decode_g256,0.06666666666666667,30,4133,fine
symgemm_idle,1.0,10,4133,fine
symgemm_ppo_fused_r8,1.0,30,4133,fine
whitebox_diluted_3b_N1_1h,1.0,10,4133,fine
whitebox_diluted_7b_N1_1h,1.0,10,4133,fine
whitebox_diluted_N5,1.0,30,4133,fine
whitebox_inference_3b,0.9,10,4133,fine
whitebox_inference_7b,0.8,10,4133,fine
whitebox_inference_long,1.0,10,4133,fine
whitebox_lora_N5,0.9666666666666667,30,4133,fine
whitebox_oracle_7b_long,1.0,10,4133,fine
adversarial_F_interleave_30,1.0,51,4134,fine
adversarial_G_clock_throttled,1.0,51,4134,fine
adversarial_I_stochastic_30,1.0,81,4134,fine
adversarial_J_pid_75,1.0,52,4134,fine
adversarial_L_diluted_2,1.0,60,4134,fine
adversarial_L_diluted_200_mw8,1.0,20,4134,fine
adversarial_L_diluted_5,1.0,60,4134,fine
bert_sst2_amp,1.0,6,4134,fine
fsdp_70b_nvlink,1.0,184,4134,fine
fsdp_70b_sgd_momentum,1.0,80,4134,fine
gpt2_wikitext2_amp,1.0,12,4134,fine
idle,0.34615384615384615,104,4134,fine
llm_infer_mistral_7b_q4,0.24260355029585798,169,4134,fine
llm_infer_phi3_mini,0.04,100,4134,fine
llm_infer_qwen25_14b_fp16,0.975609756097561,123,4134,fine
llm_infer_qwen25_32b_fp16,0.943089430894309,123,4134,fine
llm_infer_sdxl,0.0,90,4134,fine
llm_train_phi3_mini_lora,1.0,60,4134,fine
llm_train_smollm2_1p7b_lora,1.0,60,4134,fine
mining_ethash_proxy,0.0,110,4134,fine
pytorch_training,1.0,3,4134,fine
whitebox_diluted_3b_N1_1h,0.9,10,4134,fine
whitebox_diluted_N5,1.0,30,4134,fine
whitebox_inference_1b_matched,0.0,10,4134,fine
whitebox_inference_7b,0.8,10,4134,fine
whitebox_inference_7b_1h,0.8,10,4134,fine
whitebox_lora_7b_N3_1h,1.0,10,4134,fine
whitebox_lora_7b_pilot_N3,1.0,10,4134,fine
whitebox_oracle,1.0,30,4134,fine
adversarial_L_ddp_5,1.0,240,4135,fine
adversarial_L_diluted_10,1.0,90,4135,fine
adversarial_L_diluted_2,1.0,60,4135,fine
bert_finetune,0.6666666666666666,3,4135,fine
bert_sst2_amp,0.6666666666666666,6,4135,fine
cufft_benchmark,0.9823008849557522,113,4135,fine
cufft_hpc,1.0,3,4135,fine
ddp_resnet18_cifar10,1.0,240,4135,fine
fsdp_13b_nvlink,1.0,240,4135,fine
idle,0.33653846153846156,104,4135,fine
llm_infer_qwen25_32b_fp16,0.9349593495934959,123,4135,fine
llm_infer_qwen25_72b_fp8,0.9,90,4135,fine
llm_train_mistral_7b_lora,1.0,60,4135,fine
nvlink_p2p,0.6666666666666666,3,4135,fine
rendering_proxy,0.18,50,4135,fine
symgemm_L4_sgdfused_long1b,0.8,10,4135,fine
symgemm_L4_sgdfused_m8192,1.0,20,4135,fine
whitebox_diluted_1b_N1_1h,1.0,10,4135,fine
whitebox_diluted_3b_N1_1h,1.0,10,4135,fine
whitebox_diluted_N5,1.0,30,4135,fine
whitebox_inference_7b_1h,0.8,10,4135,fine
whitebox_lora_7b_N10,1.0,10,4135,fine
whitebox_lora_7b_N100_1h,0.9,10,4135,fine
whitebox_lora_7b_N20_1h,1.0,10,4135,fine
whitebox_lora_7b_N3_1h,1.0,10,4135,fine
whitebox_lora_7b_N500_long,0.9,10,4135,fine
whitebox_lora_7b_pilot_N6,1.0,10,4135,fine
whitebox_lora_N10_long,1.0,10,4135,fine
whitebox_lora_N5,0.9666666666666667,30,4135,fine
adversarial_E_memory_minimal,0.9803921568627451,51,4136,fine
adversarial_F_interleave_30,1.0,51,4136,fine
adversarial_F_interleave_50,1.0,81,4136,fine
adversarial_K_ddp,0.9916666666666667,240,4136,fine
adversarial_K_online_learning,1.0,60,4136,fine
adversarial_L_ddp_10,1.0,240,4136,fine
adversarial_L_diluted_10,1.0,90,4136,fine
ddp_resnet50_cifar10,1.0,240,4136,fine
fsdp_13b_nvlink,1.0,240,4136,fine
fsdp_30b_adamw_nvlink,1.0,80,4136,fine
fsdp_30b_nvlink,1.0,248,4136,fine
fsdp_70b_nvlink,1.0,184,4136,fine
gpt2_wikitext2_amp,0.8333333333333334,12,4136,fine
llm_infer_qwen25_32b_fp16,1.0,123,4136,fine
llm_infer_vit_l_bs64,0.9111111111111111,90,4136,fine
llm_train_smollm2_1p7b_lora,1.0,60,4136,fine
mining_ethash_proxy,0.0,110,4136,fine
nbody_sim,0.9642857142857143,56,4136,fine
nvlink_p2p,1.0,3,4136,fine
ppo_rlhf_r8,1.0,30,4136,fine
resnet50_inference,0.0,53,4136,fine
symgemm_L1_fwd3_m8192,0.85,20,4136,fine
symgemm_L4_sgdfused,0.0,40,4136,fine
training_dual_gpu_dp,0.75,8,4136,fine
training_single_gpu,0.2,5,4136,fine
whitebox_diluted_7b_N10_1h,1.0,10,4136,fine
whitebox_lora_7b_N100_1h,1.0,10,4136,fine
whitebox_lora_7b_N20_1h,1.0,10,4136,fine
width_sweep_dp,1.0,2,4136,fine
adversarial_E_memory_minimal,1.0,51,4137,fine
adversarial_L_ddp_10,0.9916666666666667,240,4137,fine
adversarial_L_ddp_5,1.0,240,4137,fine
adversarial_L_diluted_10_mw8,1.0,30,4137,fine
adversarial_L_diluted_200_mw8,1.0,20,4137,fine
bert_sst2,0.6875,16,4137,fine
fsdp_30b_nvlink,1.0,248,4137,fine
fsdp_70b_adamw,1.0,8,4137,fine
fsdp_7b_nvlink,0.975,240,4137,fine
gpt2_wikitext2,0.7575757575757576,33,4137,fine
llm_infer_qwen25_32b_fp16,0.9512195121951219,123,4137,fine
llm_infer_qwen25_3b_bs16,0.8555555555555555,90,4137,fine
llm_infer_qwen25_3b_bs4,1.0,90,4137,fine
mlp_training,1.0,1,4137,fine
nbody_sim,1.0,56,4137,fine
ppo_rlhf_r8,1.0,30,4137,fine
pytorch_training,1.0,3,4137,fine
rendering_proxy,0.24,50,4137,fine
symgemm_L0_fwd1,0.775,40,4137,fine
symgemm_L1_fwd3,0.825,40,4137,fine
symgemm_L5_adam,1.0,40,4137,fine
symgemm_decode_g256,0.0,30,4137,fine
symgemm_ppo_fused_r32,1.0,30,4137,fine
whitebox_diluted_3b_N1_1h,0.9,10,4137,fine
whitebox_inference_3b,0.5,10,4137,fine
whitebox_inference_3b_1h,1.0,10,4137,fine
whitebox_lora_7b_N3_1h,1.0,10,4137,fine
whitebox_lora_N5,1.0,30,4137,fine
width_sweep_dp,1.0,2,4137,fine
adversarial_G_clock_throttled,1.0,51,4138,fine
adversarial_K_online_learning,1.0,60,4138,fine
adversarial_L_ddp_stagger_5,1.0,240,4138,fine
adversarial_L_diluted_200_mw8,0.75,20,4138,fine
bert_sst2,1.0,16,4138,fine
ddp_resnet18_cifar10,1.0,240,4138,fine
fsdp_13b_nvlink,1.0,240,4138,fine
fsdp_70b_adamw,1.0,8,4138,fine
fsdp_70b_sgd_momentum,0.9875,80,4138,fine
gpt2_wikitext2_amp,0.75,12,4138,fine
llm_infer_qwen25_32b_fp16,0.9349593495934959,123,4138,fine
llm_infer_qwen25_72b_fp16,1.0,30,4138,fine
llm_infer_qwen25_72b_fp8,0.7777777777777778,90,4138,fine
llm_infer_qwen25_7b_fp16,0.9047619047619048,126,4138,fine
llm_infer_tinyllama_bs8,0.9,90,4138,fine
llm_infer_tinyllama_seq4096,0.7666666666666667,90,4138,fine
nvlink_bandwidth,0.0,4,4138,fine
pytorch_training,1.0,3,4138,fine
resnet_amp,0.0,3,4138,fine
symgemm_L1_fwd3_m8192,0.0,20,4138,fine
symgemm_L4_sgdfused_7b,1.0,10,4138,fine
symgemm_L4_sgdfused_m8192,1.0,20,4138,fine
symgemm_decode_g256,0.0,30,4138,fine
whitebox_inference_7b,0.8,10,4138,fine
whitebox_lora_7b_N10,1.0,10,4138,fine
whitebox_lora_7b_N1_1h,1.0,10,4138,fine
whitebox_lora_7b_pilot_N7,1.0,10,4138,fine
whitebox_lora_N10_long,1.0,10,4138,fine
width_sweep_dp,0.0,2,4138,fine
adversarial_G_clock_throttled,1.0,51,4139,fine
adversarial_H_mimicry_mining,1.0,61,4139,fine
adversarial_K_ddp,1.0,240,4139,fine
adversarial_L_ddp_stagger_5,1.0,240,4139,fine
ddp_resnet18_cifar10_amp,1.0,240,4139,fine
ddp_resnet50_cifar10,1.0,240,4139,fine
fsdp_30b_adamw_nvlink,1.0,80,4139,fine
llm_infer_qwen25_14b_fp16,0.975609756097561,123,4139,fine
llm_infer_tinyllama_bs8,1.0,90,4139,fine
llm_train_phi3_mini_lora,1.0,60,4139,fine
mining_proxy,0.0,1,4139,fine
rendering_proxy,0.08,50,4139,fine
resnet50_inference,0.018867924528301886,53,4139,fine
symgemm_L1_fwd3,1.0,40,4139,fine
symgemm_L1_fwd3_7b,0.0,10,4139,fine
symgemm_L4_sgdfused,0.0,40,4139,fine
symgemm_L4_sgdfused_long1b,0.0,10,4139,fine
symgemm_L5_adam,0.975,40,4139,fine
symgemm_decode_g256,0.0,30,4139,fine
whitebox_inference_1b_matched,0.9,10,4139,fine
whitebox_inference_7b_1h,0.0,10,4139,fine
whitebox_inference_7b_2h,0.0,10,4139,fine
whitebox_lora_7b_N20_1h,1.0,10,4139,fine
whitebox_lora_7b_long,1.0,10,4139,fine
whitebox_lora_7b_pilot_N6,1.0,10,4139,fine
whitebox_lora_7b_pilot_N7,1.0,10,4139,fine
whitebox_lora_N10_long,1.0,10,4139,fine
whitebox_lora_N20,1.0,30,4139,fine
whitebox_oracle,1.0,30,4139,fine
adversarial_F_interleave_50,1.0,81,4140,fine
adversarial_G_clock_throttled,0.9411764705882353,51,4140,fine
adversarial_J_pid_75,0.9230769230769231,52,4140,fine
adversarial_L_diluted_10,1.0,90,4140,fine
cufft_benchmark,0.9823008849557522,113,4140,fine
ddp_resnet50_cifar10,1.0,240,4140,fine
ddp_training,1.0,2,4140,fine
fsdp_70b_seq512_nvlink,0.925,80,4140,fine
gpt2_wikitext2_amp,1.0,12,4140,fine
llm_infer_sdxl,0.011111111111111112,90,4140,fine
llm_infer_tinyllama_bs8,1.0,90,4140,fine
mining_proxy,0.0,1,4140,fine
nbody_sim,1.0,56,4140,fine
ppo_rlhf_r32,0.5666666666666667,30,4140,fine
pytorch_resnet_cifar10_amp,1.0,36,4140,fine
resnet50_inference,0.0,53,4140,fine
symgemm_L0_fwd1,0.975,40,4140,fine
symgemm_L1_fwd3_7b,0.9,10,4140,fine
symgemm_L1_fwd3_m8192,0.6,20,4140,fine
symgemm_L4_sgdfused_short7b,1.0,10,4140,fine
symgemm_idle,0.2,10,4140,fine
whitebox_diluted_3b_N1_1h,0.9,10,4140,fine
whitebox_diluted_7b_N10_1h,1.0,10,4140,fine
whitebox_diluted_7b_N1_1h,1.0,10,4140,fine
whitebox_inference_7b,0.8,10,4140,fine
whitebox_lora_3b_N1,1.0,10,4140,fine
whitebox_lora_3b_N1_1h,1.0,10,4140,fine
whitebox_lora_7b_pilot_N7,1.0,10,4140,fine
whitebox_lora_N10_long,1.0,10,4140,fine
adversarial_E_memory_minimal,1.0,51,4141,fine
adversarial_L_diluted_10,1.0,90,4141,fine
adversarial_L_diluted_20,0.8111111111111111,90,4141,fine
adversarial_L_diluted_200_mw8,0.75,20,4141,fine
adversarial_L_diluted_5,1.0,60,4141,fine
bert_sst2,0.625,16,4141,fine
ddp_resnet18_cifar10,0.6333333333333333,240,4141,fine
ddp_resnet18_cifar10_amp,0.8666666666666667,240,4141,fine
fsdp_30b_nvlink,1.0,248,4141,fine
fsdp_70b_adamw,1.0,8,4141,fine
gpt2_finetune,0.0,3,4141,fine
gpt2_wikitext2,0.696969696969697,33,4141,fine
llm_infer_mistral_7b_q4,0.6272189349112426,169,4141,fine
llm_infer_qwen25_72b_fp16,1.0,30,4141,fine
llm_infer_vit_l_bs64,0.9777777777777777,90,4141,fine
llm_train_qwen25_3b_lora,0.9666666666666667,60,4141,fine
nvlink_bandwidth,0.0,4,4141,fine
nvlink_p2p,1.0,3,4141,fine
pytorch_resnet_cifar10,0.05714285714285714,35,4141,fine
rendering,0.0,1,4141,fine
symgemm_L1_fwd3_7b,0.8,10,4141,fine
symgemm_L3_graddiscard,0.375,40,4141,fine
symgemm_L5_adam,1.0,40,4141,fine
whitebox_diluted_7b_N10_1h,1.0,10,4141,fine
whitebox_inference_3b,0.9,10,4141,fine
whitebox_inference_7b_1h,0.8,10,4141,fine
whitebox_lora_7b_long,1.0,10,4141,fine
whitebox_lora_N10_long,1.0,10,4141,fine
whitebox_lora_N20,1.0,30,4141,fine
adversarial_K_online_learning,1.0,60,4142,fine
adversarial_L_ddp_5,1.0,240,4142,fine
cufft_hpc,1.0,3,4142,fine
ddp_resnet50_cifar10,1.0,240,4142,fine
ddp_training,1.0,2,4142,fine
fsdp_70b_seqlen512,0.975,80,4142,fine
llm_infer_deepseek_v3_tp8,0.35,240,4142,fine
llm_infer_qwen25_72b_fp8,0.8888888888888888,90,4142,fine
llm_infer_sdxl,0.022222222222222223,90,4142,fine
llm_train_qwen25_3b_lora,0.9333333333333333,60,4142,fine
mining_ethash_proxy,0.0,110,4142,fine
mlp_training,0.0,1,4142,fine
modern_inference,1.0,3,4142,fine
nbody_sim,0.9464285714285714,56,4142,fine
nvlink_p2p,1.0,3,4142,fine
resnet_fp32,1.0,3,4142,fine
symgemm_L1_fwd3,0.975,40,4142,fine
symgemm_L1_fwd3_m8192,1.0,20,4142,fine
symgemm_L3_graddiscard,0.8,40,4142,fine
symgemm_ppo_fused_r32,1.0,30,4142,fine
training_dual_gpu_dp,0.5,8,4142,fine
whitebox_diluted_7b_N1_1h,1.0,10,4142,fine
whitebox_diluted_N5,1.0,30,4142,fine
whitebox_inference_3b,0.9,10,4142,fine
whitebox_inference_7b,0.8,10,4142,fine
whitebox_lora_7b_N1_1h,1.0,10,4142,fine
whitebox_lora_N10,1.0,30,4142,fine
whitebox_lora_N5,1.0,30,4142,fine
whitebox_oracle_7b_long,1.0,10,4142,fine
adversarial_K_ddp,1.0,240,4143,fine
adversarial_L_ddp_10,1.0,240,4143,fine
adversarial_L_diluted_10,1.0,90,4143,fine
adversarial_L_diluted_2,0.9833333333333333,60,4143,fine
adversarial_L_diluted_20,0.7666666666666667,90,4143,fine
cufft_hpc,1.0,3,4143,fine
fsdp_7b_nvlink,1.0,240,4143,fine
gpt2_wikitext2_amp,1.0,12,4143,fine
llm_infer_deepseek_v3_tp8,0.5958333333333333,240,4143,fine
llm_infer_qwen25_72b_fp8,0.7888888888888889,90,4143,fine
llm_train_qwen25_1p5b_lora,0.08333333333333333,60,4143,fine
llm_train_qwen25_3b_lora,0.18333333333333332,60,4143,fine
mining_ethash_proxy,0.3090909090909091,110,4143,fine
modern_inference,1.0,3,4143,fine
symgemm_L1_fwd3_m8192,0.1,20,4143,fine
symgemm_L4_sgdfused_long1b,0.6,10,4143,fine
symgemm_decode_g256,0.1,30,4143,fine
symgemm_idle,0.2,10,4143,fine
whitebox_diluted_N10,1.0,30,4143,fine
whitebox_diluted_N5,1.0,30,4143,fine
whitebox_inference,0.7666666666666667,30,4143,fine
whitebox_inference_3b_1h,0.0,10,4143,fine
whitebox_inference_7b,0.8,10,4143,fine
whitebox_inference_long,0.9,10,4143,fine
whitebox_lora_7b_long,1.0,10,4143,fine
whitebox_lora_7b_pilot_N2,0.9,10,4143,fine
whitebox_lora_N10_long,1.0,10,4143,fine
whitebox_oracle,1.0,30,4143,fine
whitebox_oracle_7b_long,0.9,10,4143,fine
adversarial_E_memory_minimal,0.9803921568627451,51,4144,fine
adversarial_F_interleave_50,1.0,81,4144,fine
adversarial_H_mimicry_cufft,0.8269230769230769,52,4144,fine
adversarial_L_diluted_10,1.0,90,4144,fine
adversarial_L_diluted_2,1.0,60,4144,fine
adversarial_L_diluted_20,0.9111111111111111,90,4144,fine
adversarial_training,0.6666666666666666,3,4144,fine
ddp_resnet18_cifar10,1.0,240,4144,fine
fsdp_30b_nvlink,1.0,248,4144,fine
inference,0.0,3,4144,fine
llm_infer_qwen25_14b_fp16,0.991869918699187,123,4144,fine
llm_infer_tinyllama_seq4096,0.9777777777777777,90,4144,fine
llm_infer_vit_l_bs64,0.9,90,4144,fine
llm_train_mistral_7b_lora,0.95,60,4144,fine
llm_train_qwen25_3b_lora,0.95,60,4144,fine
mining_ethash_proxy,0.0,110,4144,fine
modern_inference,1.0,3,4144,fine
nvlink_latency,0.5,4,4144,fine
pytorch_resnet_cifar10,0.6857142857142857,35,4144,fine
symgemm_L1_fwd3,1.0,40,4144,fine
symgemm_L4_sgdfused,0.1,40,4144,fine
symgemm_idle,0.0,10,4144,fine
whitebox_diluted_7b_N1_1h,1.0,10,4144,fine
whitebox_lora_7b_N20_1h,1.0,10,4144,fine
whitebox_lora_7b_N500_long,1.0,10,4144,fine
whitebox_lora_7b_N50_1h,1.0,10,4144,fine
whitebox_lora_7b_pilot_N2,0.9,10,4144,fine
whitebox_lora_7b_pilot_N6,1.0,10,4144,fine
whitebox_lora_7b_pilot_N7,1.0,10,4144,fine
adversarial_E_memory_minimal,1.0,51,4145,fine
adversarial_K_ddp_accum_4,1.0,240,4145,fine
adversarial_L_ddp_5,1.0,240,4145,fine
adversarial_L_diluted_10,1.0,90,4145,fine
batch_size_sweep_dp,0.0,2,4145,fine
bert_sst2_amp,1.0,6,4145,fine
llm_infer_mistral_7b_q4,0.6094674556213018,169,4145,fine
llm_infer_qwen25_3b,0.9666666666666667,90,4145,fine
llm_infer_qwen25_3b_bs16,0.5555555555555556,90,4145,fine
llm_infer_qwen25_72b_fp16,1.0,30,4145,fine
llm_infer_sdxl,0.0,90,4145,fine
llm_infer_tinyllama_bs8,0.9666666666666667,90,4145,fine
llm_train_qwen25_1p5b_lora,1.0,60,4145,fine
mining_proxy,0.0,1,4145,fine
nbody_sim,1.0,56,4145,fine
nvlink_p2p,1.0,3,4145,fine
pytorch_mlp_cifar10,1.0,38,4145,fine
rendering,0.0,1,4145,fine
symgemm_L4_sgdfused,0.025,40,4145,fine
training_dual_gpu_dp,0.875,8,4145,fine
whitebox_diluted_N20,1.0,30,4145,fine
whitebox_inference_3b,0.9,10,4145,fine
whitebox_inference_3b_1h,0.9,10,4145,fine
whitebox_lora_7b_N10,0.7,10,4145,fine
whitebox_lora_7b_N50_1h,0.6,10,4145,fine
whitebox_lora_7b_pilot_N3,1.0,10,4145,fine
whitebox_lora_7b_pilot_N5,1.0,10,4145,fine
whitebox_lora_N5,1.0,30,4145,fine
width_sweep_dp,0.0,2,4145,fine
adversarial_H_mimicry_mining,1.0,61,4146,fine
adversarial_K_online_learning,1.0,60,4146,fine
adversarial_L_ddp_5,1.0,240,4146,fine
adversarial_L_diluted_5,1.0,60,4146,fine
cufft_hpc,1.0,3,4146,fine
fsdp_13b_nvlink,1.0,240,4146,fine
gpt2_finetune,0.3333333333333333,3,4146,fine
gpt2_wikitext2,1.0,33,4146,fine
inference,0.0,3,4146,fine
llm_infer_qwen25_32b_fp16,0.9512195121951219,123,4146,fine
llm_infer_qwen25_3b_bs4,1.0,90,4146,fine
llm_infer_qwen25_7b_fp16,0.9523809523809523,126,4146,fine
llm_infer_vit_l_bs64,0.9222222222222223,90,4146,fine
nvlink_latency,0.25,4,4146,fine
nvlink_p2p,1.0,3,4146,fine
resnet50_inference,0.018867924528301886,53,4146,fine
resnet_fp32,0.0,3,4146,fine
scientific_hpc,1.0,3,4146,fine
symgemm_L1_fwd3,0.95,40,4146,fine
symgemm_L4_sgdfused_long1b,0.8,10,4146,fine
symgemm_L4_sgdfused_short7b,0.3,10,4146,fine
symgemm_decode_g256,0.0,30,4146,fine
whitebox_diluted_1b_N1_1h,1.0,10,4146,fine
whitebox_lora_3b_N1_1h,1.0,10,4146,fine
whitebox_lora_7b_N500_long,0.8,10,4146,fine
whitebox_lora_7b_pilot_N8,1.0,10,4146,fine
whitebox_lora_N20,1.0,30,4146,fine
whitebox_lora_N5,1.0,30,4146,fine
width_sweep_dp,1.0,2,4146,fine
adversarial_I_stochastic_30,0.9629629629629629,81,4147,fine
adversarial_J_pid_75,1.0,52,4147,fine
adversarial_K_ddp_accum_4,1.0,240,4147,fine
adversarial_K_online_learning,0.9,60,4147,fine
adversarial_L_ddp_10,1.0,240,4147,fine
adversarial_L_diluted_5,0.9,60,4147,fine
bert_sst2,0.875,16,4147,fine
ddp_resnet18_cifar10_amp,0.9833333333333333,240,4147,fine
fsdp_70b_seqlen512,0.6125,80,4147,fine
fsdp_7b_nvlink,1.0,240,4147,fine
llm_infer_qwen25_14b_fp16,0.975609756097561,123,4147,fine
llm_infer_qwen25_32b_fp16,0.975609756097561,123,4147,fine
llm_train_smollm2_1p7b_lora,0.85,60,4147,fine
nbody_sim,1.0,56,4147,fine
pytorch_resnet_cifar10,0.6571428571428571,35,4147,fine
scientific_hpc,0.6666666666666666,3,4147,fine
symgemm_L1_fwd3,0.975,40,4147,fine
symgemm_L4_sgdfused_7b,0.6,10,4147,fine
symgemm_L4_sgdfused_long1b,0.8,10,4147,fine
symgemm_L4_sgdfused_m8192,0.9,20,4147,fine
symgemm_L4_sgdfused_short7b,0.9,10,4147,fine
whitebox_diluted_7b_N10_1h,0.9,10,4147,fine
whitebox_diluted_N20,1.0,30,4147,fine
whitebox_inference_7b_2h,0.9,10,4147,fine
whitebox_lora_7b_N3_1h,1.0,10,4147,fine
whitebox_lora_7b_pilot_N2,0.9,10,4147,fine
whitebox_lora_N10,0.6,30,4147,fine
whitebox_lora_N10_long,0.9,10,4147,fine
whitebox_lora_N5,0.8333333333333334,30,4147,fine
adversarial_L_diluted_200_mw8,1.0,20,4148,fine
batch_size_sweep_dp,0.0,2,4148,fine
ddp_resnet18_cifar10,0.9833333333333333,240,4148,fine
ddp_resnet18_cifar10_amp,1.0,240,4148,fine
fsdp_70b_seqlen512,0.6125,80,4148,fine
fsdp_7b_nvlink,1.0,240,4148,fine
llm_infer_deepseek_v3_tp8,0.6875,240,4148,fine
llm_infer_qwen25_72b_fp16,1.0,30,4148,fine
llm_infer_vit_l_bs64,0.9555555555555556,90,4148,fine
llm_train_phi3_mini_lora,0.9666666666666667,60,4148,fine
mining_proxy,0.0,1,4148,fine
nbody_sim,0.9821428571428571,56,4148,fine
nvlink_p2p,0.6666666666666666,3,4148,fine
ppo_rlhf_r8,1.0,30,4148,fine
rendering,0.0,1,4148,fine
resnet50_inference,0.0,53,4148,fine
resnet_fp32,0.0,3,4148,fine
symgemm_L1_fwd3_m8192,0.4,20,4148,fine
symgemm_L4_sgdfused_7b,1.0,10,4148,fine
symgemm_L4_sgdfused_short7b,0.9,10,4148,fine
symgemm_decode_g256,0.0,30,4148,fine
symgemm_idle,0.9,10,4148,fine
training_single_gpu,0.6,5,4148,fine
whitebox_diluted_1b_N1_1h,1.0,10,4148,fine
whitebox_diluted_N10,1.0,30,4148,fine
whitebox_inference,0.9333333333333333,30,4148,fine
whitebox_lora_7b_N1_1h,1.0,10,4148,fine
whitebox_lora_7b_pilot_N2,0.9,10,4148,fine
whitebox_lora_7b_pilot_N8,1.0,10,4148,fine
adversarial_G_clock_throttled,1.0,51,4149,fine
adversarial_I_stochastic_30,1.0,81,4149,fine
adversarial_L_ddp_10,1.0,240,4149,fine
adversarial_L_ddp_5,1.0,240,4149,fine
bert_sst2_amp,1.0,6,4149,fine
ddp_training,1.0,2,4149,fine
fsdp_70b_seq512_nvlink,0.925,80,4149,fine
fsdp_70b_sgd_momentum,0.4,80,4149,fine
fsdp_7b_nvlink,0.8625,240,4149,fine
llm_infer_mistral_7b_q4,0.8402366863905325,169,4149,fine
llm_infer_mixtral_8x7b,1.0,60,4149,fine
llm_infer_qwen25_32b_fp16,1.0,123,4149,fine
llm_infer_qwen25_3b_bs4,1.0,90,4149,fine
llm_infer_qwen25_72b_fp16,1.0,30,4149,fine
llm_infer_qwen25_7b_fp16,0.9682539682539683,126,4149,fine
llm_infer_tinyllama_bs8,0.9888888888888889,90,4149,fine
llm_train_mistral_7b_lora,0.9666666666666667,60,4149,fine
llm_train_qwen25_3b_lora,0.95,60,4149,fine
symgemm_L4_sgdfused_7b,1.0,10,4149,fine
symgemm_L4_sgdfused_short7b,0.9,10,4149,fine
symgemm_decode_g256,0.0,30,4149,fine
symgemm_ppo_fused_r32,1.0,30,4149,fine
whitebox_diluted_7b_N10_1h,1.0,10,4149,fine
whitebox_diluted_7b_N1_1h,1.0,10,4149,fine
whitebox_lora_3b_N1,1.0,10,4149,fine
whitebox_lora_7b_N3_1h,1.0,10,4149,fine
whitebox_lora_7b_pilot_N2,0.9,10,4149,fine
whitebox_oracle,1.0,30,4149,fine
whitebox_oracle_7b_long,0.9,10,4149,fine
